patient_id,first_name,last_name,date_of_birth,gender,blood_type,email,phone_number,emergency_contact_name,emergency_contact_phone,address,marital_status,occupation,employer_name,insurance_provider,insurance_policy_number,insurance_group_number,primary_care_doctor_id,registration_date,last_visit_date,height_cm,weight_kg,bmi,smoking_status,alcohol_consumption,allergy_info,chronic_conditions,current_medications,previous_surgeries,family_medical_history,language_preference,ethnicity,patient_status,hospital_id,source_system
4,Carolyn,###,2003-01-30,Female,AB+,carolyn.garcia@email.example.com,(650) 843-3567,Scarlett Howard,(257) 801-6905,"{""line1"": ""4888 Park Blvd"", ""apt"": """", ""city"": ""Virginia Beach"", ""state"": ""VA"", ""zip"": ""23450"", ""county"": ""Dallas""}",Single,Veterinarian,,Bright Health,POL-396921,GRP-5692,195,2025-13-01,2023-06-10,165,40,14.7,Non-Smoker,Occasional,"Sulfa, Codeine, NSAIDs","Ulcerative Colitis, Hyperlipidemia, Fibromyalgia","Jardiance, Ozempic",None,"Stroke, Arthritis",Tagalog,White,Active,6,ManualEntry
13,Carl,Bennett,1985-06-05,Male,B+,carl.bennett@email.example.com,(343) 773-4091,Jackson Collins,(586) 603-6834,"{""line1"": ""3738 Jefferson Ave"", ""apt"": """", ""city"": ""Boston"", ""state"": ""MA"", ""zip"": ""02101""}",Divorced,Professor,,Centene,POL-605687,GRP-1247,230,2021-09-01,2024-04-04,190,87,24.1,Non-Smoker,None,Shellfish,"Atrial Fibrillation, Hyperlipidemia, Ulcerative Colitis, Hypertension","Duloxetine, Amlodipine, Albuterol",None,"Heart Disease, Arthritis",Vietnamese,White,Inactive,8,ManualEntry
18,Virginia,Ortiz,1974-11-01,Female,O+,virginia.ortiz@email.example.com,(907) 829-7440,Carolyn Wood,(781) 906-6350,"{""line1"": ""1190 Walnut Ave"", ""apt"": "", Suite 19"", ""city"": ""San Francisco"", ""state"": ""CA"", ""zip"": ""94101"", ""landmark"": ""Behind Metro Station""}",Married,Physical Therapist,Moore Corp,Highmark,POL-410774,GRP-5234,245,2021-11-30,2022-02-08,169,68,23.8,Never Assessed,Moderate,"Peanuts, Shellfish","Osteoarthritis, Sleep Apnea","Warfarin, Eliquis",None,None,Vietnamese,White,Active,12,ManualEntry
23,Jeffrey,Chavez,1997-11-06,Male,O+,jeffrey.chavez@email.example.com,(830) 812-6334,Vincent Cruz,(683) 614-7875,"{""line1"": ""8523 Oak Ave"", ""apt"": "", # 43"", ""city"": ""Nashville"", ""state"": ""TN"", ""zip"": ""37201""}",Separated,Student,Nelson Corp,Humana,POL-870936,GRP-1961,270,2024-12-16,2028-03-30,182,99,-5,Never Assessed,None,"NSAIDs, Dust, Pollen","Congestive Heart Failure, Fibromyalgia, Hypothyroidism",None,Cholecystectomy,"None, Cancer, Asthma",Mandarin,Black or African American,Active,20,ManualEntry
39,Kathleen,Richardson,1973-01-19,Female,O+,kathleen.richardson@email.example.com,(735) 736-9514,Jennifer Phillips,(428) 799-3009,"{""line1"": ""270 Madison St"", ""apt"": """", ""city"": ""Las Vegas"", ""state"": ""NV"", ""zip"": ""89101"", ""street_type"": ""Dr""}",Married,Chef,Patel Corp,Anthem,POL-337502,GRP-5706,294,2021-10-17,2022-08-12,154,82,34.6,Non-Smoker,Occasional,"NSAIDs, Penicillin, Pollen","Crohn's Disease, Coronary Artery Disease",None,None,"Alzheimer's, Arthritis, Asthma",English,,Active,13,ManualEntry
44,Vincent,Anderson,1997-11-22,Male,O+,vincent.anderson@email.example.com,(209) 781-7762,Naomi Wallace,(352) 602-9731,"{""line1"": ""132 Hamilton Ct"", ""apt"": """", ""city"": ""Colorado Springs"", ""state"": ""CO"", ""zip"": ""80901""}",Single,Administrative Assistant,,Health Net,POL-122406,GRP-6359,136,2020-10-25,,176,69,22.3,Never Assessed,Moderate,"Pollen, Penicillin",,"Levothyroxine, Hydrochlorothiazide, Prednisone",None,Asthma,Spanish,Two or More Races,Inactive,6,ManualEntry
47,Scott,Mitchell,1959-01-23,Male,B+,scott.mitchell@email.example.com,(625) 577-1485,Julian Torres,(738) 894-9172,"{""line1"": ""1203 Eighth Ave"", ""apt"": "", Suite 32"", ""city"": ""Houston"", ""state"": ""TX"", ""zip"": ""77001"", ""country"": ""USA"", ""neighborhood"": ""West Side"", ""county"": ""Dallas"", ""longitude"": -119.7956, ""street_type"": ""Dr""}",Separated,Social Worker,Bailey Corp,CareFirst,POL-685185,GRP-4150,148,2025-05-24,2029-03-17,172,82,27.7,Former Smoker,,"Peanuts, Shellfish",Irritable Bowel Syndrome,"Fluticasone, Loratadine",Carpal tunnel release,None,French,Two or More Races,active,15,ManualEntry
51,Aria,Garcia,2001-05-14,Female,A-,aria.garcia@email.example.com,(947) 975-3964,Lisa Webb,(314) 492-3735,"{""line1"": ""9123 Elm St"", ""apt"": "", # 33"", ""city"": ""Indianapolis"", ""state"": ""IN"", ""zip"": ""46201"", ""county"": ""Orange""}",Married,Doctor,Rivera Corp,Harvard Pilgrim,POL-778008,GRP-6531,91,2023-08-10,2024-03-02,161,110,42.4,Current Smoker,,None,"Irritable Bowel Syndrome, Atrial Fibrillation, GERD",None,None,"None, Hypertension, Stroke",Spanish,Black or African American,Inactive,6,ManualEntry
54,Jacqueline,Robinson,1990-12-10,Female,A+,jacqueline.robinson@email.example.com,(431) 789-9535,Edward Martinez,(220) 664-1208,"{""line1"": ""9880 Pleasant St"", ""apt"": "", Unit 35"", ""city"": ""New Orleans"", ""state"": ""LA"", ""zip"": ""70112""}",Married,Construction Worker,Anderson Corp,Humana,POL-188872,GRP-8605,6,2021-08-10,,168,57,20.2,Current Smoker,Heavy,"Sulfa, Penicillin, Codeine","Chronic Fatigue, Crohn's Disease",Aspirin,Mastectomy,Diabetes,English,White,Active,20,ManualEntry
62,Nicholas,Wood,2025-06-15,Male,O+,nicholas.wood@email.example.com,(335) 741-8196,Barbara Brooks,,"{""line1"": ""6499 Pine St"", ""apt"": "", # 49"", ""city"": ""Virginia Beach"", ""state"": ""VA"", ""zip"": ""23450"", ""neighborhood"": ""West Side""}",Single,Firefighter,Taylor Corp,Independence Blue Cross,POL-293123,GRP-6713,460,2025-11-18,2027-08-30,183,78,23.3,Current Smoker,None,"Peanuts, Dust, Shellfish","Anemia, Rheumatoid Arthritis",Meloxicam,None,"Hypertension, Stroke",English,White,Active,15,ManualEntry
63,Edward,Kelly,1955-09-23,Male,B-,edward.kelly@email.example.com,(678) 535-6549,Grace Gonzalez,(210) 493-2237,"{""line1"": ""3564 Cypress Dr"", ""apt"": "", Suite 3"", ""city"": ""Fort Worth"", ""state"": ""TX"", ""zip"": ""76101"", ""county"": ""Harris"", ""timezone"": ""America/New_York""}",Married,Police Officer,,Humana,POL-107938,GRP-1684,275,2018-11-18,2019-01-20,178,109,34.4,Non-Smoker,Moderate,"Codeine, Sulfa, Peanuts",Osteoarthritis,Sertraline,ACL reconstruction,Diabetes,Cantonese,White,Active,11,ManualEntry
67,Avery,Harris,01/15/1987,Female,O+,avery.harris@email.example.com,(387) 645-5890,Roger Hughes,(758) 669-6922,"{""line1"": ""6116 Hamilton Ct"", ""apt"": """", ""city"": ""Tampa"", ""state"": ""FL"", ""zip"": ""33601"", ""neighborhood"": ""Uptown"", ""country"": ""USA"", ""longitude"": -78.964}",Single,Construction Worker,Taylor Corp,Blue Cross Blue Shield,POL-728685,GRP-1552,242,2023-11-13,2024-05-04,166,91,33.0,Non-Smoker,Heavy,Sulfa,,"Hydrochlorothiazide, Spironolactone",None,"Heart Disease, Diabetes, Heart Disease",English,White,Active,19,ManualEntry
84,Jack,Wilson,2099-06-15,Male,O+,jack.wilson@email.example.com,(888) 571-9450,Raymond Hughes,(460) 370-8614,"{""line1"": ""8776 River Rd"", ""apt"": """", ""city"": ""Boston"", ""state"": ""MA"", ""zip"": ""02101"", ""timezone"": ""America/Los_Angeles""}",Widowed,Pilot,King Corp,Blue Cross Blue Shield,POL-588055,GRP-3173,86,2022-03-19,2023-02-04,174,95,31.4,Never Assessed,None,"Latex, Codeine","Sleep Apnea, Depression, Rheumatoid Arthritis, Ulcerative Colitis","Furosemide, Acetaminophen, Gabapentin, Metformin",Thyroidectomy,None,English,Asian,Active,12,ManualEntry
101,Elijah,Howard,1986-05-23,Male,o+,elijah.howard@email.example.com,(243) 252-6889,Amanda Mendoza,(584) 806-9287,"{""line1"": ""4325 Seventh St"", ""apt"": """", ""city"": ""San Jose"", ""state"": ""CA"", ""zip"": ""95101"", ""longitude"": -119.2984, ""neighborhood"": ""Waterfront"", ""street_type"": ""Dr"", ""country"": ""USA""}",Married,Mechanic,Stevens Corp,Anthem,POL-580191,GRP-2098,165,2025-10-29,2026-01-13,184,50,normal,Non-Smoker,Heavy,None,"Hypothyroidism, Sleep Apnea, Fibromyalgia",None,None,"Hypertension, Asthma",English,White,Active,18,ManualEntry
103,Gabriel,Ruiz,1983-04-27,Male,O+,gabriel.ruiz@email.example.com,(204) 482-1365,Donna Gibson,(396) 589-1473,"{""line1"": ""8339 Hickory St"", ""apt"": """", ""city"": ""Mesa"", ""state"": ""AZ"", ""zip"": ""85201"", ""country"": ""USA""}",Divorced,Scientist,,Geisinger,POL-869693,GRP-4636,42,2024-08-18,2028-06-30,169,78,27.3,Non-Smoker,Moderate,None,"Eczema, Ulcerative Colitis, Osteoarthritis, Atrial Fibrillation","Loratadine, Bupropion",None,"Asthma, Diabetes",Spanish,White,Active,12,ManualEntry
110,Skylar,Murphy,1977-06-04,Non-Binary,AB,skylar.murphy@email.example.com,(500) 788-4519,Paul Ford,(601) 949-3053,"{""line1"": ""530 Elm St"", ""apt"": """", ""city"": ""Washington"", ""state"": ""DC"", ""zip"": ""20001"", ""timezone"": ""America/Phoenix"", ""longitude"": -100.5555}",Separated,UnemPloyed,,Anthem,POL-699139,GRP-5048,69,2023-07-06,2026-07-05,178,119,37.6,Current Smoker,Heavy,None,"Coronary Artery Disease, Congestive Heart Failure, Osteoarthritis","Loratadine, Cyclobenzaprine, Acetaminophen, Metoprolol",Cholecystectomy,Heart Disease,English,Hispanic or Latino,Active,11,ManualEntry
120,Willie,Brown,1953-03-15,Male,o+,willie.brown@email.example.com,(283) 855-3591,William Bryant,(653) 483-3762,"{""line1"": ""5993 Willow Dr"", ""apt"": "", Unit 42"", ""city"": ""Indianapolis"", ""state"": ""IN"", ""zip"": ""46201"", ""neighborhood"": ""Historic District"", ""longitude"": -103.7008}",Married,Software Developer,Watson Corp,Cigna HealthCare,POL-263540,GRP-7989,313,2020-12-27,2022-09-24,171,68,23.3,,Moderate,"Pollen, NSAIDs, Penicillin",Chronic Kidney Disease,"Metoprolol, Fluticasone, Levothyroxine",None,"Cancer, None, Heart Disease",Spanish,White,Active,6,ManualEntry
122,Savannah,Butler,2001-03-09,Female,O+,not-an-email,(491) 571-9569,Hannah Hamilton,(365) 498-5700,"{""line1"": ""7401 Cherry Ln"", ""apt"": """", ""city"": ""Atlanta"", ""state"": ""GA"", ""zip"": ""30301"", ""longitude"": -118.705}",Married,Social Worker,Rodriguez Corp,Molina Healthcare,POL-850721,GRP-4026,308,2024-04-08,2027-09-12,9999,69,29.5,Non-Smoker,None,"Pollen, Latex, Dust",,Insulin glargine,Total hip replacement,"None, Arthritis, Diabetes",Spanish,White,Active,30,ManualEntry
148,Emma,Gibson,2005-03-19,Female,O+,emma.gibson@email.example.com,(631) 484-7124,Elijah Graham,(746) 631-5155,"{""line1"": ""1315 Spring St"", ""apt"": """", ""city"": ""Cleveland"", ""state"": ""OH"", ""zip"": ""44101"", ""street_type"": ""Rd"", ""county"": ""Harris""}",Married,Graphic Designer,Williams Corp,CareFirst,POL-845554,GRP-5635,293,2024-12-04,2028-09-05,165,54,19.8,Former Smoker,None,"Codeine, NSAIDs, Sulfa",,"Hydrochlorothiazide, Bupropion, Gabapentin, Eliquis",Appendectomy,"None, Hypertension",Arabic,White,Inactive,8,ManualEntry
,Kenneth,Green,1971-01-29,Male,O+,kenneth.green@email.example.com,(904) 518-8540,Jacob Peterson,(578) 832-3030,"{""line1"": ""5753 Franklin Blvd"", ""apt"": """", ""city"": ""Colorado Springs"", ""state"": ""CO"", ""zip"": ""80901"", ""country"": ""USA"", ""county"": ""Harris"", ""floor_number"": 36}",Single,Bank Teller,,Cigna,POL-850201,GRP-5839,483,2019-11-23,2022-02-25,172,85,28.7,Non-Smoker,None,Codeine,"COPD, Hypothyroidism","Acetaminophen, Prednisone",None,"Alzheimer's, Arthritis, Asthma",Vietnamese,Two or More Races,Active,12,ManualEntry
167,12345,Rodriguez,1953-02-15,Female,A+,angela.rodriguez@email.example.com,(353) 802-8901,Mary Webb,(768) 837-4167,"{""line1"": ""9075 Park Blvd"", ""apt"": """", ""city"": ""Chicago"", ""state"": ""IL"", ""zip"": ""60601""}",Single,Logistics Coordinator,Kelly Corp,Independence Blue Cross,POL-373544,GRP-3266,455,2020-03-26,2023-08-12,166,106,38.5,Current Smoker,Former,"Codeine, Dust","Hyperlipidemia, Hypertension, Fibromyalgia, Chronic Kidney Disease",None,"Spinal fusion, Colectomy",Cancer,Mandarin,White,Active,12,ManualEntry
168,Susan,Alvarez,1987-01-24,Female,B+,susan.alvarez@email.example.com,(775) 374-8653,Evelyn Taylor,(365) 917-2978,"{""line1"": ""7144 College Ave"", ""apt"": """", ""city"": ""Long Beach"", ""state"": ""CA"", ""zip"": ""90801"", ""delivery_notes"": ""Deliver to reception"", ""longitude"": -84.1361, ""latitude"": 32.7211}",Married,Architect,,Geisinger,POL-285537,GRP-4964,130,2018-03-25,2020-06-07,163,79,29.7,Former Smoker,Occasional,None,Crohn's Disease,"Loratadine, Atorvastatin, Fluticasone, Sertraline",None,"None, Asthma, Cancer",ENGLISH,Hispanic or Latino,Inactive,18,ManualEntry
172,Ruth,West,1978-05-07,Female,A+,ruth.west@email.example.com,(420) 814-3523,Douglas Reed,(546) 747-8630,"{""line1"": ""1036 Cherry Ln"", ""apt"": """", ""city"": ""Seattle"", ""state"": ""WA"", ""zip"": ""98101"", ""longitude"": -120.2382}",Single,Pharmacist,,Blue Cross,POL-598044,GRP-1930,102,2022-05-22,2025-07-04,154,56,23.6,Former Smoker,Moderate,"Latex, Shellfish","Fibromyalgia, Irritable Bowel Syndrome, COPD, Hyperlipidemia",Omeprazole,None,Diabetes,Spanish,White,Active,21,ManualEntry
176,Jacob,Murray,2001-07-25,Male,O+,jacob.murray@email.example.com,(203) 838-5356,Kenneth Foster,(586) 316-1272,"{""line1"": ""7727 Broadway"", ""apt"": """", ""city"": ""Indianapolis"", ""state"": ""IN"", ""zip"": ""46201"", ""landmark"": ""Near Hospital"", ""timezone"": ""America/Chicago"", ""longitude"": -91.132, ""neighborhood"": ""Historic District""}",Single,Bank Teller,White Corp,,,,256,2018-08-25,2021-09-15,182,93,28.1,Non-Smoker,Moderate,"Dust, Sulfa, Penicillin",,Celecoxib,Cataract surgery,"Heart Disease, Cancer, Stroke",Spanish,White,Active,9,ManualEntry
178,Miles,Wallace,1999-03-01,Male,A-,miles.wallace@email.example.com,(527) 212-9033,Thomas Turner,(481) 259-3938,"{""line1"": ""3696 Cypress Dr"", ""apt"": """", ""city"": ""Seattle"", ""state"": ""WA"", ""zip"": ""98101""}",Divorced,Military,Myers Corp,Humana,POL-860229,GRP-6721,271,2025-07-15,,184,113,33.4,Current Smoker,Moderate,None,Anxiety Disorder,"Lisinopril, Metoprolol, Cyclobenzaprine, Spironolactone",None,None,Spanish,White,Inactive,18,ManualEntry
180,Steven,Stevens,1985-10-03,Male,A+,steven.stevens@email.example.com,(450) 654-5763,Rebecca McDonald,(517) 262-7732,"{""line1"": ""5639 Union Ave"", ""apt"": """", ""city"": ""Baltimore"", ""state"": ""MD"", ""zip"": ""21201""}",Married,Dental Hygienist,AAAAAAAAAAAAAAAAAAAAAAAAAAAAAAAAAAAAAAAAAAAAAAAAAAAAAAAAAAAAAAAAAAAAAAAAAAAAAAAAAAAAAAAAAAAAAAAAAAAAAAAAAAAAAAAAAAAAAAAAAAAAAAAAAAAAAAAAAAAAAAAAAAAAAAAAAAAAAAAAAAAAAAAAAAAAAAAAAAAAAAAAAAAAAAAAAAAAAAAA,Atena,POL-879947,GRP-4485,286,2018-12-22,2022-03-09,165,74,27.2,Former Smoker,None,Pollen,"Fibromyalgia, Type 2 Diabetes, Anemia, Ulcerative Colitis","Cetirizine, Ibuprofen",None,"None, Asthma",English,Hispanic or Latino,Inactive,22,ManualEntry
196,Miles,Edwards,1973-09-29,Male,A+,miles.edwards@email.example.com,(678) 272-9694,Heather Thomas,(844) 200-6130,"{""line1"": ""1646 Forest Ave"", ""apt"": "", # 15"", ""city"": ""Fresno"", ""state"": ""CA"", ""zip"": ""93701"", ""street_type"": ""Ln"", ""county"": ""Miami-Dade"", ""latitude"": 30.8487, ""neighborhood"": ""Historic District""}",Married,Driver,Reyes Corp,Cigna,POL-684516,GRP-2350,,2024-07-18,2024-12-12,180,heavy,28.4,Non-Smoker,Occasional,"Dust, NSAIDs, Peanuts",,Warfarin,Tonsillectomy,Asthma,English,White,Active,,ManualEntry
197,Zoey,Miller,1988-01-07,Female,A+,zoey.miller@email.example.com,(635) 253-5483,Carolyn Lee,(833) 804-8224,"{""line1"": ""2970 Birch St"", ""apt"": """", ""city"": ""New Orleans"", ""state"": ""LA"", ""zip"": ""70112"", ""landmark"": ""Adjacent to Library"", ""street_type"": ""St"", ""neighborhood"": ""Waterfront"", ""timezone"": ""America/Los_Angeles"", ""county"": ""Miami-Dade""}",Married,Driver,,Health Net,POL-726936,GRP-6881,375,2023-03-27,2023-05-10,164,61,22.7,Non-Smoker,None,"Peanuts, Shellfish, Codeine",Hyperlipidemia,None,None,"None, Hypertension, Arthritis",Spanish,Asian,Inactive,1,ManualEntry
200,Brandon,Davis,1954-01-22,Male,o+,brandon.davis@email.example.com,(400) 393-9105,Brandon Simpson,(754) 908-8410,"{""line1"": ""7678 Birch St"", ""apt"": """", ""city"": ""New York"", ""state"": ""NY"", ""zip"": ""10001"", ""neighborhood"": ""Historic District""}",Separated,Plumber,Martin Corp,Blue Cross Blue Shield,POL-856342,GRP-8655,156,2018-10-25,,185,88,25.7,Non-Smoker,Former,None,,Metoprolol,Rotator cuff repair,"Alzheimer's, None",English,Black or African American,Active,20,ManualEntry
217,Dorothy,Baker,1961-11-22,Female,O+,dorothy.baker@email.example.com,(846) 431-9388,Madelyn Watson,(233) 249-3999,"{""line1"": ""5247 Hamilton Ct"", ""apt"": """", ""city"": ""Philadelphia"", ""state"": ""PA"", ""zip"": ""19101"", ""longitude"": -112.2379, ""latitude"": 38.3476, ""country"": ""USA"", ""timezone"": ""America/Denver"", ""county"": ""Orange""}",Married,Student,,Geisinger,POL-600741,GRP-9006,186,2020-09-29,2022-09-23,164,54,20.1,Former Smoker,,None,Eczema,"Montelukast, Apixaban, Pantoprazole",Mastectomy,None,Spanish,White,Deceased,1,ManualEntry
,Ethan,Bailey,1990-01-19,Male,O+,ethan.bailey@email.example.com,(480) 977-5535,Gary Clark,(328) 928-5124,"{""line1"": ""5185 Sycamore Ave"", ""apt"": """", ""city"": ""Tucson"", ""state"": ""AZ"", ""zip"": ""85701""}",,Veterinarian,Alexander Corp,Bright Health,POL-182817,GRP-6342,386,2019-02-15,2020-07-29,181,,31.1,Current Smoker,,None,"COPD, Depression, Chronic Kidney Disease",Cetirizine,None,"Asthma, Alzheimer's",English,,Active,23,ManualEntry
234,Gabriel,Sanchez,1996-10-04,Male,A-,gabriel.sanchez@email.example.com,(574) 523-9336,Ryan Hayes,(944) 594-4376,"{""line1"": ""Unknown"", ""city"": ""Unknown"", ""state"": ""NA"", ""zip"": ""00000""}",Single,Business Owner,,Independence Blue Cross,POL-576915,GRP-5143,47,2025-09-21,2028-01-31,182,83,25.1,Non-Smoker,Moderate,"Dust, NSAIDs",,"Bupropion, Celecoxib, Prednisone, Hydrochlorothiazide",None,Hypertension,English,White,Active,19,ManualEntry
246,Michael,Perez,2000-08-22,Male,AB,michael.perez@email.example.com,(489) 722-1087,Paisley Stevens,(656) 935-2348,"{""line1"": ""7332 Sycamore Ave"", ""apt"": """", ""city"": ""Denver"", ""state"": ""CO"", ""zip"": ""80201"", ""street_type"": ""St"", ""country"": ""USA""}",Divorced,HR Specialist,,Oscar Health,POL-841103,GRP-8837,148,2019-05-07,2022-02-26,177,106,33.8,Non-Smoker,None,None,"Fibromyalgia, Irritable Bowel Syndrome, GERD, Migraine",None,None,None,Mandarin,Hispanic or Latino,Active,15,ManualEntry
254,Miles,Clark,1989-05-06,Male,B+,miles.clark@email.example.com,(632) 774-3467,Emily Ruiz,(986) 393-5253,"{""line1"": ""2908 Park Blvd"", ""apt"": "", Unit 22"", ""city"": ""Milwaukee"", ""state"": ""WI"", ""zip"": ""53201"", ""floor_number"": 21, ""county"": ""San Diego"", ""street_type"": ""Way"", ""latitude"": 34.926}",Married,Physical Therapist,,Highmark,POL-909635,GRP-5004,321,2024-07-08,2027-12-24,187,62,17.7,Non-Smoker,Former,None,,Celecoxib,ACL reconstruction,"Diabetes, Stroke, Cancer",Mandarin,White,Active,8,ManualEntry
255,Stephanie,Torres,not available,Female,,stephanie.torres@email.example.com,(681) 449-4091,Lawrence Long,(959) 835-3168,"{""line1"": ""2057 Birch St"", ""apt"": """", ""city"": ""Portland"", ""state"": ""OR"", ""zip"": ""97201"", ""county"": ""Queens"", ""country"": ""USA"", ""timezone"": ""America/Los_Angeles""}",Married,Sales Representative,Myers Corp,Geisinger,POL-139263,GRP-5976,214,2021-05-30,2023-03-22,9999,72,23.5,Current Smoker,None,None,"Chronic Fatigue, Ulcerative Colitis","Meloxicam, Levothyroxine, Celecoxib, Warfarin",Laminectomy,Stroke,Spanish,White,Inactive,19,ManualEntry
256,Nicole,Cruz,1959-07-22,Female,B+,nicole.cruz@email.example.com,(553) 894-3931,Andrea James,(491) 995-4812,"{""line1"": ""2659 Beechwood Ave"", ""apt"": "", Suite 43"", ""city"": ""San Jose"", ""state"": ""CA"", ""zip"": ""95101"", ""street_type"": ""Way"", ""longitude"": -76.4722}",Single,Doctor,Sullivan Corp,Blue Cross Blue Shield,POL-135385,GRP-2983,309,2020-08-31,,163,81,30.5,Never Assessed,Heavy,"Pollen, Dust, Latex",,None,"Appendectomy 2018, Cholecystectomy 2020",Hypertension,English,White,Active,17,ManualEntry
263,Ryan,Lee,1967-09-08,Male,A+,ryan.lee@email.example.com,(423) 881-6889,Betty Carter,(443) 907-1397,"{""line1"": ""8854 Willow Dr"", ""apt"": """", ""city"": ""Dallas"", ""state"": ""TX"", ""zip"": ""75201"", ""county"": ""Harris"", ""longitude"": -119.8341, ""street_type"": ""Dr"", ""floor_number"": 29}",Single,Doctor,Martinez Corp,,,,441,2020-05-14,2021-03-18,185,58,16.9,Non-Smoker,None,"Shellfish, Dust, Penicillin","COPD, Hyperlipidemia, Depression, Eczema","Fluticasone, Clopidogrel, Celecoxib, Spironolactone",None,"Asthma, Diabetes, Stroke",English,White,Active,2,ManualEntry
268,Mark,Moore,1991-11-02,Male,A-,mark.moore@email.example.com,(415) 313-6273,Emily Campbell,(645) 680-2760,"{""line1"": ""Unknown"", ""city"": ""Unknown"", ""state"": ""NA"", ""zip"": ""00000"", ""country"": ""USA"", ""longitude"": -114.712}",Single,Psychologist,Nguyen Corp,Bright Health,POL-952228,GRP-5007,184,2021-12-16,2024-01-18,183,63,18.8,Never Assessed,Heavy,None,"Hypothyroidism, Rheumatoid Arthritis",Eliquis,None,"Diabetes, Arthritis",English,Hispanic or Latino,Active,22,ManualEntry
275,Ezra,Morgan,1971-04-21,Male,O+,ezra.morgan1@email.example.com,(892) 889-3899,Gregory Jordan,(231) 607-7583,"{""line1"": ""6209 Ash Ct"", ""apt"": """", ""city"": ""Sacramento"", ""state"": ""CA"", ""zip"": ""94201"", ""neighborhood"": ""Suburbs"", ""longitude"": -98.7421}",Married,Engineer,Gomez Corp,Molina Healthcare,POL-949646,GRP-8687,83,2023-07-25,2025-07-22,169,40,14.0,Current Smoker,Occasional,"Latex, NSAIDs","Migraine, Irritable Bowel Syndrome","Gabapentin, Omeprazole",Gastric bypass,Hypertension,Mandarin,Other,Active,11,ManualEntry
285,Stephanie,Gutierrez,1972-11-08,Female,A-,stephanie.gutierrez@email.example.com,(708) 358-4774,Michelle Miller,(309) 216-6165,"{""line1"": ""8695 Pine St"", ""apt"": "", Unit 16"", ""city"": ""Colorado Springs"", ""state"": ""CO"", ""zip"": ""80901"", ""street_type"": ""Ln"", ""longitude"": -80.9056, ""country"": ""USA""}",Divorced,Teacher,Castillo Corp,Blue Cross Blue Shield,POL-720234,GRP-5579,284,2024-10-24,2027-06-21,172,79,26.7,Non-Smoker,Occasional,None,,Spironolactone,None,Heart Disease,English,Asian,Active,23,ManualEntry
291,Nathan,Allen,2025-01-01,Male,O+,nathan.allen@email.example.com,(543) 967-1296,Theodore Perry,(732) 500-2262,"{""line1"": ""4853 Franklin Blvd"", ""apt"": """", ""city"": ""Colorado Springs"", ""state"": ""CO"", ""zip"": ""80901"", ""country"": ""USA""}",Married,Artist,,Centene,POL-369051,GRP-4086,490,2023-07-19,2024-08-20,9999,110,38.1,Current Smoker,Occasional,,Sleep Apnea,"Spironolactone, Pantoprazole, Albuterol, Ozempic",None,"None, Asthma",Spanish,Black or African American,Active,23,ManualEntry
293,Anna,Walker,1999-08-16,Female,B+,anna.walker@email.example.com,(312) 975-5538,Raymond Roberts,(508) 894-8727,"{""line1"": ""2572 First St"", ""apt"": "", Unit 28"", ""city"": ""New York"", ""state"": ""NY"", ""zip"": ""10001""}",Single,Sales Representative,,Cigna,POL-363499,GRP-6888,318,2024-01-15,2024-09-03,156,59,24.2,Non-Smoker,Heavy,Peanuts,,"Ibuprofen, Clopidogrel",None,"Asthma, Heart Disease",Spanish,White,Active,10,ManualEntry
308,Patricia,Walker,1995-05-08,Female,A+,patricia.walker@email.example.com,(840) 891-7680,Jeffrey Sanchez,(281) 887-1750,"{""line1"": ""3385 Walnut Ave"", ""apt"": """", ""city"": ""Omaha"", ""state"": ""NE"", ""zip"": ""68101"", ""timezone"": ""America/Los_Angeles""}",Married,Dentist,Lopez Corp,MetLife,POL-124899,GRP-2618,63,2019-04-21,2021-10-08,158,70,28.0,Non-Smoker,None,"Sulfa, Latex, Peanuts",Hypertension,"Levothyroxine, Clopidogrel",None,Diabetes,English,White,Active,8,ManualEntry
330,John,Gonzalez,1963-09-24,Male,O+,john.gonzalez@email.example.com,(232) 717-9302,Thomas Alexander,(508) 839-8023,"{""line1"": ""5401 View Blvd"", ""apt"": """", ""city"": ""Portland"", ""state"": ""OR"", ""zip"": ""97201"", ""latitude"": 47.8468}",Married,Dentist,Graham Corp,Molina Healthcare,POL-875720,GRP-4112,442,2022-12-02,2023-10-27,176,96,31.0,Former Smoker,,None,Coronary Artery Disease,Hydrochlorothiazide,None,None,English,Asian,Inactive,13,ManualEntry
336,Naomi,Hall,2025-06-15,Female,O-,naomi.hall@email.example.com,(366) 669-7677,Thomas Hunter,(564) 977-2232,"{""line1"": ""4872 Sunset Dr"", ""apt"": "", Suite 12"", ""city"": ""Milwaukee"", ""state"": ""WI"", ""zip"": ""53201""}",Married,HR Specialist,,Cigna,POL-285862,GRP-3851,51,2018-03-22,2019-12-14,160,86,33.6,Never Assessed,None,None,Fibromyalgia,"Losartan, Hydrochlorothiazide, Celecoxib",None,None,English,White,Inactive,8,ManualEntry
339,Jasper,MARTINEZ,1969-02-14,Male,O+,jasper.martinez@email.example.com,(734) 347-2448,Lauren Cruz,(858) 473-9802,"{""line1"": ""7390 Sycamore Ave"", ""apt"": "", Apt 27"", ""city"": ""Washington"", ""state"": ""DC"", ""zip"": ""20001""}",Single,Accountant,McDonald Corp,Independence Blue Cross,POL-317832,GRP-8367,242,2019-04-30,2021-03-26,166,40,14.5,Non-Smoker,Occasional,"Dust, Pollen",,"Warfarin, Eliquis, Clopidogrel",None,"Cancer, Stroke",English,White,Active,19,ManualEntry
352,Douglas,Long,2000-04-02,Male,A+,douglas.long@email.example.com,(284) 622-3830,999-999-9999,(697) 987-1509,"{""line1"": ""8891 Spring St"", ""apt"": """", ""city"": ""Las Vegas"", ""state"": ""NV"", ""zip"": ""89101"", ""country"": ""USA"", ""landmark"": ""Near Hospital"", ""longitude"": -87.3046}",Married ,Writer,,CareFirst,POL-679742,GRP-8634,339,2022-04-10,2023-12-29,174,129,42.6,Non-Smoker,None,Sulfa,Fibromyalgia,Cyclobenzaprine,None,"Stroke, Cancer",Spanish,White,Active,9,ManualEntry
367,Maxwell,Long,1980-02-13,Male,O+,maxwell.long@email.example.com,(917) 275-3141,Dylan Collins,(927) 611-4646,"{""line1"": ""9906 Maple Dr"", ""apt"": """", ""city"": ""Philadelphia"", ""state"": ""PA"", ""zip"": ""19101"", ""floor_number"": 18, ""street_type"": ""Rd"", ""landmark"": ""Near City Hall""}",Married,Dentist,,Blue Cross Blue Shield,POL-822909,GRP-4582,301,2018-12-03,2022-04-07,171,88,30.1,Non-Smoker,Occasional,"Sulfa, NSAIDs, Codeine",,"Gabapentin, Insulin glargine",None,None,English,Black or African American,Active,2,ManualEntry
404,Jeffrey,Green,1971-05-27,Male,O+,jeffrey.green@email.example.com,(220) 528-1798,Jack Porter,(769) 540-7974,"{""line1"": ""7169 Cypress Dr"", ""apt"": """", ""city"": ""Seattle"", ""state"": ""WA"", ""zip"": ""98101"", ""longitude"": -80.9498, ""country"": ""USA"", ""latitude"": 28.1943}",Single,Data Analyst,James Corp,Humana,POL-215080,GRP-1587,116,2023-08-26,2025-12-29,177,117,37.3,Former Smoker,Former,"Latex, Pollen, Penicillin","Atrial Fibrillation, Osteoporosis, Ulcerative Colitis, Coronary Artery Disease","Jardiance, Bupropion",None,None,Spanish,White,Active,20,ManualEntry
405,Lincoln,Wright,1993-04-09,Male,AB+,lincoln.wright@email.example.com,(752) 206-6641,Kelly Howard,(626) 761-4564,"{""line1"": ""6333 Aspen Ct"", ""apt"": """", ""city"": ""Nashville"", ""state"": ""TN"", ""zip"": ""37201"", ""street_type"": ""Rd"", ""country"": ""USA""}",Married,Data Analyst,Roberts Corp,Health Net,POL-127938,GRP-4727,383,2019-09-06,2020-07-31,174,79,26.1,Non-Smoker,Heavy,"None, Shellfish, Latex",,"Jardiance, Lisinopril, Levothyroxine, Cyclobenzaprine",None,None,English,Black or African American,Active,2,ManualEntry
407,Benjamin,Diaz,1800-01-01,Male,O+,benjamin.diaz@email.example.com,(375) 506-2608,Jasper Ortiz,(491) 497-3186,"{""line1"": ""403 Hickory St"", ""apt"": """", ""city"": ""Cleveland"", ""state"": ""OH"", ""zip"": ""44101"", ""neighborhood"": ""Uptown"", ""street_type"": ""Blvd""}",Married,Nurse,Collins Corp,Independence Blue Cross,POL-191644,GRP-5841,25,2018-07-04,2018-07-04,174,96,31.7,Current Smoker,Heavy,"Pollen, NSAIDs, None",,Cetirizine,None,Stroke,Mandarin,Two or More Races,Active,12,ManualEntry
410,Silas,Hunter,1980-01-04,Male,B+,user@.com,(492) 696-8580,Carl King,(656) 298-5354,"{""line1"": ""5719 View Blvd"", ""apt"": "", # 34"", ""city"": ""Nashville"", ""state"": ""TN"", ""zip"": ""37201"", ""street_type"": ""Cir""}",Single,Dentist,Gray Corp,,POL-194423,GRP-1384,228,2025-13-01,,183,82,24.5,Non-Smoker,Occasional,"Penicillin, None, Codeine",Osteoarthritis,Aspirin,Coronary artery bypass grafting,"Diabetes, Arthritis",English,White,Active,2,ManualEntry
412,Jasper,Torres,1987-05-05,Male,A+,jasper.torres@email.example.com,(418) 690-7770,Catherine Long,(844) 886-7761,"{""line1"": ""1660 Hamilton Ct"", ""apt"": "", # 24"", ""city"": ""Philadelphia"", ""state"": ""PA"", ""zip"": ""19101"", ""longitude"": -79.8913, ""timezone"": ""America/New_York"", ""delivery_notes"": ""Deliver to reception""}",Single,Musician,Davis Corp,Independence Blue Cross,POL-305252,GRP-4857,498,2024-02-14,2027-03-12,189,82,23.0,Never Assessed,Moderate,None,Chronic Fatigue,"Aspirin, Bupropion, Prednisone, Warfarin","Cataract surgery, Coronary artery bypass grafting, Hernia repair",Diabetes,Spanish,White,Active,15,ManualEntry
416,Carl,Myers,2005-03-27,Male,O+,carl.myers@email.example.com,(860) 397-7602,Janet Robinson,,"{""line1"": ""663 Spring St"", ""apt"": """", ""city"": ""Fresno"", ""state"": ""CA"", ""zip"": ""93701"", ""street_type"": ""Rd"", ""timezone"": ""America/Chicago""}",Married,Veterinarian,Gray Corp,MetLife,POL-258044,GRP-4395,288,2021-09-21,2022-11-02,181,104,31.7,Never Assessed,Former,"Peanuts, NSAIDs","Fibromyalgia, Anxiety Disorder, Osteoporosis, Eczema","Jardiance, Levothyroxine, Duloxetine, Bupropion",None,"Asthma, Alzheimer's, None",Spanish,White,Active,15,ManualEntry
417,Thomas,Tucker,1981-07-21,Male,A+,thomas.tucker@email.example.com,(482) 906-6351,Jennifer King,(459) 260-2590,"{""line1"": ""1760 Hill St"", ""apt"": """", ""city"": ""Mesa"", ""state"": ""AZ"", ""zip"": ""85201""}",Married,Social Worker,Jones Corp,Blue Cross,POL-136927,GRP-8077,394,2022-08-23,2023-03-05,167,54,19.4,Former Smoker,None,None,"Irritable Bowel Syndrome, Type 2 Diabetes, GERD",Omeprazole,None,None,English,Black or African American,Active,5,ManualEntry
420,Lisa,Gibson,2000-07-01,Female,O-,lisa.gibson@email.example.com,(236) 204-2630,Naomi Gomez,(391) 958-2465,"{""line1"": ""3616 Sycamore Ave"", ""apt"": "", # 2"", ""city"": ""Las Vegas"", ""state"": ""NV"", ""zip"": ""89101"", ""landmark"": ""Behind Metro Station"", ""timezone"": ""America/Chicago"", ""country"": ""USA"", ""latitude"": 27.1648}",Married,Lawyer,Murphy Corp,Cigna,POL-986419,GRP-2269,65,2020-06-14,2024-06-18,171,73,25.0,Non-Smoker,Moderate,"NSAIDs, Dust, Peanuts",,Clopidogrel,None,"Heart Disease, Diabetes, Cancer",English,White,Inactive,20,ManualEntry
423,Jackson,Flores,2002-11-17,Non-Binary,A+,jackson.flores@email.example.com,(280) 563-7884,Amanda Freeman,(939) 789-5451,"{""line1"": ""3730 Market St"", ""apt"": """", ""city"": ""New Orleans"", ""state"": ""LA"", ""zip"": ""70112""}",Married,Pilot,Nelson Corp,Anthem,POL-762025,GRP-3453,328,2020-09-30,2023-03-01,173,82,27.4,Former Smoker,None,"Dust, Shellfish, Latex",,"Meloxicam, Tramadol, Lisinopril",None,"Asthma, Arthritis",English,Black or African American,Active,24,ManualEntry
426,Nathan,Stewart,1972-03-22,Male,O+,nathan.stewart@email.example.com,(486) 872-4405,Michael Williams,(494) 805-5859,"{""line1"": ""9677 Sunset Dr"", ""apt"": "", Apt 1"", ""city"": ""Oakland"", ""state"": ""CA"", ""zip"": ""94601"", ""latitude"": 26.2923, ""landmark"": ""Behind Metro Station"", ""neighborhood"": ""Northside""}",Married,Flight Attendant,Mendoza Corp,Blue Cross Blue Shield,POL-821696,GRP-3825,,2021-09-03,2024-06-09,167,92,33.0,Non-Smoker,Moderate,"Peanuts, Penicillin, Dust",Coronary Artery Disease,"Celecoxib, Amlodipine, Atorvastatin, Acetaminophen",None,"Heart Disease, Diabetes, Heart Disease",Russian,White,Active,,ManualEntry
428,Ronald,Bryant,2005-11-21,Male,O+,ronald.bryant@email.example.com,(965) 881-4368,Adam Young,(369) 933-8458,"{""line1"": ""3457 Maple Dr"", ""apt"": """", ""city"": ""Las Vegas"", ""state"": ""NV"", ""zip"": ""89101""}",Married,,Thompson Corp,Centene,POL-889706,GRP-7324,346,2020-08-26,2024-03-22,174,85,28.1,Non-Smoker,Occasional,Sulfa,"Anemia, Crohn's Disease, Osteoporosis",Jardiance,None,"Arthritis, Alzheimer's",English,Other,Active,1,ManualEntry
429,Harold,Crawford,1991-08-28,Male,B+,harold.crawford@email.example.com,(255) 631-5938,Christina Evans,(956) 482-9116,"{""line1"": ""6959 Cedar Ln"", ""apt"": "", Apt 22"", ""city"": ""Indianapolis"", ""state"": ""IN"", ""zip"": ""46201"", ""street_type"": ""Ln"", ""latitude"": 34.2601, ""county"": ""Sacramento"", ""longitude"": -88.004}",Married,Flight Attendant,Wallace Corp,Centene,POL-366667,GRP-5650,106,2023-05-31,2023-06-02,163,61,23.0,Non-Smoker,Former,"Penicillin, Pollen, Shellfish","Congestive Heart Failure, Coronary Artery Disease",None,Meniscectomy,Cancer,English,Two or More Races,Active,12,ManualEntry
434,Julian,Adams,1982-09-05,Male,A+,julian.adams@email.example.com,(987) 365-7139,Skylar Ortiz,(939) 470-1833,"{""line1"": ""6587 Park Blvd"", ""apt"": """", ""city"": ""Fresno"", ""state"": ""CA"", ""zip"": ""93701"", ""street_type"": ""Ave"", ""neighborhood"": ""East Side"", ""landmark"": ""Near Hospital""}",Married,Teacher,,Blue Cross Blue Shield,POL-549010,GRP-2205,33,2019-09-06,2021-10-12,177,92,29.4,Never Assessed,Moderate,None,,"Aspirin, Sertraline, Furosemide, Levothyroxine",None,"Arthritis, Hypertension, Asthma",English,White,Active,1,ManualEntry
,Elijah,Freeman,1961-06-11,Male,O-,elijah.freeman@email.example.com,(355) 375-4097,Brandon Wells,(838) 768-3446,"{""line1"": ""6046 Poplar St"", ""apt"": """", ""city"": ""Minneapolis"", ""state"": ""MN"", ""zip"": ""55401"", ""street_type"": ""Rd""}",Married,Firefighter,AAAAAAAAAAAAAAAAAAAAAAAAAAAAAAAAAAAAAAAAAAAAAAAAAAAAAAAAAAAAAAAAAAAAAAAAAAAAAAAAAAAAAAAAAAAAAAAAAAAAAAAAAAAAAAAAAAAAAAAAAAAAAAAAAAAAAAAAAAAAAAAAAAAAAAAAAAAAAAAAAAAAAAAAAAAAAAAAAAAAAAAAAAAAAAAAAAAAAAAA,Blue Cross,POL-755392,GRP-2413,169,2024-02-06,2026-03-01,162,45,17.1,Non-Smoker,Moderate,Pollen,Irritable Bowel Syndrome,"Lisinopril, Warfarin",None,None,English,White,Inactive,32,ManualEntry
437,Miles,Johnson,2005-03-11,Male,O+,miles.johnson@email.example.com,(870) 282-8695,Christine Perez,(712) 862-4559,"{""line1"": ""2332 Seventh St"", ""apt"": """", ""city"": ""Colorado Springs"", ""state"": ""CO"", ""zip"": ""80901"", ""longitude"": -85.0672, ""street_type"": ""Ct""}",Married,Professor,AAAAAAAAAAAAAAAAAAAAAAAAAAAAAAAAAAAAAAAAAAAAAAAAAAAAAAAAAAAAAAAAAAAAAAAAAAAAAAAAAAAAAAAAAAAAAAAAAAAAAAAAAAAAAAAAAAAAAAAAAAAAAAAAAAAAAAAAAAAAAAAAAAAAAAAAAAAAAAAAAAAAAAAAAAAAAAAAAAAAAAAAAAAAAAAAAAAAAAAA,Cigna HealthCare,POL-874265,GRP-9772,378,2019-08-05,2022-08-18,164,63,23.4,Current Smoker,Occasional,Dust,"Depression, Atrial Fibrillation, Rheumatoid Arthritis","Omeprazole, Atorvastatin, Insulin glargine",None,"Hypertension, Arthritis",Cantonese,White,Active,8,ManualEntry
439,Rebecca,JORDAN,1972-10-23,Female,A+,rebecca.jordan@email.example.com,(202) 603-9128,Theodore Wilson,(616) 275-5175,"{""line1"": ""Unknown"", ""city"": ""Unknown"", ""state"": ""NA"", ""zip"": ""00000"", ""timezone"": ""America/Chicago""}",Divorced,Logistics Coordinator,Russell Corp,Humana,POL-379278,GRP-8308,261,2019-09-24,2020-03-17,175,43,14.0,Non-Smoker,Occasional,None,Type 2 Diabetes,None,None,None,Cantonese,Hispanic or Latino,Active,20,ManualEntry
446,Isaac,Mitchell,2003-02-14,Male,O+,isaac.mitchell@email.example.com,(335) 709-6485,Rebecca Diaz,(263) 490-7657,"{""line1"": ""123 Main St"", ""street_type"": ""Rd""}",Widowed,Pharmacist,,MetLife,POL-369071,GRP-3925,476,2025-02-24,2027-12-31,185,78,22.8,Former Smoker,None,"None, NSAIDs","Fibromyalgia, COPD, Congestive Heart Failure, GERD",Metoprolol,Cataract surgery,None,Spanish,White,Active,19,ManualEntry
453,Bruce,Alexander,2004-12-13,Male,O-,bruce.alexander@email.example.com,(249) 313-9699,Jack Martinez,(200) 950-3688,"{""line1"": ""4661 College Ave"", ""apt"": "", # 15"", ""city"": ""Atlanta"", ""state"": ""GA"", ""zip"": ""30301"", ""timezone"": ""America/New_York"", ""longitude"": -115.0456, ""street_type"": ""Ave""}",Married,Flight Attendant,Roberts Corp,Blue Cross,POL-264511,G1234,179,2024-09-30,2026-07-18,178,81,25.6,Never Assessed,Occasional,"None, Shellfish, Sulfa",N/A,None,None,Arthritis,English,White,Active,12,ManualEntry
469,Nicole,Bailey,1958-07-05,Female,O-,nicole.bailey@email.example.com,(900) 206-5151,Barbara Hughes,(668) 253-5368,"{""line1"": ""3613 Ash Ct"", ""apt"": "", Apt 37"", ""city"": ""Philadelphia"", ""state"": ""PA"", ""zip"": ""19101"", ""neighborhood"": ""Waterfront"", ""landmark"": ""Adjacent to Library"", ""longitude"": -110.6609, ""county"": ""Harris"", ""street_type"": ""Cir""}",Married,Librarian,Hughes Corp,Tufts Health Plan,POL-789595,GRP-8764,404,tomorrow,2025-11-07,166,72,26.1,Former Smoker,Moderate,"Peanuts, Penicillin, None",Hypothyroidism,"Fluticasone, Eliquis, Atorvastatin",Colectomy,"Cancer, Asthma, Stroke",English,White,Inactive,4,ManualEntry
,William,Sullivan,1958-03-06,Male,AB-,william.sullivan@email.example.com,,Katherine Patel,(499) 870-1447,"{""line1"": ""4725 Elm St"", ""apt"": "", # 9"", ""city"": ""Long Beach"", ""state"": ""CA"", ""zip"": ""90801""}",Single,Manager,,,,,224,tomorrow,2021-12-29,182,79,23.8,Non-Smoker,None,None,Anemia,Eliquis,None,Cancer,Spanish,White,Active,7,ManualEntry
483,Emma,Torres,1956-08-09,Female,O+,emma.torres@email.example.com,(563) 941-5495,Roger Turner,(493) 486-5585,"{""line1"": ""6050 Aspen Ct"", ""apt"": """", ""city"": ""Kansas City"", ""state"": ""MO"", ""zip"": ""64101""}",Married,Writer,,Humana,POL-190182,GRP-8017,311,2025-13-01,2028-10-09,168,88,31.2,Former Smoker,Occasional,"Codeine, Sulfa","Asthma, Sleep Apnea",None,None,Alzheimer's,English,,Inactive,20,ManualEntry
486,Jerry,Anderson,1966-10-02,Male,O-,jerry.anderson@email.example.com,(449) 631-2710,,(468) 440-5951,"{""line1"": ""7136 Cedar Ln"", ""apt"": "", # 29"", ""city"": ""San Jose"", ""state"": ""CA"", ""zip"": ""95101"", ""neighborhood"": ""Midtown"", ""country"": ""USA"", ""timezone"": ""America/New_York"", ""county"": ""King""}",Married,Logistics Coordinator,Bennett Corp,Humana,POL-799752,GRP-5497,358,2023-12-12,2025-02-20,176,48,15.5,Non-Smoker,Former,"Sulfa, None, Penicillin",Crohn's Disease,"Eliquis, Clopidogrel","Sleeve gastrectomy, Cholecystectomy","Asthma, Heart Disease",English,Two or More Races,Inactive,1,ManualEntry
497,Angela,Ortiz,1957-02-13,Female,A+,angela.ortiz@email.example.com,(249) 384-3676,Scott Fisher,(548) 852-3337,"{""line1"": ""123 Main St""}",Married,Student,,Oscar Health,POL-337221,,119,2020-02-16,2020-03-10,170,104,36.0,Never Assessed,Occasional,"Codeine, Dust",Chronic Kidney Disease,"Sertraline, Warfarin",None,"Cancer, Alzheimer's, Asthma",English,White,Active,2,ManualEntry
504,Victoria,Young,1987-04-19,Female,A-,victoria.young@email.example.com,(885) 929-7236,Brandon Reed,(241) 247-5116,"{""line1"": ""1030 Eighth Ave"", ""apt"": """", ""city"": ""Colorado Springs"", ""state"": ""CO"", ""zip"": ""80901"", ""neighborhood"": ""Uptown""}",Single,Software Developer,Watson Corp,,,,396,2024-08-26,2024-12-10,156,80,32.9,Non-Smoker,None,"None, Pollen, Dust","Hypothyroidism, Depression","Bupropion, Omeprazole",None,Stroke,English,Other,Active,1,ManualEntry
533,Maxwell,Lewis,1973-11-29,Male,O+,maxwell.lewis@email.example.com,(680) 977-3577,Jasper Simmons,(624) 573-9746,"{""line1"": ""5182 Sunset Dr"", ""apt"": """", ""city"": ""Columbus"", ""state"": ""OH"", ""zip"": ""43201"", ""country"": ""USA"", ""longitude"": -83.388, ""county"": ""Dallas"", ""street_type"": ""Pl""}",Separated,Artist,,Bright Health,POL-638106,G1234,369,2020-02-23,,171,78,26.7,Never Assessed,Occasional,None,"Hyperlipidemia, Coronary Artery Disease, Hypothyroidism","Clopidogrel, Levothyroxine",None,Diabetes,English,White,Inactive,19,ManualEntry
539,Jessica,Ford,1979-11-22,Female,B-,jessica.ford@email.example.com,(752) 206-6641,Maxwell Perry,(572) 339-8538,"{""line1"": ""877 Cypress Dr"", ""apt"": "", Apt 18"", ""city"": ""Jacksonville"", ""state"": ""FL"", ""zip"": ""32201"", ""county"": ""Cook"", ""longitude"": -87.6377, ""latitude"": 28.4268}",Single,Manager,,MetLife,POL-305556,GRP-7718,71,2025-07-16,,167,93,33.3,Former Smoker,Heavy,"Sulfa, None, Codeine",,None,Colectomy,None,Mandarin,White,Active,21,ManualEntry
541,Debra,Foster,1982-12-11,Female,o+,debra.foster@email.example.com,(969) 361-8534,Virginia Gomez,(256) 544-6151,"{""line1"": ""3501 Lake Dr"", ""apt"": """", ""city"": ""Colorado Springs"", ""state"": ""CO"", ""zip"": ""80901"", ""latitude"": 33.6293}",Widowed,Flight Attendant,,Centene,POL-159901,GRP-5293,153,2024-12-30,2027-09-27,167,83,29.8,Non-Smoker,None,None,"Eczema, Sleep Apnea","Celecoxib, Loratadine, Montelukast, Levothyroxine","Laminectomy, Sleeve gastrectomy","Stroke, Arthritis, Hypertension",Cantonese,White,Active,13,ManualEntry
547,Jeremy,Scott,1960-06-03,Male,O+,jeremy.scott@email.example.com,(662) 314-5063,Brandon Thomas,(231) 823-9456,"{""line1"": ""2646 Church St"", ""apt"": """", ""city"": ""Washington"", ""state"": ""DC"", ""zip"": ""20001""}",Divorced,Chef,,CareFirst,,GRP-4752,250,2018-06-13,2018-11-07,172,102,34.5,Never Assessed,Moderate,"Sulfa, Codeine",,Clopidogrel,"C-section, Hysterectomy, Carpal tunnel release","Alzheimer's, Stroke",English,caucasian,Inactive,25,ManualEntry
549,Diane,Patel,1973-05-25,Female,O+,diane.patel@email.example.com,(729) 322-5264,Ethan Harrison,(213) 922-2211,"{""line1"": ""9202 Washington Ave"", ""apt"": """", ""city"": ""Denver"", ""state"": ""CO"", ""zip"": ""80201"", ""latitude"": 34.6032}",Single,Nurse,Foster Corp,CareFirst,POL-817704,GRP-5047,37,2025-01-09,2027-06-03,164,74,27.5,Former Smoker,Occasional,"Sulfa, NSAIDs, Shellfish","Ulcerative Colitis, Atrial Fibrillation",Celecoxib,Mastectomy,None,Cantonese,White,Active,2,ManualEntry
554,Anna,Davis,1981-08-17,Female,A+,anna.davis@email.example.com,(602) 636-4011,Paul Cook,(206) 517-9967,"{""line1"": ""2873 Cedar Ln"", ""apt"": """", ""city"": ""Austin"", ""state"": ""TX"", ""zip"": ""73301"", ""timezone"": ""America/New_York""}",Single,Unemployed,,Harvard Pilgrim,POL-864534,,384,2018-04-02,2019-08-21,169,82,28.7,Current Smoker,Occasional,"Codeine, Pollen, Sulfa",,"Clopidogrel, Duloxetine, Warfarin, Omeprazole",None,None,Spanish,White,Active,13,ManualEntry
555,Ezra,Hall,1960-02-29,Male,B+,ezra.hall@email.example.com,(422) 550-9253,Joe Price,(377) 962-6579,"{""line1"": ""5839 Lincoln Blvd"", ""apt"": "", Suite 2"", ""city"": ""Louisville"", ""state"": ""KY"", ""zip"": ""40201"", ""latitude"": 40.9775, ""county"": ""Queens"", ""street_type"": ""Blvd""}",Divorced,HR Specialist,Patel Corp,Bright Health,POL-698917,GRP-5000,436,2024-11-13,,-10,40,13.4,Non-Smoker,Heavy,"Peanuts, NSAIDs, Shellfish",,"Warfarin, Metformin","Colectomy, Mastectomy, Thyroidectomy","None, Heart Disease",Mandarin,White,Active,24,ManualEntry
558,Harold,Richardson,2025-06-15,Male,A+,harold.richardson@email.example.com,(867) 434-9585,Jennifer Simmons,(709) 419-4488,"{""line1"": ""9869 Pine St"", ""apt"": """", ""city"": ""Austin"", ""state"": ""TX"", ""zip"": ""73301"", ""longitude"": -113.3159, ""latitude"": 27.0988, ""neighborhood"": ""Southside""}",Separated,Nurse,Sullivan Corp,Blue Cross,POL-547819,GRP-5039,64,2019-12-26,,164,80,29.7,Current Smoker,Moderate,Shellfish,,"Ibuprofen, Metformin, Bupropion",Coronary artery bypass grafting,None,Korean,Black or African American,Active,21,ManualEntry
561,Oliver,Foster,2005-04-02,Male,A+,oliver.foster@email.example.com,(488) 609-1586,Jacqueline Porter,(249) 495-1532,"{""line1"": ""5475 River Rd"", ""apt"": "", Apt 8"", ""city"": ""Philadelphia"", ""state"": ""PA"", ""zip"": ""19101"", ""timezone"": ""America/Phoenix"", ""latitude"": 47.14, ""street_type"": ""Blvd"", ""longitude"": -104.1155}",Single,Administrative Assistant,Hernandez Corp,Cigna,POL-895134,GRP-1506,294,2021-07-05,2022-04-10,182,75,22.6,Non-Smoker,Heavy,Sulfa,,"Gabapentin, Metoprolol, Meloxicam, Albuterol",None,"Heart Disease, Hypertension",French,White,Active,13,ManualEntry
566,Helen,Kim,1989-07-30,Female,B+,helen.kim@email.example.com,(890) 374-6068,Roman Perez,(272) 387-2850,"{""line1"": ""5531 Hickory St"", ""apt"": "", Suite 21"", ""city"": ""Raleigh"", ""state"": ""NC"", ""zip"": ""27601"", ""timezone"": ""America/Chicago"", ""longitude"": -101.7431, ""country"": ""USA""}",Divorced,Unemployed,Lopez Corp,Atena,POL-805211,GRP-5612,124,2021-06-08,2024-08-18,163,72,27.1,Never Assessed,Occasional,"Latex, NSAIDs, None","Hyperlipidemia, Chronic Kidney Disease","Amlodipine, Prednisone",None,"Asthma, Cancer",English,White,Active,18,ManualEntry
583,Julie,Cole,1958-06-18,Female,O+,julie.cole@email.example.com,(239) 788-7619,Christine Johnson,(772) 560-1461,"{""line1"": ""5813 College Ave"", ""apt"": "", Suite 3"", ""city"": ""Louisville"", ""state"": ""KY"", ""zip"": ""40201"", ""longitude"": -103.6535, ""timezone"": ""America/Denver"", ""county"": ""Miami-Dade""}",Married,Manager,Mitchell Corp,Harvard Pilgrim,POL-397550,GRP-5407,314,2021-12-19,2025-05-10,146,111,52.1,Current Smoker,None,"Sulfa, Latex",Psoriasis,"Loratadine, Insulin glargine, Celecoxib, Acetaminophen","Colectomy, Cholecystectomy","Cancer, None, Diabetes",English,White,Active,1,ManualEntry
588,Douglas,Hill,1996-08-24,Mle,A+,douglas.hill@email.example.com,(565) 858-8818,Lauren Jordan,(853) 707-5909,"{""line1"": ""1158 Center St"", ""apt"": """", ""city"": ""Denver"", ""state"": ""CO"", ""zip"": ""80201""}",Single,Plumber,Green Corp,Health Net,POL-733735,GRP-4049,412,2022-10-01,2024-09-17,180,85,26.2,Former Smoker,Moderate,None,"Ulcerative Colitis, Chronic Fatigue, Type 2 Diabetes",Clopidogrel,"Total hip replacement, Laminectomy","Hypertension, Diabetes, Asthma",English,White,Active,2,ManualEntry
595,Luna,Lewis,1981-09-19,Female,O-,luna.lewis@email.example.com,(219) 303-6488,Kyle Reyes,(273) 527-3006,"{""line1"": ""5352 Highland Ave"", ""apt"": """", ""city"": ""Memphis"", ""state"": ""TN"", ""zip"": ""38101"", ""street_type"": ""Ln""}",Single,Lawyer,Cook Corp,Cigna,POL-399372,GRP-2746,196,2020-02-18,2023-06-14,162,66,25.1,Current Smoker,None,"Shellfish, Pollen, Dust",Atrial Fibrillation,"Meloxicam, Bupropion, Insulin glargine, Levothyroxine",None,Cancer,Spanish,Black or African American,Active,10,ManualEntry
611,,Webb,1996-02-06,Male,O+,ryan.webb@email.example.com,(869) 677-9871,Angela Wilson,(409) 969-8747,"{""line1"": ""8169 Third St"", ""apt"": """", ""city"": ""Los Angeles"", ""state"": ""CA"", ""zip"": ""90001"", ""latitude"": 43.4412}",Single,Architect,AAAAAAAAAAAAAAAAAAAAAAAAAAAAAAAAAAAAAAAAAAAAAAAAAAAAAAAAAAAAAAAAAAAAAAAAAAAAAAAAAAAAAAAAAAAAAAAAAAAAAAAAAAAAAAAAAAAAAAAAAAAAAAAAAAAAAAAAAAAAAAAAAAAAAAAAAAAAAAAAAAAAAAAAAAAAAAAAAAAAAAAAAAAAAAAAAAAAAAAA,Humana,POL-907824,GRP-2162,440,2021-10-03,2024-12-09,165,80,29.4,Non-Smoker,Occasional,None,,"Warfarin, Albuterol, Metoprolol",None,"Heart Disease, Hypertension",English,White,Active,15,ManualEntry
615,Nancy,Simmons,1977-03-20,Female,O+,nancy.simmons@email.example.com,(269) 882-4121,Ashley McDonald,(767) 375-3706,"{""line1"": ""7922 Poplar St"", ""apt"": """", ""city"": ""Memphis"", ""state"": ""TN"", ""zip"": ""38101"", ""neighborhood"": ""Southside""}",Separated,Scientist,Mendoza Corp,Bright Health,POL-773426,GRP-9361,114,2019-05-09,2022-01-30,165,78,28.7,Non-Smoker,Moderate,None,"Congestive Heart Failure, Irritable Bowel Syndrome, Eczema, Type 2 Diabetes","Aspirin, Furosemide, Metformin",None,"Heart Disease, Arthritis",Korean,White,Deceased ,19,ManualEntry
623,Grace,Long,1976-08-25,F,A+,grace.long@email.example.com,(402) 575-2267,Pamela Castillo,(331) 918-9089,"{""line1"": ""6707 View Blvd"", ""apt"": """", ""city"": ""Memphis"", ""state"": ""TN"", ""zip"": ""38101"", ""street_type"": ""Way"", ""longitude"": -77.0884}",Separated,Retired,Chavez Corp,Blue Cross Blue Shield,POL-310383,GRP-5421,265,2018-02-14,,169,59,20.7,Non-Smoker,Occasional,"Dust, Shellfish","Ulcerative Colitis, Atrial Fibrillation",None,C-section,Diabetes,English,White,Inactive,21,ManualEntry
633,Lisa,Porter,1992-10-23,Female,AB+,lisa.porter@email.example.com,(698) 941-8523,Aria Wilson,(451) 805-2332,"{""line1"": ""123 Main St"", ""county"": ""Maricopa"", ""country"": ""USA"", ""latitude"": 34.8313, ""delivery_notes"": ""Call upon arrival"", ""timezone"": ""America/Phoenix""}",Married,,,Cigna HealthCare,POL-973205,GRP-4033,120,2023-02-27,2023-12-05,155,76,31.6,Non-Smoker,Moderate,"Dust, Latex","Osteoarthritis, Anxiety Disorder",None,None,"None, Alzheimer's, Hypertension",French,White,Deceased ,2,ManualEntry
639,Gregory,Owens,2004-03-11,Male,A-,gregory.owens@email.example.com,(239) 905-8747,Edward Scott,(962) 699-5391,"{""line1"": ""Unknown"", ""city"": ""Unknown"", ""state"": ""NA"", ""zip"": ""00000"", ""street_type"": ""Ln"", ""longitude"": -74.1783, ""latitude"": 39.7836, ""neighborhood"": ""Midtown""}",Married,Accountant,Diaz Corp,Aetna,POL-498410,GRP-6829,320,2024-09-09,2026-10-13,175,73,23.8,Non-Smoker,Occasional,"Dust, Sulfa","Atrial Fibrillation, Fibromyalgia, Rheumatoid Arthritis",Acetaminophen,None,"Diabetes, Alzheimer's",French,White,Active,23,ManualEntry
643,,Myers,1968-05-25,Female,B+,rebecca.myers@email.example.com,(940) 278-7983,Scarlett Martinez,(448) 470-9408,"{""line1"": ""6697 Adams Way"", ""apt"": """", ""city"": ""Miami"", ""state"": ""FL"", ""zip"": ""33101""}",Married,Nurse,Parker Corp,Bright Health,POL-825221,GRP-4800,422,2023-07-03,,166,40,14.5,Never Assessed,None,"Pollen, Peanuts, Codeine",,"Aspirin, Ozempic",None,"Cancer, Asthma",Spanish,Human,Deceased,23,ManualEntry
654,Theodore,Stewart,1996-04-03,Male,B+,theodore.stewart@email.example.com,12345,Amanda Gonzalez,(613) 854-5302,"{""line1"": ""3889 Magnolia Way"", ""apt"": """", ""city"": ""Tucson"", ""state"": ""AZ"", ""zip"": ""85701"", ""landmark"": ""Close to University"", ""longitude"": -101.9527, ""neighborhood"": ""Historic District""}",Married,Consultant,Jenkins Corp,Aetna,POL-809672,GRP-6681,255,2019-04-20,2019-08-17,169,75,26.3,Former Smoker,Heavy,Pollen,,!@#$%^&*(),None,"Asthma, Diabetes, None",Cantonese,White,Inactive,5,ManualEntry
660,Kevin,Cox,2000-05-17,Male,O+,kevin.cox@email.example.com,(713) 902-5904,Douglas Hughes,John Smith,"{""line1"": ""6614 Seventh St"", ""apt"": """", ""city"": ""Jacksonville"", ""state"": ""FL"", ""zip"": ""32201""}",Married,Insurance Agent,Ross Corp,Humana,POL-978016,GRP-9391,169,2018-09-23,2021-11-28,179,49,15.3,Non-Smoker,None,"Peanuts, NSAIDs, Penicillin","Psoriasis, Hyperlipidemia, Chronic Fatigue",Gabapentin,None,"Stroke, Diabetes, Arthritis",English,White,Active,32,ManualEntry
674,Jackson,Thomas,1984-12-03,Male,O+,jackson.thomas@email.example.com,(851) 700-2533,Terry Washington,(947) 784-6349,"{""line1"": ""7294 Union Ave"", ""apt"": """", ""city"": ""Fresno"", ""state"": ""CA"", ""zip"": ""93701""}",Married,Pilot,Wood Corp,,,,105,2018-12-30,2022-01-03,189,77,21.6,Never Assessed,Occasional,NSAIDs,"Chronic Fatigue, Osteoarthritis","Levothyroxine, Metoprolol",,"Hypertension, Alzheimer's, Arthritis",English,White,Active,10,ManualEntry
688,Jennifer,Flores,1989-02-05,Female,B+,jennifer.flores@email.example.com,(296) 874-4962,,(518) 728-9950,"{""line1"": ""8470 Cedar Ln"", ""apt"": """", ""city"": ""San Francisco"", ""state"": ""CA"", ""zip"": ""94101"", ""delivery_notes"": ""Leave at door"", ""neighborhood"": ""Suburbs"", ""longitude"": -84.4952, ""country"": ""USA""}",Single,Manager,Powell Corp,Highmark,POL-747552,GRP-3128,10,2019-11-18,2022-01-26,160,50,19.5,Non-Smoker,Occasional,None,"Type 2 Diabetes, GERD, Irritable Bowel Syndrome",None,"Angioplasty with stent, Cataract surgery",Stroke,Spanish,Black or African American,Active,15,ManualEntry
693,Jeffrey,Thompson,1958-06-27,Male,A+,jeffrey.thompson@email.example.com,(830) 332-6554,Melissa Williams,(575) 340-2783,"{""line1"": ""2965 Spring St"", ""apt"": "", Suite 38"", ""city"": ""Washington"", ""state"": ""DC"", ""zip"": ""20001"", ""timezone"": ""America/Denver"", ""neighborhood"": ""Northside""}",Married,Graphic Designer,Howard Corp,Centene,POL-452961,GRP-8799,332,2018-01-25,2021-08-24,189,55,15.4,Non-Smoker,Sometimes,"Dust, Pollen",,None,None,Arthritis,Tagalog,White,Active,13,ManualEntry
695,Abigail,Patel,1991-07-23,Female,AB-,abigail.patel@email.example.com,(421) 402-3019,Christine Ramos,(703) 629-3714,"{""line1"": ""5371 Tenth Ave"", ""apt"": """", ""city"": ""Denver"", ""state"": ""CO"", ""zip"": ""80201""}",Single,Doctor,Bailey Corp,Independence Blue Cross,POL-597304,GRP-5669,131,2019-11-13,2020-08-28,168,40,14.2,Non-Smoker,Moderate,"Sulfa, NSAIDs, Latex",Eczema,"Warfarin, Bupropion, Montelukast, Gabapentin",Sleeve gastrectomy,"Stroke, Alzheimer's, None",English,Hispanic or Latino,Active,2,ManualEntry
703,Julian,West,1999-07-19,F,A+,julian.west@email.example.com,(301) 788-8191,Jacqueline Foster,(516) 744-9153,"{""line1"": ""6721 Birch St"", ""apt"": """", ""city"": ""Washington"", ""state"": ""DC"", ""zip"": ""20001"", ""longitude"": -97.6323, ""country"": ""USA"", ""county"": ""San Diego""}",Married,Flight Attendant,Jackson Corp,Cigna HealthCare,POL-843893,GRP-2321,59,2023-08-01,,168,80,28.3,Non-Smoker,Occasional,Sulfa,Eczema,None,None,"Diabetes, Heart Disease, Hypertension",Spanish,Hispanic or Latino,Inactive,8,ManualEntry
706,Daniel,Ford,1985-03-25,Male,A+,daniel.ford@email.example.com,(371) 964-7197,Miles Roberts,(709) 799-8136,"{""line1"": ""4604 Church St"", ""apt"": """", ""city"": ""Baltimore"", ""state"": ""MD"", ""zip"": ""21201"", ""longitude"": -109.102, ""neighborhood"": ""Historic District"", ""timezone"": ""America/Denver"", ""street_type"": ""Way"", ""delivery_notes"": ""Ring bell""}",Married,Writer,Hamilton Corp,,,,446,2022-02-14,2024-03-21,188,105,29.7,Non-Smoker,Heavy,None,,None,None,Arthritis,Mandarin,White,Deceased ,16,ManualEntry
707,Christine,Wilson,2002-04-02,Female,O+,christine.wilson@email.example.com,(305) 269-7293,Cynthia King,(666) 814-2422,"{""line1"": ""8913 Union Ave"", ""apt"": """", ""city"": ""Kansas City"", ""state"": ""MO"", ""zip"": ""64101""}",Married,Administrative Assistant,Miller Corp,UnitedHealthcare,POL-870104,GRP-6383,38,2021-12-20,,147,60,27.8,Current Smoker,None,Penicillin,"Depression, Chronic Kidney Disease",Furosemide,None,"Asthma, None, Diabetes",Spanish,Black or African American,Active,19,ManualEntry
710,Jack,Gonzales,1999-03-18,Non-Binary,A+,jack.gonzales@email.example.com,(211) 592-5067,Lauren Tucker,(745) 626-3538,"{""line1"": ""7641 View Blvd"", ""apt"": "", Apt 26"", ""city"": ""Dallas"", ""state"": ""TX"", ""zip"": ""75201""}",Separated,Flight Attendant,Myers Corp,Geisinger,POL-774148,GRP-4888,72,2022-01-02,1900-01-01,165,78,28.7,Non-Smoker,Heavy,"Peanuts, NSAIDs","Coronary Artery Disease, Anxiety Disorder, Crohn's Disease, Atrial Fibrillation","Warfarin, Ozempic",None,Stroke,English,White,Active,15,ManualEntry
720,Lisa,Simpson,2001-11-22,Female,O+,lisa.simpson@email.example.com,(320) 828-7548,George Taylor,(309) 458-2623,"{""line1"": ""9811 Poplar St"", ""apt"": "", Suite 42"", ""city"": ""Memphis"", ""state"": ""TN"", ""zip"": ""38101"", ""neighborhood"": ""Midtown"", ""timezone"": ""America/Los_Angeles"", ""country"": ""USA""}",Married,Professor,Washington Corp,Cigna,POL-134586,GRP-1701,33,,2024-05-14,164,73,27.1,Current Smoker,Heavy,"Sulfa, Shellfish","Ulcerative Colitis, Osteoporosis",Gabapentin,None,Alzheimer's,English,Hispanic or Latino,Deceased,1,ManualEntry
721,Isaac,Marshall,1964-07-15,Male,O-,isaac.marshall@email.example.com,(393) 904-3781,Christine Adams,(984) 362-2260,"{""line1"": ""7111 Madison St"", ""apt"": "", Unit 17"", ""city"": ""Fort Worth"", ""state"": ""TX"", ""zip"": ""76101"", ""neighborhood"": ""Southside"", ""country"": ""USA""}",Single,Real Estate Agent,Green Corp,Cigna,POL-843405,GRP-7765,363,2019-01-02,2022-02-10,193,87,23.4,Non-Smoker,Occasional,None,"Osteoarthritis, Migraine","Prednisone, Amlodipine",None,"Diabetes, Asthma, Heart Disease",Spanish,Hispanic or Latino,Deceased,18,ManualEntry
722,Barbara,Reed,1953-09-19,Female,AB,barbara.reed@email.example.com,(749) 788-5197,Laura Wallace,(779) 510-8898,"{""line1"": ""9042 Lincoln Blvd"", ""apt"": """", ""city"": ""Milwaukee"", ""state"": ""WI"", ""zip"": ""53201"", ""delivery_notes"": ""Ring bell"", ""longitude"": -82.5242, ""county"": ""Maricopa""}",Married,Teacher,,Geisinger,POL-580973,GRP-1627,396,2019-03-15,,157,57,23.1,Former Smoker,None,"Shellfish, Sulfa, Penicillin","Osteoporosis, Fibromyalgia, Psoriasis",Albuterol,None,"Diabetes, Cancer, Asthma",Spanish,White,Active,1,ManualEntry
727,Kimberly,Campbell,2003-01-13,Female,A+,kimberly.campbell@email.example.com,(960) 261-1863,Brandon Carter,(481) 967-4580,"{""line1"": ""1300 Tenth Ave"", ""apt"": """", ""city"": ""Miami"", ""state"": ""FL"", ""zip"": ""33101"", ""landmark"": ""Near Hospital"", ""latitude"": 25.4749, ""delivery_notes"": ""Gate code: #1234"", ""longitude"": -91.8187, ""street_type"": ""Ave""}",Single,Pharmacist,,Highmark,POL-909298,GRP-4542,317,2022-04-30,,156,79,32.5,,Occasional,"Shellfish, None, Dust",,"Eliquis, Insulin glargine",None,"Arthritis, Hypertension, None",Cantonese,Hispanic or Latino,Deceased,24,ManualEntry
728,Joseph,Bailey,2003-04-12,Male,O+,joseph.bailey@email.example.com,(837) 543-8883,Caleb Baker,(548) 733-4728,"{""line1"": ""9745 Monroe Dr"", ""apt"": "", # 27"", ""city"": ""Memphis"", ""state"": ""TN"", ""zip"": ""38101"", ""street_type"": ""Cir"", ""neighborhood"": ""Midtown"", ""latitude"": 47.6266}",Married,Manager,Moore Corp,,POL-938413,GRP-6819,224,2018-04-02,,166,,27.2,Current Smoker,Moderate,None,,Pantoprazole,"ACL reconstruction, Hernia repair","None, Asthma, Hypertension",English,White,Active,7,ManualEntry
740,Olivia,Anderson,1962-07-17,Female,A+,olivia.anderson@email.example.com,(421) 402-3019,Joe Jones,(337) 806-9519,"{""line1"": ""9875 Lincoln Blvd"", ""apt"": """", ""city"": ""Houston"", ""state"": ""TX"", ""zip"": ""77001"", ""latitude"": 46.3534, ""country"": ""USA""}",Divorced,Retail Associate,Lewis Corp,Humana,POL-215105,GRP-5899,451,2021-10-09,,167,66,23.7,Former Smoker,None,"Sulfa, Dust, Codeine",Chronic Fatigue,"Montelukast, Jardiance",None,Heart Disease,Spanish,caucasian,Active,25,ManualEntry
741,Carolyn,McDonald,2002-09-26,Female,o+,carolyn.mcdonald@email.example.com,(862) 981-4621,Tyler Morris,(898) 327-8735,"{""line1"": ""5748 Highland Ave"", ""apt"": """", ""city"": ""Seattle"", ""state"": ""WA"", ""zip"": ""98101"", ""neighborhood"": ""East Side"", ""county"": ""Queens""}",Married,Firefighter,AAAAAAAAAAAAAAAAAAAAAAAAAAAAAAAAAAAAAAAAAAAAAAAAAAAAAAAAAAAAAAAAAAAAAAAAAAAAAAAAAAAAAAAAAAAAAAAAAAAAAAAAAAAAAAAAAAAAAAAAAAAAAAAAAAAAAAAAAAAAAAAAAAAAAAAAAAAAAAAAAAAAAAAAAAAAAAAAAAAAAAAAAAAAAAAAAAAAAAAA,Health Net,POL-191197,GRP-3042,319,2019-07-13,2022-08-09,160,108,150,Current Smoker,None,"Sulfa, Latex, Codeine","Osteoarthritis, Atrial Fibrillation, Type 2 Diabetes, Chronic Kidney Disease",None,None,"Diabetes, Arthritis",English,White,Active,15,ManualEntry
757,Jeffrey,Gray,2003-06-20,Male,O+,jeffrey.gray@email.example.com,(939) 480-1179,Laura Harrison,(385) 365-6655,"{""line1"": ""4095 Third St"", ""apt"": """", ""city"": ""Tulsa"", ""state"": ""OK"", ""zip"": ""74101""}",Married,Sales Representative,Hayes Corp,Anthem,POL-383276,GRP-1694,453,2025-09-29,2026-09-10,177,67,21.4,Non-Smoker,,"Peanuts, Pollen, Penicillin","COPD, Migraine, Atrial Fibrillation, Coronary Artery Disease",None,Total hip replacement,"Heart Disease, Hypertension, Diabetes",Spanish,Black or African American,Active,17,ManualEntry
758,Patricia,,2003-11-03,Female,AB+,patricia.williams@email.example.com,(349) 295-1172,Ryan Wallace,(496) 412-5714,"{""line1"": ""8595 Ash Ct"", ""apt"": "", Suite 2"", ""city"": ""Long Beach"", ""state"": ""CA"", ""zip"": ""90801"", ""delivery_notes"": ""Leave at door"", ""country"": ""USA"", ""longitude"": -118.7753, ""neighborhood"": ""Southside""}",Married,Physical Therapist,Phillips Corp,Cigna,POL-150760,GRP-6968,330,2018-12-08,2020-10-30,-10,90,31.1,Non-Smoker,Moderate,None,"Sleep Apnea, Atrial Fibrillation, Ulcerative Colitis",Eliquis,Sleeve gastrectomy,None,ENGLISH,White,Active,18,ManualEntry
761,Sharon,Myers,1988-10-16,Female,O+,sharon.myers@email.example.com,(306) 939-6041,Paisley Cox,(810) 251-2793,"{""line1"": ""1993 Adams Way"", ""apt"": "", Apt 6"", ""city"": ""Tucson"", ""state"": ""AZ"", ""zip"": ""85701"", ""neighborhood"": ""Southside""}",Married,Bank Teller,Fisher Corp,Blue Cross Blue Shield,POL-191107,GRP-8019,115,2025-02-16,2027-02-13,-10,80,25.5,Non-Smoker,Moderate,"Latex, Penicillin","Osteoarthritis, Irritable Bowel Syndrome",None,None,None,English,Black or African American,Active,23,ManualEntry
771,Olivia,Bryant,1987-10-13,Female,O-,,(401) 567-8417,James Ruiz,(765) 824-6217,"{""line1"": ""7843 Walnut Ave"", ""apt"": """", ""city"": ""San Diego"", ""state"": ""CA"", ""zip"": ""92101""}",Widowed,Administrative Assistant,,,POL-203311,GRP-7286,144,2022-10-29,2024-07-13,169,56,19.6,Former Smoker,Occasional,"Penicillin, NSAIDs, Peanuts","COPD, Osteoporosis, Anxiety Disorder, Rheumatoid Arthritis","Jardiance, Furosemide, Meloxicam",Hysterectomy,None,English,Asian,Active,14,ManualEntry
774,Scott,Green,1964-08-14,Male,B+,scott.green@email.example.com,(988) 343-5562,,(272) 466-1145,"{""line1"": ""5958 Maple Dr"", ""apt"": "", # 14"", ""city"": ""Raleigh"", ""state"": ""NC"", ""zip"": ""27601"", ""street_type"": ""Way"", ""country"": ""USA""}",Married,Veterinarian,Gonzalez Corp,Geisinger,POL-599892,GRP-2145,246,2024-11-03,2026-07-23,181,82,25.0,Non-Smoker,Occasional,None,,"Eliquis, Cyclobenzaprine, Celecoxib, Loratadine",None,None,Tagalog,Hispanic or Latino,Active,14,ManualEntry
779,Logan,Morgan,1964-05-03,Male,A+,logan.morgan@email.example.com,(515) 904-4637,Jonathan Hunter,(231) 624-5832,"{""line1"": ""698 Oak Ave"", ""apt"": "", Suite 35"", ""city"": ""Columbus"", ""state"": ""OH"", ""zip"": ""43201"", ""longitude"": -77.513, ""country"": ""USA"", ""latitude"": 40.6158, ""street_type"": ""Pl""}",Married,Scientist,Hunter Corp,Tufts Health Plan,POL-487710,GRP-8845,127,2021-02-21,,180,51,15.7,Non-Smoker,Moderate,None,,Eliquis,"C-section, Mastectomy, Meniscectomy","Diabetes, Arthritis, Hypertension",English,White,Active,24,ManualEntry
783,Jeffrey,Phillips,1987-02-23,Male,A+,jeffrey.phillips@email.example.com,(742) 521-6268,Jeffrey Wallace,(484) 239-6030,"{""line1"": ""4402 Sixth Ave"", ""apt"": "", Apt 46"", ""city"": ""Miami"", ""state"": ""FL"", ""zip"": ""33101"", ""street_type"": ""Blvd""}",Single,HR Specialist,,MetLife,POL-469043,GRP-7300,475,2022-04-20,2022-07-15,160,54,21.1,Non-Smoker,Moderate,Null,,"Ibuprofen, Aspirin, Metformin, Clopidogrel",,"Arthritis, Heart Disease",English,Asian,Active,18,ManualEntry
784,Kelly,Owens,1998-09-29,Female,O-,kelly.owens@email.example.com,(586) 394-7319,Raymond Jackson,(591) 270-1697,"{""line1"": ""9755 Madison St"", ""apt"": """", ""city"": ""Albuquerque"", ""state"": ""NM"", ""zip"": ""87101""}",Separated,Firefighter,Evans Corp,,,,152,2019-08-09,2020-05-20,172,80,27.0,Never Assessed,Heavy,"None, Dust, NSAIDs",Coronary Artery Disease,Montelukast,Tonsillectomy,"Diabetes, Alzheimer's, None",English,White,Active,12,ManualEntry
785,Jennifer,Myers,1957-06-12,Female,B+,jennifer.myers@email.example.com,(409) 808-1217,Joseph Rogers,(292) 909-7458,"{""line1"": ""2261 Fifth St"", ""apt"": "", Unit 28"", ""city"": ""Boston"", ""state"": ""MA"", ""zip"": ""02101"", ""neighborhood"": ""West Side"", ""timezone"": ""America/New_York"", ""latitude"": 39.481, ""delivery_notes"": ""Deliver to reception""}",Married,HR Specialist,Perez Corp,Geisinger,POL-553591,GRP-2683,469,2019-02-07,2022-03-15,171,68,normal,Non-Smoker,None,Penicillin,"Osteoporosis, Osteoarthritis",None,None,"Asthma, Stroke",Spanish,Asian,Active,2,ManualEntry
791,Daniel,McDonald,1975-02-03,Male,O+,daniel.mcdonald@email.example.com,(738) 201-1927,Jack Wood,(562) 323-7530,"{""line1"": ""9691 Pine St"", ""apt"": """", ""city"": ""Louisville"", ""state"": ""KY"", ""zip"": ""40201"", ""neighborhood"": ""Waterfront"", ""longitude"": -112.9339, ""landmark"": ""Opposite Central Park""}",Married,Musician,Harris Corp,Cigna HealthCare,POL-308880,GRP-4650,115,2021-10-13,2022-02-09,186,49,14.2,Non-Smoker,None,Shellfish,,"Celecoxib, Eliquis, Acetaminophen",None,"Cancer, Stroke, Arthritis",English,White,Active,23,ManualEntry
792,Chloe,Russell,1982-12-19,Female,A+,chloe.russell@email.example.com,(952) 786-3692,Roman Alexander,(614) 840-5246,"{""line1"": ""5741 Hickory St"", ""apt"": """", ""city"": ""Minneapolis"", ""state"": ""MN"", ""zip"": ""55401"", ""country"": ""USA"", ""delivery_notes"": ""Gate code: #1234""}",Single,Logistics Coordinator,Anderson Corp,Health Net,POL-721671,GRP-1185,344,2025-06-10,2029-01-17,162,74,28.2,Non-Smoker,Sometimes,,,Hydrochlorothiazide,"C-section, Colectomy, Angioplasty with stent","Stroke, None",Mandarin,White,Active,3,ManualEntry
795,Peter,Scott,1997-09-21,Male,A+,peter.scott@email.example.com,(274) 567-2587,,(294) 745-1207,"{""line1"": ""7694 Poplar St"", ""apt"": """", ""city"": ""San Jose"", ""state"": ""CA"", ""zip"": ""95101"", ""timezone"": ""America/Phoenix"", ""country"": ""USA"", ""latitude"": 39.9781}",Married,Chef,Kelly Corp,Harvard Pilgrim,POL-706830,GRP-4198,87,2020-12-02,2024-12-07,175,62,20.2,Former Smoker,Occasional,"NSAIDs, Latex, Penicillin",,Cyclobenzaprine,"Rotator cuff repair, Hysterectomy","Alzheimer's, None, Asthma",Spanish,Hispanic or Latino,Active,13,ManualEntry
797,Emma,Wright,1975-01-19,Mle,A-,emma.wright@email.example.com,abc-def-ghij,Lauren Foster,(851) 855-3614,"{""line1"": ""7016 View Blvd"", ""apt"": "", Suite 37"", ""city"": ""Sacramento"", ""state"": ""CA"", ""zip"": ""94201"", ""neighborhood"": ""Waterfront""}",Single,Artist,Graham Corp,Geisinger,POL-337611,GRP-3513,161,2024-04-09,2026-04-10,165,85,31.2,Non-Smoker,None,NSAIDs,Fibromyalgia,"Cyclobenzaprine, Prednisone, Atorvastatin, Insulin glargine",None,Cancer,English,White,Inactive,28,ManualEntry
806,Christina,Crawford,1997-01-03,Female,O+,,(645) 398-6058,Luke Gomez,(423) 283-3378,"{""line1"": ""5596 Hamilton Ct"", ""apt"": "", # 46"", ""city"": ""New Orleans"", ""state"": ""LA"", ""zip"": ""70112"", ""landmark"": ""Near City Hall"", ""floor_number"": 5}",Single,Librarian,Baker Corp,Cigna,POL-318139,GRP-5710,152,2021-09-08,,157,57,23.1,Non-Smoker,None,None,"Coronary Artery Disease, Type 2 Diabetes","Apixaban, Sertraline, Bupropion",Coronary artery bypass grafting,"None, Heart Disease, Diabetes",Spanish,White,Inactive,12,ManualEntry
814,George,Marshall,2000-02-17,Male,O-,george.marshall@email.example.com,(682) 947-7320,Daniel Walker,(767) 258-6155,"{""line1"": ""9470 Birch St"", ""apt"": "", Suite 45"", ""city"": ""Fresno"", ""state"": ""CA"", ""zip"": ""93701""}",Divorced,Chef,Nguyen Corp,Blue Cross,POL-485442,GRP-1927,217,2018-09-03,2021-09-08,191,96,26.3,Non-Smoker,Heavy,"None, NSAIDs, Sulfa","Atrial Fibrillation, GERD","Hydrochlorothiazide, Warfarin, Omeprazole, Metoprolol",None,"Alzheimer's, Cancer, Stroke",English,Hispanic or Latino,Inactive,18,ManualEntry
822,Jacob,Adams,1992-12-23,Male,B+,jacob.adams@email.example.com,2125550199,Mason Cooper,(355) 638-6728,"{""line1"": ""9632 Fourth Ave"", ""apt"": """", ""city"": ""Tulsa"", ""state"": ""OK"", ""zip"": ""74101""}",Married,Musician,,MetLife,POL-614554,GRP-3193,438,2019-07-15,2021-03-27,186,97,28.0,Non-Smoker,None,"Pollen, Peanuts, NSAIDs","Congestive Heart Failure, Depression",Pantoprazole,Appendectomy,,English,White,Active,9,ManualEntry
823,Zoey,Crawford,1993-09-05,Female,O+,zoey.crawford@email.example.com,(508) 974-4089,Larry Bennett,(648) 340-2015,"{""line1"": ""9748 Main St"", ""apt"": """", ""city"": ""San Jose"", ""state"": ""CA"", ""zip"": ""95101"", ""county"": ""Harris"", ""latitude"": 39.9221, ""landmark"": ""Behind Metro Station"", ""country"": ""USA""}",Married,Architect,Rogers Corp,Blue Cross,POL-529829,GRP-6130,274,2020-03-14,2021-08-25,155,77,32.0,Non-Smoker,Heavy,"Peanuts, None, Codeine","Congestive Heart Failure, Eczema",None,None,None,Spanish,Other,Active,11,ManualEntry
824,Layla,Martinez,01/15/1987,Female,B-,layla.martinez@email.example.com,(558) 815-6493,Harold Ramirez,(258) 927-3616,"{""line1"": ""9068 Pine St"", ""apt"": """", ""city"": ""Nashville"", ""state"": ""TN"", ""zip"": ""37201""}",Married,Chef,Ramirez Corp,Molina Healthcare,POL-515572,GRP-3758,4,2024-02-22,2027-06-14,163,49,18.4,Non-Smoker,None,"None, NSAIDs, Pollen","Osteoporosis, Ulcerative Colitis, GERD, Migraine",!@#$%^&*(),"Carpal tunnel release, Hemorrhoidectomy",None,Spanish,Two or More Races,Active,1,ManualEntry
827,Aaron,Smith,1991-03-03,Male,A+,aaron.smith@email.example.com,(498) 256-4008,Kyle Nguyen,(633) 755-4561,"{""line1"": ""4203 Walnut Ave"", ""apt"": "", Apt 10"", ""city"": ""Fresno"", ""state"": ""CA"", ""zip"": ""93701"", ""latitude"": 43.8708, ""county"": ""Maricopa""}",Married,Social Worker,Reynolds Corp,Highmark,POL-243105,GRP-7417,421,2018-09-22,2022-02-02,180,98,30.2,Non-Smoker,None,"Shellfish, None, Latex",,"Metoprolol, Loratadine, Ibuprofen, Apixaban",None,"Heart Disease, Hypertension, Stroke",Spanish,White,Inactive,4,ManualEntry
,Jeffrey,SIMMONS,2000-04-26,Male,O+,jeffrey.simmons@email.example.com,(268) 748-9094,Karen Sullivan,(303) 952-1015,"{""line1"": ""5816 Fifth St"", ""apt"": """", ""city"": ""Tucson"", ""state"": ""AZ"", ""zip"": ""85701"", ""longitude"": -90.6549, ""timezone"": ""America/Chicago"", ""county"": ""Sacramento""}",,Project Manager,Flores Corp,MetLife,POL-422900,GRP-7048,263,01-01-2020,2023-01-17,168,74,26.2,Non-Smoker,Heavy,None,"Sleep Apnea, Migraine, Hypertension","Prednisone, Omeprazole, Tramadol",None,"Asthma, Alzheimer's",Vietnamese,White,Inactive,16,ManualEntry
833,Levi,Patterson,1995-04-18,Male,AB-,levi.patterson@email.example.com,(258) 914-3961,Jasper Jones,(398) 549-5931,"{""line1"": ""4410 College Ave"", ""apt"": """", ""city"": ""Tulsa"", ""state"": ""OK"", ""zip"": ""74101"", ""delivery_notes"": ""Ring bell""}",Single,Driver,,Highmark,POL-662769,GRP-5932,310,2018-08-18,,180,85,26.2,,Moderate,None,,"Omeprazole, Montelukast, Jardiance, Apixaban",Colectomy,"Hypertension, Cancer",English,White,Active,15,ManualEntry
835,Theodore,Webb,1954-11-05,Male,A+,theodore.webb@email.example.com,(773) 805-7847,Victoria Castillo,(395) 758-8921,"{""line1"": ""7754 Cherry Ln"", ""apt"": """", ""city"": ""Charlotte"", ""state"": ""NC"", ""zip"": ""28201"", ""longitude"": -98.2764, ""floor_number"": 46}",Married,Logistics Coordinator,Ramirez Corp,Geisinger,POL-759323,GRP-4808,308,2018-02-28,2019-03-31,180,103,31.8,Former Smoker,Occasional,"Dust, Penicillin, Pollen",Anxiety Disorder,Fluticasone,None,None,English,Black or African American,Active,1,ManualEntry
836,Mason,Harris,2005-04-17,Male,A-,mason.harris@email.example.com,(605) 512-7315,Jack Cook,(850) 223-3751,"{""line1"": ""4974 Fourth Ave"", ""apt"": "", Unit 16"", ""city"": ""Boston"", ""state"": ""MA"", ""zip"": ""02101"", ""latitude"": 25.869, ""delivery_notes"": ""Gate code: #1234"", ""landmark"": ""Adjacent to Library"", ""timezone"": ""America/Los_Angeles""}",Single,Scientist,Woods Corp,Molina Healthcare,POL-157275,GRP-4362,381,2025-06-01,2027-12-19,179,68,21.2,Former Smoker,Moderate,None,,None,Angioplasty with stent,"Diabetes, Alzheimer's",English,White,Active,11,ManualEntry
839,Kelly,Simpson,1955-02-03,Female,B+,kelly.simpson@email.example.com,(960) 233-9459,Amy Cruz,(619) 632-5859,"{""line1"": ""6659 Church St"", ""apt"": """", ""city"": ""Las Vegas"", ""state"": ""NV"", ""zip"": ""89101""}",Divorced,Pilot,Mendoza Corp,Anthem,POL-723409,GRP-3997,150,2025-01-23,,152,87,37.7,Non-Smoker,Occasional,"None, Sulfa","Osteoporosis, Chronic Kidney Disease",None,None,Asthma,Arabic,Hispanic or Latino,Active,5,ManualEntry
847,Emma,Woods,1996-09-15,Female,O+,emma.woods@email.example.com,(484) 368-6365,Lincoln Thompson,(851) 908-1427,"{""line1"": ""5074 Franklin Blvd"", ""apt"": "", Unit 24"", ""city"": ""Tampa"", ""state"": ""FL"", ""zip"": ""33601"", ""country"": ""USA""}",Single,,,Blue Cross Blue Shield,POL-754840,GRP-2939,300,2023-02-17,2025-02-15,170,87,30.1,Non-Smoker,None,"None, Codeine, Shellfish",", ","Jardiance, Albuterol",None,Diabetes,English,caucasian,Active,20,ManualEntry
861,Carolyn,Myers,1984-05-28,Female,O+,carolyn.myers@email.example.com,(906) 699-4100,James Smith,(499) 555-3834,"{""line1"": ""8000 Washington Ave"", ""apt"": "", Unit 7"", ""city"": ""Atlanta"", ""state"": ""GA"", ""zip"": ""30301"", ""timezone"": ""America/New_York""}",Married,Scientist,,Health Net,POL-136730,GRP-5479,178,2022-05-15,2025-03-06,155,71,29.6,Never Assessed,Heavy,"Dust, Penicillin",,Tramadol,None,"Stroke, Hypertension, Alzheimer's",English,White,Active,13,ManualEntry
868,Jeremy,Powell,1978-04-03,Male,O-,jeremy.powell@email.example.com,(779) 679-1408,Janet Scott,(212) 227-6392,"{""line1"": ""3703 Lincoln Blvd"", ""apt"": "", # 8"", ""city"": ""Virginia Beach"", ""state"": ""VA"", ""zip"": ""23450"", ""county"": ""Cook"", ""latitude"": 39.1094}",Single,Professor,Kim Corp,Independence Blue Cross,POL-667494,GRP-3764,147,2018-12-14,2019-01-07,173,heavy,32.7,Non-Smoker,None,None,,"Pantoprazole, Atorvastatin, Metoprolol, Insulin glargine",None,None,Tagalog,Hispanic or Latino,Active,19,ManualEntry
871,Debra,White,1964-02-24,Female,AB+,debra.white@email.example.com,(617) 234-5333,Virginia Cox,(518) 596-3070,"{""line1"": ""3539 Sixth Ave"", ""apt"": """", ""city"": ""Kansas City"", ""state"": ""MO"", ""zip"": ""64101"", ""timezone"": ""America/Denver"", ""county"": ""Harris""}",Single,Flight Attendant,Torres Corp,Geisinger,,GRP-7207,160,01-01-2020,2025-04-16,166,89,32.3,Former Smoker,None,"Latex, Penicillin","Type 2 Diabetes, Osteoarthritis",Loratadine,None,Stroke,English,White,Active,11,ManualEntry
873,Ryan,Patel,1989-11-21,Male,AB+,ryan.patel@email.example.com,12345,George Baker,John Smith,"{""line1"": ""7975 Beechwood Ave"", ""apt"": """", ""city"": ""New Orleans"", ""state"": ""LA"", ""zip"": ""70112"", ""street_type"": ""Blvd""}",Married,Project Manager,Butler Corp,Kaiser Permanente,POL-885578,GRP-2223,8,2018-09-30,,176,76,24.5,Non-Smoker,Moderate,None,Asthma,"Warfarin, Acetaminophen, Amlodipine, Levothyroxine",None,"None, Stroke",Mandarin,White,Active,1,ManualEntry
878,Bruce,Fisher,1980-12-10,Male,O+,bruce.fisher@email.example.com,(694) 953-6169,Avery Kim,(588) 778-6419,"{""line1"": ""754 Willow Dr"", ""apt"": "", # 10"", ""city"": ""Minneapolis"", ""state"": ""MN"", ""zip"": ""55401"", ""country"": ""USA""}",Single,Dental Hygienist,Ellis Corp,Aetna,POL-983312,GRP-5724,240,2021-08-29,2023-09-06,170,80,27.7,Never Assessed,Heavy,"None, NSAIDs, Sulfa","Anemia, Osteoporosis, Rheumatoid Arthritis, Depression","Aspirin, Pantoprazole, Apixaban, Jardiance",None,"None, Hypertension",English,White,Active,14,ManualEntry
888,Harold,Ellis,2005-03-21,Male,A+,harold.ellis@email.example.com,(501) 732-9411,Kevin James,(466) 908-4725,"{""line1"": ""8206 Lake Dr"", ""apt"": """", ""city"": ""Indianapolis"", ""state"": ""IN"", ""zip"": ""46201"", ""landmark"": ""Close to University"", ""county"": ""Miami-Dade"", ""country"": ""USA"", ""longitude"": -121.166}",Single,Police Officer,Bailey Corp,UnitedHealthcare,POL-267090,GRP-2878,143,2018-07-01,2021-01-23,185,69,20.2,never assessed,2 beers/week,Shellfish,"Depression, Osteoarthritis, COPD",None,None,Diabetes,English,White,Active,5,ManualEntry
892,Christopher,Moore,1982-07-07,Male,A+,christopher.moore@email.example.com,(415) 605-7720,Helen Patterson,(722) 250-8561,"{""line1"": ""4411 Ninth St"", ""apt"": """", ""city"": ""Chicago"", ""state"": ""IL"", ""zip"": ""60601"", ""neighborhood"": ""Midtown""}",Married,Nurse,Edwards Corp,Tufts Health Plan,POL-113023,GRP-7030,137,2018-09-19,2021-08-19,184,86,25.4,Never Assessed,None,"Penicillin, Latex, NSAIDs",,Apixaban,None,"None, Heart Disease, Cancer",English,White,Inactive,24,ManualEntry
893,Joe,Gonzalez,1984-08-16,Male,A+,joe.gonzalez@email.example.com,(520) 480-3361,Helen Flores,(756) 431-8200,"{""line1"": ""1160 Park Blvd"", ""apt"": """", ""city"": ""Phoenix"", ""state"": ""AZ"", ""zip"": ""85001""}",Divorced,Real Estate Agent,Cooper Corp,Tufts Health Plan,POL-883398,GRP-5494,158,2021-06-08,,168,110,39.0,Current Smoker,None,"Peanuts, Dust, NSAIDs",,"Sertraline, Levothyroxine, Fluticasone, Prednisone","Tonsillectomy, Appendectomy","Alzheimer's, Asthma",Arabic,White,Active,20,ManualEntry
909,Lincoln,Cruz,1987-02-07,Male,O+,lincoln.cruz@email.example.com,(414) 729-3492,Debra Gonzalez,(364) 637-5463,"{""line1"": ""4879 Sixth Ave"", ""apt"": """", ""city"": ""Denver"", ""state"": ""CO"", ""zip"": ""80201"", ""county"": ""Orange"", ""timezone"": ""America/New_York"", ""neighborhood"": ""Waterfront"", ""street_type"": ""Rd""}",Married,Veterinarian,,Tufts Health Plan,POL-651346,GRP-9553,320,2019-08-08,2022-10-22,177,83,26.5,never assessed,Occasional,Sulfa,"Hypertension, Migraine, Eczema",Cyclobenzaprine,Total hip replacement,,Spanish,Asian,Active,23,ManualEntry
910,Kevin,Kim,1980-07-13,Male,A+,kevin.kim@email.example.com,(349) 975-7513,Douglas Kelly,(295) 814-4454,"{""line1"": ""1917 Beechwood Ave"", ""apt"": """", ""city"": ""Las Vegas"", ""state"": ""NV"", ""zip"": ""89101"", ""longitude"": -107.3233, ""street_type"": ""Dr"", ""timezone"": ""America/Denver""}",Married,UnemPloyed,,Centene,POL-232709,GRP-6243,98,2020-08-24,2023-11-04,184,84,24.8,Non-Smoker,Occasional,None,"Coronary Artery Disease, Hypothyroidism, Anxiety Disorder",Metoprolol,None,None,French,Hispanic or Latino,Active,19,ManualEntry
912,Anna,Torres,1972-12-09,Female,O-,anna.torres@email.example.com,(587) 913-9185,Douglas Jordan,(532) 717-9712,"{""line1"": ""3550 Spring St"", ""apt"": """", ""city"": ""Miami"", ""state"": ""FL"", ""zip"": ""33101"", ""neighborhood"": ""Northside"", ""street_type"": ""Ave"", ""latitude"": 39.7509, ""longitude"": -119.6025}",Single,Teacher,Roberts Corp,Centene,POL-448661,GRP-7546,235,2021-02-08,2022-08-01,165,68,25.0,Non-Smoker,None,None,"Hyperlipidemia, Ulcerative Colitis, Depression","Bupropion, Fluticasone, Duloxetine, Sertraline",Hemorrhoidectomy,None,Tagalog,White,Active,2,ManualEntry
915,Thomas,Richardson,2005-04-12,Male,A+,thomas.richardson@email.example.com,(715) 441-8735,Victoria Freeman,(434) 747-1568,,Single,Insurance Agent,Ellis Corp,Harvard Pilgrim,POL-819541,GRP-3444,317,2022-12-15,2026-07-01,173,105,35.1,Non-Smoker,Former,"Penicillin, Dust, NSAIDs","Sleep Apnea, Congestive Heart Failure","Bupropion, Apixaban, Ozempic, Losartan","Cataract surgery, Carpal tunnel release","Cancer, Hypertension, Asthma",English,White,Active,30,ManualEntry
923,Rachel,Green,1962-06-15,Female,B+,rachel.green@email.example.com,(937) 920-4220,Kyle Bennett,(585) 504-8930,"{""line1"": ""2267 Hill St"", ""apt"": """", ""city"": ""San Jose"", ""state"": ""CA"", ""zip"": ""95101"", ""latitude"": 39.2916, ""street_type"": ""Ln""}",Married,Retail Associate,Brown Corp,Bright Health,POL-864368,GRP-4348,498,2023-07-10,2026-07-15,153,54,23.1,Non-Smoker,2 beers/week,,"Hyperlipidemia, Coronary Artery Disease, COPD, Rheumatoid Arthritis",Clopidogrel,None,"Hypertension, Arthritis, Asthma",Spanish,Two or More Races,Active,15,ManualEntry
924,Carol,Hernandez,1959-08-05,Female,AB-,carol.hernandez@email.example.com,(628) 372-2697,Laura Lopez,(713) 741-8402,"{""line1"": ""4589 Main St"", ""apt"": """", ""city"": ""Indianapolis"", ""state"": ""IN"", ""zip"": ""46201"", ""delivery_notes"": ""Gate code: #1234"", ""latitude"": 44.4705}",Divorced,Manager,Nelson Corp,Blue Cross Blue Shield,POL-989823,GRP-1036,60,2019-08-15,,171,71,24.3,never assessed,Occasional,"PENICILLIN, SULFA","Type 2 Diabetes, Ulcerative Colitis","Cyclobenzaprine, Meloxicam, Warfarin",Colectomy,"Alzheimer's, Asthma, Diabetes",Spanish,Other,Active,22,ManualEntry
927,Micah,Howard,1980-09-06,Male,o+,micah.howard@email.example.com,(760) 382-9270,Richard Bryant,John Smith,"{""line1"": ""6452 Broadway"", ""apt"": """", ""city"": ""Austin"", ""state"": ""TX"", ""zip"": ""73301"", ""longitude"": -95.1165, ""neighborhood"": ""Northside"", ""country"": ""USA"", ""county"": ""San Diego""}",Married,UnemPloyed,AAAAAAAAAAAAAAAAAAAAAAAAAAAAAAAAAAAAAAAAAAAAAAAAAAAAAAAAAAAAAAAAAAAAAAAAAAAAAAAAAAAAAAAAAAAAAAAAAAAAAAAAAAAAAAAAAAAAAAAAAAAAAAAAAAAAAAAAAAAAAAAAAAAAAAAAAAAAAAAAAAAAAAAAAAAAAAAAAAAAAAAAAAAAAAAAAAAAAAAA,Independence Blue Cross,POL-947949,GRP-1639,168,2024-10-21,,182,79,23.8,Current Smoker,Occasional,"NSAIDs, Pollen, Codeine",Sleep Apnea,"Prednisone, Losartan, Omeprazole, Insulin glargine",Hysterectomy,"Asthma, Arthritis, Cancer",English,Other,,21,ManualEntry
931,Edward,Richardson,2000-04-26,Male,O+,edward.richardson@email.example.com,(617) 364-8885,Susan Scott,(803) 214-6932,"{""line1"": ""7029 Lake Dr"", ""apt"": """", ""city"": ""Milwaukee"", ""state"": ""WI"", ""zip"": ""53201""}",Single,Nurse,Mendoza Corp,Molina Healthcare,POL-247299,G1234,147,2023-01-22,2023-08-05,167,0,26.2,Non-Smoker,Occasional,Codeine,Irritable Bowel Syndrome,None,None,"Alzheimer's, None",Vietnamese,Asian,Inactive,19,ManualEntry
933,Zoey,Myers,1998-07-04,Female,O-,zoey.myers@email.example.com,(426) 678-7739,Bruce Reyes,(937) 463-7057,"{""line1"": ""7348 Tenth Ave"", ""apt"": """", ""city"": ""Minneapolis"", ""state"": ""MN"", ""zip"": ""55401"", ""county"": ""Queens"", ""longitude"": -93.0913, ""country"": ""USA"", ""street_type"": ""Dr""}",Divorced,---,Miller Corp,Cigna,POL-ABC,GRP-3333,451,2024-11-05,2027-06-01,161,0,31.2,Former Smoker,Occasional,"Sulfa, Latex, Codeine",,"Levothyroxine, Tramadol",None,None,Tagalog,,Active,25,ManualEntry
947,Lauren,Griffin,1978-11-13,Female,A+,user@.com,(583) 332-4391,Jonathan Butler,(547) 517-7880,"{""line1"": ""2372 Sycamore Ave"", ""apt"": "", # 37"", ""city"": ""Las Vegas"", ""state"": ""NV"", ""zip"": ""89101"", ""country"": ""USA"", ""landmark"": ""Opposite Central Park""}",Divorced,Librarian,Taylor Corp,Health Net,POL-745515,GRP-7669,,2020-08-28,2024-04-29,166,95,34.5,Non-Smoker,Moderate,"Pollen, Dust, Sulfa",Fibromyalgia,,None,None,Spanish,White,Active,,ManualEntry
951,Kelly,Bryant,1989-03-30,Female,A-,kelly.bryant@email.example.com,(799) 435-9893,Lincoln Sullivan,(924) 411-2944,"{""line1"": ""1136 Beechwood Ave"", ""apt"": "", Suite 40"", ""city"": ""Indianapolis"", ""state"": ""IN"", ""zip"": ""46201"", ""longitude"": -81.4144}",Married,UnemPloyed,Morales Corp,,,,407,01-01-2020,2026-02-02,159,80,31.6,Never Assessed,Occasional,"Shellfish, Codeine, Dust","Ulcerative Colitis, Anemia",None,C-section,Asthma,Cantonese,Asian,Inactive,2,ManualEntry
956,Zoey,Campbell,2005-03-11,Female,O+,zoey.campbell@email.example.com,(578) 274-1672,Julie Cruz,(666) 492-2312,"{""line1"": ""6574 Highland Ave"", ""apt"": """", ""city"": ""Boston"", ""state"": ""MA"", ""zip"": ""02101"", ""longitude"": -82.5851}",married,Student,Alvarez Corp,Cigna HealthCare,POL-252761,GRP-4830,226,2020-07-07,2024-02-15,155,78,32.5,Former Smoker,Occasional,Penicillin,,"Albuterol, Ozempic",None,Heart Disease,English,Hispanic or Latino,Active,1,ManualEntry
971,Megan,Patel,2001-06-28,Female,A+,megan.patel@email.example.com,(245) 544-2016,Catherine Stevens,(985) 929-7141,"{""line1"": ""6811 River Rd"", ""apt"": "", Apt 35"", ""city"": ""Minneapolis"", ""state"": ""MN"", ""zip"": ""55401""}",Single,Pharmacist,Richardson Corp,Tufts Health Plan,POL-968177,GRP-4419,64,2021-05-21,2021-12-29,163,122,45.9,Never Assessed,None,"None, Codeine, Penicillin",,Montelukast,"Appendectomy 2018, Cholecystectomy 2020","Heart Disease, Hypertension, Arthritis",English,White,Active,21,ManualEntry
977,Nathan,Lopez,2099-06-15,Male,O-,nathan.lopez@email.example.com,(525) 208-3177,Kelly Ellis,(671) 708-6033,"{""line1"": ""8947 First St"", ""apt"": """", ""city"": ""Tulsa"", ""state"": ""OK"", ""zip"": ""74101"", ""neighborhood"": ""Waterfront"", ""county"": ""King"", ""latitude"": 39.8621}",Married,---,,Independence Blue Cross,POL-264008,GRP-1017,80,2023-11-18,2026-11-12,172,80,27.0,Non-Smoker,Occasional,None,Osteoarthritis,"Levothyroxine, Loratadine, Furosemide",,"Cancer, Stroke",ENGLISH,Hispanic or Latino,Active,25,ManualEntry
980,Ethan,Diaz,1984-11-17,Male,B+,ethan.diaz@email.example.com,(301) 730-7346,Madelyn Hicks,(504) 768-3197,"{""line1"": ""2169 Hill St"", ""apt"": """", ""city"": ""Seattle"", ""state"": ""WA"", ""zip"": ""98101"", ""timezone"": ""America/Phoenix"", ""country"": ""USA""}",Single,Artist,Wood Corp,Cigna,POL-ABC,GRP-9912,233,2024-06-28,2026-08-11,177,68,21.7,Never Assessed,Moderate,"Shellfish, Penicillin, Latex",,Ibuprofen,None,None,English,Two or More Races,Inactive,20,ManualEntry
982,virginia,Morgan,1956-02-28,Female,B+,virginia.morgan@email.example.com,(500) 972-2629,,(507) 747-4815,"{""line1"": ""3426 Spring St"", ""apt"": "", Apt 15"", ""city"": ""Columbus"", ""state"": ""OH"", ""zip"": ""43201"", ""longitude"": -107.5514, ""latitude"": 30.8325}",Divorced,Teacher,Scott Corp,MetLife,POL-956672,GRP-2366,86,2020-10-26,2022-08-06,168,81,28.7,,Heavy,"Pollen, Latex, NSAIDs",Coronary Artery Disease,"Apixaban, Insulin glargine",None,None,Cantonese,caucasian,Active,12,ManualEntry
989,Bruce,Sanchez,2002-04-02,Male,O-,bruce.sanchez@email.example.com,(949) 281-2666,Thomas Brown,(459) 502-1056,"{""line1"": ""5011 Adams Way"", ""apt"": """", ""city"": ""Charlotte"", ""state"": ""NC"", ""zip"": ""28201"", ""county"": ""Miami-Dade"", ""delivery_notes"": ""Call upon arrival"", ""latitude"": 39.2231}",Single,Chef,Cruz Corp,Cigna HealthCare,POL-873434,GRP-6493,277,2020-08-20,2024-03-30,167,56,20.1,Non-Smoker,Occasional,"Penicillin, NSAIDs","Anemia, Hypothyroidism, Anxiety Disorder","Gabapentin, Pantoprazole, Lisinopril","Spinal fusion, ACL reconstruction","Cancer, Heart Disease, Arthritis",English,White,Active,20,ManualEntry
997,Olivia,Ellis,1973-08-09,Female,O+,olivia.ellis@email.example.com,(353) 651-8477,Aria Gonzales,(614) 276-6431,"{""line1"": ""8035 River Rd"", ""apt"": "", Suite 3"", ""city"": ""Columbus"", ""state"": ""OH"", ""zip"": ""43201"", ""country"": ""USA"", ""neighborhood"": ""Suburbs"", ""longitude"": -92.6834}",Married,Retired,,Centene,POL-648116,GRP-5247,182,2019-01-10,2020-02-18,157,66,26.8,Current Smoker,None,"Pollen, Dust, Peanuts","Hypertension, GERD",Meloxicam,None,None,Cantonese,White,Active,7,ManualEntry
1008,Wesley,Webb,1995-01-06,Male,O+,wesley.webb@email.example.com,(977) 992-6696,Scarlett Chavez,(330) 953-8981,"{""line1"": ""8107 Cypress Dr"", ""apt"": """", ""city"": ""Chicago"", ""state"": ""IL"", ""zip"": ""60601"", ""neighborhood"": ""West Side"", ""timezone"": ""America/Denver""}",Single,Business Owner,AAAAAAAAAAAAAAAAAAAAAAAAAAAAAAAAAAAAAAAAAAAAAAAAAAAAAAAAAAAAAAAAAAAAAAAAAAAAAAAAAAAAAAAAAAAAAAAAAAAAAAAAAAAAAAAAAAAAAAAAAAAAAAAAAAAAAAAAAAAAAAAAAAAAAAAAAAAAAAAAAAAAAAAAAAAAAAAAAAAAAAAAAAAAAAAAAAAAAAAA,Cigna,POL-849623,GRP-5738,375,2020-08-19,2020-08-19,173,62,20.7,Non-Smoker,Moderate,"Shellfish, None, Latex","Asthma, Hypothyroidism, Type 2 Diabetes, Anemia","Lisinopril, Meloxicam, Ibuprofen, Losartan",Rotator cuff repair,"Heart Disease, Diabetes, Cancer",Spanish,White,Active,1,ManualEntry
1026,Virginia,Ellis,2004-10-01,Female,O+,virginia.ellis@email.example.com,(845) 905-3395,Jason Brooks,(509) 739-6197,"{""line1"": ""9965 Sycamore Ave"", ""apt"": "", Apt 38"", ""city"": ""Charlotte"", ""state"": ""NC"", ""zip"": ""28201"", ""county"": ""Sacramento"", ""longitude"": -74.6519}",Married,Psychologist,,Independence Blue Cross,POL-851856,GRP-8637,48,2023-03-14,2024-01-12,169,68,23.8,Non-Smoker,Occasional,"None, Latex, Peanuts","Hypothyroidism, Type 2 Diabetes, Depression","Tramadol, Loratadine",None,None,Tagalog,White,Active,23,ManualEntry
1028,Janet,Ward,2002-10-17,Female,O+,not-an-email,(504) 613-9163,Ella Cooper,(900) 675-9645,"{""line1"": ""977 River Rd"", ""apt"": """", ""city"": ""Portland"", ""state"": ""OR"", ""zip"": ""97201"", ""neighborhood"": ""Suburbs"", ""landmark"": ""Next to Mall"", ""county"": ""Queens"", ""latitude"": 25.0198}",Single,HR Specialist,Flores Corp,Aetna,POL-403284,GRP-5110,458,2024-11-18,2028-09-05,164,81,30.1,Non-Smoker,None,"Penicillin, Peanuts",,"Insulin glargine, Albuterol, Acetaminophen",None,"None, Cancer, Diabetes",Spanish,White,Active,25,ManualEntry
1045,Ellie,Webb,2004-11-26,Non-Binary,AB,ellie.webb@email.example.com,(350) 907-7759,Steven Nelson,(479) 278-6186,"{""line1"": ""6853 Hill St"", ""apt"": """", ""city"": ""Indianapolis"", ""state"": ""IN"", ""zip"": ""46201"", ""street_type"": ""Dr"", ""timezone"": ""America/Phoenix""}",Married,Nurse,,MetLife,POL-947417,GRP-6248,238,2024-06-05,2024-09-03,174,84,27.7,Non-Smoker,Occasional,Dust,Depression,None,None,None,English,Other,Active,15,ManualEntry
1058,Roman,Marshall,1978-05-12,Male,A+,roman.marshall@email.example.com,(350) 291-2748,Michael Gonzales,(335) 964-9696,"{""line1"": ""7035 River Rd"", ""apt"": """", ""city"": ""Cleveland"", ""state"": ""OH"", ""zip"": ""44101""}",Single,Social Worker,,Independence Blue Cross,POL-288353,GRP-6582,320,2021-10-23,2024-10-16,169,91,31.9,Former Smoker,Occasional,"Penicillin, NSAIDs","COPD, Eczema, Anxiety Disorder",None,Meniscectomy,"Asthma, Diabetes, Cancer",English,White,Active,23,ManualEntry
1068,Lawrence,Gomez,1958-04-12,Male,O+,lawrence.gomez@email.example.com,(940) 940-8678,Ella Howard,(397) 482-9424,"{""line1"": ""1072 Beechwood Ave"", ""apt"": "", Apt 18"", ""city"": ""Baltimore"", ""state"": ""MD"", ""zip"": ""21201"", ""floor_number"": 25, ""neighborhood"": ""Midtown"", ""street_type"": ""Ln"", ""longitude"": -92.7707}",Married,Chef,Davis Corp,Blue Cross Blue Shield,POL-474681,GRP-5360,271,2019-01-04,2021-04-06,179,52,16.2,Current Smoker,None,"Peanuts, Pollen, Penicillin","Chronic Fatigue, Fibromyalgia, Crohn's Disease","Metoprolol, Pantoprazole, Acetaminophen",None,"Diabetes, None, Cancer",English,White,Active,18,ManualEntry
1076,Diane,Hicks,2005-08-17,Female,A+,diane.hicks@email.example.com,(936) 384-6831,Aaron Williams,(468) 661-7081,"{""line1"": ""4849 Birch St"", ""apt"": """", ""city"": ""Tucson"", ""state"": ""AZ"", ""zip"": ""85701"", ""floor_number"": 34, ""county"": ""Cook"", ""timezone"": ""America/Chicago""}",Widowed,Flight Attendant,McDonald Corp,Highmark,POL-879074,GRP-2031,347,2024-12-20,,156,86,35.3,never assessed,Occasional,"Pollen, Codeine, Peanuts","Psoriasis, Chronic Kidney Disease",None,None,None,English,Human,Active,8,ManualEntry
1080,Gary,Gonzales,1971-04-09,Male,O+,gary.gonzales@email.example.com,(742) 919-7820,Amanda Morris,(523) 403-3672,"{""line1"": ""7459 Pleasant St"", ""apt"": "", Suite 40"", ""city"": ""Nashville"", ""state"": ""TN"", ""zip"": ""37201"", ""country"": ""USA"", ""county"": ""San Diego""}",Married,Pilot,Nguyen Corp,Molina Healthcare,POL-419364,GRP-6623,65,2021-02-20,2024-11-07,172,63,21.3,Former Smoker,Moderate,Codeine,,None,Thyroidectomy,"Hypertension, Alzheimer's, Cancer",Spanish,Black or African American,Active,20,ManualEntry
1096,Mateo,Adams,1994-05-24,F,A-,not-an-email,(648) 931-8189,Jacob Fisher,(596) 437-3945,"{""line1"": ""7296 Second Ave"", ""apt"": "", Unit 16"", ""city"": ""Charlotte"", ""state"": ""NC"", ""zip"": ""28201"", ""street_type"": ""Dr"", ""latitude"": 34.3577, ""country"": ""USA"", ""longitude"": -111.613}",Separated,Military,Jones Corp,Molina Healthcare,POL-540882,GRP-4225,387,2023-07-09,2024-08-14,171,59,20.2,Non-Smoker,2 beers/week,Dust,,"Celecoxib, Omeprazole, Pantoprazole, Metformin",Tonsillectomy,None,Korean,White,Active,17,ManualEntry
1104,Mark,Simmons,2001-05-14,Male,O+,mark.simmons@email.example.com,(975) 330-6178,Caleb Butler,(732) 216-5441,"{""line1"": ""7378 Jefferson Ave"", ""apt"": """", ""city"": ""Jacksonville"", ""state"": ""FL"", ""zip"": ""32201"", ""longitude"": -77.5236, ""neighborhood"": ""Uptown"", ""street_type"": ""Ln""}",Single,Lawyer,,CareFirst,POL-141484,GRP-9940,245,2025-02-10,2026-12-28,166,95,34.5,Non-Smoker,Moderate,None,,"Aspirin, Acetaminophen",None,None,Spanish,White,Inactive,12,ManualEntry
1133,Kathleen,Harris,1981-05-30,Female,O+,kathleen.harris@email.example.com,(852) 600-9003,Gregory Scott,(436) 895-7986,"{""line1"": ""4430 Fifth St"", ""apt"": "", # 49"", ""city"": ""Seattle"", ""state"": ""WA"", ""zip"": ""98101"", ""street_type"": ""Cir"", ""county"": ""San Diego"", ""neighborhood"": ""Waterfront"", ""delivery_notes"": ""Gate code: #1234""}",Single,Nurse,Rodriguez Corp,Kaiser Permanente,POL-270068,GRP-1280,164,2019-08-15,2020-06-16,169,69,24.2,Former Smoker,Former,"Shellfish, Pollen","Hypertension, Sleep Apnea","Duloxetine, Sertraline",Gastric bypass,None,Spanish,White,Active,1,ManualEntry
1147,Frank,Robinson,1961-11-06,Male,O+,frank.robinson@email.example.com,(407) 716-2583,Jerry Griffin,(464) 338-1851,"{""line1"": ""9377 Poplar St"", ""apt"": """", ""city"": ""Phoenix"", ""state"": ""AZ"", ""zip"": ""85001"", ""street_type"": ""Ln"", ""country"": ""USA"", ""latitude"": 33.5542}",Single,Psychologist,Lee Corp,Cigna HealthCare,POL-656230,G1234,380,2020-12-19,2022-11-10,171,87,29.8,Non-Smoker,None,None,,Bupropion,None,"Hypertension, Diabetes",English,Black or African American,Active,4,ManualEntry
1154,Randy,Nelson,1953-10-02,Male,O+,randy.nelson@email.example.com,(791) 715-8402,Ezra Reynolds,(741) 439-8237,"{""line1"": ""9876 Pine St"", ""apt"": """", ""city"": ""Charlotte"", ""state"": ""NC"", ""zip"": ""28201"", ""county"": ""Dallas""}",Divorced,Police Officer,Hill Corp,Cigna,POL-533014,GRP-5259,356,2018-09-02,,166,95,34.5,,Sometimes,"Sulfa, Shellfish, Penicillin","Eczema, GERD","Jardiance, Hydrochlorothiazide",None,Alzheimer's,Spanglish,White,Active,5,ManualEntry
1158,Albert,Turner,2001-10-02,Male,O+,albert.turner@email.example.com,(693) 460-2955,Helen Graham,(634) 226-6076,"{""line1"": ""9315 Eighth Ave"", ""apt"": """", ""city"": ""Colorado Springs"", ""state"": ""CO"", ""zip"": ""80901"", ""county"": ""San Diego"", ""country"": ""USA"", ""latitude"": 29.2114, ""longitude"": -110.3021}",Married,Scientist,Crawford Corp,Cigna,POL-169712,GRP-2680,299,2023-03-18,2025-09-19,182,60,18.1,Never Assessed,None,"Pollen, Latex, Peanuts",Asthma,Eliquis,"Hemorrhoidectomy, Colectomy",None,English,White,Active,1,ManualEntry
1161,Joe,Jones,1978-06-01,Male,O-,joe.jones@email.example.com,(989) 762-8123,Terry Thomas,(615) 372-6133,"{""line1"": ""4288 Forest Ave"", ""apt"": "", Apt 42"", ""city"": ""New Orleans"", ""state"": ""LA"", ""zip"": ""70112"", ""timezone"": ""America/Phoenix"", ""county"": ""Sacramento"", ""latitude"": 40.0797}",Married,Writer,Walker Corp,Blue Cross,POL-207483,GRP-7981,36,2024-05-28,2028-05-04,174,80,26.4,Non-Smoker,Occasional,"Peanuts, Pollen, Shellfish",,Fluticasone,"Gastric bypass, Cataract surgery",Asthma,English,Black or African American,Active,23,ManualEntry
1164,Savannah,Simmons,1992-02-03,Female,A+,savannah.simmons@email.example.com,(640) 530-3574,Kyle Taylor,(391) 655-8470,"{""line1"": ""3685 Hill St"", ""apt"": """", ""city"": ""Philadelphia"", ""state"": ""PA"", ""zip"": ""19101"", ""delivery_notes"": ""Gate code: #1234"", ""neighborhood"": ""Uptown""}",Single,Consultant,Sanchez Corp,Centene,POL-735296,GRP-3197,379,2019-12-20,2023-11-25,165,103,37.8,Former Smoker,None,"Pollen, NSAIDs, Penicillin","Chronic Kidney Disease, Type 2 Diabetes, Atrial Fibrillation, Osteoporosis","Levothyroxine, Montelukast",Coronary artery bypass grafting,Cancer,English,Black or African American,Active,19,ManualEntry
1166,Michael,Baker,1995-12-27,Male,O-,michael.baker@email.example.com,(525) 935-5888,Betty Ramirez,(240) 718-7429,"{""line1"": ""5259 Church St"", ""apt"": """", ""city"": ""Seattle"", ""state"": ""WA"", ""zip"": ""98101""}",Married ,Insurance Agent,Owens Corp,Tufts Health Plan,POL-632624,GRP-3503,191,2021-03-12,2024-05-03,188,79,-5,Current Smoker,Moderate,"NSAIDs, None, Sulfa",Osteoarthritis,None,Tonsillectomy,None,English,,Inactive,25,ManualEntry
1167,Elizabeth,Harrison,1982-10-08,Female,A+,elizabeth.harrison@email.example.com,(226) 582-8432,John Adams,,"{""line1"": ""266 Pine St"", ""apt"": "", Apt 15"", ""city"": ""Houston"", ""state"": ""TX"", ""zip"": ""77001""}",Single,Dental Hygienist,Foster Corp,Bright Health,POL-851541,GRP-6915,137,2021-07-19,2023-05-13,156,105,43.1,Current Smoker,None,"Dust, None, Peanuts",,Lisinopril,"Thyroidectomy, Colectomy",None,English,White,Active,24,ManualEntry
1169,Kelly,Robinson,2003-05-24,Mle,O+,user@.com,(586) 286-8979,Andrea Harrison,(607) 371-2361,"{""line1"": ""663 Fifth St"", ""apt"": """", ""city"": ""Chicago"", ""state"": ""IL"", ""zip"": ""60601""}",Single,Firefighter,Lee Corp,Kaiser Permanente,POL-834901,GRP-7048,146,2024-03-07,2024-05-03,161,76,29.3,Non-Smoker,Occasional,None,,Albuterol,None,"Alzheimer's, Stroke",English,Hispanic or Latino,Inactive,13,ManualEntry
1183,George,Powell,2001-12-09,Male,AB+,george.powell@email.example.com,(721) 775-3429,Margaret Harris,(385) 568-3564,"{""line1"": ""9227 Washington Ave"", ""apt"": "", Suite 15"", ""city"": ""San Jose"", ""state"": ""CA"", ""zip"": ""95101"", ""street_type"": ""Dr"", ""country"": ""USA""}",Married,Chef,,Centene,POL-435367,GRP-7155,298,2020-01-16,,169,64,22.4,Smoker,None,None,,"Metoprolol, Sertraline, Fluticasone, Omeprazole","Laminectomy, Mastectomy, Colectomy",None,English,White,,25,ManualEntry
1191,Dorothy,Harrison,1957-03-30,Female,O+,dorothy.harrison@email.example.com,(291) 215-3032,Emily Chavez,000-000-0000,"{""line1"": ""7598 Oak Ave"", ""apt"": "", Suite 38"", ""city"": ""Minneapolis"", ""state"": ""MN"", ""zip"": ""55401"", ""latitude"": 31.7377, ""street_type"": ""Ct""}",Divorced,Chef,Reyes Corp,Anthem,POL-889138,GRP-9581,329,2018-06-18,2021-10-24,156,51,21.0,Non-Smoker,Occasional,None,"Coronary Artery Disease, Hypertension",Eliquis,None,"Hypertension, Arthritis",English,White,Inactive,2,ManualEntry
1198,anthony,Stevens,1958-12-20,Male,O-,anthony.stevens@email.example.com,(755) 388-1409,Virginia Reyes,(485) 562-5266,"{""line1"": ""3175 Sycamore Ave"", ""apt"": "", # 23"", ""city"": ""Albuquerque"", ""state"": ""NM"", ""zip"": ""87101"", ""street_type"": ""Way"", ""longitude"": -89.4011}",Divorced,Flight Attendant,Nelson Corp,Health Net,POL-258837,GRP-8316,304,2024-08-11,2027-04-25,161,68,26.2,Former Smoker,Moderate,"None, Penicillin, Shellfish","Type 2 Diabetes, Atrial Fibrillation, Ulcerative Colitis",Pantoprazole,None,Diabetes,English,White,Active,12,ManualEntry
,Michael,Cruz,1991-04-19,Male,AB+,michael.cruz@email.example.com,(347) 440-1195,Christina Hicks,John Smith,"{""line1"": ""9836 Willow Dr"", ""apt"": """", ""city"": ""Long Beach"", ""state"": ""CA"", ""zip"": ""90801"", ""floor_number"": 28, ""timezone"": ""America/Los_Angeles"", ""latitude"": 42.8587}",Married,Chef,,Kaiser Permanente,POL-609015,GRP-6941,126,2023-04-16,2024-02-10,183,119,35.5,Current Smoker,Occasional,"Dust, Latex, Pollen",", ","Furosemide, Eliquis, Losartan","Colectomy, Hysterectomy",None,Cantonese,White,Active,13,ManualEntry
1205,Ashley,Long,1956-04-26,Female,A-,ashley.long1@email.example.com,(334) 878-9828,Ella Long,(709) 975-6318,"{""line1"": ""7671 College Ave"", ""apt"": "", Apt 24"", ""city"": ""San Diego"", ""state"": ""CA"", ""zip"": ""92101"", ""timezone"": ""America/Los_Angeles"", ""neighborhood"": ""West Side"", ""street_type"": ""Pl"", ""delivery_notes"": ""Deliver to reception""}",Married,Social Worker,Turner Corp,CareFirst,POL-803278,GRP-3037,468,2025-09-16,2028-12-17,164,64,23.8,Non-Smoker,Occasional,"Penicillin, Shellfish, Sulfa",,"Montelukast, Hydrochlorothiazide, Meloxicam, Warfarin",None,"Alzheimer's, Hypertension, Heart Disease",English,Hispanic or Latino,Active,1,ManualEntry
1211,Sharon,Robinson,1961-05-23,Female,B+,sharon.robinson@email.example.com,(882) 632-3619,Donna Walker,(283) 418-3221,"{""line1"": ""1398 Broadway"", ""apt"": "", # 19"", ""city"": ""Colorado Springs"", ""state"": ""CO"", ""zip"": ""80901""}",Married,Engineer,Simmons Corp,Humana,POL-438960,GRP-1453,39,2024-11-02,,170,80,27.7,Non-Smoker,Heavy,Sulfa,"GERD, Depression, Atrial Fibrillation",,None,"Diabetes, Cancer",English,Hispanic or Latino,Active,17,ManualEntry
1212,Julie,Reynolds,1980-11-17,Female,A+,julie.reynolds@email.example.com,(287) 643-1896,Thomas Patel,(779) 800-7347,"{""line1"": ""Unknown"", ""city"": ""Unknown"", ""state"": ""NA"", ""zip"": ""00000""}",Separated,Scientist,Owens Corp,Molina Healthcare,POL-871000,GRP-5064,461,2018-07-11,2021-07-18,172,71,24.0,Never Assessed,Occasional,Latex,Ulcerative Colitis,Acetaminophen,None,None,English,Two or More Races,Inactive,8,ManualEntry
1216,Karen,Myers,2002-01-18,Female,A+,not-an-email,(326) 537-8227,Lauren Ross,(785) 402-1679,"{""line1"": ""4661 Main St"", ""apt"": """", ""city"": ""Long Beach"", ""state"": ""CA"", ""zip"": ""90801"", ""latitude"": 43.7134}",Divorced,Pilot,Lopez Corp,Geisinger,POL-389634,GRP-4115,60,2023-11-01,2024-08-21,175,87,28.4,Non-Smoker,None,"Penicillin, NSAIDs, None",Osteoarthritis,None,None,"Alzheimer's, Arthritis",,White,Active,22,ManualEntry
1223,Julie,Ramos,1800-01-01,Female,O-,julie.ramos@email.example.com,(475) 783-7794,Scott Patterson,(965) 350-4966,"{""line1"": ""762 Beechwood Ave"", ""apt"": """", ""city"": ""Cleveland"", ""state"": ""OH"", ""zip"": ""44101""}",Widowed,HR Specialist,Marshall Corp,Cigna HealthCare,POL-703057,,102,2025-01-21,2028-06-25,162,83,31.6,Current Smoker,Former,"Peanuts, Codeine, Pollen",GERD,"Fluticasone, Prednisone, Ozempic, Acetaminophen",Appendectomy,"Hypertension, Alzheimer's",English,White,Active,21,ManualEntry
1224,Adam,Patel,2002-08-28,Male,A+,adam.patel@email.example.com,(869) 320-5052,Jasper Cooper,(461) 520-5669,"{""line1"": ""4343 Lincoln Blvd"", ""apt"": """", ""city"": ""Los Angeles"", ""state"": ""CA"", ""zip"": ""90001"", ""neighborhood"": ""West Side"", ""timezone"": ""America/New_York""}",Single,Logistics Coordinator,Wright Corp,Cigna,POL-385035,GRP-2452,152,2022-10-28,2024-05-03,178,84,26.5,Former Smoker,Sometimes,"Shellfish, Latex, Penicillin",,Metoprolol,None,Heart Disease,French,Hispanic or Latino,Active,12,ManualEntry
1225,Joyce,Evans,2005-06-07,Female,A+,joyce.evans@email.example.com,(825) 743-2944,Luna Butler,(263) 278-3607,"{""line1"": ""1564 Pleasant St"", ""apt"": "", Suite 14"", ""city"": ""Sacramento"", ""state"": ""CA"", ""zip"": ""94201"", ""neighborhood"": ""Uptown"", ""country"": ""USA"", ""delivery_notes"": ""Leave at door""}",Single,Plumber,Jackson Corp,UnitedHealthcare,POL-272690,GRP-4170,122,2020-04-04,2023-11-07,164,82,30.5,Non-Smoker,None,NSAIDs,"Eczema, Congestive Heart Failure, Ulcerative Colitis, Type 2 Diabetes",None,Total knee replacement,Arthritis,Cantonese,White,Active,6,ManualEntry
1227,Sandra,Ruiz,1955-10-24,Female,O+,sandra.ruiz@email.example.com,(803) 814-8624,Timothy King,(393) 647-6299,"{""line1"": ""4291 Forest Ave"", ""apt"": "", Unit 42"", ""city"": ""Memphis"", ""state"": ""TN"", ""zip"": ""38101"", ""timezone"": ""America/Chicago"", ""longitude"": -113.7419, ""country"": ""USA""}",Widowed,Software Developer,Sanchez Corp,Atena,POL-383002,GRP-8766,326,2023-05-18,2026-06-25,173,53,17.7,Current Smoker,None,Dust,"Chronic Fatigue, Osteoarthritis, Ulcerative Colitis, Migraine","Clopidogrel, Fluticasone, Duloxetine, Albuterol",None,Diabetes,English,White,Active,16,ManualEntry
1235,Ezra,Adams,2005-12-20,Male,O+,ezra.adams@email.example.com,(443) 921-9414,Brenda Kelly,(322) 418-3097,"{""line1"": ""8518 Willow Dr"", ""apt"": "", # 6"", ""city"": ""Minneapolis"", ""state"": ""MN"", ""zip"": ""55401"", ""country"": ""USA""}",Separated,Software Developer,Rodriguez Corp,Geisinger,POL-687807,GRP-6385,390,2019-06-22,2022-04-02,155,68,28.3,Never Assessed,Occasional,None,"Migraine, Osteoporosis","Omeprazole, Tramadol",Meniscectomy,None,English,White,Active,8,ManualEntry
1240,Ella,Clark,2004-10-08,Female,O+,ella.clark@email.example.com,(420) 567-9761,Samantha Chavez,,"{""line1"": ""3866 Center St"", ""apt"": """", ""city"": ""Seattle"", ""state"": ""WA"", ""zip"": ""98101"", ""neighborhood"": ""Waterfront"", ""floor_number"": 32, ""street_type"": ""St"", ""county"": ""Cook""}",Widowed,Physical Therapist,,Blue Cross,POL-908425,GRP-5219,133,2022-04-18,2022-06-13,170,76,26.3,Non-Smoker,Occasional,None,"Eczema, Type 2 Diabetes","Furosemide, Acetaminophen, Warfarin",None,Diabetes,English,Human,Active,1,ManualEntry
1249,Olivia,Ramirez,1958-11-30,Female,B-,olivia.ramirez@email.example.com,(970) 890-1771,Aurora Campbell,(852) 414-9695,"{""line1"": ""739 Jefferson Ave"", ""apt"": """", ""city"": ""San Diego"", ""state"": ""CA"", ""zip"": ""92101"", ""delivery_notes"": ""Call upon arrival"", ""neighborhood"": ""West Side"", ""timezone"": ""America/Los_Angeles"", ""country"": ""USA""}",Single,Lawyer,,MetLife,POL-374001,GRP-6593,462,2024-10-01,2026-05-20,163,86,32.4,Current Smoker,Moderate,None,"Irritable Bowel Syndrome, Psoriasis, Chronic Kidney Disease","Pantoprazole, Metoprolol, Sertraline, Lisinopril",None,None,English,White,Active,20,ManualEntry
1250,Michelle,Reyes,1990-09-27,Female,O+,michelle.reyes@email.example.com,(987) 664-7330,,(992) 711-9975,"{""line1"": ""3263 Forest Ave"", ""apt"": """", ""city"": ""Columbus"", ""state"": ""OH"", ""zip"": ""43201"", ""country"": ""USA"", ""neighborhood"": ""Midtown""}",Widowed,Sales Representative,Scott Corp,Bright Health,POL-276743,GRP-7335,446,2019-08-24,2021-06-30,161,84,32.4,Smoker,Occasional,None,"Type 2 Diabetes, Eczema",None,None,"Alzheimer's, Heart Disease",Spanish,Two or More Races,Active,16,ManualEntry
1264,Evelyn,Hall,2002-01-30,,A-,evelyn.hall@email.example.com,(816) 600-5404,Madelyn Gomez,(590) 473-1270,"{""line1"": ""Unknown"", ""city"": ""Unknown"", ""state"": ""NA"", ""zip"": ""00000"", ""timezone"": ""America/Phoenix"", ""country"": ""USA""}",Single,Architect,Simpson Corp,Molina Healthcare,POL-978176,GRP-9605,369,2025-04-27,2025-12-09,170,63,21.8,Current Smoker,None,"Penicillin, Latex, Peanuts",Chronic Fatigue,"Eliquis, Insulin glargine, Fluticasone",None,Cancer,English,White,Active,19,ManualEntry
1265,Harold,Jenkins,not available,Male,O+,harold.jenkins@email.example.com,(425) 838-6513,Harrison Marshall,(786) 616-1264,"{""line1"": ""5920 Maple Dr"", ""apt"": """", ""city"": ""Portland"", ""state"": ""OR"", ""zip"": ""97201"", ""longitude"": -73.5796, ""county"": ""King""}",Widowed,Retail Associate,,Harvard Pilgrim,POL-191668,GRP-8906,462,2025-01-30,2025-12-24,172,73,24.7,never assessed,Occasional,"Penicillin, Sulfa, Latex","Anemia, Chronic Kidney Disease",None,Meniscectomy,"Hypertension, Cancer",English,White,Active,20,ManualEntry
1266,Jason,Turner,1993-05-01,Male,A+,jason.turner@email.example.com,(876) 281-2136,Douglas Lee,(488) 944-3108,"{""line1"": ""4401 Fifth St"", ""apt"": """", ""city"": ""Boston"", ""state"": ""MA"", ""zip"": ""02101"", ""neighborhood"": ""West Side"", ""longitude"": -118.9037, ""street_type"": ""Way""}",Divorced,Lawyer,Robinson Corp,Cigna,POL-249576,GRP-2794,371,2022-02-27,,167,87,31.2,Current Smoker,Occasional,Null,Type 2 Diabetes,None,"Carpal tunnel release, Total knee replacement","Asthma, Cancer",English,White,Inactive,7,ManualEntry
1269,Camila,Turner,1980-06-22,Female,A+,camila.turner@email.example.com,(921) 414-6644,Jerry Patterson,(389) 675-7429,"{""line1"": ""3433 Fourth Ave"", ""apt"": """", ""city"": ""San Francisco"", ""state"": ""CA"", ""zip"": ""94101"", ""longitude"": -89.0956, ""floor_number"": 3}",Single,Police Officer,Fisher Corp,Health Net,POL-693165,GRP-6393,166,01-01-2020,2023-06-15,161,83,32.0,Non-Smoker,Occasional,"None, NSAIDs, Penicillin","Hypothyroidism, Crohn's Disease, Asthma, Hyperlipidemia","Duloxetine, Pantoprazole, Metformin",None,"Cancer, None",French,,Active,18,ManualEntry
1287,Amy,Lopez,1963-07-05,Female,A-,amy.lopez@email.example.com,(306) 939-6041,Amy Martin,(997) 201-8476,"{""line1"": ""123 Main St"", ""landmark"": ""Next to Mall"", ""longitude"": -81.7455, ""neighborhood"": ""Uptown""}",Married,Chef,,UnitedHealthcare,POL-940325,GRP-8436,325,2025-03-14,2025-04-22,156,65,26.7,Non-Smoker,Sometimes,"Latex, Penicillin",,"Pantoprazole, Prednisone, Hydrochlorothiazide, Ibuprofen",None,None,English,White,,12,ManualEntry
1291,Luke,Phillips,1986-07-31,Male,AB+,luke.phillips@email.example.com,(639) 883-3246,Larry Williams,(384) 884-1318,"{""line1"": ""9080 River Rd"", ""apt"": "", Unit 34"", ""city"": ""Baltimore"", ""state"": ""MD"", ""zip"": ""21201"", ""street_type"": ""Blvd"", ""country"": ""USA"", ""landmark"": ""Behind Metro Station"", ""timezone"": ""America/Los_Angeles"", ""county"": ""Sacramento""}",Single,Student,Stewart Corp,MetLife,POL-445651,GRP-9421,153,2022-09-02,2025-08-22,184,92,27.2,Never Assessed,None,"Peanuts, Shellfish, Dust","Migraine, Chronic Fatigue, Psoriasis, Chronic Kidney Disease",None,Appendectomy,"Hypertension, Arthritis, Cancer",English,Hispanic or Latino,Active,13,ManualEntry
1293,Ethan,Griffin,01/15/1987,Male,A+,ethan.griffin@email.example.com,(540) 511-6616,Tyler Roberts,(490) 956-9014,"{""line1"": ""5803 Monroe Dr"", ""apt"": "", Apt 25"", ""city"": ""Dallas"", ""state"": ""TX"", ""zip"": ""75201""}",Separated,,Howard Corp,Cigna HealthCare,POL-738985,GRP-8241,281,2022-12-08,,176,44,14.2,Non-Smoker,Occasional,None,"Chronic Fatigue, Anemia, Osteoarthritis","Metoprolol, Bupropion","Hysterectomy, C-section",Arthritis,Mandarin,Hispanic or Latino,Active,12,ManualEntry
1294,Stella,Moore,1953-07-28,Female,B-,stella.moore@email.example.com,(811) 869-2481,Michael Flores,(750) 635-1596,"{""line1"": ""9672 Poplar St"", ""apt"": "", Unit 39"", ""city"": ""Tulsa"", ""state"": ""OK"", ""zip"": ""74101"", ""neighborhood"": ""Southside"", ""county"": ""King""}",Married,Sales Representative,Webb Corp,MetLife,POL-586379,GRP-3812,211,2018-03-22,2018-06-04,166,64,23.2,Former Smoker,2 beers/week,"PENICILLIN, SULFA","Depression, Psoriasis, Atrial Fibrillation, Crohn's Disease","Eliquis, Cetirizine, Lisinopril, Ibuprofen",None,"None, Stroke, Alzheimer's",Spanglish,Asian,Active,21,ManualEntry
1300,Lisa,Hunter,1974-12-05,Female,O+,lisa.hunter@email.example.com,(878) 436-9525,Daniel Butler,(617) 451-4607,"{""line1"": ""3566 Lake Dr"", ""apt"": """", ""city"": ""New Orleans"", ""state"": ""LA"", ""zip"": ""70112""}",Single,Chef,Garcia Corp,Blue Cross,POL-217933,GRP-6639,54,2020-03-11,2022-08-23,153,78,33.3,Former Smoker,Moderate,"None, Latex, Penicillin","Depression, Type 2 Diabetes, Atrial Fibrillation, Coronary Artery Disease","Loratadine, Metoprolol","ACL reconstruction, Meniscectomy, Sleeve gastrectomy","Alzheimer's, Arthritis",Russian,Hispanic or Latino,Active,23,ManualEntry
1303,Douglas,Bryant,1971-05-25,Male,O-,douglas.bryant@email.example.com,(329) 261-2123,Ella Carter,(747) 859-2567,"{""line1"": ""2818 College Ave"", ""apt"": """", ""city"": ""San Diego"", ""state"": ""CA"", ""zip"": ""92101"", ""country"": ""USA"", ""county"": ""Dallas"", ""neighborhood"": ""Uptown"", ""latitude"": 41.2844, ""longitude"": -106.1353}",Married,Teacher,AAAAAAAAAAAAAAAAAAAAAAAAAAAAAAAAAAAAAAAAAAAAAAAAAAAAAAAAAAAAAAAAAAAAAAAAAAAAAAAAAAAAAAAAAAAAAAAAAAAAAAAAAAAAAAAAAAAAAAAAAAAAAAAAAAAAAAAAAAAAAAAAAAAAAAAAAAAAAAAAAAAAAAAAAAAAAAAAAAAAAAAAAAAAAAAAAAAAAAAA,Molina Healthcare,POL-115486,GRP-4582,243,2024-10-02,2027-01-16,170,74,25.6,Non-Smoker,Occasional,"None, Dust, Shellfish",Crohn's Disease,"Jardiance, Warfarin",None,"Arthritis, Diabetes, Heart Disease",French,Black or African American,Active,25,ManualEntry
1309,Laura,Evans,2005-10-10,Female,O-,laura.evans@email.example.com,(668) 523-5223,Bobby Carter,(732) 977-2398,"{""line1"": ""1866 Main St"", ""apt"": "", Apt 42"", ""city"": ""Atlanta"", ""state"": ""GA"", ""zip"": ""30301"", ""street_type"": ""Blvd"", ""timezone"": ""America/Los_Angeles"", ""latitude"": 34.2224}",Married,Retail Associate,N/A,Cigna,POL-879125,GRP-5283,205,2023-04-24,2025-03-02,170,84,normal,Non-Smoker,Moderate,"Pollen, Latex",Chronic Fatigue,None,None,"Alzheimer's, Asthma, Arthritis",English,White,Active,9,ManualEntry
1327,Nicole,Long,2003-03-24,Female,A+,nicole.long1@email.example.com,(314) 912-2522,Mateo Morris,(338) 464-6052,"{""line1"": ""7608 Seventh St"", ""apt"": """", ""city"": ""Houston"", ""state"": ""TX"", ""zip"": ""77001"", ""timezone"": ""America/Los_Angeles"", ""street_type"": ""Way""}",Single,Engineer,Phillips Corp,Humana,POL-609776,GRP-5694,423,2018-10-23,2022-05-11,,122,42.2,Non-Smoker,None,Sulfa,,None,Thyroidectomy,Cancer,Vietnamese,Black or African American,Active,13,ManualEntry
1341,Walter,Diaz,2000-10-22,Male,O+,walter.diaz1@email.example.com,(891) 725-6696,John Hughes,(594) 819-5918,"{""line1"": ""9135 Aspen Ct"", ""apt"": """", ""city"": ""Memphis"", ""state"": ""TN"", ""zip"": ""38101""}",Single,Business Owner,Ruiz Corp,Harvard Pilgrim,POL-582830,GRP-7260,339,2025-12-22,2027-02-22,174,74,24.4,Former Smoker,None,"Peanuts, Dust",,"Clopidogrel, Hydrochlorothiazide, Celecoxib",Tonsillectomy,"None, Heart Disease, Arthritis",Spanish,Asian,,9,ManualEntry
,Jason,Garcia,1989-07-29,Mle,O+,jason.garcia@email.example.com,(441) 303-6800,Kenneth Rivera,(393) 711-2740,"{""line1"": ""7187 Tenth Ave"", ""apt"": "", Suite 43"", ""city"": ""Denver"", ""state"": ""CO"", ""zip"": ""80201"", ""latitude"": 30.0859, ""longitude"": -102.0224}",Married,Project Manager,Gonzalez Corp,Humana,POL-225630,GRP-9639,467,01-01-2020,2026-03-19,182,68,20.5,Never Assessed,None,"None, NSAIDs, Codeine",,"Metoprolol, Jardiance, Lisinopril, Hydrochlorothiazide",None,"Heart Disease, Diabetes",Spanish,Asian,Inactive,11,ManualEntry
1349,,Long,1984-12-26,Male,O+,miles.long@email.example.com,(215) 604-1557,Katherine Patterson,(337) 844-7379,"{""line1"": ""4636 Church St"", ""apt"": "", Suite 44"", ""city"": ""Charlotte"", ""state"": ""NC"", ""zip"": ""28201""}",Single,Police Officer,Bennett Corp,Blue Cross Blue Shield,POL-752781,,158,2019-06-06,2022-04-03,177,69,22.0,Non-Smoker,Occasional,"NSAIDs, Latex, Codeine",Psoriasis,None,Total knee replacement,"Diabetes, Asthma",,Two or More Races,Active,20,ManualEntry
1369,Emma,Cooper,1982-12-15,Female,A+,emma.cooper@email.example.com,(706) 910-2146,,(219) 445-6013,"{""line1"": ""6294 Park Blvd"", ""apt"": """", ""city"": ""Houston"", ""state"": ""TX"", ""zip"": ""77001""}",Single,Scientist,,Independence Blue Cross,POL-696819,GRP-2200,230,2018-06-06,2020-02-29,166,101,36.7,Non-Smoker,None,"Shellfish, Codeine, Pollen","Coronary Artery Disease, Hypertension, Hypothyroidism, GERD","Hydrochlorothiazide, Insulin glargine",Carpal tunnel release,"Diabetes, Asthma, Cancer",English,Black or African American,Active,8,ManualEntry
1371,Elizabeth,Chavez,1971-03-24,Female,O+,elizabeth.chavez@email.example.com,(617) 879-6663,Oliver Gonzales,(620) 805-8520,"{""line1"": ""5211 River Rd"", ""apt"": """", ""city"": ""Raleigh"", ""state"": ""NC"", ""zip"": ""27601""}",Single,Pharmacist,Hughes Corp,CareFirst,POL-941060,GRP-8688,50,2022-12-09,2024-07-03,166,,14.5,Former Smoker,Occasional,"Codeine, Pollen, Shellfish","Irritable Bowel Syndrome, Hyperlipidemia",Tramadol,None,"Asthma, Hypertension, Diabetes",Spanglish,,Inactive,21,ManualEntry
1373,Emma,Perry,1998-05-07,Non-Binary,O+,emma.perry@email.example.com,(690) 511-3524,Kimberly Peterson,(412) 597-3350,"{""line1"": ""5155 Cedar Ln"", ""apt"": """", ""city"": ""Miami"", ""state"": ""FL"", ""zip"": ""33101""}",Divorced,Construction Worker,Murphy Corp,Blue Cross Blue Shield,POL-691175,G1234,398,2024-04-20,2024-04-20,169,64,22.4,Non-Smoker,Occasional,"Shellfish, Pollen","Osteoporosis, Hypertension",None,Coronary artery bypass grafting,"DM, HTN, CAD",English,Asian,Active,23,ManualEntry
1377,Raymond,Anderson,1986-06-10,Male,AB+,raymond.anderson@email.example.com,(589) 585-1687,999-999-9999,(597) 388-3198,"{""line1"": ""794 Spring St"", ""apt"": "", Apt 13"", ""city"": ""San Diego"", ""state"": ""CA"", ""zip"": ""92101"", ""county"": ""Harris"", ""neighborhood"": ""Historic District"", ""timezone"": ""America/New_York"", ""street_type"": ""Rd"", ""country"": ""USA""}",Married,Pilot,Harrison Corp,Centene,POL-867955,GRP-7476,403,2024-02-20,2025-10-19,176,64,20.7,Non-Smoker,Moderate,"Peanuts, Shellfish",Fibromyalgia,Lisinopril,None,"Arthritis, None, Cancer",Spanish,White,Active,12,ManualEntry
1393,Sandra,Hunter,1957-08-14,Female,A+,sandra.hunter@email.example.com,(674) 977-1593,Megan Jenkins,(908) 263-2438,"{""line1"": ""1705 Second Ave"", ""apt"": """", ""city"": ""Sacramento"", ""state"": ""CA"", ""zip"": ""94201"", ""timezone"": ""America/Los_Angeles"", ""county"": ""Cook""}",Married,Student,,Bright Health,POL-398700,GRP-7701,477,2022-03-12,,164,100,37.2,Former Smoker,Moderate,"Codeine, Latex, Sulfa","Type 2 Diabetes, Hypertension, Sleep Apnea","Duloxetine, Aspirin, Apixaban, Spironolactone","Gastric bypass, Angioplasty with stent, Vasectomy",Alzheimer's,Cantonese,White,Inactive,15,ManualEntry
1395,George,Peterson,1971-03-08,Male,A+,george.peterson@email.example.com,(587) 211-9628,Logan Jackson,(689) 369-9681,"{""line1"": ""9829 Walnut Ave"", ""apt"": "", Unit 7"", ""city"": ""Jacksonville"", ""state"": ""FL"", ""zip"": ""32201"", ""neighborhood"": ""Suburbs"", ""country"": ""USA"", ""landmark"": ""Near Hospital"", ""delivery_notes"": ""Gate code: #1234""}",Single,Librarian,Turner Corp,Kaiser Permanente,POL-575804,GRP-1524,12,2025-04-19,2027-02-04,171,104,35.6,Non-Smoker,Moderate,"Codeine, Dust","Anxiety Disorder, Sleep Apnea, Ulcerative Colitis, Chronic Kidney Disease",None,None,None,Mandarin,Hispanic or Latino,Active,12,ManualEntry
1397,Evelyn,Sanders,1977-11-07,Female,B+,evelyn.sanders@email.example.com,(895) 559-5493,Nancy Brooks,(436) 983-6574,"{""line1"": ""9174 Third St"", ""apt"": "", Unit 2"", ""city"": ""Fort Worth"", ""state"": ""TX"", ""zip"": ""76101"", ""neighborhood"": ""Uptown"", ""street_type"": ""Ln""}",Single,Sales Representative,Ellis Corp,Atena,POL-945162,GRP-6148,67,2021-08-21,,168,94,33.3,Former Smoker,Former,"None, Latex","Anxiety Disorder, Chronic Fatigue","Insulin glargine, Furosemide","Meniscectomy, Sleeve gastrectomy, C-section","Asthma, Arthritis, Heart Disease",English,White,Active,12,ManualEntry
1398,Samantha,Turner,1990-08-07,Female,A-,samantha.turner@email.example.com,(356) 206-2152,Aria Taylor,(429) 966-9654,"{""line1"": ""8730 Park Blvd"", ""apt"": """", ""city"": ""Tucson"", ""state"": ""AZ"", ""zip"": ""85701"", ""landmark"": ""Near City Hall""}",Married,Chef,Flores Corp,Highmark,POL-318571,GRP-6306,497,2025-02-16,2026-03-24,175,94,30.7,Smoker,Moderate,"None, Codeine, Pollen",,Tramadol,Gastric bypass,Arthritis,English,Black or African American,Active,21,ManualEntry
1411,Roger,Gray,1975-06-12,Male,O+,roger.gray@email.example.com,(734) 871-5268,Cynthia Freeman,(225) 809-6037,"{""line1"": ""2692 Poplar St"", ""apt"": """", ""city"": ""Long Beach"", ""state"": ""CA"", ""zip"": ""90801"", ""country"": ""USA"", ""latitude"": 25.9253, ""longitude"": -116.3701, ""landmark"": ""Near City Hall""}",Single,Mechanic,,Molina Healthcare,POL-802896,GRP-5951,344,2021-08-26,2021-12-23,184,75,22.2,Non-Smoker,Occasional,"NSAIDs, Dust","Sleep Apnea, Osteoporosis",None,Total knee replacement,"Diabetes, Cancer",,Hispanic or Latino,Inactive,3,ManualEntry
1421,Skylar,Williams,1971-08-02,Female,O+,skylar.williams@email.example.com,(412) 329-8382,Patricia Washington,(787) 506-1542,"{""line1"": ""1958 Center St"", ""apt"": """", ""city"": ""Oklahoma City"", ""state"": ""OK"", ""zip"": ""73101"", ""country"": ""USA"", ""neighborhood"": ""Historic District"", ""longitude"": -76.3053, ""floor_number"": 5, ""street_type"": ""Cir""}",Married,Logistics Coordinator,N/A,Humana,POL-533542,GRP-5205,402,2025-06-21,2027-08-17,167,71,25.5,Non-Smoker,Heavy,"Penicillin, Latex, Shellfish",,"Jardiance, Acetaminophen, Loratadine",None,Alzheimer's,English,White,Inactive,16,ManualEntry
1422,Stephanie,UNKNOWN,1997-03-27,Female,A-,stephanie.brooks@email.example.com,12345,Penelope Rodriguez,(998) 570-8975,"{""line1"": ""9694 View Blvd"", ""apt"": """", ""city"": ""Washington"", ""state"": ""DC"", ""zip"": ""20001""}",Married,Manager,Marshall Corp,Blue Cross,POL-677726,GRP-3725,369,01-01-2020,,157,40,16.2,Never Assessed,Former,"Sulfa, Pollen, Dust","Fibromyalgia, Hyperlipidemia, Depression, Chronic Kidney Disease","Aspirin, Tramadol, Spironolactone, Ozempic","Tonsillectomy, Carpal tunnel release, Appendectomy",Diabetes,English,Hispanic or Latino,Active,19,ManualEntry
1430,caleb,Fisher,1997-10-09,Mle,O+,caleb.fisher@email.example.com,(628) 549-9810,N/A,(467) 628-7408,"{""line1"": ""7665 Sixth Ave"", ""apt"": """", ""city"": ""San Antonio"", ""state"": ""TX"", ""zip"": ""78201"", ""street_type"": ""Ln""}",Married,Mechanic,,CareFirst,POL-288127,GRP-7487,280,2023-07-04,2025-12-21,160,82,32.0,Current Smoker,None,"None, Sulfa, Peanuts","Sleep Apnea, Chronic Kidney Disease, Psoriasis, Irritable Bowel Syndrome","Apixaban, Fluticasone","Tonsillectomy, Total knee replacement","Heart Disease, None, Diabetes",Mandarin,Hispanic or Latino,Active,23,ManualEntry
1431,Kelly,Sanchez,1991-07-18,Female,A-,kelly.sanchez@email.example.com,(981) 548-7960,Ashley Kim,(263) 468-7026,"{""line1"": ""6994 Fifth St"", ""apt"": """", ""city"": ""Raleigh"", ""state"": ""NC"", ""zip"": ""27601"", ""county"": ""Cook"", ""latitude"": 44.0016, ""neighborhood"": ""West Side"", ""street_type"": ""St""}",Married,Insurance Agent,Martin Corp,Anthem,POL-132861,GRP-3250,482,2019-06-28,,174,103,,Non-Smoker,Occasional,Latex,"Depression, Anxiety Disorder","Celecoxib, Gabapentin",Total knee replacement,None,English,White,Active,19,ManualEntry
1443,Lucas,Hunter,1990-08-15,Male,A+,lucas.hunter@email.example.com,(500) 629-9295,Megan Brown,(909) 403-6462,"{""line1"": ""7858 Union Ave"", ""apt"": """", ""city"": ""Virginia Beach"", ""state"": ""VA"", ""zip"": ""23450"", ""country"": ""USA"", ""timezone"": ""America/Chicago"", ""county"": ""King""}",Married,Veterinarian,Freeman Corp,Humana,POL-475559,GRP-2126,30,2018-03-19,2021-04-19,165,108,39.7,Never Assessed,Moderate,"Sulfa, Dust, Codeine","Irritable Bowel Syndrome, Osteoarthritis, Coronary Artery Disease",None,Carpal tunnel release,"Hypertension, None, Asthma",Korean,caucasian,Active,17,ManualEntry
1447,William,Cooper,1954-05-14,Male,O+,william.cooper@email.example.com,(494) 881-1587,Aaron Long,(266) 827-6000,"{""line1"": ""8364 College Ave"", ""apt"": "", Apt 30"", ""city"": ""San Diego"", ""state"": ""CA"", ""zip"": ""92101"", ""street_type"": ""Rd"", ""neighborhood"": ""Waterfront"", ""county"": ""Harris""}",Married,Dentist,Marshall Corp,Oscar Health,POL-486508,GRP-1513,332,2020-07-22,2022-07-03,188,88,24.9,Never Assessed,None,None,"Chronic Fatigue, Anxiety Disorder","Gabapentin, Metformin, Duloxetine",Gastric bypass,"Stroke, Asthma, Alzheimer's",Spanish,White,Active,12,ManualEntry
1450,Lauren,Anderson,1966-03-13,Female,,,(903) 691-9678,Andrea Cruz,(821) 996-2425,"{""line1"": ""7762 Oak Ave"", ""apt"": """", ""city"": ""Albuquerque"", ""state"": ""NM"", ""zip"": ""87101"", ""county"": ""Miami-Dade"", ""latitude"": 41.167, ""landmark"": ""Near City Hall"", ""delivery_notes"": ""Leave at door"", ""neighborhood"": ""Southside""}",Single,Retail Associate,Freeman Corp,Anthem,POL-958559,G1234,26,2020-05-13,2021-08-22,158,83,33.2,Non-Smoker,None,"None, Sulfa, NSAIDs",,"Metoprolol, Aspirin, Losartan, Pantoprazole",None,Asthma,Vietnamese,White,Active,4,ManualEntry
1468,Karen,Patterson,2002-03-08,Female,B+,karen.patterson@email.example.com,(848) 631-5243,Lawrence Hall,(284) 573-7370,"{""line1"": ""1545 Seventh St"", ""apt"": "", Apt 29"", ""city"": ""Memphis"", ""state"": ""TN"", ""zip"": ""38101"", ""neighborhood"": ""Waterfront"", ""latitude"": 34.7459, ""longitude"": -88.4561, ""timezone"": ""America/Chicago"", ""delivery_notes"": ""Leave at door""}",Divorced,Military,Davis Corp,Highmark,POL-418119,GRP-8834,479,2018-10-09,2019-10-20,160,77,30.1,Former Smoker,Moderate,Latex,"GERD, Eczema","Duloxetine, Meloxicam",None,Stroke,English,Two or More Races,Active,15,ManualEntry
1496,Linda,Lopez,1970-10-28,Female,O+,linda.lopez@email.example.com,(464) 205-1812,Lauren Jordan,(447) 584-1082,"{""line1"": ""2631 Forest Ave"", ""apt"": """", ""city"": ""Charlotte"", ""state"": ""NC"", ""zip"": ""28201"", ""latitude"": 37.0773, ""timezone"": ""America/Phoenix"", ""county"": ""Miami-Dade"", ""delivery_notes"": ""Leave at door"", ""country"": ""USA""}",Single,Chef,Bailey Corp,,,,78,2024-10-13,2028-07-30,152,71,30.7,Non-Smoker,Moderate,None,,"Celecoxib, Pantoprazole, Metformin","Meniscectomy, Gastric bypass","Alzheimer's, Stroke, Asthma",Mandarin,White,Active,19,ManualEntry
1502,Melissa,Foster,2001-02-18,Female,O-,melissa.foster@email.example.com,(815) 663-2896,Lincoln Ramirez,(674) 549-6263,"{""line1"": ""8317 Jefferson Ave"", ""apt"": """", ""city"": ""Los Angeles"", ""state"": ""CA"", ""zip"": ""90001"", ""street_type"": ""Cir"", ""latitude"": 33.9232}",married,Veterinarian,Alexander Corp,Highmark,POL-889063,GRP-2207,191,2021-11-01,,163,70,26.3,Current Smoker,Occasional,"Latex, None, Penicillin",Osteoarthritis,"Aspirin, Cetirizine, Amlodipine, Metformin","Total hip replacement, Cataract surgery",Hypertension,French,Black or African American,Active,25,ManualEntry
1503,Jennifer,Long,1979-03-15,Female,O-,jennifer.long@email.example.com,(314) 448-2665,Carl Wilson,(464) 457-8307,"{""line1"": ""6555 Cedar Ln"", ""apt"": "", # 49"", ""city"": ""Portland"", ""state"": ""OR"", ""zip"": ""97201"", ""country"": ""USA""}",Widowed,Doctor,Myers Corp,Blue Cross Blue Shield,POL-840838,GRP-5718,407,2020-02-21,2021-03-12,150,96,42.7,Non-Smoker,Heavy,None,"COPD, Irritable Bowel Syndrome, COPD, Irritable Bowel Syndrome","Apixaban, Tramadol, Omeprazole",Angioplasty with stent,None,English,White,Active,2,ManualEntry
1518,Steven,Crawford,2025-01-01,Male,O-,steven.crawford@email.example.com,(992) 265-9966,Bruce Turner,(348) 722-6438,"{""line1"": ""1378 Union Ave"", ""apt"": "", Unit 8"", ""city"": ""Oklahoma City"", ""state"": ""OK"", ""zip"": ""73101""}",Separated,Consultant,Harrison Corp,Centene,POL-198617,GRP-3001,141,2025-05-06,2025-08-09,188,71,20.1,Current Smoker,Occasional,"Latex, NSAIDs","Irritable Bowel Syndrome, Hypertension, Osteoarthritis",None,None,None,Spanish,Black or African American,Active,22,ManualEntry
1523,Hannah,Torres,1800-01-01,Female,A-,hannah.torres@email.example.com,(621) 500-2942,Emma Hamilton,(971) 220-8407,"{""line1"": ""8415 Church St"", ""apt"": "", Apt 21"", ""city"": ""Raleigh"", ""state"": ""NC"", ""zip"": ""27601"", ""timezone"": ""America/New_York"", ""street_type"": ""Dr"", ""longitude"": -102.0755, ""neighborhood"": ""Uptown""}",Single,Chef,,Aetna,POL-353036,GRP-3809,368,2019-12-19,2023-06-03,158,74,29.6,Non-Smoker,Occasional,None,"Anemia, Type 2 Diabetes, Depression, Ulcerative Colitis","Montelukast, Hydrochlorothiazide, Eliquis, Losartan","Hernia repair, ACL reconstruction, Hemorrhoidectomy",None,Spanish,White,Active,23,ManualEntry
1528,Debra,Myers,1971-06-11,Female,A+,debra.myers@email.example.com,(633) 288-9190,Lauren Bailey,(696) 975-3373,"{""line1"": ""3938 Lincoln Blvd"", ""apt"": """", ""city"": ""Miami"", ""state"": ""FL"", ""zip"": ""33101"", ""country"": ""USA""}",married,Insurance Agent,,CareFirst,POL-136598,GRP-8544,115,2020-03-19,2022-07-06,148,85,38.8,Non-Smoker,None,None,"Atrial Fibrillation, Anxiety Disorder, Hypothyroidism, Crohn's Disease","Loratadine, Omeprazole, Clopidogrel",Mastectomy,"Alzheimer's, Diabetes, Cancer",Cantonese,White,Active,23,ManualEntry
1539,Deborah,Garcia,1951-03-06,Female,O+,deborah.garcia@email.example.com,(603) 695-2169,Eric Collins,(793) 420-3551,"{""line1"": ""2780 Union Ave"", ""apt"": "", # 12"", ""city"": ""Baltimore"", ""state"": ""MD"", ""zip"": ""21201"", ""county"": ""King"", ""landmark"": ""Near Hospital"", ""longitude"": -100.5343, ""latitude"": 26.6042}",Married,Software Developer,,Oscar Health,POL-643464,,414,2019-06-08,2019-12-21,160,103,40.2,Former Smoker,,"NSAIDs, Dust","Ulcerative Colitis, Crohn's Disease, Osteoarthritis",unknown,C-section,None,English,Hispanic or Latino,Active,8,ManualEntry
1540,Amanda,Moore,1991-08-01,Female,A+,amanda.moore@email.example.com,(895) 992-3149,Micah Thomas,(514) 880-6665,"{""line1"": ""9408 Jefferson Ave"", ""apt"": """", ""city"": ""Miami"", ""state"": ""FL"", ""zip"": ""33101""}",Separated,Chef,,Bright Health,POL-160492,GRP-1089,396,2019-12-15,,158,71,28.4,Former Smoker,None,None,N/A,None,None,"Cancer, Diabetes",Spanish,Black or African American,Inactive,1,ManualEntry
1545,Scott,Gutierrez,1953-02-28,Mle,O+,scott.gutierrez@email.example.com,(756) 824-6287,Melissa Miller,(377) 433-6880,"{""line1"": ""2942 Union Ave"", ""apt"": """", ""city"": ""Oakland"", ""state"": ""CA"", ""zip"": ""94601""}",Married,Police Officer,Long Corp,Anthem,POL-231882,GRP-8055,465,2023-04-18,2025-04-27,170,69,23.9,Non-Smoker,Heavy,"NSAIDs, Penicillin","Type 2 Diabetes, Osteoarthritis, Psoriasis","Ozempic, Ibuprofen, Insulin glargine","Spinal fusion, Total knee replacement",None,Mandarin,White,Inactive,13,ManualEntry
1555,Kelly,Cruz,1985-09-25,Female,B+,kelly.cruz@email.example.com,(580) 296-1429,Nancy Murray,(451) 848-5701,"{""line1"": ""1467 Lake Dr"", ""apt"": """", ""city"": ""Mesa"", ""state"": ""AZ"", ""zip"": ""85201"", ""latitude"": 37.0083}",Single,Artist,AAAAAAAAAAAAAAAAAAAAAAAAAAAAAAAAAAAAAAAAAAAAAAAAAAAAAAAAAAAAAAAAAAAAAAAAAAAAAAAAAAAAAAAAAAAAAAAAAAAAAAAAAAAAAAAAAAAAAAAAAAAAAAAAAAAAAAAAAAAAAAAAAAAAAAAAAAAAAAAAAAAAAAAAAAAAAAAAAAAAAAAAAAAAAAAAAAAAAAAA,,,,351,2022-03-28,2025-11-05,170,89,30.8,Non-Smoker,Sometimes,"Codeine, Latex, Penicillin","Hyperlipidemia, Congestive Heart Failure",None,None,Diabetes,Spanish,Black or African American,Active,16,ManualEntry
1557,Jessica,Cooper,1986-02-20,Female,,jessica.cooper@email.example.com,(729) 466-1368,Christine Lopez,(801) 418-5400,"{""line1"": ""6468 Church St"", ""apt"": """", ""city"": ""Fort Worth"", ""state"": ""TX"", ""zip"": ""76101"", ""county"": ""Dallas""}",Single,Doctor,Tucker Corp,,,,298,2020-04-28,2022-10-06,164,61,22.7,Non-Smoker,None,None,"Ulcerative Colitis, Hypothyroidism",Montelukast,None,Stroke,English,caucasian,Active,25,ManualEntry
1559,Roger,Young,1993-06-20,Male,B-,roger.young@email.example.com,(560) 701-4674,Luke Mitchell,(994) 852-1365,"{""line1"": ""7896 Third St"", ""apt"": """", ""city"": ""Long Beach"", ""state"": ""CA"", ""zip"": ""90801"", ""neighborhood"": ""Downtown"", ""timezone"": ""America/New_York"", ""street_type"": ""Ave""}",Single,Police Officer,White Corp,Molina Healthcare,POL-770069,GRP-1973,199,2024-05-12,2025-04-11,178,77,24.3,Non-Smoker,Former,"Penicillin, None, Shellfish","Sleep Apnea, Hyperlipidemia, Hypothyroidism, Ulcerative Colitis",Apixaban,Thyroidectomy,"Asthma, Alzheimer's, Stroke",Spanish,Hispanic or Latino,Active,12,ManualEntry
1564,James,Sanchez,1951-08-22,Male,A+,james.sanchez@email.example.com,(362) 402-7157,Janet Allen,(673) 351-6637,"{""line1"": ""7516 Maple Dr"", ""apt"": "", Apt 22"", ""city"": ""Louisville"", ""state"": ""KY"", ""zip"": ""40201"", ""latitude"": 27.0246, ""longitude"": -96.2498, ""street_type"": ""Ln"", ""floor_number"": 24}",Single,Unemployed,Simpson Corp,Cigna HealthCare,POL-881796,GRP-5295,94,2021-05-28,2023-10-07,177,68,21.7,Non-Smoker,Moderate,NSAIDs,"Rheumatoid Arthritis, Coronary Artery Disease","Amlodipine, Lisinopril",None,"Heart Disease, Arthritis",Russian,caucasian,Active,8,ManualEntry
1567,Kimberly,Evans,2001-03-11,Female,B+,kimberly.evans@email.example.com,(515) 746-4953,Layla Murray,(479) 491-5046,"{""line1"": ""2161 Third St"", ""apt"": """", ""city"": ""Oklahoma City"", ""state"": ""OK"", ""zip"": ""73101"", ""latitude"": 33.074, ""county"": ""San Diego"", ""floor_number"": 11}",Married,Military,Moore Corp,Kaiser Permanente,POL-100076,GRP-8000,139,2025-11-16,,161,85,32.8,Non-Smoker,None,"Penicillin, Dust, Latex","Ulcerative Colitis, Sleep Apnea, Anxiety Disorder","Fluticasone, Furosemide",none,"Arthritis, Alzheimer's, Heart Disease",English,Black or African American,Active,13,ManualEntry
1570,Henry,Harris,1979-08-28,Male,O+,henry.harris@email.example.com,(770) 938-9880,Julian Mendoza,(525) 928-9878,"{""line1"": ""6488 View Blvd"", ""apt"": """", ""city"": ""Boston"", ""state"": ""MA"", ""zip"": ""02101"", ""floor_number"": 15, ""county"": ""Queens"", ""landmark"": ""Behind Metro Station"", ""neighborhood"": ""Waterfront""}",Widowed,Flight Attendant,Wallace Corp,Cigna HealthCare,POL-230583,GRP-6727,421,2023-09-13,2025-02-04,175,86,28.1,Current Smoker,Occasional,"Sulfa, Peanuts",N/A,"Levothyroxine, Apixaban, Lisinopril",None,"Diabetes, Stroke, None",English,White,Inactive,4,ManualEntry
1571,Catherine,Harris,01/15/1987,Female,O+,catherine.harris@email.example.com,(229) 920-6385,Alexander Taylor,(729) 776-6189,"{""line1"": ""1152 Cherry Ln"", ""apt"": """", ""city"": ""Tampa"", ""state"": ""FL"", ""zip"": ""33601"", ""county"": ""Dallas"", ""latitude"": 35.8448}",Married,Musician,Edwards Corp,Independence Blue Cross,POL-882570,GRP-9327,208,2023-06-05,2024-12-18,152,106,45.9,Former Smoker,Moderate,"NSAIDs, Penicillin","GERD, Psoriasis, Chronic Fatigue, Migraine","Hydrochlorothiazide, Omeprazole, Prednisone","ACL reconstruction, Hysterectomy","Heart Disease, Hypertension, None",English,White,Active,1,ManualEntry
1575,Dorothy,Turner,1977-08-28,Female,A+,dorothy.turner@email.example.com,(674) 500-5995,Evelyn Gomez,(925) 532-5101,"{""line1"": ""3287 Jefferson Ave"", ""apt"": """", ""city"": ""Fort Worth"", ""state"": ""TX"", ""zip"": ""76101"", ""country"": ""USA""}",Married,Architect,,Geisinger,POL-817415,GRP-7598,145,2023-11-03,2026-12-02,162,112,42.7,Former Smoker,None,"Pollen, Latex, Shellfish",,None,None,"Diabetes, Arthritis, Stroke",English,Black or African American,Active,9,ManualEntry
1584,Benjamin,Wood,1968-08-07,Male,A-,benjamin.wood@email.example.com,(828) 648-9070,Gary Wright,(958) 449-9585,"{""line1"": ""1159 First St"", ""apt"": """", ""city"": ""Albuquerque"", ""state"": ""NM"", ""zip"": ""87101"", ""timezone"": ""America/Chicago"", ""floor_number"": 31}",Single,Retail Associate,Torres Corp,Health Net,POL-760562,GRP-4953,8,2022-02-24,2022-02-24,177,115,36.7,Never Assessed,None,None,,Levothyroxine,Cataract surgery,"None, Asthma",Mandarin,Two or More Races,Active,1,ManualEntry
1586,James,Stevens,1986-01-02,Male,B+,james.stevens@email.example.com,(607) 827-3943,George Anderson,(919) 931-1481,"{""line1"": ""5366 Highland Ave"", ""apt"": """", ""city"": ""San Jose"", ""state"": ""CA"", ""zip"": ""95101"", ""street_type"": ""Dr"", ""neighborhood"": ""Waterfront""}",Married,Student,Green Corp,UnitedHealthcare,POL-513695,GRP-9499,211,2023-06-16,2024-11-21,174,72,23.8,Current Smoker,Moderate,Pollen,Rheumatoid Arthritis,"Omeprazole, Metoprolol, Tramadol",Laminectomy,"Cancer, Heart Disease",English,Black or African American,Active,21,ManualEntry
1589,Ethan,Brown,1977-05-10,Male,A-,ethan.brown@email.example.com,(786) 293-4520,Kenneth Carter,(431) 498-2933,"{""line1"": ""289 Ninth St"", ""apt"": """", ""city"": ""Oakland"", ""state"": ""CA"", ""zip"": ""94601"", ""country"": ""USA""}",Married,Military,,Anthem,POL-656597,GRP-1599,365,2021-02-15,2021-05-13,164,95,35.3,Non-Smoker,None,"Sulfa, Pollen","GERD, Rheumatoid Arthritis, Atrial Fibrillation, Ulcerative Colitis",None,None,None,Tagalog,White,Active,24,ManualEntry
1595,Silas,Powell,1984-12-09,Male,O+,silas.powell@email.example.com,(937) 644-8492,Katherine Perez,(524) 572-9137,"{""line1"": ""2339 Church St"", ""apt"": "", Apt 29"", ""city"": ""Sacramento"", ""state"": ""CA"", ""zip"": ""94201"", ""neighborhood"": ""Downtown""}",Single,Nurse,N/A,Centene,POL-974210,GRP-1744,239,2020-02-24,2022-12-11,170,81,28.0,Current Smoker,Moderate,"Dust, Shellfish","GERD, Coronary Artery Disease, GERD, Coronary Artery Disease","Celecoxib, Ozempic",None,"Cancer, Asthma, Stroke",Spanish,Other,Active,12,ManualEntry
1608,Michelle,Stewart,1980-02-12,Female,A+,michelle.stewart@email.example.com,(971) 723-3825,Grace Long,(638) 639-9486,"{""line1"": ""2279 Sycamore Ave"", ""apt"": "", Suite 13"", ""city"": ""Houston"", ""state"": ""TX"", ""zip"": ""77001"", ""timezone"": ""America/Phoenix""}",Single,Driver,,UnitedHealthcare,POL-900006,GRP-3780,427,2022-09-05,2024-02-06,164,51,19.0,Current Smoker,None,"Latex, Pollen",,"Fluticasone, Gabapentin",None,Arthritis,English,Hispanic or Latino,Inactive,13,ManualEntry
1610,Nora,King,1968-01-08,Female,AB,nora.king1@email.example.com,(860) 336-8730,Linda Smith,(796) 494-3315,"{""line1"": ""5860 Jefferson Ave"", ""apt"": """", ""city"": ""Seattle"", ""state"": ""WA"", ""zip"": ""98101"", ""street_type"": ""Blvd""}",Single,Student,,Highmark,POL-596745,GRP-5856,61,2018-03-19,2018-10-27,170,85,29.4,Non-Smoker,Moderate,Penicillin,Type 2 Diabetes,Montelukast,"Cataract surgery, Angioplasty with stent",None,ENGLISH,White,Active,9,ManualEntry
1615,James,Foster,1991-01-13,Male,O+,james.foster@email.example.com,(456) 811-2403,Emily Carter,(898) 885-6927,"{""line1"": ""5092 Sunset Dr"", ""apt"": "", Suite 37"", ""city"": ""San Antonio"", ""state"": ""TX"", ""zip"": ""78201"", ""timezone"": ""America/Phoenix""}",Divorced,Graphic Designer,Cruz Corp,Humana,POL-370184,GRP-6097,48,2025-11-26,2027-11-07,168,72,25.5,Never Assessed,Heavy,"Dust, Sulfa",,"Omeprazole, Hydrochlorothiazide, Pantoprazole, Sertraline",None,"Cancer, Asthma",Spanish,Hispanic or Latino,Active,23,ManualEntry
1620,Laura,Martin,2099-06-15,Female,A-,laura.martin@email.example.com,(820) 469-5153,Anthony Foster,(466) 223-3013,"{""line1"": ""3291 First St"", ""apt"": "", Unit 38"", ""city"": ""Baltimore"", ""state"": ""MD"", ""zip"": ""21201"", ""delivery_notes"": ""Call upon arrival"", ""country"": ""USA""}",Married,Electrician,Howard Corp,CareFirst,POL-226039,GRP-2386,128,tomorrow,2025-04-19,175,,32.7,never assessed,None,"Pollen, Dust, Peanuts","Hyperlipidemia, Osteoporosis, Chronic Kidney Disease, Chronic Fatigue",None,Mastectomy,"Diabetes, Hypertension",English,White,Inactive,5,ManualEntry
1624,John,Griffin,1980-05-19,Male,O-,john.griffin@email.example.com,(975) 955-1149,Catherine Garcia,(735) 332-6810,"{""line1"": ""2356 Forest Ave"", ""apt"": "", Unit 22"", ""city"": ""Miami"", ""state"": ""FL"", ""zip"": ""33101"", ""street_type"": ""Pl"", ""county"": ""Harris""}",Married,Data Analyst,Murray Corp,Cigna,POL-620378,GRP-1759,319,2019-08-16,2021-07-20,191,76,150,Former Smoker,Occasional,None,Coronary Artery Disease,None,"Mastectomy, Laminectomy","Alzheimer's, Stroke, Arthritis",Cantonese,White,Active,15,ManualEntry
1653,Christina,Martin,1990-03-08,Female,B+,christina.martin@email.example.com,(923) 790-9807,Rachel Long,(873) 853-8414,"{""line1"": ""7985 Poplar St"", ""apt"": """", ""city"": ""Phoenix"", ""state"": ""AZ"", ""zip"": ""85001"", ""landmark"": ""Adjacent to Library"", ""country"": ""USA"", ""street_type"": ""Blvd""}",Married,Student,Ruiz Corp,Geisinger,POL-278812,GRP-1593,409,2023-01-02,2024-03-21,156,104,42.7,Former Smoker,Moderate,"NSAIDs, Sulfa, Peanuts",,"Omeprazole, Gabapentin",Angioplasty with stent,"Hypertension, Stroke",English,White,Active,19,ManualEntry
1658,Joseph,Chavez,1998-12-20,Male,O+,joseph.chavez@email.example.com,(457) 670-3795,Oliver Foster,(204) 481-1114,"{""line1"": ""3861 Union Ave"", ""apt"": """", ""city"": ""Chicago"", ""state"": ""IL"", ""zip"": ""60601"", ""longitude"": -119.5075, ""landmark"": ""Near City Hall"", ""neighborhood"": ""Historic District"", ""latitude"": 44.2144}",Married,Librarian,Reyes Corp,Tufts Health Plan,POL-699014,GRP-4587,494,tomorrow,,177,95,30.3,Current Smoker,Moderate,None,,None,None,"Diabetes, Heart Disease",Mandarin,Human,Active,18,ManualEntry
1659,Jessica,Lopez,1954-07-27,Female,O+,jessica.lopez@email.example.com,(241) 209-4495,Ellie Stewart,(786) 666-7813,"{""line1"": ""2009 Highland Ave"", ""apt"": "", # 41"", ""city"": ""Omaha"", ""state"": ""NE"", ""zip"": ""68101"", ""timezone"": ""America/New_York"", ""latitude"": 26.7374, ""neighborhood"": ""Downtown"", ""landmark"": ""Behind Metro Station""}",Married,Police Officer,Davis Corp,Molina Healthcare,POL-456907,GRP-9735,200,2020-06-30,2020-07-05,157,90,36.5,Non-Smoker,Occasional,Latex,Depression,None,None,Diabetes,Mandarin,White,Active,1,ManualEntry
1665,Harrison,Butler,1971-01-08,Male,O+,harrison.butler@email.example.com,(636) 849-5585,Cynthia Webb,(601) 399-3308,"{""line1"": ""4663 Eighth Ave"", ""apt"": "", Unit 41"", ""city"": ""Charlotte"", ""state"": ""NC"", ""zip"": ""28201"", ""longitude"": -100.7681}",Widowed,Plumber,,Independence Blue Cross,POL-971596,GRP-4923,70,2021-05-03,2022-10-08,179,67,20.9,Non-Smoker,None,"PENICILLIN, SULFA",,"Loratadine, Lisinopril, Montelukast, Meloxicam",None,Cancer,English,Two or More Races,Active,5,ManualEntry
1666,Douglas,Mendoza,1980-09-28,Male,A+,douglas.mendoza@email.example.com,(564) 596-2346,Donald Roberts,(647) 515-1290,"{""line1"": ""Unknown"", ""city"": ""Unknown"", ""state"": ""NA"", ""zip"": ""00000"", ""county"": ""Miami-Dade""}",Married,Unemployed,,Cigna HealthCare,POL-624830,GRP-6802,197,2025-03-14,2029-01-22,165,62,22.8,Non-Smoker,None,"Latex, None, Dust",,"Amlodipine, Acetaminophen","Carpal tunnel release, Angioplasty with stent",None,English,Asian,Active,22,ManualEntry
1672,ryan,Ward,1973-09-30,Male,O+,ryan.ward@email.example.com,(892) 632-7644,Amy Ward,(528) 460-9704,"{""line1"": ""3435 Third St"", ""apt"": """", ""city"": ""Omaha"", ""state"": ""NE"", ""zip"": ""68101"", ""landmark"": ""Near Hospital"", ""neighborhood"": ""Waterfront""}",Married,Pilot,,MetLife,POL-917352,GRP-2387,218,2022-07-18,2023-02-17,172,78,26.4,Current Smoker,Heavy,"Latex, Penicillin","Anxiety Disorder, GERD, Coronary Artery Disease, Hyperlipidemia","Atorvastatin, Prednisone",None,None,English,Hispanic or Latino,Active,24,ManualEntry
1676,Lawrence,Ortiz,1958-11-11,F,O-,lawrence.ortiz@email.example.com,(248) 518-8910,Jerry Watson,(472) 804-7439,,Married,Pilot,N/A,Tufts Health Plan,POL-982357,GRP-2675,390,2019-10-19,2020-03-27,178,60,18.9,Non-Smoker,Moderate,"Sulfa, Dust, Codeine",Congestive Heart Failure,Lisinopril,"Carpal tunnel release, Coronary artery bypass grafting","Heart Disease, Alzheimer's",Spanish,Hispanic or Latino,Active,8,ManualEntry
1678,Julie,Harris,1982-12-09,Female,A-,julie.harris@email.example.com,(395) 376-7096,Brian Ford,(217) 417-7328,"{""line1"": ""5996 Fifth St"", ""apt"": """", ""city"": ""Portland"", ""state"": ""OR"", ""zip"": ""97201"", ""country"": ""USA"", ""neighborhood"": ""Uptown"", ""longitude"": -121.1434}",Single,Dentist,Foster Corp,Highmark,POL-510653,GRP-7805,300,2023-03-01,2025-03-27,165,650,19.5,Non-Smoker,Heavy,None,"Hypertension, Fibromyalgia, Hypertension, Fibromyalgia","Fluticasone, Cyclobenzaprine, Omeprazole, Cetirizine",None,"Stroke, Cancer",English,White,Active,20,ManualEntry
1696,Gary,Nelson,2003-04-24,Male,O+,user@.com,(845) 423-8798,Joseph Ortiz,,"{""line1"": ""976 Sunset Dr"", ""apt"": """", ""city"": ""New York"", ""state"": ""NY"", ""zip"": ""10001""}",Widowed,Graphic Designer,Myers Corp,Harvard Pilgrim,POL-136867,GRP-2962,162,2022-08-19,2025-10-10,173,111,37.1,Non-Smoker,Former,None,"Osteoporosis, Migraine","Jardiance, Montelukast","Hemorrhoidectomy, Cholecystectomy",None,Spanish,White,Active,25,ManualEntry
1711,Julian,Alexander,1979-05-01,Male,A+,julian.alexander@email.example.com,(599) 694-5702,Mark Long,(903) 593-7971,"{""line1"": ""8277 Magnolia Way"", ""apt"": """", ""city"": ""Memphis"", ""state"": ""TN"", ""zip"": ""38101"", ""timezone"": ""America/Los_Angeles"", ""street_type"": ""St"", ""delivery_notes"": ""Gate code: #1234"", ""latitude"": 31.399, ""longitude"": -80.4115}",Married,Social Worker,Perry Corp,Aetna,POL-194713,GRP-7395,33,2019-07-24,2020-06-21,175,106,34.6,Non-Smoker,None,None,"Sleep Apnea, Ulcerative Colitis, Sleep Apnea, Ulcerative Colitis",Montelukast,None,Diabetes,English,Black or African American,Inactive,1,ManualEntry
1714,Oliver,Rogers,1984-08-23,Male,B-,oliver.rogers@email.example.com,(924) 372-2692,Sandra Gomez,(831) 885-9083,"{""line1"": ""9024 Spring St"", ""apt"": """", ""city"": ""New York"", ""state"": ""NY"", ""zip"": ""10001""}",Divorced,Dentist,Hamilton Corp,Cigna HealthCare,POL-507310,GRP-5165,384,2019-05-31,2021-01-13,171,68,23.3,Former Smoker,Occasional,None,"Fibromyalgia, Hypertension, Atrial Fibrillation, Hypothyroidism",Levothyroxine,Carpal tunnel release,Cancer,English,Hispanic or Latino,Active,13,ManualEntry
1721,Julian,Scott,1966-09-17,Male,O+,julian.scott@email.example.com,(446) 268-4347,Dylan Hughes,(359) 574-3875,"{""line1"": ""2514 First St"", ""apt"": "", Apt 10"", ""city"": ""Cleveland"", ""state"": ""OH"", ""zip"": ""44101"", ""floor_number"": 7, ""neighborhood"": ""Uptown""}",Divorced,Chef,Hunter Corp,Geisinger,POL-971913,GRP-7546,273,2023-08-27,2023-11-27,187,90,150,Former Smoker,Heavy,Pollen,,"Apixaban, Sertraline",None,None,English,Black or African American,Active,11,ManualEntry
1726,Paisley,Sanchez,1987-06-25,Female,B+,paisley.sanchez@email.example.com,(738) 249-8511,Christopher Wilson,(259) 968-3439,"{""line1"": ""6809 Jefferson Ave"", ""apt"": """", ""city"": ""San Antonio"", ""state"": ""TX"", ""zip"": ""78201"", ""timezone"": ""America/New_York"", ""latitude"": 29.081}",Married,Engineer,,Bright Health,POL-246987,GRP-3657,289,2024-02-08,2026-05-26,165,92,33.8,Former Smoker,Moderate,"Pollen, Sulfa, Latex","Osteoporosis, Hypothyroidism, Chronic Fatigue, COPD","Spironolactone, Jardiance",None,Heart Disease,Cantonese,White,Active,11,ManualEntry
1748,Sharon,Green,1963-08-04,Female,A+,sharon.green@email.example.com,(552) 481-8641,Jackson Morales,(767) 651-4863,"{""line1"": ""4968 Spring St"", ""apt"": """", ""city"": ""Fort Worth"", ""state"": ""TX"", ""zip"": ""76101"", ""neighborhood"": ""Midtown""}",Separated,Psychologist,,Anthem,POL-799449,GRP-3024,377,2024-11-22,2027-03-15,9999,64,23.2,Non-Smoker,Occasional,"Penicillin, Pollen",,"Metformin, Ibuprofen, Losartan",None,None,Spanish,White,Active,15,ManualEntry
1749,Logan,Butler,1955-12-12,Male,A+,logan.butler@email.example.com,(896) 850-2794,Zoey Graham,(692) 933-5458,"{""line1"": ""8517 Ash Ct"", ""apt"": "", Apt 23"", ""city"": ""Kansas City"", ""state"": ""MO"", ""zip"": ""64101"", ""latitude"": 30.0328}",Married,Dental Hygienist,Jordan Corp,Blue Cross Blue Shield,POL-829388,GRP-1412,37,2018-11-24,2019-05-25,164,57,21.2,Never Assessed,None,"Peanuts, Sulfa, Latex","Hypertension, Chronic Kidney Disease, Anxiety Disorder, Migraine","Apixaban, Acetaminophen, Eliquis, Sertraline",Tonsillectomy,None,English,White,Active,2,ManualEntry
1776,Betty,Collins,1973-05-23,Female,O+,betty.collins@email.example.com,(480) 967-4544,George Diaz,(587) 474-8502,"{""line1"": ""7170 Birch St"", ""apt"": "", Unit 6"", ""city"": ""Long Beach"", ""state"": ""CA"", ""zip"": ""90801"", ""delivery_notes"": ""Leave at door""}",Married,Flight Attendant,Hughes Corp,Independence Blue Cross,POL-585579,GRP-2344,436,2020-09-06,2021-03-06,163,82,30.9,Non-Smoker,Moderate,"NSAIDs, Sulfa",,,None,"Asthma, Diabetes, Heart Disease",English,White,Active,24,ManualEntry
1806,Harrison,Hicks,1990-10-11,Male,O+,harrison.hicks@email.example.com,(741) 322-5087,Naomi Ortiz,(738) 368-2622,"{""line1"": ""1890 Pleasant St"", ""apt"": "", Unit 27"", ""city"": ""Philadelphia"", ""state"": ""PA"", ""zip"": ""19101"", ""street_type"": ""Ln"", ""neighborhood"": ""Uptown"", ""timezone"": ""America/Phoenix""}",Married,Consultant,Davis Corp,Anthem,POL-405543,GRP-1923,293,2020-08-31,2020-12-19,166,80,29.0,Non-Smoker,Occasional,"Sulfa, Dust, NSAIDs",,"Albuterol, Spironolactone, Pantoprazole",None,Arthritis,Spanish,Hispanic or Latino,Inactive,8,ManualEntry
1820,Emily,Gomez,1986-02-09,Female,O+,emily.gomez@email.example.com,(812) 581-4953,Harrison Phillips,(267) 941-1453,"{""line1"": ""6937 Market St"", ""apt"": "", Apt 8"", ""city"": ""Atlanta"", ""state"": ""GA"", ""zip"": ""30301"", ""county"": ""San Diego"", ""neighborhood"": ""Suburbs"", ""latitude"": 47.4237, ""landmark"": ""Near City Hall""}",Single,Plumber,Miller Corp,Independence Blue Cross,POL-682868,GRP-4116,135,2024-01-02,2025-08-17,150,68,30.2,Non-Smoker,Heavy,None,Crohn's Disease,Montelukast,None,None,English,White,Inactive,25,ManualEntry
1823,Dylan,Cruz,1800-01-01,Male,O-,dylan.cruz@email.example.com,(335) 657-5769,Bruce Simpson,(516) 307-8223,"{""line1"": ""9689 River Rd"", ""apt"": """", ""city"": ""Charlotte"", ""state"": ""NC"", ""zip"": ""28201"", ""timezone"": ""America/Denver"", ""country"": ""USA"", ""latitude"": 34.1174, ""street_type"": ""St"", ""county"": ""San Diego""}",Married,Unemployed,,Bright Health,POL-341272,GRP-3948,495,2024-09-04,,177,50,16.0,Non-Smoker,Moderate,"Sulfa, Shellfish, Latex",,"Aspirin, Albuterol, Warfarin, Duloxetine","Vasectomy, Hemorrhoidectomy","Asthma, Diabetes, Hypertension",English,White,Active,21,ManualEntry
1826,Wesley,Bryant,1989-05-22,Male,B+,wesley.bryant@email.example.com,(379) 743-2425,Barbara Anderson,(245) 283-3864,"{""line1"": ""572 First St"", ""apt"": """", ""city"": ""Tucson"", ""state"": ""AZ"", ""zip"": ""85701""}",Married,Architect,,Aetna,POL-676545,GRP-5091,243,2025-12-12,2026-01-26,179,75,23.4,Non-Smoker,None,"Pollen, Sulfa",Chronic Fatigue,"Eliquis, Aspirin, Apixaban, Acetaminophen",None,"Asthma, Hypertension, Alzheimer's",Mandarin,Hispanic or Latino,Active,25,ManualEntry
1826,Dennis,Brown,2000-07-29,Male,O+,dennis.brown@email.example.com,(357) 289-8100,Emma Rodriguez,(211) 275-2191,"{""line1"": ""7835 Ash Ct"", ""apt"": """", ""city"": ""Omaha"", ""state"": ""NE"", ""zip"": ""68101"", ""timezone"": ""America/Chicago"", ""county"": ""Queens""}",Divorced,Chef,,Centene,POL-939310,GRP-3909,7,2022-10-20,2024-04-07,180,64,19.8,Non-Smoker,Heavy,None,"Hyperlipidemia, Hypertension",None,Mastectomy,Asthma,Spanish,Asian,Active,4,ManualEntry
1829,Scarlett,King,1989-04-15,Female,o+,scarlett.king@email.example.com,(975) 640-7525,Gabriel Harris,(604) 576-5037,"{""line1"": ""1914 Forest Ave"", ""apt"": """", ""city"": ""San Diego"", ""state"": ""CA"", ""zip"": ""92101"", ""neighborhood"": ""Suburbs"", ""county"": ""Dallas""}",Separated,Mechanic,Wright Corp,Centene,POL-765597,,108,2024-01-30,2025-07-10,165,65,23.9,Non-Smoker,Moderate,"Shellfish, Latex, Peanuts","Asthma, Hyperlipidemia, Migraine, Ulcerative Colitis","Montelukast, Insulin glargine, Tramadol, Metformin",Vasectomy,Stroke,Tagalog,White,Active,22,ManualEntry
1831,Sandra,Ross,2002-11-21,Female,A+,sandra.ross@email.example.com,(273) 635-9776,Samuel Ellis,(354) 912-4136,"{""line1"": ""8331 Forest Ave"", ""apt"": """", ""city"": ""San Diego"", ""state"": ""CA"", ""zip"": ""92101"", ""street_type"": ""St"", ""floor_number"": 47}",Single,Student,Harrison Corp,Anthem,POL-104328,GRP-2626,440,2025-09-20,,148,40,18.3,Current Smoker,Moderate,None,Type 2 Diabetes,Tramadol,None,"Cancer, Heart Disease",English,Black or African American,Active,15,ManualEntry
1833,Zoey,Price,1989-03-26,,A-,zoey.price@email.example.com,(995) 334-5320,Olivia Kelly,(205) 981-9577,"{""line1"": ""9523 Hickory St"", ""apt"": "", # 7"", ""city"": ""Washington"", ""state"": ""DC"", ""zip"": ""20001"", ""street_type"": ""Rd"", ""latitude"": 37.7615, ""county"": ""Miami-Dade"", ""country"": ""USA""}",Married,Unemployed,Murphy Corp,CareFirst,POL-521088,GRP-1524,151,2019-03-02,2023-04-05,151,99,43.4,Never Assessed,None,"Dust, NSAIDs",COPD,"Apixaban, Cyclobenzaprine, Lisinopril",None,None,English,Hispanic or Latino,Inactive,16,ManualEntry
1848,Ethan,Ford,1992-08-12,Male,A+,ethan.ford@email.example.com,(983) 556-1360,Robert Taylor,(553) 529-1943,"{""line1"": ""3130 Aspen Ct"", ""apt"": "", Suite 32"", ""city"": ""San Antonio"", ""state"": ""TX"", ""zip"": ""78201"", ""street_type"": ""Ave""}",Married,UnemPloyed,,Blue Cross Blue Shield,POL-283628,GRP-1674,156,2025-06-28,2028-04-14,179,99,30.9,Former Smoker,2 beers/week,"Sulfa, Shellfish","Hyperlipidemia, Irritable Bowel Syndrome, Sleep Apnea","Apixaban, Albuterol, Loratadine, Amlodipine",None,"Alzheimer's, Hypertension",English,Asian,Active,20,ManualEntry
1852,,Jones,1959-09-14,Male,A+,logan.jones@email.example.com,(379) 900-3197,Kimberly Diaz,(877) 790-5767,"{""line1"": ""3013 Monroe Dr"", ""apt"": """", ""city"": ""Austin"", ""state"": ""TX"", ""zip"": ""73301"", ""landmark"": ""Behind Metro Station""}",Married,Plumber,Wright Corp,Centene,POL-902117,GRP-2736,289,2019-10-09,2023-04-07,185,77,22.5,Former Smoker,Sometimes,"Sulfa, Codeine","Coronary Artery Disease, Hypothyroidism",None,None,Alzheimer's,Spanish,White,Active,11,ManualEntry
1864,Rebecca,Hill,1994-02-13,Female,O+,rebecca.hill@email.example.com,(737) 279-4369,Evelyn Patel,(677) 699-1838,"{""line1"": ""2490 Second Ave"", ""apt"": """", ""city"": ""Colorado Springs"", ""state"": ""CO"", ""zip"": ""80901"", ""longitude"": -107.1137, ""floor_number"": 41}",Married,Scientist,Miller Corp,Bright Health,POL-472670,GRP-5922,236,2018-11-29,2019-07-24,165,113,41.5,Non-Smoker,None,"None, Codeine, Dust","Congestive Heart Failure, Crohn's Disease, Coronary Artery Disease","Sertraline, Jardiance, Cetirizine",None,Heart Disease,Arabic,Two or More Races,Active,23,ManualEntry
1865,Jeffrey,Perez,1952-07-23,Male,O+,jeffrey.perez1@email.example.com,(229) 688-3949,Megan Hill,(835) 990-7543,"{""line1"": ""Unknown"", ""city"": ""Unknown"", ""state"": ""NA"", ""zip"": ""00000"", ""neighborhood"": ""East Side""}",Divorced,Chef,,Tufts Health Plan,POL-504925,GRP-9132,307,2024-03-02,2025-11-17,164,77,28.6,Non-Smoker,Occasional,"Pollen, Latex, Peanuts",Sleep Apnea,"Omeprazole, Fluticasone, Bupropion",None,"None, Arthritis",Mandarin,White,Active,23,ManualEntry
1867,Willie,Simmons,1957-09-11,Male,B+,willie.simmons@email.example.com,(762) 650-1991,Anna Morris,(737) 395-9287,"{""line1"": ""6205 Washington Ave"", ""apt"": """", ""city"": ""Omaha"", ""state"": ""NE"", ""zip"": ""68101"", ""latitude"": 44.056, ""longitude"": -90.6842, ""landmark"": ""Opposite Central Park"", ""county"": ""Cook""}",Married,Pilot,Kelly Corp,Centene,POL-930505,GRP-1364,23,2019-02-07,2020-07-27,187,88,25.2,Non-Smoker,Occasional,None,"Psoriasis, Depression, Irritable Bowel Syndrome, Anemia","Tramadol, Losartan, Albuterol","Appendectomy, Hysterectomy",Diabetes,English,White,Active,14,ManualEntry
1885,Zoey,Myers,1982-11-23,Female,O-,zoey.myers1@email.example.com,2125550199,Ella Wells,(993) 254-5353,"{""line1"": ""4710 Birch St"", ""apt"": """", ""city"": ""San Jose"", ""state"": ""CA"", ""zip"": ""95101"", ""neighborhood"": ""Historic District"", ""latitude"": 36.9498, ""longitude"": -87.3705}",Married,Firefighter,Russell Corp,Tufts Health Plan,POL-667574,GRP-3037,271,2024-10-12,2025-03-20,-10,74,28.5,Non-Smoker,Occasional,"Penicillin, NSAIDs, Pollen",,Ibuprofen,Carpal tunnel release,"Hypertension, Diabetes, None",English,White,active,18,ManualEntry
1886,Theodore,Ross,1979-05-07,Male,A+,theodore.ross@email.example.com,(412) 208-3219,Kenneth Cooper,(669) 392-2999,"{""line1"": ""Unknown"", ""city"": ""Unknown"", ""state"": ""NA"", ""zip"": ""00000"", ""county"": ""King"", ""neighborhood"": ""Northside"", ""country"": ""USA""}",Divorced,Software Developer,Murray Corp,Blue Cross Blue Shield,POL-664004,GRP-2243,416,2018-03-25,2020-11-09,174,93,150,Non-Smoker,Heavy,"NSAIDs, Sulfa, Dust",GERD,"Bupropion, Albuterol",Sleeve gastrectomy,None,English,caucasian,Active,21,ManualEntry
1888,Jackson,Johnson,2002-05-06,Male,B+,jackson.johnson@email.example.com,(751) 580-4076,Chloe Chavez,(641) 533-5848,"{""line1"": ""7760 Cherry Ln"", ""apt"": """", ""city"": ""Nashville"", ""state"": ""TN"", ""zip"": ""37201"", ""latitude"": 29.3668, ""county"": ""King"", ""neighborhood"": ""Waterfront"", ""floor_number"": 43}",,Sales Representative,Sanchez Corp,Geisinger,POL-499838,GRP-6776,182,2022-03-31,2022-12-16,175,74,24.2,Non-Smoker,Moderate,"Shellfish, Latex, Penicillin",,Acetaminophen,None,None,English,Hispanic or Latino,Inactive,7,ManualEntry
1893,Roger,Perry,1999-05-28,Non-Binary,A+,roger.perry@email.example.com,(511) 968-4484,Carolyn Rogers,(953) 805-2116,"{""line1"": ""1761 Poplar St"", ""apt"": """", ""city"": ""Portland"", ""state"": ""OR"", ""zip"": ""97201"", ""timezone"": ""America/Los_Angeles""}",Divorced,Chef,Owens Corp,Geisinger,POL-945788,GRP-4734,177,2024-02-27,2025-03-27,168,78,27.6,Former Smoker,Moderate,Latex,,"Jardiance, Loratadine, Insulin glargine, Aspirin","Total knee replacement, Rotator cuff repair",None,French,Hispanic or Latino,Active,20,ManualEntry
1895,Caleb,Miller,1997-05-31,Male,O+,caleb.miller@email.example.com,(943) 525-6675,Angela Russell,(279) 413-1532,"{""line1"": ""7430 River Rd"", ""apt"": "", # 46"", ""city"": ""Oakland"", ""state"": ""CA"", ""zip"": ""94601"", ""longitude"": -101.4603, ""neighborhood"": ""Midtown"", ""timezone"": ""America/Chicago"", ""country"": ""USA""}",Married,Bank Teller,,Molina Healthcare,POL-928833,GRP-2688,200,2019-01-28,2019-03-21,168,104,36.8,Non-Smoker,None,"Shellfish, Penicillin, Latex",Sleep Apnea,None,"Coronary artery bypass grafting, Carpal tunnel release",None,Spanish,White,Active,1,ManualEntry
1896,Amanda,Thomas,1984-01-16,Female,O+,amanda.thomas@email.example.com,(410) 912-2501,Avery Chavez,(638) 658-6666,"{""line1"": ""3525 Market St"", ""apt"": """", ""city"": ""Fort Worth"", ""state"": ""TX"", ""zip"": ""76101""}",Married,Retired,,Molina Healthcare,POL-171523,GRP-1024,437,2020-01-16,2022-04-05,158,78,31.2,Non-Smoker,Occasional,"Dust, Penicillin, Sulfa",Sleep Apnea,Duloxetine,Gastric bypass,None,English,White,Inactive,12,ManualEntry
1897,Mary,Lee,1993-10-09,Female,O+,mary.lee@email.example.com,(346) 844-4933,N/A,(730) 283-1524,"{""line1"": ""4542 Washington Ave"", ""apt"": "", # 21"", ""city"": ""New Orleans"", ""state"": ""LA"", ""zip"": ""70112"", ""neighborhood"": ""Downtown"", ""street_type"": ""Rd"", ""county"": ""Miami-Dade""}",Married,Driver,,Tufts Health Plan,POL-537213,GRP-8243,37,2021-06-25,2024-11-23,163,77,29.0,Current Smoker,Former,Codeine,"GERD, Anemia, Migraine, Chronic Kidney Disease",Ibuprofen,None,None,Cantonese,Hispanic or Latino,Active,2,ManualEntry
1898,Sandra,Bryant,1968-03-07,Female,B+,sandra.bryant@email.example.com,(449) 666-1105,Logan Foster,(331) 878-8656,"{""line1"": ""932 Highland Ave"", ""apt"": """", ""city"": ""Minneapolis"", ""state"": ""MN"", ""zip"": ""55401"", ""timezone"": ""America/Los_Angeles"", ""county"": ""San Diego"", ""landmark"": ""Near Hospital"", ""street_type"": ""Pl""}",Widowed,Insurance Agent,,MetLife,POL-518110,GRP-2507,23,2023-04-30,2024-03-29,152,109,47.2,Never Assessed,Occasional,"Penicillin, Latex, Codeine",,"Lisinopril, Jardiance, Loratadine","Hysterectomy, Thyroidectomy",None,Cantonese,White,Active,14,ManualEntry
1905,Cynthia,Chavez,1978-08-04,Female,A+,cynthia.chavez@email.example.com,(803) 531-9376,Kelly Robinson,(685) 413-1199,"{""line1"": ""9381 Sycamore Ave"", ""apt"": """", ""city"": ""Dallas"", ""state"": ""TX"", ""zip"": ""75201"", ""longitude"": -117.771, ""street_type"": ""Cir""}",Married,Driver,Patterson Corp,Harvard Pilgrim,POL-503255,GRP-7042,386,2025-10-22,2027-03-16,162,79,30.1,Non-Smoker,None,None,N/A,"Aspirin, Clopidogrel, Cetirizine",None,"None, Diabetes, Hypertension",Arabic,White,Inactive,30,ManualEntry
1922,Deborah,Jackson,1999-10-27,Female,A+,deborah.jackson@email.example.com,(587) 470-4785,James Gomez,(314) 713-6300,"{""line1"": ""4343 Third St"", ""apt"": """", ""city"": ""San Diego"", ""state"": ""CA"", ""zip"": ""92101"", ""timezone"": ""America/Denver"", ""street_type"": ""Ln""}",Married,Doctor,Murray Corp,Independence Blue Cross,POL-298905,GRP-6000,337,2022-06-14,,177,70,22.3,,Occasional,"Dust, Peanuts",,Cyclobenzaprine,"C-section, Total hip replacement, Cataract surgery",Hypertension,English,White,Active,11,ManualEntry
1929,Carol,Hughes,2001-08-19,Female,O-,carol.hughes2@email.example.com,(406) 270-8796,Silas Wallace,(356) 893-2767,"{""line1"": ""8669 Hamilton Ct"", ""apt"": """", ""city"": ""El Paso"", ""state"": ""TX"", ""zip"": ""79901"", ""longitude"": -113.4228}",Divorced,Police Officer,Simmons Corp,MetLife,POL-371366,GRP-8244,214,2024-11-18,2025-05-29,150,94,41.8,Non-Smoker,None,"Codeine, Shellfish, Peanuts","Coronary Artery Disease, Asthma, Anxiety Disorder, Hypothyroidism",Amlodipine,None,None,Spanish,White,Active,19,ManualEntry
1931,Anna,Ortiz,2000-07-20,Female,A-,anna.ortiz@email.example.com,(201) 646-7307,Deborah Harris,(721) 688-2386,"{""line1"": ""4737 Ninth St"", ""apt"": """", ""city"": ""Albuquerque"", ""state"": ""NM"", ""zip"": ""87101"", ""neighborhood"": ""Downtown"", ""county"": ""Dallas"", ""timezone"": ""America/Chicago""}",Divorced,Lawyer,Mendoza Corp,Kaiser Permanente,POL-897680,GRP-2316,385,2023-09-27,2025-12-14,148,85,38.8,Former Smoker,Occasional,"Sulfa, Codeine, None",,"Losartan, Furosemide, Duloxetine",Hernia repair,"Diabetes, Arthritis, Hypertension",Tagalog,White,Active,6,ManualEntry
1942,Lawrence,Graham,2005-10-15,Male,AB-,lawrence.graham@email.example.com,(951) 229-2194,Avery Simmons,(504) 294-1574,"{""line1"": ""3420 College Ave"", ""apt"": "", # 34"", ""city"": ""Indianapolis"", ""state"": ""IN"", ""zip"": ""46201"", ""timezone"": ""America/Phoenix"", ""county"": ""San Diego"", ""street_type"": ""Ln""}",Married,Logistics Coordinator,Jimenez Corp,Oscar Health,POL-450673,GRP-4998,404,2022-08-27,2023-09-09,180,80,24.7,Non-Smoker,None,Null,Ulcerative Colitis,"Levothyroxine, Bupropion, Tramadol",None,"Stroke, Alzheimer's, Arthritis",English,caucasian,Inactive,4,ManualEntry
1945,Megan,Gonzales,2002-06-02,Female,O-,megan.gonzales@email.example.com,(906) 502-4083,Benjamin Jackson,(951) 500-1349,"{""line1"": ""4439 Pleasant St"", ""apt"": """", ""city"": ""Dallas"", ""state"": ""TX"", ""zip"": ""75201"", ""county"": ""Maricopa""}",Married,Mechanic,Campbell Corp,Centene,POL-884979,GRP-3366,43,2023-09-27,2024-03-18,168,71,25.2,Current Smoker,Occasional,"Latex, None, Shellfish",Ulcerative Colitis,"Levothyroxine, Fluticasone, Loratadine, Celecoxib",None,"Alzheimer's, Cancer",Spanish,White,Active,20,ManualEntry
1950,Walter,Gonzalez,1956-04-27,Male,A+,walter.gonzalez@email.example.com,(667) 715-7886,Jeffrey Hunter,(579) 969-7461,"{""line1"": ""374 Hickory St"", ""apt"": """", ""city"": ""Atlanta"", ""state"": ""GA"", ""zip"": ""30301"", ""timezone"": ""America/New_York""}",Single,Data Analyst,Griffin Corp,Bright Health,POL-266993,GRP-8989,45,2023-12-25,2024-11-02,173,47,15.7,Former Smoker,None,"Peanuts, Shellfish, Penicillin",Chronic Fatigue,None,Angioplasty with stent,"None, Stroke",Vietnamese,Hispanic or Latino,Active,10,ManualEntry
1957,Linda,Rodriguez,1988-11-01,Female,A+,linda.rodriguez@email.example.com,(927) 288-7775,Mateo Hernandez,(675) 863-7580,"{""line1"": ""617 Seventh St"", ""apt"": """", ""city"": ""Indianapolis"", ""state"": ""IN"", ""zip"": ""46201"", ""county"": ""Cook"", ""street_type"": ""Cir"", ""longitude"": -90.9046}",Married,Teacher,Owens Corp,Oscar Health,POL-673243,GRP-7894,71,2022-12-02,2023-05-13,173,99,33.1,Non-Smoker,Moderate,"None, Peanuts, Latex",GERD,"Sertraline, Eliquis, Loratadine","Hysterectomy, Total knee replacement","Hypertension, Alzheimer's, None",English,Black or African American,Active,21,ManualEntry
1960,Catherine,Hayes,1995-02-23,Female,A+,catherine.hayes@email.example.com,(769) 795-1254,Larry Ramos,(767) 764-3524,"{""line1"": ""9260 Oak Ave"", ""apt"": """", ""city"": ""New Orleans"", ""state"": ""LA"", ""zip"": ""70112""}",Married,Police Officer,Clark Corp,Bright Health,POL-118537,GRP-7323,19,2019-03-22,2020-04-28,154,102,43.0,Non-Smoker,Moderate,"Sulfa, None, Dust","Coronary Artery Disease, Anxiety Disorder","Losartan, Metformin","Appendectomy 2018, Cholecystectomy 2020",None,Korean,Hispanic or Latino,Deceased,14,ManualEntry
1962,Jacqueline,Gibson,2003-04-18,Female,B+,jacqueline.gibson1@email.example.com,(898) 408-5609,Sharon Ortiz,John Smith,"{""line1"": ""3964 View Blvd"", ""apt"": "", Unit 32"", ""city"": ""El Paso"", ""state"": ""TX"", ""zip"": ""79901"", ""county"": ""Orange""}",Married,Manager,Russell Corp,Tufts Health Plan,POL-123386,GRP-4560,434,2018-02-23,2020-02-17,173,120,40.1,Current Smoker,Occasional,None,N/A,"Warfarin, Celecoxib, Metoprolol",Hysterectomy,Diabetes,English,White,Active,1,ManualEntry
1968,Carolyn,,2003-03-18,Female,A+,carolyn.morris@email.example.com,(316) 828-9544,Donald Jimenez,(649) 584-6102,"{""line1"": ""7637 Franklin Blvd"", ""apt"": """", ""city"": ""Las Vegas"", ""state"": ""NV"", ""zip"": ""89101""}",Single,Scientist,Moore Corp,Molina Healthcare,POL-728874,GRP-7675,321,2025-06-18,2027-12-19,160,85,33.2,Non-Smoker,Moderate,"Sulfa, Shellfish, Peanuts","Anemia, Migraine, Hypertension, Hypothyroidism","Insulin glargine, Hydrochlorothiazide, Aspirin, Metformin",None,None,Vietnamese,,Active,8,ManualEntry
1970,Vincent,Johnson,2005-09-18,Male,O-,vincent.johnson@email.example.com,(896) 599-9309,Samantha Owens,(722) 471-5747,"{""line1"": ""969 Sunset Dr"", ""apt"": """", ""city"": ""Washington"", ""state"": ""DC"", ""zip"": ""20001"", ""county"": ""Orange"", ""street_type"": ""Cir"", ""latitude"": 34.4293, ""longitude"": -96.3124}",Married,Retail Associate,Foster Corp,Humana,POL-725350,GRP-1687,281,2018-01-31,2019-04-27,172,65,22.0,Non-Smoker,Occasional,"Peanuts, Shellfish, Pollen","Hypertension, Psoriasis","Lisinopril, Apixaban, Bupropion, Losartan",Thyroidectomy,"Alzheimer's, Arthritis",English,Hispanic or Latino,Active,12,ManualEntry
1971,Christopher,Flores,1962-09-02,F,O+,christopher.flores@email.example.com,(338) 459-4776,Ryan Hughes,(213) 619-7561,"{""line1"": ""5751 Willow Dr"", ""apt"": """", ""city"": ""San Jose"", ""state"": ""CA"", ""zip"": ""95101""}",Single,Data Analyst,Campbell Corp,,,,170,2021-12-03,,172,76,,Former Smoker,Moderate,Codeine,Osteoarthritis,None,None,None,Russian,White,Inactive,10,ManualEntry
1975,Genesis,DAVIS,1952-08-26,Female,O+,genesis.davis@email.example.com,(959) 302-9931,Emily Parker,(866) 691-5203,"{""line1"": ""6935 Pine St"", ""apt"": "", # 11"", ""city"": ""Dallas"", ""state"": ""TX"", ""zip"": ""75201"", ""latitude"": 39.1272, ""county"": ""King"", ""street_type"": ""St""}",Married,Nurse,Griffin Corp,MetLife,POL-680439,GRP-4867,477,2019-08-17,2022-06-29,161,55,21.2,Non-Smoker,Heavy,"Latex, Penicillin, Shellfish",,Jardiance,None,"Heart Disease, Diabetes, Heart Disease",English,Other,Inactive,15,ManualEntry
1976,Pamela,Long,1980-08-27,Female,O+,pamela.long@email.example.com,(478) 782-7704,Henry Peterson,(898) 623-3226,"{""line1"": ""5609 Poplar St"", ""apt"": "", Apt 38"", ""city"": ""Long Beach"", ""state"": ""CA"", ""zip"": ""90801"", ""timezone"": ""America/New_York""}",Married,Manager,Rodriguez Corp,UnitedHealthcare,POL-715513,GRP-7581,217,2024-04-01,2024-08-25,168,89,31.5,Non-Smoker,Heavy,None,"Depression, Anemia, Asthma, Ulcerative Colitis",Pantoprazole,None,"Asthma, Stroke",Spanish,Two or More Races,Inactive,18,ManualEntry
1998,,Cruz,1964-09-25,Male,O+,frank.cruz@email.example.com,(688) 737-5073,Stephanie Flores,(827) 355-9555,"{""line1"": ""5397 Center St"", ""apt"": """", ""city"": ""Seattle"", ""state"": ""WA"", ""zip"": ""98101"", ""neighborhood"": ""Southside"", ""longitude"": -102.7822}",Separated,Firefighter,,Harvard Pilgrim,POL-876764,GRP-3202,262,2021-04-22,2022-05-04,177,59,18.8,Non-Smoker,Occasional,Sulfa,"Rheumatoid Arthritis, Anxiety Disorder",Loratadine,None,None,Cantonese,White,Active,25,ManualEntry
2007,Skylar,Reed,1983-06-29,Non-Binary,A+,skylar.reed@email.example.com,(943) 942-8536,Silas Martinez,(314) 622-5844,"{""line1"": ""3669 Hamilton Ct"", ""apt"": """", ""city"": ""Atlanta"", ""state"": ""GA"", ""zip"": ""30301""}",,Firefighter,White Corp,UnitedHealthcare,POL-527352,GRP-5057,269,2021-05-16,2022-03-20,158,62,24.8,Never Assessed,None,None,"Type 2 Diabetes, Hyperlipidemia, Coronary Artery Disease, Hypothyroidism","Apixaban, Acetaminophen, Aspirin, Jardiance",None,Cancer,Spanish,White,Active,8,ManualEntry
2020,Stephen,Diaz,2025-01-01,Male,O-,user@.com,(527) 456-9189,Emma Russell,(253) 313-1961,"{""line1"": ""753 Pine St"", ""apt"": "", Unit 20"", ""city"": ""Louisville"", ""state"": ""KY"", ""zip"": ""40201"", ""street_type"": ""Ave"", ""country"": ""USA"", ""delivery_notes"": ""Gate code: #1234"", ""latitude"": 40.3595}",Married,Dental Hygienist,Garcia Corp,Independence Blue Cross,POL-747128,GRP-8389,418,2019-03-12,2022-08-11,184,111,32.8,Non-Smoker,None,"None, Codeine","Migraine, Congestive Heart Failure, COPD, Psoriasis","Metformin, Levothyroxine",Total knee replacement,None,English,Black or African American,Active,22,ManualEntry
2023,Olivia,Wright,1974-08-17,Female,A+,not-an-email,(728) 353-3108,Olivia Marshall,(398) 656-5097,"{""line1"": ""1120 Pleasant St"", ""apt"": "", Suite 27"", ""city"": ""Philadelphia"", ""state"": ""PA"", ""zip"": ""19101"", ""latitude"": 44.2852}",Married,Data Analyst,,Harvard Pilgrim,POL-623930,GRP-8915,219,2025-02-25,2027-01-23,167,88,31.6,Never Assessed,None,"Peanuts, Pollen, Latex",,"Insulin glargine, Aspirin",None,Hypertension,English,White,active,22,ManualEntry
2028,Heather,Long,1980-08-24,Female,O+,heather.long@email.example.com,(861) 481-2578,Adam Harrison,(772) 350-6518,"{""line1"": ""2434 Beechwood Ave"", ""apt"": """", ""city"": ""Philadelphia"", ""state"": ""PA"", ""zip"": ""19101"", ""timezone"": ""America/Los_Angeles"", ""street_type"": ""St"", ""longitude"": -96.0268}",Married,Pilot,,Humana,POL-479326,,202,2020-07-25,2023-08-22,166,48,17.4,Non-Smoker,None,Shellfish,,"Spironolactone, Albuterol",None,"Arthritis, None, Stroke",English,White,Active,8,ManualEntry
2034,Catherine,Simpson,1971-11-08,Female,A-,catherine.simpson@email.example.com,(567) 558-4113,Susan Anderson,(851) 218-4520,"{""line1"": ""2002 Union Ave"", ""apt"": "", # 18"", ""city"": ""Colorado Springs"", ""state"": ""CO"", ""zip"": ""80901"", ""neighborhood"": ""Midtown"", ""street_type"": ""Pl"", ""latitude"": 40.2684}",Married,Dental Hygienist,James Corp,Harvard Pilgrim,POL-218998,GRP-1299,324,2024-06-05,2026-08-21,156,heavy,25.9,Non-Smoker,None,"Shellfish, Sulfa","GERD, Osteoarthritis","Gabapentin, Duloxetine",Cholecystectomy,None,English,Hispanic or Latino,Active,24,ManualEntry
2042,William,Ortiz,2000-08-02,Male,B+,user@.com,(857) 767-8819,Dennis Harrison,(222) 882-6656,"{""line1"": ""3720 Church St"", ""apt"": """", ""city"": ""Louisville"", ""state"": ""KY"", ""zip"": ""40201"", ""latitude"": 46.867, ""country"": ""USA"", ""county"": ""Dallas"", ""street_type"": ""Blvd""}",Divorced,HR Specialist,West Corp,Harvard Pilgrim,POL-143997,GRP-8676,190,2023-08-20,2027-07-22,172,84,28.4,Non-Smoker,None,Dust,"Chronic Fatigue, Atrial Fibrillation, Congestive Heart Failure, Anemia",Loratadine,None,"DM, HTN, CAD",Spanish,White,Active,9,ManualEntry
2043,sarah,Diaz,2000-08-20,Female,O+,sarah.diaz@email.example.com,(589) 434-9145,Jackson White,(375) 718-7287,"{""line1"": ""8216 Magnolia Way"", ""apt"": """", ""city"": ""Boston"", ""state"": ""MA"", ""zip"": ""02101"", ""latitude"": 43.0671, ""neighborhood"": ""Northside""}",Divorced,---,Gray Corp,Oscar Health,POL-780682,GRP-8129,131,2022-01-21,,171,86,29.4,Former Smoker,None,None,"Hypothyroidism, Rheumatoid Arthritis, Hyperlipidemia",None,"Appendectomy 2018, Cholecystectomy 2020",None,English,Asian,Active,2,ManualEntry
2044,Ezra,Gonzalez,1981-10-03,Male,O+,ezra.gonzalez@email.example.com,(401) 786-4989,Lincoln Patterson,(395) 588-4337,"{""line1"": ""602 Market St"", ""apt"": "", Apt 46"", ""city"": ""Minneapolis"", ""state"": ""MN"", ""zip"": ""55401""}",Married,Consultant,Thompson Corp,Centene,POL-582811,GRP-2091,462,2023-03-18,2026-02-26,175,69,22.5,Non-Smoker,Heavy,"Pollen, Peanuts, Codeine","Migraine, Coronary Artery Disease, Osteoarthritis, Chronic Kidney Disease","Metoprolol, Fluticasone","Carpal tunnel release, Angioplasty with stent",None,English,Asian,Active,20,ManualEntry
2046,Brenda,Tucker,2005-09-20,Mle,A+,brenda.tucker@email.example.com,(683) 411-5789,Julie Stevens,(565) 480-2214,"{""line1"": ""8289 Ninth St"", ""apt"": """", ""city"": ""El Paso"", ""state"": ""TX"", ""zip"": ""79901"", ""timezone"": ""America/Denver"", ""latitude"": 26.314, ""neighborhood"": ""Suburbs""}",Married,Insurance Agent,Alvarez Corp,Highmark,POL-241121,GRP-3174,166,2024-07-21,2025-03-31,162,103,39.2,Non-Smoker,None,"Dust, Codeine, Peanuts",Congestive Heart Failure,Eliquis,None,"Arthritis, Hypertension, Stroke",Spanish,Hispanic or Latino,Active,18,ManualEntry
2054,Jose,Lewis,1996-05-25,Male,AB+,jose.lewis@email.example.com,(837) 652-6979,Amanda Wilson,(225) 875-2360,"{""line1"": ""5451 Washington Ave"", ""apt"": """", ""city"": ""Nashville"", ""state"": ""TN"", ""zip"": ""37201"", ""neighborhood"": ""Southside"", ""country"": ""USA""}",Married,Bank Teller,Foster Corp,Independence Blue Cross,POL-554390,GRP-5233,380,2018-11-10,2022-01-23,184,89,26.3,Non-Smoker,Occasional,"Sulfa, None, Peanuts",,!@#$%^&*(),None,"Arthritis, None, Hypertension",Vietnamese,Asian,Active,4,ManualEntry
2075,Stella,Flores,1994-07-15,Female,A+,stella.flores@email.example.com,(405) 226-9522,Ella Edwards,(223) 317-7167,"{""line1"": ""9489 Broadway"", ""apt"": "", # 8"", ""city"": ""Fort Worth"", ""state"": ""TX"", ""zip"": ""76101"", ""latitude"": 35.436, ""timezone"": ""America/Chicago"", ""street_type"": ""Rd"", ""longitude"": -86.6082}",Single,Military,Ortiz Corp,Oscar Health,POL-287350,GRP-3854,52,2019-02-18,2022-07-02,165,46,16.9,Non-Smoker,Moderate,"NSAIDs, Sulfa, Dust",Irritable Bowel Syndrome,"Prednisone, Lisinopril",None,None,Mandarin,White,Active,22,ManualEntry
2080,Ella,Porter,1966-01-05,Female,O+,ella.porter@email.example.com,(328) 408-2438,Sandra Campbell,(629) 914-6310,"{""line1"": ""4714 Birch St"", ""apt"": """", ""city"": ""Memphis"", ""state"": ""TN"", ""zip"": ""38101"", ""neighborhood"": ""Uptown"", ""delivery_notes"": ""Deliver to reception"", ""county"": ""Orange""}",Married,Construction Worker,,Anthem,POL-143468,GRP-4702,473,2024-06-10,2026-06-02,158,70,28.0,Never Assessed,Occasional,"NSAIDs, None, Latex","Osteoporosis, Anemia, Psoriasis",Bupropion,None,None,English,White,Inactive,22,ManualEntry
2093,Alexander,Reyes,2004-09-23,Male,O+,,(668) 745-7131,Jason Chavez,(715) 341-3133,"{""line1"": ""3550 Adams Way"", ""apt"": """", ""city"": ""Omaha"", ""state"": ""NE"", ""zip"": ""68101""}",Married,Writer,,Geisinger,POL-699101,GRP-1317,283,2021-08-08,2022-03-13,181,99,30.2,Non-Smoker,None,"None, Latex, Pollen",,"Levothyroxine, Furosemide, Gabapentin",None,None,Arabic,Hispanic or Latino,Deceased,4,ManualEntry
2097,Skylar,Nelson,2025-06-15,Female,O+,skylar.nelson@email.example.com,(550) 309-5192,Nathan White,(264) 472-8317,"{""line1"": ""7341 Main St"", ""apt"": "", Apt 6"", ""city"": ""San Diego"", ""state"": ""CA"", ""zip"": ""92101"", ""country"": ""USA"", ""longitude"": -78.2428, ""latitude"": 47.1569}",Single,Student,Fisher Corp,,,,270,2019-03-01,2022-12-10,170,86,29.8,Non-Smoker,Moderate,"Pollen, Shellfish",,None,Total hip replacement,"None, Hypertension",Vietnamese,White,Inactive,20,ManualEntry
2111,Tyler,Peterson,1960-05-06,Male,A+,tyler.peterson@email.example.com,(682) 233-1061,Brian Kelly,(836) 446-3444,"{""line1"": ""8648 Franklin Blvd"", ""apt"": """", ""city"": ""Tulsa"", ""state"": ""OK"", ""zip"": ""74101"", ""longitude"": -88.7323, ""street_type"": ""Cir""}",Divorced,Logistics Coordinator,,,POL-721602,GRP-2535,350,2024-06-06,2024-06-06,164,42,15.6,Current Smoker,None,"Sulfa, Dust","Rheumatoid Arthritis, Sleep Apnea, Ulcerative Colitis, Anxiety Disorder",Prednisone,None,"Arthritis, Asthma, Stroke",English,White,Active,2,ManualEntry
2116,Harold,Morgan,1800-01-01,Male,A+,harold.morgan@email.example.com,(890) 417-3572,Nancy Gibson,(952) 658-8505,"{""line1"": ""3952 Oak Ave"", ""apt"": """", ""city"": ""Dallas"", ""state"": ""TX"", ""zip"": ""75201"", ""longitude"": -104.648, ""neighborhood"": ""Suburbs"", ""latitude"": 43.3179}",Single,Real Estate Agent,Carter Corp,Geisinger,POL-751263,GRP-2728,434,,2025-02-07,162,79,30.1,Non-Smoker,None,None,"Hyperlipidemia, Migraine","Bupropion, Aspirin, Ibuprofen",None,"Arthritis, None, Alzheimer's",Spanish,Hispanic or Latino,Active,1,ManualEntry
2117,Susan,Roberts,1995-04-02,Female,O-,susan.roberts@email.example.com,(523) 288-6292,Emily Morales,(849) 320-5665,"{""line1"": ""6176 Lincoln Blvd"", ""apt"": """", ""city"": ""Los Angeles"", ""state"": ""CA"", ""zip"": ""90001""}",Married,UnemPloyed,Butler Corp,CareFirst,POL-229146,GRP-6612,418,2018-10-12,2020-03-27,164,108,40.2,Never Assessed,Occasional,None,"Hypothyroidism, GERD, Atrial Fibrillation, Osteoarthritis",None,None,None,Vietnamese,Asian,Inactive,22,ManualEntry
2120,Bruce,Hall,1955-07-10,Male,AB-,bruce.hall@email.example.com,(567) 890-3066,Miles Howard,(881) 248-4161,"{""line1"": ""5424 Seventh St"", ""apt"": """", ""city"": ""Phoenix"", ""state"": ""AZ"", ""zip"": ""85001"", ""timezone"": ""America/Denver"", ""latitude"": 45.0386, ""landmark"": ""Near City Hall""}",Married,Retail Associate,,Independence Blue Cross,POL-540356,GRP-6375,204,2021-07-07,2024-05-27,178,82,25.9,Non-Smoker,None,"PENICILLIN, SULFA",Crohn's Disease,"Duloxetine, Atorvastatin",None,"Asthma, Diabetes",English,White,Active,16,ManualEntry
2141,Thomas,Evans,1989-06-11,Male,B+,thomas.evans@email.example.com,(222) 673-2608,Janet Rivera,(664) 957-8897,"{""line1"": ""2050 Magnolia Way"", ""apt"": "", Suite 44"", ""city"": ""Philadelphia"", ""state"": ""PA"", ""zip"": ""19101"", ""longitude"": -97.5066, ""latitude"": 35.5437}",,Construction Worker,Ellis Corp,Anthem,POL-293774,GRP-6621,368,2018-09-22,2022-03-13,172,77,26.0,Never Assessed,None,None,"Ulcerative Colitis, Osteoarthritis, Congestive Heart Failure, Chronic Fatigue",unknown,None,None,English,White,Active,23,ManualEntry
2149,William,Davis,2002-08-23,Male,O+,william.davis@email.example.com,(994) 246-6341,Bruce Baker,(877) 357-5464,"{""line1"": ""8449 First St"", ""apt"": "", Apt 33"", ""city"": ""Omaha"", ""state"": ""NE"", ""zip"": ""68101"", ""latitude"": 30.3555, ""timezone"": ""America/Chicago"", ""landmark"": ""Near Hospital""}",Separated,Unemployed,Young Corp,,,,489,2019-01-25,2019-12-18,179,99,30.9,Never Assessed,Moderate,"Pollen, Dust, Peanuts",,"Atorvastatin, Meloxicam",None,None,Cantonese,White,Active,1,ManualEntry
2150,Benjamin,Wells,1986-08-18,Male,O+,benjamin.wells@email.example.com,(705) 671-1770,Brandon Thomas,(902) 498-9492,"{""line1"": ""4294 Forest Ave"", ""apt"": """", ""city"": ""Miami"", ""state"": ""FL"", ""zip"": ""33101"", ""country"": ""USA""}",married,Military,Roberts Corp,Anthem,POL-491338,GRP-7589,5,2024-11-06,2027-07-30,183,60,17.9,Non-Smoker,Occasional,None,"Coronary Artery Disease, Anxiety Disorder",None,None,"Arthritis, Cancer, Heart Disease",English,White,Active,3,ManualEntry
2157,Jennifer,COLLINS,1965-06-04,Female,O+,jennifer.collins@email.example.com,(967) 962-3940,Carol Crawford,(613) 300-5216,"{""line1"": ""746 Broadway"", ""apt"": """", ""city"": ""Sacramento"", ""state"": ""CA"", ""zip"": ""94201"", ""delivery_notes"": ""Gate code: #1234"", ""timezone"": ""America/New_York""}",Married,Project Manager,Mitchell Corp,Blue Cross Blue Shield,POL-688648,GRP-8180,444,2025-02-15,2027-12-31,165,70,25.7,Current Smoker,Occasional,"None, Peanuts, Pollen",,Ibuprofen,"Gastric bypass, C-section",Cancer,Spanish,Asian,Active,4,ManualEntry
2163,Elijah,Griffin,1959-07-07,Male,A+,elijah.griffin@email.example.com,(486) 267-8335,Gary Wright,(324) 309-9725,"{""line1"": ""5517 Third St"", ""apt"": """", ""city"": ""Houston"", ""state"": ""TX"", ""zip"": ""77001"", ""latitude"": 34.378, ""neighborhood"": ""East Side"", ""street_type"": ""Dr""}",Separated,Chef,Marshall Corp,Anthem,POL-511359,GRP-9648,1,2022-10-13,2026-02-18,184,90,26.6,Non-Smoker,None,"Pollen, Latex, Penicillin",N/A,"Warfarin, Spironolactone",None,Alzheimer's,English,Other,Active,7,ManualEntry
2166,Maria,Evans,2004-07-02,Female,O+,maria.evans@email.example.com,(641) 703-8243,Bobby Sanders,(561) 207-6706,"{""line1"": ""6665 Church St"", ""apt"": """", ""city"": ""Austin"", ""state"": ""TX"", ""zip"": ""73301"", ""street_type"": ""Rd"", ""timezone"": ""America/New_York""}",Married,Police Officer,Lewis Corp,Humana,POL-ABC,GRP-3216,173,2023-05-20,2025-11-01,162,109,normal,Non-Smoker,Moderate,"Codeine, Shellfish, Penicillin",Osteoporosis,Bupropion,ACL reconstruction,None,Spanish,Black or African American,Active,2,ManualEntry
2169,Amanda,Adams,2004-07-16,Female,A+,amanda.adams@email.example.com,(934) 596-6627,John Smith,(651) 800-3766,"{""line1"": ""9940 Sunset Dr"", ""apt"": "", Unit 21"", ""city"": ""Virginia Beach"", ""state"": ""VA"", ""zip"": ""23450""}",Divorced,Military,Rodriguez Corp,CareFirst,POL-465513,GRP-9960,425,2025-04-02,2028-05-21,169,104,36.4,Non-Smoker,None,None,"Anemia, Congestive Heart Failure, GERD","Eliquis, Hydrochlorothiazide, Gabapentin, Warfarin",None,"Alzheimer's, Cancer",Cantonese,Hispanic or Latino,Active,25,ManualEntry
2172,Lisa,Nguyen,1998-11-19,Female,A+,lisa.nguyen@email.example.com,(769) 593-1307,Jeffrey King,(288) 900-9734,"{""line1"": ""3924 Hickory St"", ""apt"": "", Unit 4"", ""city"": ""Los Angeles"", ""state"": ""CA"", ""zip"": ""90001"", ""street_type"": ""St"", ""county"": ""Orange""}",Married,Manager,,Oscar Health,POL-482297,GRP-9871,21,2020-07-09,2023-03-23,186,66,19.1,Former Smoker,Occasional,"Peanuts, None, Shellfish",Type 2 Diabetes,"Apixaban, Prednisone, Celecoxib",None,None,English,White,Active,12,ManualEntry
2174,Joyce,Diaz,1800-01-01,Female,O+,joyce.diaz@email.example.com,(495) 748-8216,Daniel Marshall,(904) 570-1937,"{""line1"": ""3151 Ninth St"", ""apt"": "", # 9"", ""city"": ""San Francisco"", ""state"": ""CA"", ""zip"": ""94101"", ""delivery_notes"": ""Leave at door"", ""county"": ""Harris"", ""longitude"": -95.0927}",Divorced,Unemployed,Murray Corp,,,,287,tomorrow,2028-10-29,-10,75,26.0,Non-Smoker,Occasional,None,Crohn's Disease,"Eliquis, Albuterol",Appendectomy,None,Spanish,White,Active,5,ManualEntry
2175,Harrison,Hunter,1979-06-29,Male,O+,harrison.hunter@email.example.com,(591) 939-8592,Carolyn Murray,(444) 913-2017,"{""line1"": ""923 Walnut Ave"", ""apt"": """", ""city"": ""Austin"", ""state"": ""TX"", ""zip"": ""73301"", ""street_type"": ""Ln"", ""landmark"": ""Adjacent to Library"", ""country"": ""USA""}",Married,Electrician,Hunter Corp,Highmark,POL-135443,GRP-1316,481,2022-10-30,2026-04-03,174,52,17.2,,Sometimes,"Pollen, Sulfa",,None,None,Cancer,English,caucasian,Active,2,ManualEntry
2181,12345,Long,2003-04-14,Female,O-,ella.long@email.example.com,(820) 208-2668,Jeffrey Mitchell,(662) 374-4024,"{""line1"": ""6209 Monroe Dr"", ""apt"": """", ""city"": ""Fort Worth"", ""state"": ""TX"", ""zip"": ""76101""}",Separated,Nurse,,Cigna,POL-334169,GRP-5123,121,2018-10-06,2021-07-19,149,66,29.7,Non-Smoker,Heavy,None,"Fibromyalgia, Eczema",Acetaminophen,None,"Heart Disease, Cancer, None",English,White,Active,25,ManualEntry
2196,Henry,Hughes,1992-01-09,Male,A-,henry.hughes@email.example.com,(787) 863-7782,Kenneth Long,(885) 215-1795,"{""line1"": ""622 Market St"", ""apt"": "", # 10"", ""city"": ""Kansas City"", ""state"": ""MO"", ""zip"": ""64101"", ""neighborhood"": ""Midtown""}",Married,Manager,Lopez Corp,Tufts Health Plan,POL-384475,GRP-1296,381,2021-08-27,2025-08-10,174,124,,Former Smoker,Occasional,"Shellfish, Latex, Dust",,Metformin,Total hip replacement,Arthritis,English,White,Deceased,11,ManualEntry
2198,12345,Sanders,1981-08-12,Female,O+,debra.sanders@email.example.com,(351) 363-3957,Donna Simmons,(361) 273-2724,"{""line1"": ""5133 Washington Ave"", ""apt"": """", ""city"": ""Louisville"", ""state"": ""KY"", ""zip"": ""40201"", ""country"": ""USA"", ""floor_number"": 39, ""neighborhood"": ""Southside"", ""latitude"": 34.5608}",Divorced,Student,,Oscar Health,,GRP-6546,481,2024-05-08,2027-03-02,152,68,29.4,Non-Smoker,Occasional,None,COPD,Ozempic,ACL reconstruction,"Hypertension, Stroke",English,Black or African American,Active,2,ManualEntry
2200,Amanda,Nelson,1800-01-01,Female,O+,amanda.nelson2@email.example.com,(713) 796-1645,Pamela Patterson,(511) 440-6083,"{""line1"": ""9960 Highland Ave"", ""apt"": "", Unit 41"", ""city"": ""Oakland"", ""state"": ""CA"", ""zip"": ""94601"", ""country"": ""USA"", ""longitude"": -109.981, ""county"": ""San Diego""}",Married,Consultant,Collins Corp,Harvard Pilgrim,POL-399282,GRP-4312,460,2023-03-13,2027-02-23,156,89,36.6,Former Smoker,,"Sulfa, None, Shellfish",,"Amlodipine, Omeprazole","Cataract surgery, Coronary artery bypass grafting",None,English,Hispanic or Latino,Active,15,ManualEntry
2202,Jason,Harrison,1964-03-17,Male,A+,jason.harrison@email.example.com,(598) 573-3155,Timothy Diaz,(730) 976-1264,"{""line1"": ""5496 Market St"", ""apt"": """", ""city"": ""New York"", ""state"": ""NY"", ""zip"": ""10001"", ""country"": ""USA""}",Single,Firefighter,Richardson Corp,Oscar Health,POL-832972,GRP-9901,177,2024-03-10,2025-08-21,164,79,29.4,Non-Smoker,None,None,,"Fluticasone, Celecoxib, Furosemide",None,"Alzheimer's, Asthma",English,Black or African American,Active,20,ManualEntry
2203,Genesis,Alexander,2002-09-03,Female,A+,genesis.alexander@email.example.com,(932) 916-6226,Hannah Harris,,"{""line1"": ""2627 Center St"", ""apt"": "", # 35"", ""city"": ""Washington"", ""state"": ""DC"", ""zip"": ""20001"", ""timezone"": ""America/Los_Angeles"", ""neighborhood"": ""West Side"", ""street_type"": ""Ct""}",Married,Student,,Health Net,POL-325043,GRP-6240,401,2019-10-30,2019-10-30,159,112,44.3,Non-Smoker,None,"Latex, None","Chronic Fatigue, Depression",None,None,Heart Disease,Spanish,White,Active,16,ManualEntry
2204,Pamela,Young,1965-11-26,Female,A+,pamela.young1@email.example.com,(923) 719-3170,Eric Diaz,(415) 384-5970,"{""line1"": ""1963 Oak Ave"", ""apt"": """", ""city"": ""New York"", ""state"": ""NY"", ""zip"": ""10001"", ""floor_number"": 6, ""longitude"": -96.4513, ""country"": ""USA"", ""delivery_notes"": ""Leave at door""}",Single,Consultant,Bailey Corp,,,,214,2023-05-30,2026-05-06,155,75,31.2,Non-Smoker,Occasional,NSAIDs,"Hyperlipidemia, Ulcerative Colitis, Anxiety Disorder","Clopidogrel, Meloxicam, Ozempic","Hysterectomy, Tonsillectomy, Spinal fusion",Arthritis,Spanish,White,Active,19,ManualEntry
2217,Donna,Mitchell,1992-05-30,Female,A+,donna.mitchell@email.example.com,(751) 380-6479,Lauren Clark,(485) 717-3081,"{""line1"": ""5800 Sycamore Ave"", ""apt"": """", ""city"": ""Dallas"", ""state"": ""TX"", ""zip"": ""75201"", ""neighborhood"": ""Southside"", ""timezone"": ""America/Chicago"", ""county"": ""Queens""}",Divorced,Logistics Coordinator,AAAAAAAAAAAAAAAAAAAAAAAAAAAAAAAAAAAAAAAAAAAAAAAAAAAAAAAAAAAAAAAAAAAAAAAAAAAAAAAAAAAAAAAAAAAAAAAAAAAAAAAAAAAAAAAAAAAAAAAAAAAAAAAAAAAAAAAAAAAAAAAAAAAAAAAAAAAAAAAAAAAAAAAAAAAAAAAAAAAAAAAAAAAAAAAAAAAAAAAA,Humana,POL-920342,GRP-1209,1,2024-04-16,,160,87,34.0,Former Smoker,Moderate,"Sulfa, Pollen","Hypertension, COPD, Asthma, Congestive Heart Failure",None,"Total knee replacement, Colectomy",None,Spanish,Hispanic or Latino,Active,7,ManualEntry
2226,Samuel,Ortiz,1966-02-08,Male,A+,samuel.ortiz@email.example.com,(323) 844-2932,Linda Smith,(215) 294-8871,"{""line1"": ""3650 Washington Ave"", ""apt"": """", ""city"": ""Albuquerque"", ""state"": ""NM"", ""zip"": ""87101"", ""latitude"": 28.7086, ""county"": ""King"", ""country"": ""USA"", ""longitude"": -103.0464}",Single,Bank Teller,,Independence Blue Cross,POL-980046,GRP-4032,,2020-05-15,2020-10-29,167,41,14.7,Non-Smoker,Occasional,"Shellfish, Sulfa, Peanuts",Hyperlipidemia,"Cetirizine, Meloxicam, Losartan, Eliquis",None,"Heart Disease, Asthma, Stroke",Spanglish,White,Active,,ManualEntry
2231,Deborah,Kim,1982-05-20,Female,A+,,(415) 425-8968,999-999-9999,(776) 872-2136,"{""line1"": ""3863 Oak Ave"", ""apt"": """", ""city"": ""San Diego"", ""state"": ""CA"", ""zip"": ""92101"", ""latitude"": 42.8654, ""street_type"": ""Ct"", ""county"": ""Miami-Dade"", ""longitude"": -119.3848, ""timezone"": ""America/Denver""}",,Teacher,White Corp,,,,102,2021-02-06,2022-01-14,157,92,37.3,Current Smoker,Heavy,"Peanuts, Latex, Shellfish","Anemia, Rheumatoid Arthritis, Depression","Hydrochlorothiazide, Metoprolol, Clopidogrel","ACL reconstruction, Vasectomy, Hernia repair",None,English,White,Active,21,ManualEntry
2240,Benjamin,Wilson,1961-12-10,Male,AB,benjamin.wilson@email.example.com,(805) 371-4057,Melissa Rivera,(347) 914-5074,"{""line1"": ""1235 Main St"", ""apt"": """", ""city"": ""San Francisco"", ""state"": ""CA"", ""zip"": ""94101"", ""county"": ""Harris"", ""street_type"": ""Rd""}",Married,Military,Hill Corp,Cigna,POL-378336,GRP-4771,459,2021-10-03,2022-06-30,170,79,27.3,Current Smoker,Moderate,Pollen,Psoriasis,None,None,None,Mandarin,Hispanic or Latino,Active,7,ManualEntry
2243,Ella,Myers,2003-10-16,Female,A-,ella.myers1@email.example.com,(796) 353-9796,Madelyn Adams,(826) 950-9981,"{""line1"": ""8374 Maple Dr"", ""apt"": """", ""city"": ""San Jose"", ""state"": ""CA"", ""zip"": ""95101"", ""country"": ""USA"", ""delivery_notes"": ""Gate code: #1234""}",Married,Lawyer,,Bright Health,POL-381059,GRP-4424,214,2023-07-27,2026-11-24,166,75,27.2,Current Smoker,Moderate,NSAIDs,"Congestive Heart Failure, Osteoarthritis, Hypothyroidism, Type 2 Diabetes","Acetaminophen, Meloxicam",None,"Arthritis, Asthma, Cancer",English,Asian,Active,19,ManualEntry
2244,Julie,Davis,1955-11-03,Female,A+,julie.davis@email.example.com,(236) 204-2630,Adam Turner,(517) 694-7331,"{""line1"": ""9831 Lincoln Blvd"", ""apt"": "", Suite 35"", ""city"": ""Nashville"", ""state"": ""TN"", ""zip"": ""37201"", ""latitude"": 25.969, ""timezone"": ""America/New_York""}",Single,Unemployed,Ortiz Corp,Aetna,POL-581679,GRP-2526,192,2025-01-08,2028-08-30,168,94,33.3,Non-Smoker,None,"Penicillin, Peanuts","Crohn's Disease, Anxiety Disorder, Asthma","Eliquis, Gabapentin, Warfarin, Acetaminophen",None,"Arthritis, Alzheimer's, Heart Disease",Mandarin,Hispanic or Latino,Inactive,22,ManualEntry
2249,Debra,Cole,1985-02-10,Female,O+,debra.cole@email.example.com,(416) 260-6185,Megan Phillips,(925) 523-7612,"{""line1"": ""8199 Market St"", ""apt"": """", ""city"": ""Houston"", ""state"": ""TX"", ""zip"": ""77001"", ""timezone"": ""America/Los_Angeles""}",Separated,Pharmacist,,MetLife,POL-579160,GRP-3534,420,2024-05-24,2024-11-11,179,88,27.5,Non-Smoker,Moderate,None,,Lisinopril,None,None,Spanish,Black or African American,Active,11,ManualEntry
2250,Cynthia,Gonzales,1989-07-10,Female,O+,cynthia.gonzales@email.example.com,(348) 676-1778,Adam Edwards,(953) 725-2572,"{""line1"": ""8496 Willow Dr"", ""apt"": """", ""city"": ""Los Angeles"", ""state"": ""CA"", ""zip"": ""90001"", ""neighborhood"": ""Midtown"", ""latitude"": 26.265, ""longitude"": -120.9795}",Married,Writer,Crawford Corp,Independence Blue Cross,POL-603532,GRP-3178,452,2019-04-12,2020-02-15,157,97,39.4,Never Assessed,Occasional,"Codeine, Penicillin",,None,None,"Cancer, Alzheimer's",English,White,Active,5,ManualEntry
2257,Victor,Torres,1979-05-29,Male,A-,victor.torres@email.example.com,(204) 654-5194,Richard Alvarez,(872) 375-7301,"{""line1"": ""2262 Cedar Ln"", ""apt"": "", Unit 18"", ""city"": ""Portland"", ""state"": ""OR"", ""zip"": ""97201"", ""county"": ""King""}",Widowed,Real Estate Agent,Watson Corp,Oscar Health,POL-844644,GRP-5599,69,2023-06-22,2024-11-19,174,72,23.8,Non-Smoker,Moderate,None,,Aspirin,None,"Heart Disease, Hypertension",Spanglish,White,Active,11,ManualEntry
2262,Chloe,Tucker,1972-08-21,Female,AB,chloe.tucker@email.example.com,(442) 473-9802,N/A,(550) 349-7614,"{""line1"": ""4441 Sunset Dr"", ""apt"": "", Apt 6"", ""city"": ""San Jose"", ""state"": ""CA"", ""zip"": ""95101"", ""country"": ""USA""}",Married,Engineer,Perry Corp,Centene,POL-935249,GRP-7718,362,2025-03-14,2028-12-09,154,62,26.1,Never Assessed,Former,None,"Irritable Bowel Syndrome, Chronic Fatigue, Anxiety Disorder, Anemia",Fluticasone,"Total knee replacement, Hernia repair",None,Korean,White,Inactive,16,ManualEntry
2268,Oliver,Flores,2001-02-24,Male,O+,oliver.flores@email.example.com,(798) 811-2279,Gary Collins,(265) 764-3945,"{""line1"": ""9283 Washington Ave"", ""apt"": "", Suite 22"", ""city"": ""Philadelphia"", ""state"": ""PA"", ""zip"": ""19101"", ""street_type"": ""Cir""}",Married,Lawyer,Webb Corp,Aetna,POL-774327,GRP-2816,20,2020-11-07,2022-05-01,172,76,25.7,Non-Smoker,Heavy,Penicillin,"COPD, Crohn's Disease","Levothyroxine, Eliquis","Carpal tunnel release, Angioplasty with stent","Stroke, Arthritis, Asthma",Spanish,White,Inactive,23,ManualEntry
,Genesis,Parker,2004-04-24,Female,A+,genesis.parker@email.example.com,(330) 671-2037,Penelope Harrison,(866) 482-8164,"{""line1"": ""3555 Tenth Ave"", ""apt"": "", Apt 24"", ""city"": ""Colorado Springs"", ""state"": ""CO"", ""zip"": ""80901"", ""neighborhood"": ""Historic District"", ""latitude"": 42.267, ""country"": ""USA""}",Single,Librarian,Ward Corp,Anthem,POL-983967,GRP-3602,488,2021-04-17,,168,96,34.0,Never Assessed,Occasional,None,"Asthma, Coronary Artery Disease","Hydrochlorothiazide, Ozempic, Gabapentin, Jardiance",None,None,Spanish,Hispanic or Latino,Active,11,ManualEntry
2275,,Gomez,1954-09-08,Female,A+,amanda.gomez@email.example.com,(306) 522-1000,Brian White,(362) 647-9986,"{""line1"": ""4113 Seventh St"", ""apt"": """", ""city"": ""Memphis"", ""state"": ""TN"", ""zip"": ""38101""}",Married,Project Manager,AAAAAAAAAAAAAAAAAAAAAAAAAAAAAAAAAAAAAAAAAAAAAAAAAAAAAAAAAAAAAAAAAAAAAAAAAAAAAAAAAAAAAAAAAAAAAAAAAAAAAAAAAAAAAAAAAAAAAAAAAAAAAAAAAAAAAAAAAAAAAAAAAAAAAAAAAAAAAAAAAAAAAAAAAAAAAAAAAAAAAAAAAAAAAAAAAAAAAAAA,CareFirst,POL-368121,GRP-8187,203,2018-12-20,2022-05-14,145,59,28.1,Never Assessed,None,"Shellfish, None, NSAIDs",GERD,Metformin,None,None,Mandarin,White,Active,8,ManualEntry
2282,Karen,Clark,1800-01-01,Female,A+,user@.com,(593) 610-4088,Ethan James,(458) 758-1903,"{""line1"": ""2012 Cypress Dr"", ""apt"": "", Suite 25"", ""city"": ""Sacramento"", ""state"": ""CA"", ""zip"": ""94201"", ""country"": ""USA"", ""neighborhood"": ""Uptown"", ""street_type"": ""Dr"", ""latitude"": 47.5698}",Single,Pharmacist,Flores Corp,Cigna HealthCare,POL-601502,GRP-7819,260,2018-07-31,2019-04-12,154,83,35.0,,Occasional,"NSAIDs, Sulfa, Peanuts","Asthma, Ulcerative Colitis","Atorvastatin, Sertraline, Fluticasone, Warfarin",None,Stroke,Spanish,Black or African American,Active,8,ManualEntry
2293,Brenda,Ramos,1994-11-12,Female,A+,brenda.ramos@email.example.com,(813) 946-8627,Larry Simmons,(911) 284-1915,"{""line1"": ""5537 Elm St"", ""apt"": "", # 49"", ""city"": ""Miami"", ""state"": ""FL"", ""zip"": ""33101""}",Single,Business Owner,Cole Corp,Molina Healthcare,POL-377568,GRP-5478,313,2023-08-11,2024-07-29,158,96,38.5,Non-Smoker,Occasional,Codeine,,Prednisone,"Vasectomy, Mastectomy","Asthma, None",English,White,Active,1,ManualEntry
2294,Kelly,Robinson,1953-10-28,Female,A+,kelly.robinson1@email.example.com,(428) 654-8940,Ethan Bailey,(987) 960-4448,"{""line1"": ""8300 Lincoln Blvd"", ""apt"": """", ""city"": ""El Paso"", ""state"": ""TX"", ""zip"": ""79901"", ""latitude"": 28.3728}",Single,Firefighter,Foster Corp,Geisinger,POL-986535,G1234,346,2022-06-28,2025-08-15,152,115,49.8,Former Smoker,Occasional,"Dust, Codeine",,None,None,None,Korean,Black or African American,Active,1,ManualEntry
2297,Hannah,Scott,1974-01-30,F,A+,hannah.scott1@email.example.com,(435) 806-6392,James Anderson,(907) 903-6935,"{""line1"": ""6882 Cypress Dr"", ""apt"": """", ""city"": ""Raleigh"", ""state"": ""NC"", ""zip"": ""27601"", ""county"": ""King"", ""neighborhood"": ""Suburbs"", ""floor_number"": 41}",Separated,UnemPloyed,Myers Corp,,POL-519496,GRP-7340,465,2020-08-20,2022-01-24,172,85,28.7,Current Smoker,None,"Penicillin, None, NSAIDs",,Cetirizine,None,Diabetes,French,White,Active,13,ManualEntry
2299,Roger,Phillips,2003-08-02,Male,O-,roger.phillips@email.example.com,(296) 532-6947,Evelyn Foster,(398) 407-3812,"{""line1"": ""5320 Center St"", ""apt"": """", ""city"": ""San Diego"", ""state"": ""CA"", ""zip"": ""92101"", ""street_type"": ""Dr"", ""latitude"": 47.8843, ""county"": ""Sacramento"", ""longitude"": -80.7828}",Separated,Data Analyst,West Corp,UnitedHealthcare,POL-116158,GRP-2124,389,2024-04-23,2025-07-28,174,40,13.2,Non-Smoker,2 beers/week,"Codeine, Shellfish, Sulfa","Osteoarthritis, Asthma, Anxiety Disorder, Chronic Kidney Disease","Warfarin, Clopidogrel",Laminectomy,"Cancer, Arthritis",English,Asian,Active,12,ManualEntry
2301,Stella,Garcia,1993-01-27,Female,A+,stella.garcia@email.example.com,(797) 811-3823,Victoria Hernandez,(235) 453-6799,"{""line1"": ""4212 Magnolia Way"", ""apt"": """", ""city"": ""Fort Worth"", ""state"": ""TX"", ""zip"": ""76101"", ""latitude"": 33.0558, ""floor_number"": 7, ""county"": ""San Diego"", ""street_type"": ""Ln""}",Married,Retail Associate,Kelly Corp,Harvard Pilgrim,POL-590459,GRP-7795,125,2025-03-13,2026-05-14,160,75,29.3,Never Assessed,Moderate,NSAIDs,,Albuterol,None,"Stroke, Diabetes, Arthritis",English,White,,4,ManualEntry
2309,Eric,Garcia,1985-11-25,Male,O+,eric.garcia@email.example.com,(384) 706-5038,Gary Russell,(875) 221-9063,"{""line1"": ""503 Sycamore Ave"", ""apt"": "", Apt 37"", ""city"": ""Tampa"", ""state"": ""FL"", ""zip"": ""33601"", ""neighborhood"": ""East Side"", ""timezone"": ""America/New_York""}",Single,Librarian,Campbell Corp,Bright Health,POL-611784,GRP-7089,147,2018-02-10,2019-05-03,173,55,18.4,Current Smoker,None,"None, Latex, Shellfish","Chronic Kidney Disease, Osteoarthritis, Osteoporosis",None,None,"Stroke, Cancer, Hypertension",,White,Active,19,ManualEntry
2311,Gary,Long,1982-02-19,Male,O+,gary.long@email.example.com,(836) 567-3524,Angela Owens,(653) 899-7418,"{""line1"": ""2209 Cypress Dr"", ""apt"": """", ""city"": ""Cleveland"", ""state"": ""OH"", ""zip"": ""44101""}",Married,Graphic Designer,Wallace Corp,Blue Cross Blue Shield,POL-415742,GRP-1231,309,2021-12-30,2022-08-11,181,61,-5,Non-Smoker,Occasional,"Shellfish, Pollen, Codeine",,None,"Rotator cuff repair, Thyroidectomy, Colectomy",Heart Disease,English,Black or African American,Active,17,ManualEntry
2313,Rebecca,Foster,1957-10-27,Female,B+,rebecca.foster@email.example.com,(249) 786-5496,Scott Brooks,(236) 418-2720,"{""line1"": ""8384 Monroe Dr"", ""apt"": "", Unit 30"", ""city"": ""Louisville"", ""state"": ""KY"", ""zip"": ""40201"", ""country"": ""USA"", ""neighborhood"": ""East Side""}",Married,Physical Therapist,Jordan Corp,,,,391,2021-08-21,2022-11-28,174,90,29.7,Non-Smoker,Sometimes,"Sulfa, Penicillin, Pollen",,None,None,"Hypertension, Asthma, Stroke",Vietnamese,,Active,25,ManualEntry
2317,Steven,Allen,2004-09-22,Male,O+,steven.allen@email.example.com,(793) 698-6446,Albert Hayes,(542) 636-8981,"{""line1"": ""3067 Ninth St"", ""apt"": """", ""city"": ""Dallas"", ""state"": ""TX"", ""zip"": ""75201"", ""timezone"": ""America/New_York"", ""country"": ""USA"", ""street_type"": ""Cir"", ""latitude"": 47.916, ""landmark"": ""Close to University""}",Separated,Insurance Agent,Moore Corp,Atena,POL-785688,GRP-2423,242,2019-05-03,,174,58,19.2,Non-Smoker,Occasional,Pollen,,"Hydrochlorothiazide, Gabapentin, Furosemide","Spinal fusion, Tonsillectomy","Alzheimer's, Heart Disease",English,Black or African American,Active,19,ManualEntry
2328,Megan,Myers,1986-09-29,Female,B+,megan.myers@email.example.com,(870) 303-6594,Thomas Mitchell,(711) 351-1250,"{""line1"": ""2174 Forest Ave"", ""apt"": """", ""city"": ""Denver"", ""state"": ""CO"", ""zip"": ""80201"", ""neighborhood"": ""Historic District"", ""latitude"": 43.6646, ""timezone"": ""America/Denver""}",Single,Student,,Blue Cross,POL-224939,GRP-6555,28,2021-09-03,2024-08-07,174,0,22.8,Current Smoker,None,"Sulfa, Dust, Latex",,"Omeprazole, Amlodipine, Celecoxib, Apixaban",None,"Heart Disease, Diabetes, Heart Disease",French,White,Active,5,ManualEntry
2345,Scarlett,Clark,1967-10-23,Female,O+,scarlett.clark@email.example.com,(440) 728-9341,,(262) 373-7475,"{""line1"": ""3632 Lincoln Blvd"", ""apt"": """", ""city"": ""Tucson"", ""state"": ""AZ"", ""zip"": ""85701"", ""county"": ""Cook""}",Married,Logistics Coordinator,Webb Corp,,,,276,2021-11-15,2023-12-16,168,85,30.1,Non-Smoker,Occasional,None,"Irritable Bowel Syndrome, Crohn's Disease, GERD, Depression",Hydrochlorothiazide,None,"None, Diabetes, Stroke",English,Human,Active,19,ManualEntry
2350,Henry,Flores,1971-03-25,Male,A+,henry.flores@email.example.com,(743) 716-4236,Melissa Rodriguez,(821) 331-9483,"{""line1"": ""197 Highland Ave"", ""apt"": "", # 46"", ""city"": ""Fort Worth"", ""state"": ""TX"", ""zip"": ""76101"", ""latitude"": 43.9297, ""country"": ""USA"", ""timezone"": ""America/Los_Angeles""}",Single,Dental Hygienist,Simmons Corp,Kaiser Permanente,POL-676862,GRP-2696,228,2024-04-22,2028-02-03,9999,97,32.0,Non-Smoker,Heavy,"None, Sulfa",,Warfarin,None,"Arthritis, None, Diabetes",English,Asian,Active,2,ManualEntry
2355,Camila,###,1976-11-14,Female,A+,camila.hall@email.example.com,(536) 316-6017,Justin Ward,(221) 422-2778,"{""line1"": ""3694 Second Ave"", ""apt"": """", ""city"": ""Dallas"", ""state"": ""TX"", ""zip"": ""75201""}",Married,Student,N/A,Aetna,POL-291855,GRP-7541,438,2023-10-16,2026-09-06,151,67,29.4,Current Smoker,Heavy,"Codeine, Sulfa, None","Psoriasis, Migraine","Gabapentin, Cyclobenzaprine",None,Alzheimer's,Spanish,White,Active,9,ManualEntry
2357,Douglas,Tucker,2099-06-15,Male,O+,douglas.tucker@email.example.com,(444) 899-5566,Aurora Reyes,(543) 358-9473,"{""line1"": ""Unknown"", ""city"": ""Unknown"", ""state"": ""NA"", ""zip"": ""00000""}",Divorced,Manager,Jackson Corp,Centene,POL-137802,GRP-3425,491,2019-09-27,2022-06-19,175,76,24.8,Current Smoker,Moderate,"Peanuts, Latex, Penicillin","Sleep Apnea, Hypertension","Hydrochlorothiazide, Insulin glargine, Losartan","Cataract surgery, Appendectomy","Cancer, Stroke, Asthma",English,White,Active,13,ManualEntry
2376,Chloe,Harris,2099-06-15,Female,O-,chloe.harris@email.example.com,(776) 614-2704,Sharon Wallace,(777) 200-5085,"{""line1"": ""2378 Spring St"", ""apt"": """", ""city"": ""Las Vegas"", ""state"": ""NV"", ""zip"": ""89101"", ""neighborhood"": ""Waterfront"", ""timezone"": ""America/Los_Angeles"", ""country"": ""USA""}",Married,Artist,AAAAAAAAAAAAAAAAAAAAAAAAAAAAAAAAAAAAAAAAAAAAAAAAAAAAAAAAAAAAAAAAAAAAAAAAAAAAAAAAAAAAAAAAAAAAAAAAAAAAAAAAAAAAAAAAAAAAAAAAAAAAAAAAAAAAAAAAAAAAAAAAAAAAAAAAAAAAAAAAAAAAAAAAAAAAAAAAAAAAAAAAAAAAAAAAAAAAAAAA,Kaiser Permanente,POL-115924,GRP-9411,273,2018-10-04,2020-08-09,9999,76,30.1,Current Smoker,Occasional,"Latex, Sulfa, Pollen",,"Fluticasone, Tramadol",None,None,Korean,White,Active,11,ManualEntry
2377,Dennis,Harris,1995-12-12,Male,A+,dennis.harris@email.example.com,(262) 503-9904,Nora Ruiz,(963) 801-6175,"{""line1"": ""2317 Broadway"", ""apt"": "", Suite 40"", ""city"": ""Tampa"", ""state"": ""FL"", ""zip"": ""33601"", ""timezone"": ""America/New_York"", ""county"": ""Miami-Dade"", ""latitude"": 30.9794}",Single,Electrician,Garcia Corp,Blue Cross Blue Shield,POL-515762,GRP-7495,88,2021-10-26,2023-08-16,177,93,29.7,Current Smoker,Moderate,"Codeine, Dust, NSAIDs",,None,None,None,English,Hispanic or Latino,Inactive,19,ManualEntry
2392,Michael,Patterson,1995-10-29,Male,B+,michael.patterson@email.example.com,,Barbara Ramirez,(802) 503-4345,"{""line1"": ""7969 Elm St"", ""apt"": """", ""city"": ""Dallas"", ""state"": ""TX"", ""zip"": ""75201"", ""latitude"": 42.8986, ""delivery_notes"": ""Leave at door""}",Separated,Software Developer,,Anthem,POL-559264,GRP-9159,190,2020-09-02,2023-12-19,189,90,25.2,Non-Smoker,Occasional,"Sulfa, Dust",,Clopidogrel,Gastric bypass,"DM, HTN, CAD",English,Two or More Races,Active,9,ManualEntry
2397,Luna,Murray,1964-12-28,Female,A+,luna.murray@email.example.com,(924) 992-4619,Alexander Jimenez,(783) 880-9852,"{""line1"": ""3608 Second Ave"", ""apt"": """", ""city"": ""Las Vegas"", ""state"": ""NV"", ""zip"": ""89101""}",Married,Graphic Designer,Hunter Corp,Geisinger,POL-815969,GRP-5729,239,2020-06-05,2023-03-24,156,66,27.1,Former Smoker,Heavy,None,"Irritable Bowel Syndrome, Fibromyalgia, Osteoarthritis","Levothyroxine, Pantoprazole, Albuterol, Furosemide",Hemorrhoidectomy,"Hypertension, Asthma, None",,Black or African American,Inactive,12,ManualEntry
2400,adam,Gibson,1952-03-24,Male,A+,adam.gibson@email.example.com,(742) 291-3438,Zachary Williams,(575) 581-1790,"{""line1"": ""1176 Eighth Ave"", ""apt"": "", Apt 11"", ""city"": ""Denver"", ""state"": ""CO"", ""zip"": ""80201"", ""longitude"": -101.5651}",Separated,Logistics Coordinator,,Health Net,POL-383198,GRP-5940,85,2022-11-02,2024-04-02,178,84,26.5,Non-Smoker,Occasional,"None, Shellfish, Peanuts",,"Insulin glargine, Losartan","ACL reconstruction, Laminectomy","Cancer, Diabetes",Vietnamese,White,Active,10,ManualEntry
2405,Theodore,Hughes,2004-11-25,Male,O+,theodore.hughes@email.example.com,(280) 211-4329,Megan Wells,(237) 517-6102,"{""line1"": ""4127 Franklin Blvd"", ""apt"": """", ""city"": ""Virginia Beach"", ""state"": ""VA"", ""zip"": ""23450"", ""timezone"": ""America/Chicago""}",Married,Pilot,Martinez Corp,Atena,POL-936979,GRP-5238,204,2024-12-29,,170,79,27.3,Former Smoker,None,"None, Latex","Psoriasis, Congestive Heart Failure, Fibromyalgia, Osteoarthritis","Prednisone, Fluticasone, Meloxicam",None,"Stroke, None",English,Asian,Active,16,ManualEntry
2419,James,Webb,1952-05-28,Male,A-,james.webb@email.example.com,(487) 864-4724,Nicole Diaz,(638) 868-9461,"{""line1"": ""7923 Cherry Ln"", ""apt"": """", ""city"": ""Cleveland"", ""state"": ""OH"", ""zip"": ""44101"", ""latitude"": 29.6777, ""country"": ""USA""}",Married,Psychologist,Young Corp,Tufts Health Plan,POL-103928,GRP-8697,225,2021-12-21,2022-05-14,184,52,15.4,Never Assessed,Former,"None, Penicillin, NSAIDs","Ulcerative Colitis, Migraine",Hydrochlorothiazide,"Coronary artery bypass grafting, ACL reconstruction",None,Spanish,Hispanic or Latino,Active,19,ManualEntry
2424,Grace,Long,1974-06-19,Female,B+,grace.long1@email.example.com,(585) 306-1642,Theodore Tucker,(638) 328-6854,"{""line1"": ""9970 Union Ave"", ""apt"": """", ""city"": ""Tulsa"", ""state"": ""OK"", ""zip"": ""74101"", ""timezone"": ""America/Denver"", ""country"": ""USA"", ""street_type"": ""Pl"", ""neighborhood"": ""Northside""}",Single,Unemployed,,Blue Cross,POL-637221,GRP-4473,374,2024-04-13,2024-04-13,158,78,31.2,Non-Smoker,Heavy,"Dust, Shellfish, Penicillin",,None,None,Heart Disease,English,Black or African American,Active,18,ManualEntry
2430,Tyler,Taylor,1978-01-17,Male,O+,tyler.taylor@email.example.com,(398) 221-2949,999-999-9999,(729) 622-1455,"{""line1"": ""1659 Elm St"", ""apt"": "", # 31"", ""city"": ""San Diego"", ""state"": ""CA"", ""zip"": ""92101"", ""timezone"": ""America/Phoenix""}",Single,Professor,,Bright Health,POL-197361,GRP-1042,444,2023-11-10,2027-03-02,165,61,22.4,Former Smoker,Moderate,None,Chronic Fatigue,"Pantoprazole, Tramadol, Aspirin",C-section,Alzheimer's,English,White,Active,4,ManualEntry
2436,Eric,Gomez,1987-03-26,Male,AB+,eric.gomez@email.example.com,(582) 906-1868,Pamela Lee,(201) 683-6557,"{""line1"": ""2130 Seventh St"", ""apt"": "", Apt 3"", ""city"": ""Seattle"", ""state"": ""WA"", ""zip"": ""98101"", ""county"": ""Miami-Dade"", ""longitude"": -118.8487, ""street_type"": ""Ct""}",,Nurse,Watson Corp,Oscar Health,POL-212888,GRP-2006,481,2018-12-04,2019-06-14,186,44,12.7,Non-Smoker,Moderate,"Sulfa, Dust",Migraine,Meloxicam,None,"Heart Disease, Hypertension, Stroke",English,White,Active,2,ManualEntry
2437,Nicole,Long,1981-07-24,Female,O+,nicole.long3@email.example.com,(748) 570-2727,Jack Lee,(691) 768-9996,"{""line1"": ""3380 College Ave"", ""apt"": """", ""city"": ""Minneapolis"", ""state"": ""MN"", ""zip"": ""55401"", ""longitude"": -106.7811}",Married,Retail Associate,Bennett Corp,Oscar Health,POL-959952,GRP-8629,167,2021-03-29,2023-02-04,148,81,37.0,Non-Smoker,Occasional,"Dust, Pollen, None","Rheumatoid Arthritis, Crohn's Disease, Anemia, GERD","Furosemide, Pantoprazole, Bupropion","Laminectomy, Cholecystectomy, Meniscectomy",None,Mandarin,Asian,Active,14,ManualEntry
2442,Brandon,Morales,1986-09-09,Male,O+,brandon.morales@email.example.com,(206) 257-5425,Ruth Richardson,(748) 808-1216,"{""line1"": ""1379 Magnolia Way"", ""apt"": "", # 49"", ""city"": ""Milwaukee"", ""state"": ""WI"", ""zip"": ""53201"", ""delivery_notes"": ""Ring bell"", ""landmark"": ""Behind Metro Station"", ""latitude"": 27.2259, ""county"": ""Dallas""}",Married,Unemployed,Gomez Corp,Anthem,POL-209226,GRP-4620,424,2020-02-24,2021-09-10,169,74,25.9,Current Smoker,None,"Penicillin, Codeine, Peanuts",,"Insulin glargine, Hydrochlorothiazide",Appendectomy,"Alzheimer's, Hypertension",English,Hispanic or Latino,Active,7,ManualEntry
2444,Randy,Graham,,Male,O+,randy.graham@email.example.com,(622) 923-5441,Lisa Jenkins,(200) 628-1150,"{""line1"": ""8035 Second Ave"", ""apt"": """", ""city"": ""Fresno"", ""state"": ""CA"", ""zip"": ""93701"", ""county"": ""Orange"", ""landmark"": ""Behind Metro Station""}",Married,Electrician,,Molina Healthcare,POL-566246,GRP-5481,470,2023-05-15,2024-09-22,163,64,24.1,Non-Smoker,Occasional,"Peanuts, None, Dust",Fibromyalgia,"Fluticasone, Montelukast, Lisinopril, Cetirizine",None,Diabetes,Tagalog,Hispanic or Latino,Active,9,ManualEntry
2447,Luna,MARSHALL,1974-06-04,Female,O+,luna.marshall@email.example.com,(381) 760-8655,Michael Flores,(427) 711-9024,"{""line1"": ""366 Hamilton Ct"", ""apt"": """", ""city"": ""Atlanta"", ""state"": ""GA"", ""zip"": ""30301"", ""longitude"": -114.2599}",Separated,Project Manager,Simpson Corp,Molina Healthcare,POL-984022,GRP-1308,474,2022-05-14,2025-08-25,172,72,24.3,Never Assessed,Occasional,NSAIDs,Chronic Fatigue,"Clopidogrel, Meloxicam, Sertraline, Amlodipine",None,"Stroke, None",English,Black or African American,Active,7,ManualEntry
2452,Catherine,Reed,1999-04-04,Female,O+,catherine.reed@email.example.com,(641) 484-3692,Bruce Bailey,(502) 402-7408,"{""line1"": ""3620 Pine St"", ""apt"": """", ""city"": ""Long Beach"", ""state"": ""CA"", ""zip"": ""90801"", ""street_type"": ""Cir"", ""latitude"": 28.1357}",Widowed,Social Worker,Butler Corp,Geisinger,POL-210383,GRP-2438,314,01-01-2020,2027-07-22,164,73,27.1,Non-Smoker,Occasional,None,,"Celecoxib, Pantoprazole, Duloxetine",None,"Arthritis, Hypertension, Cancer",English,Black or African American,Active,1,ManualEntry
2457,Emma,Walker,1961-11-09,Mle,O+,emma.walker@email.example.com,(881) 295-2851,Patricia Foster,(483) 564-4618,"{""line1"": ""173 Sunset Dr"", ""apt"": """", ""city"": ""Memphis"", ""state"": ""TN"", ""zip"": ""38101"", ""neighborhood"": ""West Side"", ""street_type"": ""Rd""}",Separated,Electrician,,Oscar Health,POL-831741,GRP-5620,325,2020-10-03,2022-08-15,155,84,35.0,Former Smoker,Occasional,None,,None,"Mastectomy, Cataract surgery",None,English,White,Inactive,12,ManualEntry
2462,Lisa,Robinson,1986-07-21,Female,O+,lisa.robinson@email.example.com,(299) 288-1261,Brenda Morris,(731) 271-9671,"{""line1"": ""1996 Sixth Ave"", ""apt"": """", ""city"": ""Long Beach"", ""state"": ""CA"", ""zip"": ""90801"", ""neighborhood"": ""Midtown"", ""timezone"": ""America/Denver"", ""county"": ""Orange"", ""landmark"": ""Behind Metro Station""}",Married,Graphic Designer,Gibson Corp,Harvard Pilgrim,POL-784240,GRP-4190,463,2023-05-15,2025-05-21,152,73,31.6,Non-Smoker,Moderate,Codeine,,"Fluticasone, Eliquis, Clopidogrel, Jardiance",None,"Cancer, Arthritis",Tagalog,White,Inactive,12,ManualEntry
2464,Melissa,Turner,2005-05-05,Female,O+,melissa.turner@email.example.com,(826) 849-6685,Patrick Kim,(248) 690-8444,"{""line1"": ""464 Willow Dr"", ""apt"": "", Apt 25"", ""city"": ""Raleigh"", ""state"": ""NC"", ""zip"": ""27601"", ""latitude"": 46.3457, ""longitude"": -79.7283, ""county"": ""Sacramento"", ""country"": ""USA""}",Separated,Professor,Ford Corp,CareFirst,POL-442859,GRP-4944,360,2025-12-26,2028-08-04,153,72,30.8,Non-Smoker,None,Null,,"Metformin, Ozempic, Acetaminophen, Loratadine",None,"Stroke, Asthma, Hypertension",French,White,Active,10,ManualEntry
2465,William,Wood,1992-11-04,Male,A+,william.wood@email.example.com,(798) 960-2409,Jeffrey Hall,(802) 939-7788,"{""line1"": ""2400 Elm St"", ""apt"": "", # 29"", ""city"": ""Memphis"", ""state"": ""TN"", ""zip"": ""38101""}",Single,Construction Worker,,Aetna,POL-554523,GRP-5554,456,2020-09-11,2022-08-31,182,72,21.7,Former Smoker,None,"Sulfa, Peanuts, Shellfish",,"Cetirizine, Amlodipine, Atorvastatin, Lisinopril",None,Alzheimer's,Cantonese,White,Active,12,ManualEntry
2489,Savannah,Hughes,1963-10-27,Female,O+,savannah.hughes@email.example.com,(832) 939-6601,,(816) 761-7429,"{""line1"": ""1524 Fifth St"", ""apt"": """", ""city"": ""Memphis"", ""state"": ""TN"", ""zip"": ""38101"", ""longitude"": -93.8161, ""timezone"": ""America/Phoenix"", ""latitude"": 32.1303, ""country"": ""USA"", ""county"": ""San Diego""}",Married,UnemPloyed,Perry Corp,,,,151,01-01-2020,2022-06-06,157,86,34.9,Non-Smoker,Moderate,None,Rheumatoid Arthritis,Losartan,None,"None, Alzheimer's, Asthma",Arabic,White,Inactive,16,ManualEntry
2492,Christopher,Fisher,1993-10-17,Male,A-,christopher.fisher@email.example.com,(474) 552-2077,Caleb Chavez,(215) 936-2123,"{""line1"": ""8084 Magnolia Way"", ""apt"": """", ""city"": ""Tulsa"", ""state"": ""OK"", ""zip"": ""74101"", ""latitude"": 47.7396}",Single,Lawyer,,,,,261,2024-10-04,2026-04-23,-10,82,25.6,Former Smoker,None,"Penicillin, Codeine, Sulfa",COPD,"Insulin glargine, Jardiance, Ibuprofen, Loratadine",None,None,English,White,Active,20,ManualEntry
2516,Kathleen,West,1981-03-14,Female,A+,kathleen.west@email.example.com,(219) 967-9697,Albert Flores,(394) 870-8343,"{""line1"": ""9339 College Ave"", ""apt"": """", ""city"": ""Colorado Springs"", ""state"": ""CO"", ""zip"": ""80901"", ""street_type"": ""Way"", ""longitude"": -108.3142, ""neighborhood"": ""Historic District""}",Separated,Firefighter,,Health Net,POL-732054,,83,2023-04-03,2025-01-13,167,102,36.6,Non-Smoker,None,"Codeine, Pollen, NSAIDs","Chronic Kidney Disease, Anemia",Jardiance,None,Cancer,English,White,Active,11,ManualEntry
2517,Rebecca,Reynolds,1976-09-15,Female,A-,rebecca.reynolds@email.example.com,(807) 570-9829,Eric Howard,(319) 315-2082,"{""line1"": ""8714 Elm St"", ""apt"": """", ""city"": ""Jacksonville"", ""state"": ""FL"", ""zip"": ""32201"", ""street_type"": ""Ave"", ""neighborhood"": ""Waterfront""}",Single,Police Officer,,Oscar Health,POL-406510,GRP-7313,37,2020-10-06,2020-10-06,170,82,28.4,Non-Smoker,None,"Latex, Sulfa, Pollen",,None,Meniscectomy,None,Spanglish,White,Active,29,ManualEntry
2525,Evelyn,Miller,1997-05-19,Female,O+,evelyn.miller@email.example.com,(942) 613-6255,Virginia Rodriguez,(797) 813-6492,"{""line1"": ""6220 Magnolia Way"", ""apt"": """", ""city"": ""Los Angeles"", ""state"": ""CA"", ""zip"": ""90001""}",Married,Mechanic,Gonzales Corp,Harvard Pilgrim,POL-901124,GRP-7809,393,2023-03-28,,164,72,26.8,Non-Smoker,Occasional,"Codeine, Penicillin, None","Asthma, Chronic Kidney Disease, Hypothyroidism, Osteoporosis",Hydrochlorothiazide,None,"Hypertension, None, Cancer",Spanish,White,Active,17,ManualEntry
2542,Sarah,Hernandez,2002-03-18,F,O+,sarah.hernandez@email.example.com,(832) 227-7503,Christine Wright,(985) 231-5452,"{""line1"": ""1192 River Rd"", ""apt"": """", ""city"": ""Tucson"", ""state"": ""AZ"", ""zip"": ""85701""}",Separated,Chef,Edwards Corp,Aetna,POL-563730,GRP-8054,399,2023-06-13,2026-12-07,169,57,20.0,Never Assessed,None,"Dust, Peanuts, None",Hypothyroidism,"Fluticasone, Cyclobenzaprine, Warfarin",None,"Diabetes, None, Stroke",English,White,Active,1,ManualEntry
2545,Victor,Ford,1984-02-08,Male,O+,victor.ford@email.example.com,(469) 222-8701,Megan Allen,(590) 738-9263,"{""line1"": ""5700 Aspen Ct"", ""apt"": "", Unit 48"", ""city"": ""Mesa"", ""state"": ""AZ"", ""zip"": ""85201"", ""latitude"": 38.6283}",Single,Data Analyst,Brooks Corp,Bright Health,POL-510256,GRP-7493,196,01-01-2020,2023-04-28,174,89,29.4,Former Smoker,Moderate,"Peanuts, Sulfa, Shellfish",Atrial Fibrillation,Metoprolol,None,None,Tagalog,White,Active,10,ManualEntry
,,Gonzales,1995-08-27,Male,O+,jasper.gonzales@email.example.com,(952) 331-6019,Oliver Martinez,(791) 459-9473,"{""line1"": ""3273 Fifth St"", ""apt"": "", # 18"", ""city"": ""Denver"", ""state"": ""CO"", ""zip"": ""80201"", ""country"": ""USA""}",Married,Nurse,Butler Corp,Cigna,POL-446297,GRP-2840,429,2021-08-30,2023-10-16,165,81,29.8,Non-Smoker,Former,"Codeine, Penicillin",,"Aspirin, Prednisone",Spinal fusion,"Asthma, Cancer, Arthritis",French,White,Active,2,ManualEntry
2555,Carol,Adams,2099-06-15,Female,A+,carol.adams@email.example.com,(334) 559-1414,Ezra Miller,(727) 966-9664,"{""line1"": ""3097 Jefferson Ave"", ""apt"": """", ""city"": ""Nashville"", ""state"": ""TN"", ""zip"": ""37201"", ""longitude"": -104.4434, ""street_type"": ""Rd"", ""landmark"": ""Opposite Central Park"", ""county"": ""Harris""}",Married,Nurse,Evans Corp,Anthem,POL-799524,GRP-5288,306,2018-06-02,2019-12-22,172,79,normal,Never Assessed,Occasional,Latex,Eczema,None,None,Cancer,Spanish,White,Active,25,ManualEntry
2560,Michelle,Hughes,1952-12-23,Female,A+,michelle.hughes@email.example.com,(942) 413-7278,Emily Jimenez,(314) 797-4524,"{""line1"": ""9546 Magnolia Way"", ""apt"": """", ""city"": ""Colorado Springs"", ""state"": ""CO"", ""zip"": ""80901"", ""longitude"": -100.0233, ""county"": ""San Diego""}",Divorced,,,Molina Healthcare,POL-623629,GRP-7402,346,2018-10-18,2021-09-22,160,72,28.1,Non-Smoker,None,"Shellfish, Latex, None","Sleep Apnea, COPD",Spironolactone,None,Cancer,English,White,Active,1,ManualEntry
2569,Lincoln,Hicks,2004-05-11,Male,A+,lincoln.hicks@email.example.com,(265) 413-5621,David Simmons,(786) 527-2129,"{""line1"": ""3294 Spring St"", ""apt"": "", Apt 31"", ""city"": ""Louisville"", ""state"": ""KY"", ""zip"": ""40201""}",Married,Construction Worker,Nguyen Corp,MetLife,POL-196762,GRP-8871,124,2019-10-10,2022-12-17,187,60,17.2,Non-Smoker,Moderate,Null,,None,None,Asthma,Spanish,White,Active,18,ManualEntry
2577,Jessica,Davis,1971-06-25,Female,A-,jessica.davis@email.example.com,(848) 988-8424,Kyle Graham,(687) 601-5289,"{""line1"": ""3141 College Ave"", ""apt"": "", # 26"", ""city"": ""San Antonio"", ""state"": ""TX"", ""zip"": ""78201"", ""latitude"": 27.1865}",Divorced,Consultant,Chavez Corp,Anthem,POL-739185,GRP-5279,345,2020-06-09,2023-04-22,184,46,13.6,Never Assessed,Moderate,"None, NSAIDs, Peanuts","Osteoporosis, Atrial Fibrillation, Chronic Fatigue","Omeprazole, Hydrochlorothiazide, Ibuprofen, Sertraline",None,"Diabetes, Arthritis, Asthma",English,White,Active,21,ManualEntry
2594,Richard,Anderson,1980-08-05,Male,O-,user@.com,(207) 925-4132,Stella Reynolds,(356) 672-9094,"{""line1"": ""278 Third St"", ""apt"": """", ""city"": ""Jacksonville"", ""state"": ""FL"", ""zip"": ""32201""}",Married,Military,Gray Corp,CareFirst,POL-611756,GRP-9976,488,2025-04-06,2028-05-05,173,83,27.7,Former Smoker,None,"Latex, Pollen, Dust",,Bupropion,None,"Cancer, Asthma, Alzheimer's",Korean,White,Active,11,ManualEntry
2596,Richard,Simmons,1984-10-16,Male,B+,richard.simmons@email.example.com,(867) 545-7380,Nathan Anderson,(842) 821-1295,"{""line1"": ""7585 Broadway"", ""apt"": """", ""city"": ""Sacramento"", ""state"": ""CA"", ""zip"": ""94201"", ""longitude"": -90.1913, ""country"": ""USA""}",Single,Real Estate Agent,,Health Net,POL-483115,GRP-2384,499,2021-09-06,,170,77,26.6,Non-Smoker,None,"Peanuts, Dust, Codeine","Ulcerative Colitis, GERD, Chronic Kidney Disease, COPD",Pantoprazole,None,None,English,White,Active,15,ManualEntry
2606,Virginia,Flores,2005-05-24,Female,A+,virginia.flores1@email.example.com,(489) 337-5606,Brandon Simpson,(377) 400-4057,"{""line1"": ""9637 Center St"", ""apt"": "", Suite 36"", ""city"": ""Tampa"", ""state"": ""FL"", ""zip"": ""33601""}",Divorced,Dental Hygienist,,Kaiser Permanente,POL-329363,GRP-6265,35,2020-05-22,2021-12-10,159,86,34.0,Non-Smoker,None,Dust,COPD,"Aspirin, Furosemide",None,"Alzheimer's, Diabetes, None",Spanish,White,Inactive,10,ManualEntry
2613,Ethan,Wood,2000-05-05,Male,O+,ethan.wood@email.example.com,(878) 658-1153,John Russell,(346) 842-9370,"{""line1"": ""6285 Willow Dr"", ""apt"": """", ""city"": ""Chicago"", ""state"": ""IL"", ""zip"": ""60601"", ""neighborhood"": ""Southside""}",Single,UnemPloyed,,Cigna HealthCare,POL-980991,GRP-3168,38,2021-02-17,2023-03-07,174,66,21.8,Current Smoker,Occasional,"Latex, Penicillin, Shellfish",,None,Thyroidectomy,Arthritis,English,White,Active,19,ManualEntry
2614,Justin,Hughes,1995-11-25,Male,O+,justin.hughes@email.example.com,(275) 800-7555,Mason Kim,(993) 775-1022,"{""line1"": ""5737 Elm St"", ""apt"": """", ""city"": ""San Antonio"", ""state"": ""TX"", ""zip"": ""78201"", ""county"": ""Dallas"", ""timezone"": ""America/Phoenix""}",Divorced,Chef,Bennett Corp,Bright Health,POL-547907,GRP-3950,224,2024-08-23,2025-04-15,174,120,39.6,Never Assessed,None,Dust,"Psoriasis, Fibromyalgia","Cetirizine, Ibuprofen, Pantoprazole, Clopidogrel",None,"Stroke, Hypertension, Cancer",Spanish,White,Inactive,7,ManualEntry
2619,Laura,Bryant,1996-02-03,Female,A+,laura.bryant@email.example.com,(252) 235-2407,Gregory Wells,(216) 570-9426,"{""line1"": ""8918 Eighth Ave"", ""apt"": "", Apt 36"", ""city"": ""Los Angeles"", ""state"": ""CA"", ""zip"": ""90001"", ""latitude"": 43.9841, ""street_type"": ""Ct""}",Divorced,Flight Attendant,,Independence Blue Cross,POL-972205,GRP-1775,251,2021-12-30,2023-06-04,tall,90,32.7,Never Assessed,None,NSAIDs,,"Ibuprofen, Pantoprazole, Warfarin, Spironolactone",None,"None, Cancer, Heart Disease",English,White,Deceased ,19,ManualEntry
2628,Willie,Young,2002-04-05,Male,O-,willie.young@email.example.com,(460) 505-9504,Tyler Bailey,(332) 246-8368,"{""line1"": ""7771 River Rd"", ""apt"": "", # 19"", ""city"": ""Austin"", ""state"": ""TX"", ""zip"": ""73301"", ""county"": ""Miami-Dade"", ""longitude"": -95.9221, ""latitude"": 27.8939, ""country"": ""USA""}",Married ,,,,,,62,2018-08-28,,171,99,33.9,Never Assessed,None,"Latex, Shellfish, Peanuts","COPD, Depression","Ozempic, Metformin",None,"Diabetes, Hypertension, Stroke",Spanish,White,Active,8,ManualEntry
2630,Sandra,Gomez,2002-02-14,Female,A+,sandra.gomez@email.example.com,(611) 667-9510,Kevin Gomez,(446) 391-9049,"{""line1"": ""303 Ninth St"", ""apt"": "", Apt 35"", ""city"": ""Oakland"", ""state"": ""CA"", ""zip"": ""94601"", ""timezone"": ""America/Denver"", ""longitude"": -99.2008}",Single,Insurance Agent,Miller Corp,Molina Healthcare,POL-412185,GRP-6967,377,2023-04-20,2025-05-13,169,82,28.7,Non-Smoker,None,"Dust, Shellfish, None","Rheumatoid Arthritis, Osteoporosis",Metoprolol,none,"Cancer, Arthritis, Alzheimer's",English,White,Active,15,ManualEntry
2636,Ella,UNKNOWN,2004-03-20,Female,O-,ella.gonzales@email.example.com,(824) 739-9501,Virginia Cole,(555) 874-4291,"{""line1"": ""699 Tenth Ave"", ""apt"": "", Unit 18"", ""city"": ""Dallas"", ""state"": ""TX"", ""zip"": ""75201"", ""county"": ""Sacramento""}",Married,Flight Attendant,Lopez Corp,Centene,POL-310603,GRP-5644,160,2021-04-10,2024-04-02,160,48,18.8,Non-Smoker,Occasional,"Pollen, Shellfish, Peanuts","Depression, Chronic Kidney Disease","Clopidogrel, Albuterol","Meniscectomy, Tonsillectomy",Heart Disease,English,Hispanic or Latino,Active,11,ManualEntry
2642,Justin,Rodriguez,1970-07-18,Male,O+,justin.rodriguez1@email.example.com,(613) 970-2331,Kyle Brooks,(579) 501-2482,"{""line1"": ""1027 Ninth St"", ""apt"": "", Apt 2"", ""city"": ""Colorado Springs"", ""state"": ""CO"", ""zip"": ""80901"", ""latitude"": 37.6938, ""county"": ""Dallas"", ""timezone"": ""America/Chicago""}",Married,Pharmacist,Nelson Corp,Anthem,POL-535246,GRP-9233,289,2025-12-13,2027-09-14,162,77,29.3,,Heavy,"Codeine, Shellfish, Sulfa",Migraine,None,"Carpal tunnel release, Thyroidectomy","Cancer, Arthritis, None",,White,Active,11,ManualEntry
2644,Melissa,Sanchez,1970-11-21,Female,A+,melissa.sanchez@email.example.com,(877) 790-2322,Nathan Parker,(313) 470-6280,"{""line1"": ""4514 Third St"", ""apt"": """", ""city"": ""Atlanta"", ""state"": ""GA"", ""zip"": ""30301"", ""timezone"": ""America/Los_Angeles"", ""neighborhood"": ""East Side"", ""country"": ""USA""}",,Firefighter,Ward Corp,Bright Health,POL-916150,GRP-5627,336,2021-07-12,2025-02-10,169,93,32.6,Current Smoker,Heavy,"Latex, Dust","Coronary Artery Disease, Osteoporosis, Hypothyroidism, Chronic Fatigue",Insulin glargine,"Coronary artery bypass grafting, Meniscectomy",Diabetes,English,Hispanic or Latino,Inactive,6,ManualEntry
2646,Mason,Hamilton,1978-05-15,Male,A+,mason.hamilton@email.example.com,(202) 724-2059,Walter Robinson,(271) 497-4087,"{""line1"": ""7147 Sunset Dr"", ""apt"": """", ""city"": ""Sacramento"", ""state"": ""CA"", ""zip"": ""94201""}",Separated,Electrician,Rogers Corp,Humana,POL-749061,GRP-4130,340,2024-09-08,2026-08-28,172,64,21.6,Non-Smoker,2 beers/week,Peanuts,,None,None,"Diabetes, Alzheimer's, Asthma",English,Hispanic or Latino,Active,17,ManualEntry
2654,Dennis,RUIZ,1991-01-22,Male,O+,dennis.ruiz@email.example.com,(234) 276-9202,Richard Reyes,(543) 253-5341,"{""line1"": ""6958 Park Blvd"", ""apt"": """", ""city"": ""San Jose"", ""state"": ""CA"", ""zip"": ""95101"", ""timezone"": ""America/Chicago""}",Married,Engineer,,Blue Cross Blue Shield,POL-130010,GRP-1086,170,2018-10-14,2019-11-30,176,43,13.9,Non-Smoker,None,None,,Tramadol,None,"Cancer, Heart Disease",English,White,Active,10,ManualEntry
2658,Alexander,Hicks,1994-09-13,Male,O+,alexander.hicks1@email.example.com,(470) 285-6512,Roger Williams,(346) 954-7217,"{""line1"": ""8816 Park Blvd"", ""apt"": """", ""city"": ""Boston"", ""state"": ""MA"", ""zip"": ""02101"", ""street_type"": ""St"", ""neighborhood"": ""Uptown"", ""county"": ""King""}",Married,Psychologist,,Harvard Pilgrim,,GRP-8649,481,2024-11-03,2026-05-31,179,60,18.7,Non-Smoker,None,"Penicillin, Pollen","Rheumatoid Arthritis, Fibromyalgia",Insulin glargine,Total knee replacement,"Hypertension, Diabetes, Alzheimer's",Tagalog,White,Active,2,ManualEntry
2667,Katherine,Woods,1984-07-02,Female,A-,katherine.woods@email.example.com,(947) 759-8335,Russell Rogers,(466) 679-7284,"{""line1"": ""3149 Adams Way"", ""apt"": "", # 35"", ""city"": ""Mesa"", ""state"": ""AZ"", ""zip"": ""85201"", ""latitude"": 42.7469, ""county"": ""Dallas"", ""neighborhood"": ""Northside"", ""timezone"": ""America/Denver""}",Married,Architect,Watson Corp,CareFirst,POL-696719,GRP-8857,282,2023-07-08,2027-05-06,159,79,31.2,Non-Smoker,Moderate,None,"Eczema, Asthma, Anxiety Disorder","Aspirin, Acetaminophen, Ozempic, Warfarin",None,"Hypertension, Asthma, Stroke",English,Hispanic or Latino,Active,18,ManualEntry
2699,Victoria,Nguyen,1954-03-17,Female,A+,victoria.nguyen@email.example.com,(691) 649-5685,Steven Mendoza,(986) 341-5100,"{""line1"": ""5158 Elm St"", ""apt"": """", ""city"": ""Washington"", ""state"": ""DC"", ""zip"": ""20001"", ""longitude"": -75.1394, ""street_type"": ""Dr"", ""county"": ""Harris""}",Single,Electrician,,Geisinger,POL-508949,GRP-1221,446,2020-09-26,,168,111,39.3,Non-Smoker,None,"Peanuts, Penicillin, Latex","Chronic Kidney Disease, Hypothyroidism, Fibromyalgia","Hydrochlorothiazide, Montelukast, Fluticasone",None,"None, Heart Disease",English,White,Active,16,ManualEntry
2705,Richard,Murphy,1973-08-16,Male,A+,richard.murphy@email.example.com,(774) 921-4318,Terry Wells,(614) 577-9700,"{""line1"": ""8196 Highland Ave"", ""apt"": """", ""city"": ""Oklahoma City"", ""state"": ""OK"", ""zip"": ""73101"", ""latitude"": 27.5784, ""street_type"": ""Way"", ""county"": ""Harris"", ""landmark"": ""Behind Metro Station""}",Married,Veterinarian,Garcia Corp,Kaiser Permanente,POL-325706,GRP-5194,305,2023-12-26,2027-12-19,168,110,39.0,Non-Smoker,,"Pollen, NSAIDs, Codeine",Osteoporosis,"Eliquis, Tramadol, Cyclobenzaprine",None,Hypertension,Mandarin,White,Active,2,ManualEntry
2710,Catherine,Alexander,1993-02-04,Female,AB,catherine.alexander@email.example.com,(352) 509-7156,Sharon Harris,(959) 215-3377,"{""line1"": ""7730 Franklin Blvd"", ""apt"": """", ""city"": ""Tampa"", ""state"": ""FL"", ""zip"": ""33601"", ""street_type"": ""St"", ""neighborhood"": ""Waterfront"", ""county"": ""King""}",Married,Retired,,Oscar Health,POL-539126,GRP-3345,62,2022-04-13,2023-09-02,166,69,25.0,Current Smoker,Moderate,NSAIDs,"Fibromyalgia, Chronic Kidney Disease, Psoriasis, Atrial Fibrillation",Aspirin,Total hip replacement,,English,Black or African American,Active,8,ManualEntry
2717,Richard,Edwards,1994-04-05,Non-Binary,O+,richard.edwards@email.example.com,(911) 884-1256,Naomi Long,(210) 919-2670,"{""line1"": ""8885 Fourth Ave"", ""apt"": "", # 46"", ""city"": ""Colorado Springs"", ""state"": ""CO"", ""zip"": ""80901"", ""latitude"": 26.1293, ""timezone"": ""America/Los_Angeles"", ""street_type"": ""Dr"", ""longitude"": -114.102}",Single,Chef,Bennett Corp,Independence Blue Cross,POL-512877,GRP-5372,200,2021-02-09,2022-01-08,180,67,20.7,Former Smoker,Former,Dust,"Ulcerative Colitis, Hypertension","Meloxicam, Pantoprazole",None,"Stroke, Alzheimer's",English,Other,Active,1,ManualEntry
2722,Lawrence,Griffin,1996-11-04,Male,A+,lawrence.griffin1@email.example.com,(800) 598-8517,Julie Owens,(346) 796-8160,"{""line1"": ""7159 Center St"", ""apt"": """", ""city"": ""Oakland"", ""state"": ""CA"", ""zip"": ""94601"", ""timezone"": ""America/Chicago"", ""county"": ""Sacramento"", ""latitude"": 45.6246, ""floor_number"": 25}",Married,Business Owner,Hunter Corp,Geisinger,POL-724030,GRP-3310,59,2025-02-28,2027-04-21,177,74,23.6,Never Assessed,Moderate,Dust,"Sleep Apnea, Asthma, Depression",None,"Laminectomy, Spinal fusion",,English,Black or African American,Active,8,ManualEntry
2724,Oliver,Myers,1993-02-25,Male,o+,oliver.myers@email.example.com,(858) 674-2906,Joyce Price,(497) 876-5648,"{""line1"": ""6357 Willow Dr"", ""apt"": """", ""city"": ""Long Beach"", ""state"": ""CA"", ""zip"": ""90801"", ""street_type"": ""Way"", ""country"": ""USA""}",Married,Electrician,Sanchez Corp,Cigna HealthCare,POL-108690,GRP-4831,481,2020-02-23,2021-02-12,173,69,23.1,Non-Smoker,Heavy,Codeine,"Rheumatoid Arthritis, Hypothyroidism",Losartan,None,None,English,White,Deceased,2,ManualEntry
2736,Genesis,Ford,1976-06-16,Female,O+,genesis.ford@email.example.com,(879) 271-1502,Kyle Ortiz,(600) 528-5585,"{""line1"": ""1087 Lake Dr"", ""apt"": """", ""city"": ""Las Vegas"", ""state"": ""NV"", ""zip"": ""89101"", ""landmark"": ""Opposite Central Park""}",Divorced,Mechanic,Campbell Corp,Kaiser Permanente,POL-960570,GRP-6346,327,2025-02-24,2029-02-28,157,92,37.3,Current Smoker,Occasional,None,"Sleep Apnea, Coronary Artery Disease, COPD, Eczema",Celecoxib,None,"Arthritis, Alzheimer's, None",Mandarin,Asian,Inactive,9,ManualEntry
2742,Brenda,Owens,1989-10-27,Non-Binary,O+,,(200) 831-9050,Aaron Crawford,(533) 958-9245,"{""line1"": ""1595 Cherry Ln"", ""apt"": """", ""city"": ""Washington"", ""state"": ""DC"", ""zip"": ""20001""}",Single,Professor,Bailey Corp,Health Net,POL-348830,GRP-7841,27,01-01-2020,2027-11-07,166,65,23.6,Never Assessed,Moderate,"Penicillin, Peanuts, Shellfish","Type 2 Diabetes, Hypothyroidism, Fibromyalgia",!@#$%^&*(),None,None,Tagalog,White,Active,23,ManualEntry
2760,Megan,UNKNOWN,1992-07-13,Female,O+,megan.alvarez@email.example.com,(978) 617-9085,Riley Wallace,(932) 246-7823,"{""line1"": ""6455 Hickory St"", ""apt"": """", ""city"": ""Los Angeles"", ""state"": ""CA"", ""zip"": ""90001"", ""street_type"": ""Pl"", ""floor_number"": 30}",Married,Police Officer,Diaz Corp,Harvard Pilgrim,POL-417275,GRP-7528,262,2019-09-20,2022-12-15,172,71,24.0,Current Smoker,None,None,Depression,"Levothyroxine, Ozempic, Amlodipine, Montelukast",None,None,Tagalog,White,Active,25,ManualEntry
2765,Madelyn,Hall,1996-01-25,Female,O+,madelyn.hall@email.example.com,(342) 302-6427,Aurora Nelson,000-000-0000,"{""line1"": ""Unknown"", ""city"": ""Unknown"", ""state"": ""NA"", ""zip"": ""00000""}",Married,Professor,,Cigna HealthCare,POL-270076,GRP-2640,72,2018-05-02,,165,67,24.6,Former Smoker,Heavy,"Penicillin, Codeine, NSAIDs",Chronic Kidney Disease,"Cyclobenzaprine, Tramadol, Bupropion, Meloxicam","Hernia repair, Tonsillectomy","Alzheimer's, Stroke, Asthma",Spanish,White,Active,15,ManualEntry
2771,Harrison,Owens,1963-10-27,Male,O-,harrison.owens@email.example.com,(921) 414-6644,Nancy Rodriguez,(295) 846-2664,"{""line1"": ""8094 Hamilton Ct"", ""apt"": """", ""city"": ""Fort Worth"", ""state"": ""TX"", ""zip"": ""76101"", ""street_type"": ""Pl"", ""timezone"": ""America/Chicago""}",Widowed,Mechanic,Clark Corp,,,,61,2018-05-07,2022-04-21,177,72,23.0,never assessed,None,"Dust, Penicillin",,None,None,"Diabetes, Asthma",Spanish,White,Active,9,ManualEntry
2783,Catherine,Campbell,1996-03-12,Female,A+,catherine.campbell@email.example.com,(615) 874-9177,Linda Porter,(393) 235-9151,"{""line1"": ""3910 Adams Way"", ""apt"": """", ""city"": ""Raleigh"", ""state"": ""NC"", ""zip"": ""27601"", ""latitude"": 36.7491, ""longitude"": -88.5449, ""landmark"": ""Close to University"", ""street_type"": ""Pl""}",married,Chef,Diaz Corp,Tufts Health Plan,POL-283130,GRP-5150,410,2023-06-13,2026-10-24,152,81,35.1,Non-Smoker,Former,"Penicillin, Pollen",Hypothyroidism,,None,,English,White,Active,5,ManualEntry
2785,Savannah,Reyes,1985-04-08,Female,O+,savannah.reyes@email.example.com,(488) 970-8443,Stella Jackson,(389) 367-3254,"{""line1"": ""123 Main St"", ""longitude"": -102.8655, ""street_type"": ""Pl"", ""neighborhood"": ""Northside"", ""latitude"": 26.1348}",Married,Student,Kelly Corp,Anthem,POL-682802,GRP-9275,306,2022-01-15,2023-05-30,163,86,32.4,Non-Smoker,Moderate,"Codeine, Latex",Anxiety Disorder,"Omeprazole, Metoprolol, Duloxetine, Fluticasone","Appendectomy 2018, Cholecystectomy 2020",Diabetes,Arabic,White,Active,25,ManualEntry
2795,Nicole,Thompson,1989-11-16,Female,O+,nicole.thompson@email.example.com,(988) 524-4083,Evelyn Lewis,(469) 825-8492,"{""line1"": ""3435 Third St"", ""apt"": """", ""city"": ""Nashville"", ""state"": ""TN"", ""zip"": ""37201"", ""county"": ""Orange"", ""street_type"": ""Pl""}",Divorced,Student,Perry Corp,Harvard Pilgrim,POL-192776,GRP-2555,483,2024-09-26,2026-10-02,159,64,25.3,Non-Smoker,Occasional,"Codeine, Dust, Penicillin",COPD,Eliquis,Carpal tunnel release,"Asthma, Alzheimer's, Arthritis",Spanish,Hispanic or Latino,,12,ManualEntry
2803,Nathan,Castillo,1964-08-13,Male,O+,nathan.castillo@email.example.com,(531) 512-1298,,(351) 956-9035,"{""line1"": ""4021 Ninth St"", ""apt"": "", Suite 28"", ""city"": ""El Paso"", ""state"": ""TX"", ""zip"": ""79901"", ""longitude"": -107.2496, ""timezone"": ""America/Chicago"", ""country"": ""USA""}",Widowed,Writer,Long Corp,MetLife,POL-242247,GRP-6452,410,2022-07-11,1900-01-01,174,85,28.1,Current Smoker,Occasional,"Pollen, Codeine, NSAIDs",,"Jardiance, Metformin, Aspirin",Vasectomy,None,English,Black or African American,Active,5,ManualEntry
2811,Samuel,Rivera,2005-03-16,Male,B+,samuel.rivera@email.example.com,(885) 960-6449,Jeffrey Howard,(317) 477-1217,"{""line1"": ""7611 Second Ave"", ""apt"": """", ""city"": ""Charlotte"", ""state"": ""NC"", ""zip"": ""28201""}",Single,Software Developer,Ramos Corp,Molina Healthcare,POL-105109,GRP-5434,377,2020-05-21,2022-06-08,161,83,32.0,Non-Smoker,Moderate,"Shellfish, Pollen, Sulfa",N/A,None,Gastric bypass,"None, Diabetes, Stroke",English,White,Deceased ,15,ManualEntry
,Susan,Ramirez,1962-02-25,Female,AB+,susan.ramirez@email.example.com,(701) 786-7171,Miles Freeman,(568) 963-3651,"{""line1"": ""6107 Tenth Ave"", ""apt"": "", Apt 15"", ""city"": ""Columbus"", ""state"": ""OH"", ""zip"": ""43201"", ""street_type"": ""Ave"", ""latitude"": 33.1801, ""country"": ""USA"", ""timezone"": ""America/Chicago""}",Widowed,Student,West Corp,Tufts Health Plan,POL-644590,GRP-4521,255,2021-09-05,2022-02-05,162,82,31.2,Former Smoker,None,"Latex, Peanuts, Shellfish","Chronic Fatigue, Chronic Kidney Disease","Montelukast, Jardiance","Total hip replacement, C-section, Hernia repair",None,Spanish,White,Active,5,ManualEntry
2824,Bobby,Stevens,1950-12-16,Male,B+,bobby.stevens@email.example.com,(575) 451-2152,Lincoln Scott,(895) 810-8646,"{""line1"": ""5794 College Ave"", ""apt"": """", ""city"": ""Nashville"", ""state"": ""TN"", ""zip"": ""37201"", ""timezone"": ""America/Chicago"", ""neighborhood"": ""Midtown""}",Married,Psychologist,Gonzales Corp,Aetna,POL-147873,GRP-5886,264,2023-03-23,2024-03-20,167,0,18.6,,Occasional,"Peanuts, Pollen",,Celecoxib,None,"Cancer, None, Stroke",English,White,Active,2,ManualEntry
2830,david,Hughes,2004-03-14,Male,A+,david.hughes1@email.example.com,(543) 518-1896,Jackson Griffin,(874) 328-6737,"{""line1"": ""9997 First St"", ""apt"": """", ""city"": ""Memphis"", ""state"": ""TN"", ""zip"": ""38101"", ""timezone"": ""America/Denver"", ""street_type"": ""Ave"", ""neighborhood"": ""Waterfront"", ""county"": ""San Diego""}",Single,Dental Hygienist,,Kaiser Permanente,POL-353743,GRP-8295,131,2021-07-11,,172,77,26.0,Non-Smoker,None,None,"Eczema, Fibromyalgia, Depression","Cetirizine, Cyclobenzaprine, Atorvastatin, Pantoprazole",None,Diabetes,Cantonese,Black or African American,Active,2,ManualEntry
2835,Avery,Walker,1953-04-28,Female,A+,avery.walker@email.example.com,(743) 592-3319,Albert Gray,(580) 796-4485,"{""line1"": ""8885 Cedar Ln"", ""apt"": """", ""city"": ""Jacksonville"", ""state"": ""FL"", ""zip"": ""32201"", ""neighborhood"": ""Suburbs"", ""country"": ""USA""}",Separated,Administrative Assistant,N/A,,,,310,2019-12-12,1900-01-01,152,0,32.9,Non-Smoker,Occasional,"Pollen, Dust, NSAIDs",Chronic Fatigue,"Hydrochlorothiazide, Bupropion, Levothyroxine, Loratadine",None,"DM, HTN, CAD",Spanish,White,Active,15,ManualEntry
2836,James,Jordan,1978-10-25,Male,O+,james.jordan1@email.example.com,(774) 670-6292,Ethan Flores,(975) 597-3020,"{""line1"": ""1074 Union Ave"", ""apt"": """", ""city"": ""Jacksonville"", ""state"": ""FL"", ""zip"": ""32201"", ""street_type"": ""Ave"", ""longitude"": -80.1819, ""county"": ""Miami-Dade""}",Married,Student,,Highmark,POL-850537,GRP-8337,88,2022-05-29,2025-11-25,172,74,25.0,Non-Smoker,None,"Penicillin, Dust, NSAIDs","Type 2 Diabetes, Chronic Kidney Disease, Congestive Heart Failure, Coronary Artery Disease","Celecoxib, Bupropion",None,None,English,Black or African American,Active,19,ManualEntry
2842,Douglas,Sanchez,1998-10-18,Male,O+,douglas.sanchez@email.example.com,(223) 280-7501,Savannah Rivera,(358) 287-6061,"{""line1"": ""3083 Monroe Dr"", ""apt"": """", ""city"": ""Raleigh"", ""state"": ""NC"", ""zip"": ""27601"", ""latitude"": 31.4732, ""neighborhood"": ""Waterfront""}",Married ,Administrative Assistant,Howard Corp,Independence Blue Cross,POL-249629,GRP-6612,42,2018-06-19,,184,93,27.5,Current Smoker,None,None,"Hypothyroidism, Irritable Bowel Syndrome, Fibromyalgia",None,Angioplasty with stent,None,English,Black or African American,Active,12,ManualEntry
2850,James,James,1988-04-23,Male,O+,james.james@email.example.com,(549) 851-6417,Naomi Hughes,(275) 448-2076,"{""line1"": ""123 Main St"", ""neighborhood"": ""Uptown"", ""timezone"": ""America/Phoenix""}",Separated,Scientist,Price Corp,MetLife,POL-125338,GRP-6011,447,2023-02-26,,169,74,25.9,Non-Smoker,Occasional,"PENICILLIN, SULFA","Chronic Fatigue, Eczema, Osteoporosis, Hypothyroidism",None,"Angioplasty with stent, Total hip replacement",None,English,White,Active,1,ManualEntry
2852,Wesley,Mendoza,1983-01-26,Male,O+,wesley.mendoza@email.example.com,(756) 928-1373,Lisa Gomez,(427) 649-5087,"{""line1"": ""349 Union Ave"", ""apt"": """", ""city"": ""Albuquerque"", ""state"": ""NM"", ""zip"": ""87101"", ""country"": ""USA"", ""landmark"": ""Adjacent to Library"", ""longitude"": -85.1733, ""floor_number"": 17}",Single,Retail Associate,,Tufts Health Plan,POL-595224,GRP-3158,139,2024-12-13,2028-03-25,181,74,22.6,Non-Smoker,Moderate,"Pollen, None, Latex","Hyperlipidemia, GERD, Fibromyalgia",None,"Total hip replacement, Coronary artery bypass grafting",None,English,Asian,Active,13,ManualEntry
2857,Raymond,Nguyen,1986-10-15,Male,AB+,not-an-email,(530) 921-1283,Betty Edwards,(336) 546-6714,"{""line1"": ""4348 First St"", ""apt"": """", ""city"": ""Austin"", ""state"": ""TX"", ""zip"": ""73301"", ""neighborhood"": ""Midtown"", ""latitude"": 41.2458, ""county"": ""Orange""}",Widowed,Librarian,,Atena,POL-954241,GRP-6078,429,2025-02-02,2027-12-27,174,99,32.7,never assessed,Moderate,"None, Dust, Latex",Osteoporosis,"Fluticasone, Levothyroxine, Tramadol, Metoprolol","Coronary artery bypass grafting, Meniscectomy","Hypertension, Arthritis",Spanish,White,Active,2,ManualEntry
2866,Alexander,Jenkins,1965-01-31,Male,A+,alexander.jenkins@email.example.com,(948) 210-9718,Abigail Bailey,(263) 926-5796,"{""line1"": ""858 Hill St"", ""apt"": """", ""city"": ""San Jose"", ""state"": ""CA"", ""zip"": ""95101"", ""timezone"": ""America/New_York""}",Married,Retired,Bennett Corp,Geisinger,POL-276355,GRP-1039,336,2023-03-08,1900-01-01,192,98,26.6,Former Smoker,Heavy,None,Hyperlipidemia,"Amlodipine, Albuterol",None,Alzheimer's,French,White,Active,6,ManualEntry
2875,Camila,Kim,1991-08-22,Female,B-,camila.kim@email.example.com,(736) 514-5230,Ethan Bennett,John Smith,"{""line1"": ""9136 Hill St"", ""apt"": "", Apt 8"", ""city"": ""Fort Worth"", ""state"": ""TX"", ""zip"": ""76101""}",Married,Electrician,Baker Corp,Atena,POL-830344,GRP-1390,188,2023-03-28,2025-09-28,158,48,19.2,Never Assessed,None,"Codeine, Dust","Chronic Fatigue, Psoriasis, COPD","Lisinopril, Apixaban, Duloxetine, Cetirizine",None,"Hypertension, Stroke",English,White,Active,17,ManualEntry
2892,Rebecca,###,1988-04-05,Female,O+,rebecca.jackson@email.example.com,(414) 807-7087,Ruth Simmons,(513) 202-7307,"{""line1"": ""8349 Center St"", ""apt"": """", ""city"": ""Oakland"", ""state"": ""CA"", ""zip"": ""94601"", ""county"": ""Orange"", ""country"": ""USA"", ""timezone"": ""America/Los_Angeles"", ""floor_number"": 31}",Single,Flight Attendant,,Tufts Health Plan,POL-997642,GRP-1016,9,2025-03-27,2026-08-07,163,87,32.7,Non-Smoker,Heavy,None,,"Ozempic, Tramadol, Meloxicam, Fluticasone","Hysterectomy, Thyroidectomy, Cataract surgery",Heart Disease,Spanglish,Black or African American,Active,10,ManualEntry
2896,Joe,Alexander,1969-09-30,Male,O+,joe.alexander@email.example.com,(571) 836-3735,Ryan Ross,(280) 256-9027,"{""line1"": ""6631 River Rd"", ""apt"": "", Suite 31"", ""city"": ""Houston"", ""state"": ""TX"", ""zip"": ""77001"", ""latitude"": 38.4737, ""county"": ""Miami-Dade""}",,Sales Representative,Jordan Corp,Blue Cross Blue Shield,POL-433282,GRP-2622,72,2023-02-16,2024-04-11,179,99,30.9,Former Smoker,None,Codeine,"Depression, Hyperlipidemia","Celecoxib, Furosemide, Losartan","ACL reconstruction, Hemorrhoidectomy",None,English,Hispanic or Latino,Active,15,ManualEntry
2899,Victoria,Long,1957-10-16,Female,O+,victoria.long@email.example.com,(423) 910-4033,Susan Cruz,(538) 750-1919,"{""line1"": ""6132 Franklin Blvd"", ""apt"": """", ""city"": ""Nashville"", ""state"": ""TN"", ""zip"": ""37201"", ""longitude"": -79.5649}",Married,Architect,N/A,Atena,POL-368257,GRP-9789,402,2024-09-01,2025-06-15,158,103,41.3,Non-Smoker,Sometimes,"NSAIDs, Penicillin, Peanuts","Atrial Fibrillation, Depression, Anemia, Hypertension","Ibuprofen, Insulin glargine, Bupropion",Hysterectomy,"Cancer, Hypertension, Heart Disease",English,Hispanic or Latino,Active,16,ManualEntry
2901,Jose,Flores,2002-08-26,Male,O+,jose.flores@email.example.com,(371) 685-8692,Aiden Hunter,(898) 407-8610,"{""line1"": ""2071 First St"", ""apt"": "", Apt 32"", ""city"": ""Albuquerque"", ""state"": ""NM"", ""zip"": ""87101"", ""county"": ""Queens"", ""country"": ""USA""}",Married,Retired,Adams Corp,Kaiser Permanente,POL-319504,GRP-4119,323,2021-03-14,,170,90,31.1,Current Smoker,None,None,,"Omeprazole, Montelukast, Levothyroxine, Duloxetine",None,None,English,White,Inactive,25,ManualEntry
2905,Kenneth,Robinson,1973-03-11,Male,A-,kenneth.robinson@email.example.com,(616) 250-2025,Andrea Ortiz,(262) 462-4091,"{""line1"": ""Unknown"", ""city"": ""Unknown"", ""state"": ""NA"", ""zip"": ""00000""}",Divorced,Dental Hygienist,Myers Corp,Geisinger,POL-407880,GRP-5651,293,01-01-2020,2023-09-05,158,102,40.9,Former Smoker,Moderate,"Dust, NSAIDs, Latex","Asthma, Type 2 Diabetes, Sleep Apnea, Migraine","Atorvastatin, Lisinopril",None,"Cancer, Diabetes, Alzheimer's",ENGLISH,Two or More Races,Deceased,8,ManualEntry
2914,Roman,Thompson,1988-12-19,Male,A+,roman.thompson@email.example.com,(731) 667-2261,Samuel Allen,(905) 718-4618,"{""line1"": ""3940 Pleasant St"", ""apt"": "", # 25"", ""city"": ""Charlotte"", ""state"": ""NC"", ""zip"": ""28201"", ""longitude"": -112.7188}",Single,Architect,Cruz Corp,Humana,POL-890150,GRP-7786,146,2018-03-26,2020-12-28,178,112,35.3,Non-Smoker,Former,Sulfa,Irritable Bowel Syndrome,"Furosemide, Duloxetine, Ibuprofen","Hemorrhoidectomy, Colectomy","Stroke, Arthritis, Hypertension",Spanish,White,Inactive,13,ManualEntry
2915,Laura,Bailey,1951-03-17,Female,B+,laura.bailey@email.example.com,(716) 512-5763,Brenda Marshall,(652) 921-3605,"{""line1"": ""957 Cherry Ln"", ""apt"": """", ""city"": ""San Diego"", ""state"": ""CA"", ""zip"": ""92101"", ""latitude"": 34.2262, ""longitude"": -79.4797, ""county"": ""Sacramento"", ""timezone"": ""America/Los_Angeles"", ""country"": ""USA""}",married,Logistics Coordinator,Long Corp,Bright Health,POL-425950,GRP-6297,374,2022-03-03,2023-02-10,164,63,23.4,Non-Smoker,Moderate,"Latex, None, Sulfa",,"Albuterol, Furosemide, Meloxicam, Metoprolol",None,Diabetes,Arabic,Hispanic or Latino,Deceased,18,ManualEntry
,Mateo,Wright,1988-08-04,Male,O+,mateo.wright1@email.example.com,2125550199,Jose Campbell,(526) 698-6506,"{""line1"": ""9926 Pleasant St"", ""apt"": """", ""city"": ""Tampa"", ""state"": ""FL"", ""zip"": ""33601"", ""neighborhood"": ""Northside"", ""longitude"": -90.7621, ""latitude"": 29.831}",Divorced,Consultant,Thompson Corp,,,,209,2021-10-02,2022-04-10,176,80,25.8,Current Smoker,Occasional,"NSAIDs, Shellfish, Penicillin",,"Spironolactone, Cetirizine","Sleeve gastrectomy, Total hip replacement","Asthma, None",Arabic,White,Active,22,ManualEntry
2927,Debra,Lee,2025-01-01,Non-Binary,A+,debra.lee@email.example.com,(515) 377-7111,Abigail Cole,(490) 560-9850,"{""line1"": ""4949 Cherry Ln"", ""apt"": """", ""city"": ""Dallas"", ""state"": ""TX"", ""zip"": ""75201"", ""latitude"": 40.6491, ""neighborhood"": ""Uptown"", ""longitude"": -86.0583, ""street_type"": ""Ave"", ""timezone"": ""America/New_York""}",Widowed,Pharmacist,Flores Corp,Tufts Health Plan,POL-863550,GRP-4346,388,2024-07-28,2026-04-23,160,47,18.4,Never Assessed,Occasional,"Latex, None, Peanuts",,"Clopidogrel, Cyclobenzaprine",None,"None, Stroke, Diabetes",English,White,Active,4,ManualEntry
2930,Peter,Cox,01/15/1987,Male,B-,peter.cox@email.example.com,(640) 410-5231,Edward Powell,John Smith,"{""line1"": ""3665 Forest Ave"", ""apt"": "", Apt 16"", ""city"": ""Louisville"", ""state"": ""KY"", ""zip"": ""40201""}",Single,Writer,Graham Corp,Anthem,POL-293623,GRP-3068,318,2019-11-01,2023-02-23,184,65,19.2,Former Smoker,Moderate,Dust,Coronary Artery Disease,!@#$%^&*(),None,"Hypertension, Diabetes",English,White,Inactive,10,ManualEntry
,Theodore,Hamilton,1984-11-20,Male,B+,theodore.hamilton@email.example.com,,Elizabeth Taylor,(637) 949-1727,"{""line1"": ""8967 Hamilton Ct"", ""apt"": "", Apt 10"", ""city"": ""Boston"", ""state"": ""MA"", ""zip"": ""02101"", ""country"": ""USA""}",Widowed,Consultant,,Harvard Pilgrim,POL-778954,GRP-9775,114,2024-03-09,,164,40,14.9,Non-Smoker,Occasional,"Shellfish, Peanuts, Penicillin","Atrial Fibrillation, Psoriasis, Osteoarthritis, COPD",None,None,Hypertension,English,White,Active,19,ManualEntry
2938,Maria,Rodriguez,1969-11-10,Female,O+,maria.rodriguez@email.example.com,(204) 637-9433,John Wood,(895) 762-3450,"{""line1"": ""2465 Union Ave"", ""apt"": """", ""city"": ""Baltimore"", ""state"": ""MD"", ""zip"": ""21201"", ""longitude"": -97.7886, ""neighborhood"": ""East Side""}",Married,Chef,,Aetna,POL-759264,GRP-6849,135,2022-03-11,2022-04-19,172,51,17.2,Current Smoker,Occasional,"None, Peanuts, Sulfa",,Prednisone,"Vasectomy, Colectomy",None,English,Two or More Races,Active,25,ManualEntry
2942,Russell,Collins,2003-03-04,Male,O+,russell.collins@email.example.com,(252) 581-8001,Brandon Ward,(311) 872-6985,"{""line1"": ""653 Lake Dr"", ""apt"": "", Apt 48"", ""city"": ""Columbus"", ""state"": ""OH"", ""zip"": ""43201""}",Single,Writer,Ramos Corp,Molina Healthcare,POL-ABC,GRP-2305,201,2025-10-05,2027-07-23,175,84,27.4,Former Smoker,None,None,"GERD, Hypertension, Fibromyalgia, Type 2 Diabetes",Insulin glargine,None,"Arthritis, Alzheimer's",Tagalog,White,Active,21,ManualEntry
2977,Ellie,Hall,2002-05-30,Female,A-,ellie.hall@email.example.com,(591) 235-5317,Ezra Ortiz,(379) 226-4489,"{""line1"": ""5584 Tenth Ave"", ""apt"": """", ""city"": ""Charlotte"", ""state"": ""NC"", ""zip"": ""28201"", ""county"": ""King""}",Single,Plumber,Mitchell Corp,Cigna,POL-401319,GRP-6844,150,2025-12-29,2029-05-10,164,105,39.0,Current Smoker,None,None,"Ulcerative Colitis, Coronary Artery Disease",!@#$%^&*(),None,None,English,Hispanic or Latino,Active,5,ManualEntry
2983,Linda,Morris,1959-03-12,Female,A+,,(404) 353-4844,Ella Mitchell,(487) 699-8758,"{""line1"": ""6962 View Blvd"", ""apt"": """", ""city"": ""Houston"", ""state"": ""TX"", ""zip"": ""77001""}",Separated,Pilot,Cook Corp,Blue Cross Blue Shield,POL-319838,GRP-6646,283,2022-08-24,2024-10-13,147,86,39.8,Non-Smoker,Occasional,NSAIDs,"Asthma, Sleep Apnea, GERD","Omeprazole, Ibuprofen","Hernia repair, Hysterectomy, ACL reconstruction",None,Spanish,White,Active,4,ManualEntry
2992,Edward,###,2004-10-27,Male,A+,edward.morris@email.example.com,(570) 858-6693,George Ford,(947) 986-8822,"{""line1"": ""6028 Adams Way"", ""apt"": "", Suite 37"", ""city"": ""New Orleans"", ""state"": ""LA"", ""zip"": ""70112""}",Married,Veterinarian,Scott Corp,,,,126,2019-11-11,,174,91,30.1,Never Assessed,Heavy,"NSAIDs, Latex, Dust",Irritable Bowel Syndrome,Acetaminophen,None,None,English,White,Active,13,ManualEntry
2997,Betty,Reyes,1987-12-16,,O-,betty.reyes@email.example.com,(617) 263-9928,Mark Peterson,(233) 539-1305,"{""line1"": ""3696 Cypress Dr"", ""apt"": """", ""city"": ""Virginia Beach"", ""state"": ""VA"", ""zip"": ""23450"", ""neighborhood"": ""East Side"", ""country"": ""USA"", ""street_type"": ""Ct""}",Single,Pilot,,Oscar Health,POL-289915,GRP-3585,452,2024-01-17,2027-10-09,154,79,33.3,Non-Smoker,None,"Dust, Peanuts, Pollen",Atrial Fibrillation,"Spironolactone, Loratadine",Angioplasty with stent,"Heart Disease, Stroke, Diabetes",English,Hispanic or Latino,Active,5,ManualEntry
3003,Heather,Smith,1992-04-17,Female,O+,heather.smith@email.example.com,(760) 676-3048,Russell Reed,(494) 909-9063,"{""line1"": ""3547 Monroe Dr"", ""apt"": """", ""city"": ""Indianapolis"", ""state"": ""IN"", ""zip"": ""46201"", ""neighborhood"": ""Historic District"", ""street_type"": ""Cir"", ""longitude"": -88.2957, ""country"": ""USA"", ""timezone"": ""America/Phoenix""}",Single,Bank Teller,,,,,126,2021-02-15,2021-07-07,9999,94,38.6,Never Assessed,Heavy,Pollen,"COPD, Type 2 Diabetes","Losartan, Tramadol",None,"None, Cancer",English,caucasian,Active,13,ManualEntry
3007,Michael,Johnson,2004-03-09,Male,O+,michael.johnson@email.example.com,2125550199,999-999-9999,(423) 248-4820,"{""line1"": ""4616 Lincoln Blvd"", ""apt"": """", ""city"": ""Nashville"", ""state"": ""TN"", ""zip"": ""37201"", ""country"": ""USA""}",Single,Software Developer,,Tufts Health Plan,POL-129506,GRP-9284,435,2025-12-07,,171,99,33.9,Non-Smoker,Heavy,"NSAIDs, None, Latex",Sleep Apnea,None,None,None,English,White,Active,25,ManualEntry
3014,Jennifer,Myers,1978-05-11,Female,O-,jennifer.myers1@email.example.com,(908) 870-1032,N/A,(341) 730-2229,"{""line1"": ""6784 Park Blvd"", ""apt"": """", ""city"": ""Las Vegas"", ""state"": ""NV"", ""zip"": ""89101"", ""latitude"": 30.7729, ""longitude"": -115.9989}",Married,Doctor,Morris Corp,Harvard Pilgrim,POL-132186,GRP-6606,76,2024-01-08,2027-02-02,146,63,29.6,Non-Smoker,None,None,,None,None,None,English,White,Active,6,ManualEntry
3017,Stephanie,Ruiz,1988-08-26,Female,O-,stephanie.ruiz1@email.example.com,(879) 398-1059,Christine Bryant,(312) 593-3227,"{""line1"": ""1349 Tenth Ave"", ""apt"": """", ""city"": ""Milwaukee"", ""state"": ""WI"", ""zip"": ""53201"", ""country"": ""USA"", ""floor_number"": 44}",Single,Physical Therapist,Patel Corp,,POL-739417,GRP-9129,184,2020-12-18,,156,91,37.4,Former Smoker,Heavy,None,,None,Carpal tunnel release,"Alzheimer's, Cancer, None",English,White,Inactive,22,ManualEntry
3040,Carolyn,Ford,1953-11-10,Female,B+,carolyn.ford@email.example.com,(337) 405-1645,Donna Porter,(902) 669-3182,"{""line1"": ""4618 Union Ave"", ""apt"": "", Apt 29"", ""city"": ""Kansas City"", ""state"": ""MO"", ""zip"": ""64101"", ""country"": ""USA"", ""county"": ""Queens"", ""floor_number"": 15, ""latitude"": 41.628}",Single,Insurance Agent,,UnitedHealthcare,POL-684223,GRP-6724,79,2018-07-12,,162,79,30.1,Non-Smoker,Occasional,None,"Hypertension, Coronary Artery Disease, Congestive Heart Failure","Duloxetine, Warfarin",None,Asthma,English,Hispanic or Latino,Active,18,ManualEntry
3043,Silas,Marshall,2004-06-06,Male,O+,silas.marshall@email.example.com,(772) 932-2161,Luna Fisher,(977) 287-9573,"{""line1"": ""1021 College Ave"", ""apt"": """", ""city"": ""Jacksonville"", ""state"": ""FL"", ""zip"": ""32201"", ""delivery_notes"": ""Leave at door"", ""timezone"": ""America/Denver"", ""county"": ""Dallas""}",Separated,Bank Teller,Woods Corp,Health Net,POL-278800,GRP-3256,311,2023-06-02,2026-04-01,166,117,42.5,Former Smoker,None,Null,"Migraine, Hypothyroidism",Warfarin,Hemorrhoidectomy,"Asthma, Alzheimer's, None",Cantonese,White,Active,20,ManualEntry
3054,Amanda,Kelly,1995-06-06,Female,A+,amanda.kelly@email.example.com,(615) 707-4002,Emma Hayes,(243) 851-9402,"{""line1"": ""5021 Lake Dr"", ""apt"": "", Apt 9"", ""city"": ""Las Vegas"", ""state"": ""NV"", ""zip"": ""89101"", ""latitude"": 30.5821, ""longitude"": -89.9017, ""country"": ""USA""}",Married,Manager,,UnitedHealthcare,POL-629717,GRP-8543,62,2023-02-28,2027-03-06,152,99,42.8,Former Smoker,Heavy,"Peanuts, Pollen, Sulfa",Asthma,Montelukast,Cholecystectomy,"None, Hypertension",Spanish,Black or African American,Active,8,ManualEntry
3061,Camila,Ramos,1998-03-22,Female,O+,camila.ramos1@email.example.com,(524) 600-6613,Ella Diaz,(581) 886-5639,"{""line1"": ""851 Oak Ave"", ""apt"": """", ""city"": ""Oakland"", ""state"": ""CA"", ""zip"": ""94601"", ""neighborhood"": ""Suburbs"", ""timezone"": ""America/Chicago""}",Single,Graphic Designer,Cruz Corp,Oscar Health,POL-275018,GRP-9253,318,2023-08-04,2025-07-21,156,82,33.7,Non-Smoker,Moderate,,Migraine,None,None,Diabetes,French,Hispanic or Latino,Inactive,10,ManualEntry
3064,Samantha,Patterson,1984-07-16,Female,O+,samantha.patterson@email.example.com,(796) 427-9332,Lisa Watson,(665) 296-7033,"{""line1"": ""5797 Magnolia Way"", ""apt"": """", ""city"": ""Columbus"", ""state"": ""OH"", ""zip"": ""43201"", ""longitude"": -112.4253}",Single,Firefighter,,Harvard Pilgrim,POL-751262,GRP-3928,414,2024-09-29,1900-01-01,171,105,35.9,Non-Smoker,Occasional,"Latex, Pollen, Sulfa",,Metformin,None,"Cancer, Diabetes",Russian,White,Active,8,ManualEntry
3066,Anna,Wilson,1987-05-28,Female,O+,anna.wilson@email.example.com,(883) 609-2238,Laura Alexander,John Smith,"{""line1"": ""5170 Ash Ct"", ""apt"": """", ""city"": ""Atlanta"", ""state"": ""GA"", ""zip"": ""30301"", ""street_type"": ""Cir""}",Divorced,Scientist,Nguyen Corp,,,,264,2023-07-20,2026-02-23,166,90,32.7,Former Smoker,Moderate,"Penicillin, Peanuts, Shellfish","GERD, Congestive Heart Failure",Warfarin,None,"Stroke, None",ENGLISH,White,Active,2,ManualEntry
3077,Dennis,Stewart,1970-11-19,Male,A+,dennis.stewart@email.example.com,(773) 763-4697,Katherine Webb,(974) 626-2822,"{""line1"": ""7872 Park Blvd"", ""apt"": """", ""city"": ""New York"", ""state"": ""NY"", ""zip"": ""10001"", ""latitude"": 41.1714, ""neighborhood"": ""Waterfront""}",Single,Chef,Cooper Corp,Humana,POL-409637,GRP-1835,143,2019-07-11,2020-08-10,tall,60,21.3,Non-Smoker,None,"PENICILLIN, SULFA",Psoriasis,Montelukast,C-section,Alzheimer's,Tagalog,Two or More Races,Inactive,5,ManualEntry
3078,Victoria,Russell,1956-11-01,Female,A+,victoria.russell@email.example.com,(694) 497-3342,Julian Reynolds,(488) 288-3347,"{""line1"": ""9520 Second Ave"", ""apt"": """", ""city"": ""Atlanta"", ""state"": ""GA"", ""zip"": ""30301""}",Married,Accountant,Gutierrez Corp,Blue Cross,POL-856436,GRP-8904,263,2022-06-05,2025-11-23,160,78,30.5,Smoker,Moderate,"None, Peanuts, Latex",,"Sertraline, Ibuprofen, Duloxetine",None,"Heart Disease, Diabetes, Heart Disease",English,White,Active,16,ManualEntry
3080,Sandra,Richardson,01/15/1987,Female,A+,sandra.richardson@email.example.com,(530) 417-6363,Justin Adams,(578) 868-7724,"{""line1"": ""8033 Hill St"", ""apt"": "", Apt 2"", ""city"": ""Las Vegas"", ""state"": ""NV"", ""zip"": ""89101"", ""country"": ""USA""}",Divorced,Dentist,Mitchell Corp,Health Net,POL-490063,GRP-6818,81,2023-05-25,2023-06-12,176,75,24.2,Current Smoker,Occasional,"Shellfish, Pollen, None",,"Atorvastatin, Albuterol, Celecoxib",None,"None, Diabetes",English,White,Active,23,ManualEntry
3087,Samantha,Baker,1984-05-23,Female,A+,samantha.baker@email.example.com,(682) 680-8040,Brian Price,(483) 618-9188,"{""line1"": ""8873 Center St"", ""apt"": """", ""city"": ""Baltimore"", ""state"": ""MD"", ""zip"": ""21201"", ""timezone"": ""America/Chicago"", ""longitude"": -119.4479}",Single,UnemPloyed,Crawford Corp,Aetna,POL-148569,GRP-9651,25,2025-06-07,2028-09-03,160,74,28.9,Former Smoker,Moderate,Dust,,"Cetirizine, Ibuprofen, Hydrochlorothiazide, Lisinopril",Cholecystectomy,"None, Hypertension",Spanish,White,Active,12,ManualEntry
3090,Stella,Rogers,1993-12-19,Female,B-,stella.rogers@email.example.com,(882) 880-4951,Maria Hernandez,(764) 387-4454,"{""line1"": ""6419 Market St"", ""apt"": "", Unit 14"", ""city"": ""Tucson"", ""state"": ""AZ"", ""zip"": ""85701"", ""county"": ""San Diego"", ""latitude"": 28.4733, ""street_type"": ""Dr"", ""country"": ""USA""}",Single,Administrative Assistant,Wallace Corp,Kaiser Permanente,POL-747669,GRP-8232,443,2018-06-04,2019-10-10,164,80,29.7,Non-Smoker,Occasional,"Shellfish, Peanuts, Penicillin","Chronic Kidney Disease, Ulcerative Colitis",,Laminectomy,"Diabetes, Stroke",English,White,Active,15,ManualEntry
3101,Jeremy,,1990-11-18,Male,O+,jeremy.sanders@email.example.com,(248) 344-5259,Maxwell Russell,(853) 894-7166,"{""line1"": ""1467 Cherry Ln"", ""apt"": """", ""city"": ""Houston"", ""state"": ""TX"", ""zip"": ""77001"", ""landmark"": ""Close to University"", ""neighborhood"": ""East Side""}",Separated,Pharmacist,Williams Corp,Blue Cross Blue Shield,POL-669191,GRP-9933,68,2020-05-19,2021-07-19,172,96,32.4,Non-Smoker,Moderate,"Shellfish, Sulfa, None",,"Atorvastatin, Bupropion, Hydrochlorothiazide",None,"Heart Disease, None",Russian,Hispanic or Latino,Active,28,ManualEntry
3105,Madelyn,Price,1967-03-28,Female,O+,madelyn.price@email.example.com,(803) 835-3162,Christina Peterson,(526) 829-8378,"{""line1"": ""7274 Second Ave"", ""apt"": """", ""city"": ""Long Beach"", ""state"": ""CA"", ""zip"": ""90801"", ""neighborhood"": ""West Side"", ""delivery_notes"": ""Deliver to reception"", ""longitude"": -101.8769}",Divorced,Consultant,Baker Corp,Molina Healthcare,POL-804272,GRP-4104,196,2019-12-08,2019-12-12,148,79,36.1,never assessed,None,"Sulfa, Shellfish, Penicillin","Rheumatoid Arthritis, Sleep Apnea",Celecoxib,C-section,None,English,White,Active,10,ManualEntry
3106,Alexander,Diaz,1996-04-24,Male,A+,alexander.diaz@email.example.com,(229) 361-4025,Brandon Fisher,(361) 317-7609,"{""line1"": ""Unknown"", ""city"": ""Unknown"", ""state"": ""NA"", ""zip"": ""00000""}",Married ,Military,,Humana,POL-908652,GRP-3071,29,2025-09-12,2029-08-15,174,83,27.4,Non-Smoker,None,"Sulfa, Peanuts",,None,Tonsillectomy,"Diabetes, Alzheimer's",English,Hispanic or Latino,Active,6,ManualEntry
3109,Michelle,Cook,1986-03-28,Female,O+,michelle.cook@email.example.com,(503) 635-5713,Mateo Johnson,(311) 750-7904,"{""line1"": ""7221 River Rd"", ""apt"": """", ""city"": ""Seattle"", ""state"": ""WA"", ""zip"": ""98101"", ""country"": ""USA"", ""street_type"": ""Ln"", ""neighborhood"": ""Waterfront""}",Married,Dentist,Wells Corp,Tufts Health Plan,POL-723958,GRP-9042,443,2021-07-25,2022-03-22,168,48,17.0,Smoker,Moderate,"NSAIDs, Sulfa, None",,None,None,"Cancer, Diabetes",English,Asian,Active,15,ManualEntry
3124,Oliver,Alexander,1986-01-29,Male,O+,oliver.alexander@email.example.com,(552) 968-9292,Lisa Powell,(892) 212-2425,"{""line1"": ""Unknown"", ""city"": ""Unknown"", ""state"": ""NA"", ""zip"": ""00000"", ""longitude"": -94.6682, ""street_type"": ""Ave"", ""county"": ""Cook"", ""delivery_notes"": ""Deliver to reception""}",Single,Electrician,Hill Corp,Kaiser Permanente,POL-511190,GRP-3928,201,2022-07-20,2022-11-04,186,75,21.7,Non-Smoker,None,"NSAIDs, Pollen, Sulfa","Atrial Fibrillation, Hypothyroidism, Depression","Aspirin, Furosemide",None,None,Spanish,Black or African American,Active,21,ManualEntry
3136,Deborah,Cole,2001-01-23,Female,O+,deborah.cole@email.example.com,(356) 891-8838,Jack Cooper,(476) 288-5520,"{""line1"": ""9589 Hill St"", ""apt"": """", ""city"": ""Fresno"", ""state"": ""CA"", ""zip"": ""93701"", ""neighborhood"": ""West Side"", ""street_type"": ""St"", ""longitude"": -103.8496}",Married,Doctor,Torres Corp,Tufts Health Plan,POL-435788,GRP-7968,423,2018-06-03,2019-03-10,165,72,26.4,Non-Smoker,Moderate,"Peanuts, Sulfa, Penicillin","Eczema, Asthma, Osteoarthritis, Irritable Bowel Syndrome","Eliquis, Warfarin, Levothyroxine, Insulin glargine",None,"Hypertension, None",Spanish,White,Active,13,ManualEntry
3140,Mason,Stevens,1997-09-30,Male,A+,mason.stevens@email.example.com,(879) 620-1413,Andrea White,(978) 991-8089,"{""line1"": ""3664 Franklin Blvd"", ""apt"": """", ""city"": ""Los Angeles"", ""state"": ""CA"", ""zip"": ""90001"", ""floor_number"": 28, ""county"": ""Queens"", ""longitude"": -118.0335, ""street_type"": ""Cir""}",Widowed,Unemployed,,Geisinger,POL-514263,GRP-2592,76,2018-05-11,2019-07-23,183,45,13.4,Never Assessed,None,"Codeine, Shellfish, Pollen",,Ibuprofen,None,None,Spanish,Black or African American,Active,6,ManualEntry
3148,Melissa,Edwards,1998-12-19,Female,A-,melissa.edwards@email.example.com,(762) 599-2936,Christina Hill,(338) 982-6610,"{""line1"": ""8400 Aspen Ct"", ""apt"": """", ""city"": ""Atlanta"", ""state"": ""GA"", ""zip"": ""30301"", ""floor_number"": 30, ""timezone"": ""America/Phoenix"", ""longitude"": -99.54}",Divorced,Artist,Owens Corp,Humana,POL-ABC,GRP-6153,290,2021-03-15,2023-06-30,160,106,41.4,Non-Smoker,Moderate,"Peanuts, Shellfish, Pollen","Sleep Apnea, Atrial Fibrillation, Chronic Kidney Disease, Eczema","Ozempic, Duloxetine, Gabapentin, Losartan",None,None,English,White,Active,2,ManualEntry
3150,Emily,Williams,1981-01-12,Female,O-,emily.williams@email.example.com,(868) 592-7697,Michael Wright,(605) 796-5355,"{""line1"": ""8278 Madison St"", ""apt"": """", ""city"": ""Fresno"", ""state"": ""CA"", ""zip"": ""93701"", ""timezone"": ""America/New_York"", ""longitude"": -109.3622, ""floor_number"": 38}",Divorced,Bank Teller,Morris Corp,,,,176,2021-07-01,2024-07-13,159,60,23.7,Former Smoker,None,"Latex, Codeine","Eczema, Irritable Bowel Syndrome, Anxiety Disorder","Celecoxib, Bupropion",None,"Hypertension, Asthma",English,Hispanic or Latino,Deceased ,12,ManualEntry
3151,Kyle,Jordan,1982-04-28,Male,O-,kyle.jordan@email.example.com,(301) 672-5606,Lincoln Gomez,(749) 346-4647,"{""line1"": ""4621 Pleasant St"", ""apt"": """", ""city"": ""Seattle"", ""state"": ""WA"", ""zip"": ""98101"", ""longitude"": -86.9245, ""timezone"": ""America/Denver"", ""street_type"": ""St"", ""county"": ""Dallas"", ""neighborhood"": ""Midtown""}",Married,Doctor,Edwards Corp,Kaiser Permanente,POL-552693,GRP-9949,257,2020-12-19,,178,75,23.7,Former Smoker,Moderate,"Sulfa, Shellfish, Pollen",,"Jardiance, Aspirin, Atorvastatin",None,"Cancer, Arthritis",Arabic,White,Active,12,ManualEntry
3155,Barbara,Brown,1987-10-17,Female,A+,barbara.brown@email.example.com,(960) 227-1495,Wesley Ward,(552) 322-3073,"{""line1"": ""7198 Park Blvd"", ""apt"": """", ""city"": ""Albuquerque"", ""state"": ""NM"", ""zip"": ""87101"", ""landmark"": ""Near City Hall"", ""street_type"": ""Ave"", ""country"": ""USA""}",Widowed,Administrative Assistant,Mendoza Corp,Highmark,POL-347493,GRP-3738,59,2021-10-15,2022-10-07,176,97,31.3,Former Smoker,None,None,Chronic Kidney Disease,!@#$%^&*(),None,"Stroke, Cancer",Vietnamese,White,Inactive,8,ManualEntry
3158,Sarah,Lewis,1985-06-02,Female,O+,sarah.lewis@email.example.com,(319) 966-4451,Madelyn Crawford,(808) 820-2311,"{""line1"": ""1140 Oak Ave"", ""apt"": """", ""city"": ""Albuquerque"", ""state"": ""NM"", ""zip"": ""87101"", ""floor_number"": 26, ""longitude"": -101.9058, ""county"": ""Cook"", ""neighborhood"": ""Southside""}",Single,Insurance Agent,,Oscar Health,POL-556404,GRP-1553,107,2020-01-25,2022-01-14,153,77,32.9,Non-Smoker,Occasional,"Peanuts, None","Chronic Fatigue, Coronary Artery Disease",Fluticasone,Coronary artery bypass grafting,None,Russian,White,Active,20,ManualEntry
3159,Kyle,Gray,1990-07-08,Male,A+,kyle.gray@email.example.com,(813) 817-1627,Larry Scott,(200) 862-2429,"{""line1"": ""3981 Main St"", ""apt"": "", Apt 46"", ""city"": ""Philadelphia"", ""state"": ""PA"", ""zip"": ""19101""}",Single,Nurse,Long Corp,MetLife,POL-891710,GRP-6374,29,2022-03-06,2024-02-12,184,78,23.0,Non-Smoker,Former,"Shellfish, Pollen, Dust","Anxiety Disorder, Coronary Artery Disease",None,None,Diabetes,English,White,Active,6,ManualEntry
3163,Abigail,Jordan,1996-06-25,Female,O+,abigail.jordan@email.example.com,(513) 872-1207,Stella Bailey,(326) 363-8024,"{""line1"": ""9048 Hamilton Ct"", ""apt"": """", ""city"": ""Columbus"", ""state"": ""OH"", ""zip"": ""43201""}",Single,Consultant,Bryant Corp,Tufts Health Plan,POL-ABC,GRP-3623,436,2021-03-14,2024-10-15,153,74,31.6,Non-Smoker,Moderate,"PENICILLIN, SULFA",,"Amlodipine, Atorvastatin, Pantoprazole",Mastectomy,"Cancer, Asthma",English,White,Active,24,ManualEntry
3183,,Long,1984-01-09,Male,O+,justin.long@email.example.com,(505) 250-1171,Betty Carter,(305) 481-9939,"{""line1"": ""9741 Eighth Ave"", ""apt"": "", Apt 1"", ""city"": ""Oklahoma City"", ""state"": ""OK"", ""zip"": ""73101"", ""neighborhood"": ""West Side"", ""latitude"": 39.5404, ""street_type"": ""Rd"", ""timezone"": ""America/New_York""}",Single,HR Specialist,Nelson Corp,Health Net,POL-506426,GRP-4527,139,2023-07-22,2027-03-11,-10,40,13.8,Non-Smoker,Occasional,Penicillin,"Crohn's Disease, Hyperlipidemia","Hydrochlorothiazide, Pantoprazole, Meloxicam",None,"Asthma, Alzheimer's",English,Asian,Active,13,ManualEntry
3192,Christina,Phillips,2002-04-11,Female,O+,christina.phillips@email.example.com,(300) 626-9097,Kyle Gonzalez,(382) 733-3049,"{""line1"": ""9653 Eighth Ave"", ""apt"": """", ""city"": ""Los Angeles"", ""state"": ""CA"", ""zip"": ""90001"", ""neighborhood"": ""East Side"", ""timezone"": ""America/Chicago"", ""longitude"": -108.0652, ""country"": ""USA""}",Married,HR Specialist,Stewart Corp,Aetna,POL-622021,GRP-5156,39,2023-05-01,2024-01-06,158,54,21.6,Non-Smoker,Moderate,"Codeine, NSAIDs",Osteoarthritis,None,"Angioplasty with stent, Total hip replacement, ACL reconstruction",None,Spanish,White,Active,17,ManualEntry
3195,Robert,Crawford,1967-07-07,Male,O+,robert.crawford@email.example.com,(309) 987-4931,Aaron Smith,(769) 969-3570,"{""line1"": ""6745 Oak Ave"", ""apt"": """", ""city"": ""Charlotte"", ""state"": ""NC"", ""zip"": ""28201"", ""delivery_notes"": ""Call upon arrival"", ""country"": ""USA""}",Married,Physical Therapist,Stewart Corp,CareFirst,POL-587015,GRP-3103,443,2025-09-05,,177,99,31.6,Non-Smoker,Occasional,"Peanuts, Shellfish, Pollen",,,None,"Hypertension, Alzheimer's, None",English,White,Active,15,ManualEntry
3196,Zachary,Marshall,2001-07-31,Male,O+,zachary.marshall@email.example.com,2125550199,Kelly Ellis,(294) 925-6669,"{""line1"": ""4583 Oak Ave"", ""apt"": """", ""city"": ""Tampa"", ""state"": ""FL"", ""zip"": ""33601"", ""timezone"": ""America/New_York"", ""country"": ""USA""}",Divorced,Writer,Kim Corp,Harvard Pilgrim,POL-674358,GRP-6224,,2024-04-03,2025-12-23,169,105,36.8,Non-Smoker,Occasional,"NSAIDs, Shellfish, None",N/A,,"Rotator cuff repair, Cholecystectomy",Arthritis,English,White,Active,,ManualEntry
3199,Caleb,Ross,1971-06-30,Male,AB+,caleb.ross@email.example.com,(356) 824-6708,Jason Kim,(376) 312-5642,"{""line1"": ""158 First St"", ""apt"": "", Apt 23"", ""city"": ""Austin"", ""state"": ""TX"", ""zip"": ""73301"", ""longitude"": -81.2768}",Single,Logistics Coordinator,Smith Corp,Molina Healthcare,POL-650072,GRP-6723,250,2024-10-22,,181,84,25.6,Non-Smoker,Moderate,None,,Hydrochlorothiazide,"Hernia repair, Spinal fusion","Asthma, Cancer",Arabic,White,,25,ManualEntry
3208,Abigail,Martin,1980-05-22,Female,A+,abigail.martin@email.example.com,(525) 339-8271,Randy Thomas,(368) 334-9180,"{""line1"": ""8138 Aspen Ct"", ""apt"": """", ""city"": ""Oakland"", ""state"": ""CA"", ""zip"": ""94601""}",Married,Military,Ortiz Corp,Aetna,POL-447170,GRP-4542,203,2021-11-23,2022-10-21,156,95,39.0,Never Assessed,Moderate,"Pollen, Sulfa, Penicillin","Type 2 Diabetes, Sleep Apnea, Hypothyroidism, Atrial Fibrillation",Cyclobenzaprine,None,Stroke,English,White,Active,8,ManualEntry
3211,Kathleen,Gutierrez,1999-09-28,Female,B+,kathleen.gutierrez@email.example.com,(752) 570-7225,Paisley Thompson,(514) 978-5834,"{""line1"": ""2434 Lake Dr"", ""apt"": """", ""city"": ""Colorado Springs"", ""state"": ""CO"", ""zip"": ""80901"", ""neighborhood"": ""West Side"", ""street_type"": ""Way"", ""latitude"": 37.8273, ""country"": ""USA""}",Single,Project Manager,Jackson Corp,Harvard Pilgrim,POL-211353,GRP-9161,234,2020-04-03,2023-02-06,170,67,23.2,Never Assessed,Occasional,None,,"Metformin, Acetaminophen",None,"Alzheimer's, Cancer",Tagalog,White,Active,6,ManualEntry
,Evelyn,Brown,1952-10-31,Female,A-,evelyn.brown@email.example.com,(815) 302-8117,Tyler Anderson,(902) 711-4087,"{""line1"": ""6162 Park Blvd"", ""apt"": """", ""city"": ""Miami"", ""state"": ""FL"", ""zip"": ""33101""}",Divorced,Psychologist,Harrison Corp,Oscar Health,POL-830148,GRP-2833,346,2023-01-12,2024-05-10,167,68,24.4,Non-Smoker,None,"Penicillin, Dust, Peanuts",,"Insulin glargine, Jardiance, Amlodipine, Metoprolol",None,Arthritis,Spanish,Asian,Active,1,ManualEntry
3250,Michael,Mendoza,2001-12-05,Male,A+,michael.mendoza@email.example.com,(399) 539-1404,Miles Crawford,(580) 849-6407,"{""line1"": ""545 Main St"", ""apt"": "", Unit 30"", ""city"": ""Memphis"", ""state"": ""TN"", ""zip"": ""38101""}",Married,Accountant,,Cigna,POL-815965,GRP-7159,27,2022-06-03,2022-12-24,173,75,25.1,Current Smoker,Occasional,"Peanuts, Penicillin, Latex",,"Duloxetine, Apixaban, Cetirizine, Atorvastatin","Sleeve gastrectomy, Laminectomy, Meniscectomy","Cancer, Heart Disease, None",Korean,Hispanic or Latino,Active,23,ManualEntry
3252,John,Gonzalez,1999-12-02,Male,O+,john.gonzalez1@email.example.com,(736) 880-6153,Susan Anderson,(211) 893-9135,"{""line1"": ""7167 Broadway"", ""apt"": """", ""city"": ""New York"", ""state"": ""NY"", ""zip"": ""10001"", ""delivery_notes"": ""Gate code: #1234"", ""street_type"": ""Cir"", ""latitude"": 42.067, ""county"": ""Cook""}",Single,HR Specialist,Long Corp,Anthem,POL-131723,GRP-2092,236,2023-08-18,2024-05-17,180,94,29.0,Non-Smoker,None,"Sulfa, Dust","Eczema, Ulcerative Colitis","Fluticasone, Duloxetine, Warfarin, Ozempic",None,"None, Diabetes",Mandarin,Hispanic or Latino,Active,23,ManualEntry
3257,Nicole,Torres,1995-10-08,Female,A-,nicole.torres@email.example.com,(733) 473-3214,Kelly Hughes,(624) 865-9141,"{""line1"": ""2333 Elm St"", ""apt"": "", # 32"", ""city"": ""New York"", ""state"": ""NY"", ""zip"": ""10001"", ""timezone"": ""America/Chicago"", ""delivery_notes"": ""Leave at door"", ""latitude"": 37.7187, ""landmark"": ""Adjacent to Library""}",Single,Artist,,Bright Health,POL-ABC,GRP-8998,410,2021-03-12,2022-04-24,160,44,17.2,Former Smoker,Occasional,"Dust, None, Penicillin",,,none,Asthma,Cantonese,White,Active,5,ManualEntry
3262,Camila,Morgan,1998-06-17,Female,A+,camila.morgan@email.example.com,(706) 937-5863,Stephanie Morris,(346) 266-9962,"{""line1"": ""124 Lake Dr"", ""apt"": "", Apt 48"", ""city"": ""Mesa"", ""state"": ""AZ"", ""zip"": ""85201"", ""country"": ""USA"", ""delivery_notes"": ""Call upon arrival""}",Single,Insurance Agent,Moore Corp,Bright Health,POL-819726,,294,2023-03-22,,156,82,33.7,Non-Smoker,Moderate,None,,None,None,"Cancer, Diabetes, Alzheimer's",English,Other,,13,ManualEntry
3266,Aiden,Wilson,1981-09-21,Male,AB+,aiden.wilson@email.example.com,(436) 573-8910,James Myers,(550) 346-3184,"{""line1"": ""3289 Aspen Ct"", ""apt"": "", # 33"", ""city"": ""Dallas"", ""state"": ""TX"", ""zip"": ""75201"", ""county"": ""Sacramento"", ""country"": ""USA""}",Separated,Retail Associate,Patel Corp,Health Net,POL-788171,GRP-9571,407,2025-09-01,2025-09-01,,98,35.1,Non-Smoker,None,"Peanuts, Sulfa, Penicillin",Congestive Heart Failure,Ozempic,Thyroidectomy,"Hypertension, Cancer",English,White,Inactive,2,ManualEntry
3280,Sharon,McDonald,1993-05-25,Female,AB+,sharon.mcdonald@email.example.com,(998) 586-9228,Christopher Phillips,(449) 913-4747,"{""line1"": ""1932 Washington Ave"", ""apt"": """", ""city"": ""Austin"", ""state"": ""TX"", ""zip"": ""73301"", ""latitude"": 31.5173}",Single,Graphic Designer,Hayes Corp,Blue Cross,POL-717496,GRP-6744,313,2025-06-18,2027-03-22,168,75,26.6,Non-Smoker,Heavy,None,"Fibromyalgia, Depression, Coronary Artery Disease, COPD",Albuterol,None,None,English,White,Active,6,ManualEntry
3313,,Jenkins,1984-10-21,Male,B+,ezra.jenkins@email.example.com,(730) 497-7667,Elizabeth Edwards,(201) 691-5016,"{""line1"": ""5512 Church St"", ""apt"": "", # 23"", ""city"": ""Mesa"", ""state"": ""AZ"", ""zip"": ""85201"", ""landmark"": ""Near City Hall"", ""county"": ""Harris""}",Married,Professor,Kim Corp,Highmark,POL-964100,GRP-3778,358,2019-01-09,2022-08-08,186,100,28.9,Former Smoker,Occasional,"Peanuts, NSAIDs, Codeine",,None,"Colectomy, Gastric bypass, Coronary artery bypass grafting","None, Cancer",English,White,Active,1,ManualEntry
3318,Kelly,Miller,1990-05-28,Female,O+,kelly.miller@email.example.com,(212) 342-2048,Victor Wilson,(392) 450-6148,"{""line1"": ""3810 Magnolia Way"", ""apt"": "", Apt 44"", ""city"": ""Louisville"", ""state"": ""KY"", ""zip"": ""40201"", ""street_type"": ""Ave""}",Married,Mechanic,,Bright Health,POL-ABC,GRP-9556,35,2020-01-02,,163,70,26.3,Non-Smoker,Occasional,"Sulfa, Penicillin, NSAIDs",Osteoporosis,Gabapentin,None,None,English,Hispanic or Latino,Active,10,ManualEntry
3319,Bruce,Kim,1990-01-28,Male,O+,bruce.kim@email.example.com,(831) 682-8340,Logan Ruiz,(864) 331-3541,"{""line1"": ""6533 Tenth Ave"", ""apt"": """", ""city"": ""Nashville"", ""state"": ""TN"", ""zip"": ""37201""}",Single,Real Estate Agent,,,,,470,2022-01-14,2025-03-28,190,,24.9,Non-Smoker,Heavy,"Sulfa, Peanuts, Penicillin",,"Clopidogrel, Gabapentin, Omeprazole, Duloxetine","Cholecystectomy, Laminectomy, C-section",Arthritis,English,White,Active,9,ManualEntry
3321,Jessica,Ford,1992-10-20,Female,O+,jessica.ford1@email.example.com,(258) 544-3232,Paul Moore,(321) 444-8128,"{""line1"": ""1659 Third St"", ""apt"": """", ""city"": ""Fresno"", ""state"": ""CA"", ""zip"": ""93701"", ""street_type"": ""Ave"", ""neighborhood"": ""West Side"", ""country"": ""USA"", ""latitude"": 31.1689}",Single,Architect,,Blue Cross Blue Shield,POL-576180,GRP-3451,316,2018-09-23,,167,89,31.9,Non-Smoker,None,"Shellfish, Latex, Peanuts","COPD, Crohn's Disease","Clopidogrel, Levothyroxine, Hydrochlorothiazide, Cetirizine",None,"Cancer, Alzheimer's",English,Black or African American,Inactive,18,ManualEntry
3324,Karen,Griffin,1974-11-08,Female,B-,karen.griffin@email.example.com,(397) 323-7742,Donna Alexander,(288) 241-3235,"{""line1"": ""5051 Park Blvd"", ""apt"": """", ""city"": ""Baltimore"", ""state"": ""MD"", ""zip"": ""21201"", ""longitude"": -99.3455, ""latitude"": 37.3977, ""neighborhood"": ""Suburbs""}",Widowed,Pharmacist,Roberts Corp,Blue Cross Blue Shield,POL-206558,GRP-7518,118,2022-09-27,2025-06-26,163,79,29.7,Non-Smoker,Occasional,None,"Atrial Fibrillation, Hyperlipidemia","Ibuprofen, Sertraline, Spironolactone, Celecoxib",None,None,Spanish,White,Active,20,ManualEntry
3325,Steven,,1989-07-26,,O+,steven.ellis@email.example.com,,Elizabeth Bryant,(581) 664-2739,"{""line1"": ""8301 Sycamore Ave"", ""apt"": """", ""city"": ""Denver"", ""state"": ""CO"", ""zip"": ""80201""}",Single,Software Developer,Owens Corp,Cigna,POL-740078,GRP-5333,192,2021-07-23,2022-05-27,180,0,28.1,Non-Smoker,None,"NSAIDs, None, Latex",,"Montelukast, Ibuprofen",Coronary artery bypass grafting,Heart Disease,Spanish,White,Active,22,ManualEntry
3331,Christine,Cole,1990-09-03,Female,O-,christine.cole@email.example.com,(794) 594-8791,Heather Turner,(529) 824-4654,"{""line1"": ""7504 Madison St"", ""apt"": """", ""city"": ""Los Angeles"", ""state"": ""CA"", ""zip"": ""90001"", ""county"": ""Orange"", ""timezone"": ""America/Phoenix"", ""country"": ""USA""}",Single,Musician,,Centene,POL-707202,GRP-8126,89,2025-04-19,,153,115,49.1,Non-Smoker,Former,Null,"Depression, GERD","Ozempic, Sertraline",None,Stroke,English,White,Active,12,ManualEntry
3342,Roger,Ward,1984-07-15,Male,A-,roger.ward@email.example.com,(378) 870-8471,Stella Rogers,(459) 809-6236,"{""line1"": ""9956 Ash Ct"", ""apt"": "", Apt 28"", ""city"": ""Charlotte"", ""state"": ""NC"", ""zip"": ""28201"", ""timezone"": ""America/Los_Angeles""}",Married,Writer,Murray Corp,CareFirst,POL-352063,GRP-8804,97,2024-11-22,2027-06-06,181,78,23.8,Current Smoker,Occasional,"Codeine, Sulfa, Shellfish",Hypothyroidism,Bupropion,Sleeve gastrectomy,"Alzheimer's, Heart Disease, Arthritis",Spanish,White,Active,12,ManualEntry
3343,Terry,Bryant,1992-10-11,Male,O+,terry.bryant@email.example.com,(682) 541-3466,Dennis Peterson,(236) 924-1549,"{""line1"": ""5878 Lincoln Blvd"", ""apt"": """", ""city"": ""Tucson"", ""state"": ""AZ"", ""zip"": ""85701"", ""county"": ""San Diego""}",Married,Logistics Coordinator,,Independence Blue Cross,POL-462568,GRP-3844,237,2021-03-31,2023-08-24,179,79,24.7,Never Assessed,Occasional,"None, Sulfa, Latex",Atrial Fibrillation,"Montelukast, Prednisone",None,None,Mandarin,White,Active,13,ManualEntry
3346,Dennis,Perez,1978-08-18,Male,A+,dennis.perez@email.example.com,(466) 508-5858,Bruce Taylor,(865) 820-8155,"{""line1"": ""7613 Main St"", ""apt"": """", ""city"": ""Phoenix"", ""state"": ""AZ"", ""zip"": ""85001"", ""longitude"": -106.8475, ""latitude"": 47.7354, ""delivery_notes"": ""Call upon arrival"", ""timezone"": ""America/Los_Angeles""}",Married ,Nurse,,Anthem,POL-942513,GRP-4928,205,2022-07-15,,170,59,20.4,Former Smoker,Heavy,None,,Ozempic,"Spinal fusion, Total hip replacement",Arthritis,English,Black or African American,Active,9,ManualEntry
3350,Nicholas,Gomez,1956-12-24,Male,B-,nicholas.gomez@email.example.com,(922) 685-5240,Carol Price,(792) 656-8254,"{""line1"": ""9973 Sycamore Ave"", ""apt"": """", ""city"": ""Washington"", ""state"": ""DC"", ""zip"": ""20001"", ""longitude"": -113.5429, ""timezone"": ""America/Phoenix"", ""latitude"": 33.868, ""country"": ""USA""}",Married,Construction Worker,Rivera Corp,Molina Healthcare,POL-618284,GRP-9534,306,2025-06-24,2028-01-06,182,62,18.7,Non-Smoker,None,Penicillin,"Hypertension, Anxiety Disorder, Rheumatoid Arthritis, Irritable Bowel Syndrome",unknown,Cholecystectomy,"Alzheimer's, None, Stroke",English,Black or African American,Deceased,25,ManualEntry
3361,Mark,Hughes,1992-05-28,Male,O-,mark.hughes1@email.example.com,(958) 492-1943,Carl Green,(349) 544-2144,"{""line1"": ""4501 Monroe Dr"", ""apt"": """", ""city"": ""Chicago"", ""state"": ""IL"", ""zip"": ""60601"", ""longitude"": -111.6639}",Single,Chef,Brooks Corp,Humana,POL-666454,GRP-9810,210,2025-08-14,,,96,31.3,Non-Smoker,Moderate,"NSAIDs, Latex, Sulfa",Eczema,None,None,None,English,White,Inactive,2,ManualEntry
3366,Jeffrey,West,2005-10-08,Male,B+,jeffrey.west@email.example.com,(813) 345-7057,Alexander Nguyen,(946) 658-6157,"{""line1"": ""5999 Cherry Ln"", ""apt"": "", Unit 38"", ""city"": ""Tampa"", ""state"": ""FL"", ""zip"": ""33601"", ""timezone"": ""America/Denver"", ""longitude"": -112.1828, ""street_type"": ""Pl"", ""neighborhood"": ""Southside""}",Married,Writer,Martin Corp,Oscar Health,POL-756450,G1234,45,2019-08-03,2019-12-05,178,60,18.9,Current Smoker,Occasional,,"Hypothyroidism, Hypertension, Rheumatoid Arthritis","Ibuprofen, Jardiance, Lisinopril",Sleeve gastrectomy,"Heart Disease, Arthritis",English,Hispanic or Latino,Inactive,10,ManualEntry
3369,Madelyn,Tucker,1950-05-19,Female,A+,madelyn.tucker@email.example.com,(787) 288-9404,Adam Robinson,(640) 239-3919,"{""line1"": ""6949 River Rd"", ""apt"": "", # 45"", ""city"": ""Virginia Beach"", ""state"": ""VA"", ""zip"": ""23450"", ""street_type"": ""Blvd"", ""neighborhood"": ""Northside""}",Married ,Physical Therapist,Bennett Corp,Tufts Health Plan,POL-210061,G1234,249,2025-01-09,2027-02-25,164,92,34.2,Non-Smoker,Occasional,"Penicillin, Sulfa, Codeine",Asthma,"Metoprolol, Metformin","Angioplasty with stent, Cholecystectomy",None,Spanish,Black or African American,Inactive,12,ManualEntry
3371,Lucas,Lee,1988-06-11,Male,O+,,(561) 627-6318,Dennis Moore,(371) 598-7410,"{""line1"": ""1238 Aspen Ct"", ""apt"": "", # 8"", ""city"": ""Omaha"", ""state"": ""NE"", ""zip"": ""68101"", ""neighborhood"": ""Northside"", ""country"": ""USA""}",Divorced,Bank Teller,Turner Corp,Health Net,POL-154750,GRP-3769,355,2023-03-06,2024-08-17,192,67,18.2,Former Smoker,Sometimes,"Penicillin, Sulfa, Peanuts","Osteoporosis, Anxiety Disorder, Chronic Fatigue","Tramadol, Omeprazole, Meloxicam, Lisinopril",None,None,English,Hispanic or Latino,Active,10,ManualEntry
3375,Peter,Baker,2025-06-15,Male,O+,peter.baker1@email.example.com,(888) 405-5580,Donald Harrison,(851) 909-7763,"{""line1"": ""1550 Spring St"", ""apt"": """", ""city"": ""San Jose"", ""state"": ""CA"", ""zip"": ""95101"", ""country"": ""USA"", ""neighborhood"": ""Waterfront""}",Widowed,Unemployed,Brown Corp,Harvard Pilgrim,POL-981373,GRP-6578,68,2020-07-03,2022-05-19,183,68,20.3,Never Assessed,Occasional,Codeine,Osteoarthritis,"Jardiance, Meloxicam, Cyclobenzaprine",None,"None, Stroke, Heart Disease",English,White,Active,28,ManualEntry
3383,Kenneth,Butler,1959-09-15,Male,O+,kenneth.butler@email.example.com,(567) 908-5233,Rebecca Richardson,(686) 955-9079,"{""line1"": ""8796 Lake Dr"", ""apt"": """", ""city"": ""San Jose"", ""state"": ""CA"", ""zip"": ""95101"", ""longitude"": -97.7873, ""latitude"": 43.6775, ""neighborhood"": ""Waterfront"", ""county"": ""Harris""}",Separated,Administrative Assistant,Jimenez Corp,Highmark,POL-147085,GRP-4566,294,2025-07-27,2028-09-23,169,112,39.2,Former Smoker,None,"Shellfish, Sulfa, Codeine","Coronary Artery Disease, Congestive Heart Failure",None,None,None,English,White,Active,13,ManualEntry
3392,Lucas,Webb,2005-08-25,Male,A+,lucas.webb@email.example.com,(692) 926-3634,Peter Peterson,(893) 585-6952,"{""line1"": ""6851 Tenth Ave"", ""apt"": """", ""city"": ""Louisville"", ""state"": ""KY"", ""zip"": ""40201""}",Single,Unemployed,Nelson Corp,Centene,POL-974019,GRP-2046,100,2019-12-30,2020-12-01,193,91,24.4,Never Assessed,Moderate,"Latex, Pollen, None","Depression, Type 2 Diabetes, Migraine, Eczema","Cyclobenzaprine, Sertraline",Appendectomy,"Alzheimer's, Diabetes, Cancer",English,White,Active,5,ManualEntry
3400,Alexander,Crawford,1991-06-08,Male,,not-an-email,(949) 362-4941,Levi West,(220) 337-4351,"{""line1"": ""4088 Adams Way"", ""apt"": """", ""city"": ""Memphis"", ""state"": ""TN"", ""zip"": ""38101"", ""floor_number"": 38, ""longitude"": -94.4556, ""country"": ""USA""}",Married,Logistics Coordinator,Chavez Corp,Aetna,POL-516632,GRP-9092,227,2019-04-16,,163,72,27.1,Current Smoker,Occasional,"Pollen, Peanuts","Hypertension, Eczema","Sertraline, Metformin, Insulin glargine, Metoprolol",None,Hypertension,Spanish,White,Active,20,ManualEntry
3408,12345,Reyes,1996-05-27,Male,O+,wesley.reyes@email.example.com,(606) 248-7671,Kathleen Young,(836) 948-2527,"{""line1"": ""6958 Cypress Dr"", ""apt"": "", Suite 29"", ""city"": ""Los Angeles"", ""state"": ""CA"", ""zip"": ""90001"", ""country"": ""USA"", ""latitude"": 40.3296, ""street_type"": ""Ct"", ""longitude"": -115.4483}",Single,Logistics Coordinator,,Cigna,POL-402890,GRP-7425,277,2022-02-07,,173,89,29.7,Current Smoker,Occasional,"None, Pollen, Penicillin",Osteoporosis,"Furosemide, Metformin, Albuterol, Metoprolol","Hernia repair, C-section, Thyroidectomy",None,English,Hispanic or Latino,Active,20,ManualEntry
3418,Betty,Cruz,2000-07-20,Female,A+,betty.cruz@email.example.com,(262) 457-8064,Wesley Gomez,(343) 340-7621,"{""line1"": ""5382 Ninth St"", ""apt"": """", ""city"": ""Las Vegas"", ""state"": ""NV"", ""zip"": ""89101"", ""county"": ""San Diego"", ""neighborhood"": ""Waterfront"", ""timezone"": ""America/Phoenix""}",Married,Data Analyst,Morgan Corp,Cigna,POL-913573,GRP-8157,487,2024-03-24,2024-09-30,164,56,20.8,Non-Smoker,Heavy,"Penicillin, Sulfa, None",Chronic Fatigue,"Furosemide, Jardiance, Eliquis",None,None,English,Hispanic or Latino,Active,14,ManualEntry
3423,Evelyn,Hughes,1976-03-20,Female,O-,evelyn.hughes@email.example.com,(882) 774-9941,Sarah Hughes,(462) 600-9975,"{""line1"": ""5925 Willow Dr"", ""apt"": """", ""city"": ""Albuquerque"", ""state"": ""NM"", ""zip"": ""87101"", ""county"": ""Sacramento"", ""neighborhood"": ""Waterfront"", ""timezone"": ""America/Denver"", ""landmark"": ""Near City Hall"", ""latitude"": 38.7868}",Married,Plumber,White Corp,Highmark,POL-298880,GRP-7550,22,2021-10-14,2022-12-04,163,74,27.9,Non-Smoker,Former,None,,"Loratadine, Meloxicam, Pantoprazole, Amlodipine",None,"Asthma, Cancer",Mandarin,Black or African American,Active,17,ManualEntry
3425,Avery,Sanchez,1972-04-24,Female,O+,avery.sanchez@email.example.com,(591) 441-9135,999-999-9999,(955) 944-5603,"{""line1"": ""1833 Poplar St"", ""apt"": """", ""city"": ""San Francisco"", ""state"": ""CA"", ""zip"": ""94101"", ""delivery_notes"": ""Gate code: #1234"", ""timezone"": ""America/Chicago"", ""longitude"": -94.6347}",Married,Business Owner,Ortiz Corp,Blue Cross,POL-968418,GRP-8379,348,2022-10-31,2026-09-19,172,68,23.0,Non-Smoker,Heavy,None,,None,Total knee replacement,"DM, HTN, CAD",English,Black or African American,Active,18,ManualEntry
3440,Zachary,Tucker,2001-02-04,Male,AB-,zachary.tucker@email.example.com,(414) 438-7350,999-999-9999,(910) 795-6898,"{""line1"": ""8735 Cedar Ln"", ""apt"": "", Unit 3"", ""city"": ""Oakland"", ""state"": ""CA"", ""zip"": ""94601"", ""county"": ""Maricopa""}",Divorced,Musician,,Highmark,POL-599193,GRP-8718,499,2019-01-06,2021-06-27,170,60,20.8,Non-Smoker,Former,"Pollen, Penicillin, NSAIDs","Ulcerative Colitis, Hypertension, Rheumatoid Arthritis, Ulcerative Colitis, Hypertension, Rheumatoid Arthritis","Hydrochlorothiazide, Furosemide",C-section,"Stroke, Heart Disease, Diabetes",ENGLISH,Human,Active,15,ManualEntry
3442,James,Hernandez,1999-01-07,Male,O+,james.hernandez@email.example.com,(582) 907-4448,Victor Evans,(200) 796-8021,"{""line1"": ""3685 Seventh St"", ""apt"": """", ""city"": ""Oakland"", ""state"": ""CA"", ""zip"": ""94601"", ""delivery_notes"": ""Ring bell"", ""country"": ""USA"", ""floor_number"": 10, ""neighborhood"": ""Downtown""}",Widowed,Professor,Turner Corp,Health Net,POL-731291,GRP-7708,328,2024-09-24,2025-02-18,187,84,24.0,Current Smoker,Occasional,Sulfa,,"Ibuprofen, Loratadine",None,Diabetes,Cantonese,White,Active,24,ManualEntry
3449,Benjamin,Graham,2002-02-24,Male,O-,benjamin.graham@email.example.com,(860) 795-2405,Luna Hamilton,(732) 694-6873,"{""line1"": ""2187 Hamilton Ct"", ""apt"": """", ""city"": ""Washington"", ""state"": ""DC"", ""zip"": ""20001"", ""neighborhood"": ""East Side"", ""country"": ""USA"", ""latitude"": 25.343}",Married,Professor,,Molina Healthcare,POL-236850,G1234,315,2022-06-05,2024-05-22,182,66,19.9,Current Smoker,None,"Shellfish, NSAIDs, Peanuts","Chronic Fatigue, Osteoporosis","Duloxetine, Insulin glargine","ACL reconstruction, Hemorrhoidectomy","Cancer, Diabetes",English,White,Active,18,ManualEntry
3451,Riley,Cook,1989-12-15,Female,AB+,riley.cook@email.example.com,(550) 808-3351,William Hill,(347) 230-9807,"{""line1"": ""123 Main St"", ""country"": ""USA"", ""county"": ""Orange""}",Separated,Firefighter,Brown Corp,Harvard Pilgrim,POL-848733,GRP-7872,173,2025-13-01,,166,112,,Never Assessed,Occasional,"Penicillin, Codeine, None",,"Warfarin, Meloxicam","Hernia repair, Total hip replacement, ACL reconstruction",None,English,White,Active,2,ManualEntry
3452,Ellie,Reynolds,2005-09-18,Female,B+,ellie.reynolds@email.example.com,(496) 968-3636,Sarah Carter,(638) 419-4977,"{""line1"": ""5607 Tenth Ave"", ""apt"": """", ""city"": ""Atlanta"", ""state"": ""GA"", ""zip"": ""30301""}",Single,,Reyes Corp,Bright Health,POL-942852,GRP-5469,290,2022-08-24,2024-04-15,171,111,38.0,Former Smoker,None,"Pollen, NSAIDs",Chronic Fatigue,Tramadol,None,Heart Disease,English,White,Active,2,ManualEntry
3458,Hannah,Scott,2005-01-24,F,O+,hannah.scott2@email.example.com,(215) 522-1156,Willie Wilson,(748) 929-2931,"{""line1"": ""5368 View Blvd"", ""apt"": "", Unit 46"", ""city"": ""Las Vegas"", ""state"": ""NV"", ""zip"": ""89101"", ""latitude"": 47.1363, ""floor_number"": 38, ""neighborhood"": ""Historic District"", ""county"": ""Dallas"", ""timezone"": ""America/Chicago""}",Single,Teacher,,CareFirst,POL-742625,GRP-8071,171,2019-04-11,2019-05-13,163,650,40.6,Non-Smoker,Moderate,Shellfish,"Hypertension, Irritable Bowel Syndrome, COPD, Anxiety Disorder",None,None,None,English,White,Active,,ManualEntry
3470,Theodore,Foster,1982-12-08,Male,,theodore.foster@email.example.com,(354) 781-1343,Ellie Morris,John Smith,"{""line1"": ""6651 Lincoln Blvd"", ""apt"": """", ""city"": ""Fort Worth"", ""state"": ""TX"", ""zip"": ""76101"", ""county"": ""Miami-Dade""}",Married,Construction Worker,Patel Corp,Kaiser Permanente,POL-884330,GRP-2572,475,2020-05-19,2022-10-04,172,88,29.7,Non-Smoker,Moderate,Dust,"Osteoporosis, Congestive Heart Failure",Loratadine,None,Arthritis,Vietnamese,Hispanic or Latino,Active,18,ManualEntry
3491,John,Hunter,1990-09-20,Male,AB+,john.hunter@email.example.com,(501) 818-3186,Silas Cruz,(658) 730-6398,"{""line1"": ""1391 Adams Way"", ""apt"": """", ""city"": ""Louisville"", ""state"": ""KY"", ""zip"": ""40201"", ""street_type"": ""Ave"", ""timezone"": ""America/New_York"", ""county"": ""Queens""}",Married ,Unemployed,Davis Corp,Centene,POL-434324,GRP-4996,205,2019-08-31,2020-01-01,172,66,22.3,Never Assessed,Former,"Dust, Shellfish",Sleep Apnea,None,None,"Arthritis, Cancer, Hypertension",Cantonese,White,Active,9,ManualEntry
3500,Evelyn,Murphy,1985-07-21,Female,O+,evelyn.murphy@email.example.com,(370) 811-7120,Grace Wallace,(931) 513-1674,"{""line1"": ""7906 Lincoln Blvd"", ""apt"": """", ""city"": ""Atlanta"", ""state"": ""GA"", ""zip"": ""30301"", ""floor_number"": 38, ""country"": ""USA"", ""timezone"": ""America/Los_Angeles""}",Separated,Construction Worker,Long Corp,CareFirst,POL-598160,GRP-5760,343,2025-01-31,2026-05-11,165,76,27.9,Former Smoker,Sometimes,None,"Congestive Heart Failure, Atrial Fibrillation, Psoriasis","Gabapentin, Duloxetine, Montelukast",None,"Cancer, Heart Disease, Hypertension",Vietnamese,White,Inactive,5,ManualEntry
3506,Hannah,Scott,1972-04-02,Female,O+,hannah.scott3@email.example.com,(231) 393-7335,Jeremy Porter,(812) 303-5130,"{""line1"": ""1176 Willow Dr"", ""apt"": """", ""city"": ""Fort Worth"", ""state"": ""TX"", ""zip"": ""76101"", ""timezone"": ""America/Los_Angeles"", ""neighborhood"": ""East Side""}",,Plumber,Russell Corp,Molina Healthcare,POL-973322,GRP-5342,170,2025-07-31,2028-03-23,175,69,22.5,Non-Smoker,None,"Peanuts, Latex, None","Migraine, Chronic Kidney Disease, Hypothyroidism","Ibuprofen, Cetirizine, Loratadine",None,"Hypertension, Stroke, Asthma",Spanish,Black or African American,Inactive,10,ManualEntry
3516,Heather,Ortiz,1960-06-14,Female,O+,heather.ortiz@email.example.com,(589) 220-6260,Steven Ross,(677) 642-4985,"{""line1"": ""8220 Spring St"", ""apt"": "", Suite 47"", ""city"": ""Jacksonville"", ""state"": ""FL"", ""zip"": ""32201"", ""latitude"": 42.5776, ""neighborhood"": ""Northside"", ""floor_number"": 4}",Married,Business Owner,Edwards Corp,CareFirst,POL-909487,GRP-4524,340,2019-12-28,2024-01-30,169,99,34.7,Non-Smoker,Moderate,"Peanuts, Pollen, Codeine",,Hydrochlorothiazide,"C-section, Cataract surgery","None, Heart Disease",English,White,Active,17,ManualEntry
3517,Barbara,Cole,2000-08-24,Female,O+,barbara.cole@email.example.com,(848) 351-6646,Timothy Mendoza,(428) 314-5899,"{""line1"": ""8016 Eighth Ave"", ""apt"": """", ""city"": ""Colorado Springs"", ""state"": ""CO"", ""zip"": ""80901"", ""longitude"": -110.0119, ""street_type"": ""Cir""}",Divorced,Manager,Ross Corp,,,,151,2021-09-15,2025-08-20,159,104,41.1,Current Smoker,Occasional,None,Migraine,None,,"Arthritis, Asthma",English,White,Inactive,16,ManualEntry
3522,Madelyn,Wood,1972-01-01,Female,O+,madelyn.wood@email.example.com,(223) 336-7775,Kathleen Cook,(235) 483-6890,"{""line1"": ""9258 View Blvd"", ""apt"": "", # 18"", ""city"": ""Jacksonville"", ""state"": ""FL"", ""zip"": ""32201"", ""neighborhood"": ""East Side"", ""floor_number"": 41, ""longitude"": -96.6183, ""latitude"": 33.8478}",Separated,HR Specialist,Davis Corp,Centene,POL-646263,GRP-4415,301,2024-11-25,2028-05-24,160,0,23.8,Current Smoker,None,"Pollen, Codeine, None",,"Spironolactone, Pantoprazole",None,None,English,Black or African American,Inactive,2,ManualEntry
3523,Jessica,Clark,2099-06-15,Female,B+,not-an-email,(947) 611-4291,Jerry Martinez,(377) 810-5668,"{""line1"": ""8777 Hill St"", ""apt"": """", ""city"": ""Indianapolis"", ""state"": ""IN"", ""zip"": ""46201"", ""landmark"": ""Behind Metro Station"", ""latitude"": 33.2429, ""timezone"": ""America/New_York"", ""country"": ""USA"", ""neighborhood"": ""Southside""}",Divorced,Physical Therapist,,Molina Healthcare,POL-116618,GRP-3606,230,2025-01-22,2028-03-09,157,58,23.5,Non-Smoker,Occasional,"Shellfish, Peanuts, None","GERD, Crohn's Disease, Congestive Heart Failure",unknown,None,None,English,White,Active,8,ManualEntry
3527,Jasper,Jackson,1989-01-01,Male,AB+,jasper.jackson@email.example.com,(699) 607-4678,N/A,(268) 582-4522,"{""line1"": ""5648 Eighth Ave"", ""apt"": """", ""city"": ""San Francisco"", ""state"": ""CA"", ""zip"": ""94101"", ""county"": ""Harris"", ""street_type"": ""Pl"", ""latitude"": 27.7645, ""country"": ""USA"", ""neighborhood"": ""Suburbs""}",Divorced,HR Specialist,Johnson Corp,Bright Health,POL-711424,GRP-7620,269,2018-05-07,2020-05-30,182,59,17.8,Non-Smoker,None,None,"Hypertension, Hyperlipidemia, GERD, Osteoporosis","Insulin glargine, Lisinopril, Eliquis, Ozempic",None,"Heart Disease, Diabetes, Heart Disease",French,White,Active,8,ManualEntry
3539,Jason,Ruiz,1993-12-14,Male,B+,,(740) 358-6766,Luke Ross,(973) 222-1178,"{""line1"": ""3253 Forest Ave"", ""apt"": """", ""city"": ""El Paso"", ""state"": ""TX"", ""zip"": ""79901"", ""longitude"": -107.068, ""neighborhood"": ""Suburbs"", ""delivery_notes"": ""Ring bell"", ""latitude"": 43.9358}",Married,Dental Hygienist,Mitchell Corp,Humana,POL-343305,GRP-6832,198,2023-12-08,2027-05-19,173,94,31.4,Former Smoker,None,"Dust, NSAIDs, None",,Loratadine,Laminectomy,"Alzheimer's, Arthritis, Diabetes",Spanish,White,Active,9,ManualEntry
3549,Russell,James,1962-01-13,Mle,O+,russell.james@email.example.com,(761) 895-1219,Brenda Walker,(411) 250-3996,"{""line1"": ""2029 Magnolia Way"", ""apt"": """", ""city"": ""Baltimore"", ""state"": ""MD"", ""zip"": ""21201""}",Married,Doctor,Gonzalez Corp,Harvard Pilgrim,POL-961859,GRP-2828,323,2019-04-13,2021-02-25,178,46,14.5,Non-Smoker,Moderate,"Penicillin, NSAIDs, Latex",,"Acetaminophen, Jardiance","Mastectomy, ACL reconstruction",Diabetes,Korean,White,Active,25,ManualEntry
3550,,,1997-06-22,Female,O+,amanda.murphy@email.example.com,(433) 989-1661,Roman White,(739) 789-4695,"{""line1"": ""5082 Cedar Ln"", ""apt"": "", # 30"", ""city"": ""Los Angeles"", ""state"": ""CA"", ""zip"": ""90001"", ""landmark"": ""Near Hospital"", ""county"": ""King""}",Single,Chef,Cruz Corp,Centene,POL-817798,GRP-7080,112,2018-02-17,2021-09-19,162,60,22.9,Non-Smoker,Occasional,None,,"Loratadine, Ibuprofen, Prednisone, Tramadol",None,None,English,Asian,Active,13,ManualEntry
3562,Ezra,Evans,2099-06-15,Male,O-,ezra.evans@email.example.com,(802) 422-1325,Russell Hunter,(955) 697-3591,"{""line1"": ""9996 Madison St"", ""apt"": """", ""city"": ""New York"", ""state"": ""NY"", ""zip"": ""10001""}",Married,Logistics Coordinator,,Centene,POL-540638,GRP-3702,333,2020-05-17,,182,61,18.4,Non-Smoker,Occasional,"Shellfish, Pollen",Fibromyalgia,Eliquis,None,Asthma,Korean,White,Active,2,ManualEntry
3566,Victoria,Patterson,1977-11-11,Female,O-,victoria.patterson@email.example.com,(419) 402-2902,Andrea Mitchell,(347) 750-3008,"{""line1"": ""8397 Pine St"", ""apt"": """", ""city"": ""Boston"", ""state"": ""MA"", ""zip"": ""02101"", ""timezone"": ""America/Phoenix"", ""street_type"": ""Rd"", ""county"": ""Miami-Dade"", ""country"": ""USA""}",Married,Unemployed,Murphy Corp,Harvard Pilgrim,POL-858430,GRP-2263,337,2023-08-14,2027-06-05,167,72,25.8,Non-Smoker,Moderate,Latex,"Irritable Bowel Syndrome, Rheumatoid Arthritis","Acetaminophen, Tramadol, Albuterol, Bupropion",None,Stroke,English,White,Active,11,ManualEntry
3586,Betty,Nguyen,1983-08-18,Female,A+,betty.nguyen@email.example.com,(252) 293-1927,Henry Patel,(539) 800-8683,"{""line1"": ""2080 Aspen Ct"", ""apt"": """", ""city"": ""Virginia Beach"", ""state"": ""VA"", ""zip"": ""23450""}",Widowed,Chef,Rogers Corp,Harvard Pilgrim,POL-607088,GRP-4896,351,2023-03-03,2023-05-24,171,60,20.5,Current Smoker,Occasional,None,Hypertension,Lisinopril,None,"Diabetes, Cancer, Arthritis",English,Hispanic or Latino,Active,16,ManualEntry
3592,Megan,Gonzales,2005-01-13,Female,O+,megan.gonzales1@email.example.com,(641) 784-8853,Willie James,(766) 755-7767,"{""line1"": ""5494 Cypress Dr"", ""apt"": """", ""city"": ""Jacksonville"", ""state"": ""FL"", ""zip"": ""32201""}",Single,Engineer,Morgan Corp,Atena,POL-904145,GRP-4377,172,2022-03-07,2023-10-03,184,78,23.0,Non-Smoker,Occasional,"Penicillin, Peanuts","Irritable Bowel Syndrome, Crohn's Disease",None,None,"Hypertension, Cancer",Tagalog,White,Active,25,ManualEntry
3594,Henry,Griffin,1999-12-03,Male,A+,henry.griffin@email.example.com,(677) 618-6582,Sarah Cruz,000-000-0000,"{""line1"": ""2331 Union Ave"", ""apt"": "", Apt 44"", ""city"": ""Colorado Springs"", ""state"": ""CO"", ""zip"": ""80901"", ""landmark"": ""Behind Metro Station"", ""county"": ""King"", ""delivery_notes"": ""Gate code: #1234"", ""latitude"": 29.4475}",Single,Military,Fisher Corp,Anthem,POL-382625,GRP-2304,168,2023-11-04,2027-08-10,182,52,15.7,Non-Smoker,Occasional,None,"Hypertension, Chronic Fatigue, Hyperlipidemia, Chronic Kidney Disease","Celecoxib, Cyclobenzaprine, Amlodipine",None,None,English,White,Active,21,ManualEntry
3596,Virginia,Gibson,2001-12-18,Female,AB+,virginia.gibson@email.example.com,(856) 466-7414,Deborah Roberts,(669) 392-4011,"{""line1"": ""2721 College Ave"", ""apt"": "", Suite 38"", ""city"": ""Fresno"", ""state"": ""CA"", ""zip"": ""93701""}",Separated,Artist,,,POL-153668,GRP-3792,153,2024-12-27,2025-09-02,171,89,30.4,Non-Smoker,Occasional,"Sulfa, Pollen, Shellfish","Depression, Anemia","Bupropion, Aspirin","Cholecystectomy, Meniscectomy","None, Heart Disease",English,Asian,Active,13,ManualEntry
3598,Helen,Nelson,2099-06-15,Female,O+,helen.nelson@email.example.com,(780) 525-9575,Savannah Clark,(540) 227-1187,"{""line1"": ""1884 Sunset Dr"", ""apt"": """", ""city"": ""Omaha"", ""state"": ""NE"", ""zip"": ""68101"", ""latitude"": 36.7774, ""neighborhood"": ""Waterfront"", ""country"": ""USA""}",Single,HR Specialist,Price Corp,Health Net,POL-552605,GRP-9206,369,2018-11-24,,156,76,31.2,Non-Smoker,,"NSAIDs, Shellfish","GERD, Depression","Hydrochlorothiazide, Atorvastatin, Levothyroxine, Prednisone","Total hip replacement, Coronary artery bypass grafting, Meniscectomy",Cancer,English,White,Active,19,ManualEntry
3602,Amanda,Stevens,1989-12-18,Female,O-,amanda.stevens1@email.example.com,(454) 440-7549,Laura Nguyen,(929) 648-8692,"{""line1"": ""8330 Elm St"", ""apt"": """", ""city"": ""San Francisco"", ""state"": ""CA"", ""zip"": ""94101"", ""country"": ""USA"", ""county"": ""King"", ""longitude"": -79.1274}",Married,---,Thomas Corp,Highmark,POL-808286,GRP-3682,147,2022-07-14,2025-01-17,146,76,35.7,Non-Smoker,Heavy,"Sulfa, Latex, Penicillin","Atrial Fibrillation, Type 2 Diabetes","Ibuprofen, Bupropion",Hemorrhoidectomy,"Hypertension, Cancer, Diabetes",English,White,Active,19,ManualEntry
3614,Randy,Castillo,,Male,O-,not-an-email,(788) 550-8772,Jason Castillo,(742) 264-1200,"{""line1"": ""6638 Hamilton Ct"", ""apt"": """", ""city"": ""Fort Worth"", ""state"": ""TX"", ""zip"": ""76101"", ""longitude"": -81.8948, ""latitude"": 28.068, ""county"": ""Maricopa""}",Separated,Unemployed,Hughes Corp,Highmark,POL-375392,GRP-6351,153,2021-05-28,2024-06-03,181,84,25.6,Non-Smoker,Occasional,"Pollen, Peanuts, Penicillin","Fibromyalgia, Coronary Artery Disease, Chronic Kidney Disease",None,None,"Asthma, Arthritis",Vietnamese,White,Inactive,13,ManualEntry
3626,Savannah,King,1950-11-11,Female,AB,savannah.king@email.example.com,(682) 541-3466,Dennis Peterson,(664) 394-2657,"{""line1"": ""4401 Birch St"", ""apt"": """", ""city"": ""Charlotte"", ""state"": ""NC"", ""zip"": ""28201"", ""floor_number"": 21, ""timezone"": ""America/New_York"", ""street_type"": ""Rd"", ""longitude"": -89.9902}",Single,Psychologist,,Health Net,POL-293425,GRP-6052,81,2019-02-06,2022-11-12,163,53,19.9,Current Smoker,None,"Peanuts, NSAIDs, Dust","GERD, Anxiety Disorder, Coronary Artery Disease, Anemia",None,None,Alzheimer's,English,White,Active,23,ManualEntry
3632,Kyle,Jenkins,1983-06-07,Male,B+,kyle.jenkins@email.example.com,(948) 212-4605,Brian Johnson,(671) 916-9340,"{""line1"": ""7906 Hill St"", ""apt"": """", ""city"": ""Denver"", ""state"": ""CO"", ""zip"": ""80201"", ""latitude"": 25.9033, ""neighborhood"": ""Uptown"", ""longitude"": -86.7786, ""country"": ""USA""}",,Accountant,Anderson Corp,Blue Cross Blue Shield,POL-265910,GRP-8393,316,2022-04-17,1900-01-01,149,56,25.2,Smoker,Occasional,Dust,"GERD, Hypertension",None,None,"DM, HTN, CAD",Spanish,White,Inactive,18,ManualEntry
3638,Silas,Cooper,1995-10-15,Male,A+,silas.cooper1@email.example.com,2125550199,Olivia Scott,(755) 746-4608,"{""line1"": ""1751 Elm St"", ""apt"": "", Apt 31"", ""city"": ""Albuquerque"", ""state"": ""NM"", ""zip"": ""87101""}",Single,Architect,Stevens Corp,UnitedHealthcare,POL-669771,GRP-3122,270,2025-06-17,2025-07-31,174,51,16.8,Non-Smoker,Moderate,"Dust, Shellfish, Peanuts",,"Levothyroxine, Ozempic",None,None,English,White,Active,20,ManualEntry
3649,Aria,Moore,2000-04-13,Female,A+,aria.moore@email.example.com,(804) 225-8639,Julie Freeman,(474) 698-1087,"{""line1"": ""8082 Park Blvd"", ""apt"": """", ""city"": ""Philadelphia"", ""state"": ""PA"", ""zip"": ""19101"", ""country"": ""USA""}",,Dentist,,Highmark,POL-144730,,437,2018-08-14,2021-07-13,171,103,35.2,Current Smoker,None,Shellfish,,"Fluticasone, Prednisone, Amlodipine",Carpal tunnel release,None,Spanish,White,Active,12,ManualEntry
3653,Michael,Diaz,1972-01-28,Male,A+,michael.diaz@email.example.com,(595) 745-5324,999-999-9999,(515) 424-4966,"{""line1"": ""3598 Walnut Ave"", ""apt"": "", Apt 31"", ""city"": ""Cleveland"", ""state"": ""OH"", ""zip"": ""44101"", ""latitude"": 38.9362, ""longitude"": -88.659, ""timezone"": ""America/New_York"", ""street_type"": ""Blvd""}",Single,Teacher,Sanchez Corp,MetLife,POL-324109,GRP-6252,287,2019-05-26,2022-05-20,166,61,22.1,Non-Smoker,Occasional,"NSAIDs, Shellfish, Dust",Rheumatoid Arthritis,"Insulin glargine, Albuterol, Meloxicam, Acetaminophen",Tonsillectomy,None,English,White,Active,5,ManualEntry
3658,Ella,Reyes,2003-06-02,Female,A+,ella.reyes@email.example.com,(905) 382-2239,Roger Morgan,(525) 252-4425,"{""line1"": ""4734 First St"", ""apt"": """", ""city"": ""Colorado Springs"", ""state"": ""CO"", ""zip"": ""80901"", ""longitude"": -112.707, ""country"": ""USA""}",Single,Chef,Jordan Corp,Molina Healthcare,POL-657343,GRP-9912,186,2021-04-01,,161,49,18.9,Non-Smoker,Moderate,"Peanuts, NSAIDs, Codeine","Hypothyroidism, Type 2 Diabetes","Amlodipine, Clopidogrel, Fluticasone","Cataract surgery, Coronary artery bypass grafting",Alzheimer's,English,White,Active,1,ManualEntry
3659,Olivia,Butler,1980-07-26,Female,A+,olivia.butler1@email.example.com,(952) 865-2898,Dylan Jackson,(613) 972-4485,"{""line1"": ""8700 View Blvd"", ""apt"": "", Unit 28"", ""city"": ""Colorado Springs"", ""state"": ""CO"", ""zip"": ""80901"", ""longitude"": -95.1214}",Married,---,Simmons Corp,Aetna,POL-201905,GRP-2197,350,2019-12-13,2021-01-04,150,62,27.6,Non-Smoker,None,Latex,Irritable Bowel Syndrome,None,None,"Diabetes, Heart Disease, Cancer",English,White,Inactive,2,ManualEntry
3668,Janet,Morgan,1997-10-17,Female,O+,janet.morgan@email.example.com,(925) 494-9367,Betty Martin,(739) 492-9274,"{""line1"": ""3748 Adams Way"", ""apt"": """", ""city"": ""Kansas City"", ""state"": ""MO"", ""zip"": ""64101"", ""county"": ""Harris"", ""neighborhood"": ""Suburbs""}",Divorced,Pilot,Russell Corp,Highmark,POL-866370,GRP-1307,190,2025-03-28,,164,61,22.7,Non-Smoker,None,"Peanuts, NSAIDs, Codeine","Asthma, Coronary Artery Disease",Celecoxib,None,Asthma,English,White,Active,9,ManualEntry
3671,Linda,Mitchell,1985-02-11,,A+,linda.mitchell@email.example.com,(843) 309-6103,Joe Nelson,(540) 952-8249,"{""line1"": ""1054 Magnolia Way"", ""apt"": """", ""city"": ""Tampa"", ""state"": ""FL"", ""zip"": ""33601"", ""country"": ""USA"", ""street_type"": ""Dr""}",Married,Musician,N/A,CareFirst,POL-152928,GRP-8154,385,2022-02-08,2026-03-05,tall,59,22.2,Non-Smoker,Occasional,"Latex, Peanuts, Codeine",,"Cyclobenzaprine, Tramadol, Omeprazole",None,"Hypertension, Alzheimer's, Heart Disease",English,White,Active,6,ManualEntry
3675,Aria,West,1993-04-27,Female,O+,,(506) 831-8693,Nicholas James,(374) 882-6044,"{""line1"": ""1315 Birch St"", ""apt"": "", # 2"", ""city"": ""Indianapolis"", ""state"": ""IN"", ""zip"": ""46201"", ""country"": ""USA"", ""neighborhood"": ""Southside""}",Married,UnemPloyed,,Tufts Health Plan,POL-611980,GRP-6707,182,2018-08-13,2020-08-01,157,119,48.3,Current Smoker,Occasional,None,"Osteoporosis, Osteoarthritis, Migraine, Eczema","Spironolactone, Furosemide, Hydrochlorothiazide",None,"Hypertension, Arthritis, Asthma",Tagalog,Two or More Races,Active,7,ManualEntry
3677,Samantha,Hughes,1951-09-13,Female,A+,samantha.hughes2@email.example.com,(516) 647-4309,Madelyn Foster,(972) 473-2040,"{""line1"": ""1289 Seventh St"", ""apt"": "", # 11"", ""city"": ""Seattle"", ""state"": ""WA"", ""zip"": ""98101""}",Married,Plumber,,Centene,POL-463359,GRP-7026,83,2018-05-21,2018-07-25,157,67,27.2,Non-Smoker,Occasional,Pollen,Hyperlipidemia,Atorvastatin,None,"Alzheimer's, None",Tagalog,Asian,Active,11,ManualEntry
3687,Terry,Williams,1985-11-09,Male,A+,terry.williams@email.example.com,(647) 443-2530,Jeremy Perry,(740) 713-4967,"{""line1"": ""9624 Lincoln Blvd"", ""apt"": """", ""city"": ""Nashville"", ""state"": ""TN"", ""zip"": ""37201"", ""timezone"": ""America/New_York"", ""latitude"": 42.8819, ""county"": ""Dallas"", ""floor_number"": 4}",Divorced,Chef,Flores Corp,Molina Healthcare,POL-813024,GRP-9954,495,2025-13-01,2026-09-16,179,105,32.8,Former Smoker,Heavy,"Latex, Peanuts, None",,"Atorvastatin, Omeprazole, Insulin glargine",Mastectomy,Heart Disease,Spanish,Hispanic or Latino,Deceased ,21,ManualEntry
,Victoria,Murphy,1997-05-09,Female,O+,victoria.murphy@email.example.com,(743) 579-5906,Aaron Nelson,(610) 989-1188,"{""line1"": ""2744 Cedar Ln"", ""apt"": """", ""city"": ""San Jose"", ""state"": ""CA"", ""zip"": ""95101""}",Divorced,Business Owner,Sanchez Corp,CareFirst,POL-280790,GRP-9276,286,2020-10-05,2023-08-11,153,71,30.3,Non-Smoker,Heavy,"Penicillin, None, Pollen",,Eliquis,Coronary artery bypass grafting,"None, Cancer",English,Black or African American,Active,22,ManualEntry
3692,Elijah,Mitchell,2002-03-29,Male,B+,elijah.mitchell@email.example.com,(279) 689-9463,Silas Peterson,(845) 545-6174,"{""line1"": ""3872 Cherry Ln"", ""apt"": """", ""city"": ""Los Angeles"", ""state"": ""CA"", ""zip"": ""90001"", ""neighborhood"": ""Northside""}",Married,Student,,Kaiser Permanente,POL-476869,GRP-8029,419,2019-01-24,2020-08-20,175,66,21.6,Non-Smoker,None,Penicillin,Irritable Bowel Syndrome,"Metformin, Bupropion","Coronary artery bypass grafting, Rotator cuff repair",None,English,Other,Active,7,ManualEntry
3699,Jeffrey,Powell,2005-12-29,Male,B+,jeffrey.powell@email.example.com,(394) 930-8786,Harrison Nelson,(388) 954-5989,"{""line1"": ""5448 Aspen Ct"", ""apt"": "", Suite 5"", ""city"": ""Seattle"", ""state"": ""WA"", ""zip"": ""98101"", ""street_type"": ""St""}",Single,Retail Associate,,MetLife,POL-716506,GRP-6633,31,2020-01-04,2022-02-11,170,75,26.0,Non-Smoker,None,"Codeine, Peanuts",,"Acetaminophen, Duloxetine, Cyclobenzaprine",None,None,Spanish,White,Active,8,ManualEntry
3701,Jack,Phillips,1983-01-26,Male,O-,jack.phillips@email.example.com,(504) 662-4039,Sharon Stevens,(250) 266-1724,"{""line1"": ""2318 Third St"", ""apt"": "", # 10"", ""city"": ""Oakland"", ""state"": ""CA"", ""zip"": ""94601"", ""county"": ""Dallas"", ""neighborhood"": ""Southside"", ""country"": ""USA"", ""timezone"": ""America/Los_Angeles""}",,Bank Teller,Bryant Corp,Aetna,POL-548079,GRP-7011,32,tomorrow,2020-04-25,166,57,20.7,Non-Smoker,Occasional,"Dust, Shellfish",Osteoarthritis,Lisinopril,Mastectomy,"Cancer, None",Tagalog,White,active,28,ManualEntry
3709,Zachary,Rodriguez,1950-08-18,Male,A-,zachary.rodriguez@email.example.com,(912) 813-9640,Roger Ramirez,(253) 858-3215,"{""line1"": ""4151 Seventh St"", ""apt"": """", ""city"": ""Louisville"", ""state"": ""KY"", ""zip"": ""40201"", ""street_type"": ""Rd"", ""country"": ""USA"", ""timezone"": ""America/Los_Angeles"", ""landmark"": ""Close to University"", ""delivery_notes"": ""Ring bell""}",Single,HR Specialist,Crawford Corp,Cigna,POL-951528,GRP-5562,,2022-05-09,2025-01-10,175,82,26.8,Non-Smoker,Moderate,"Latex, Sulfa, Dust","Osteoporosis, Irritable Bowel Syndrome, Ulcerative Colitis, Anxiety Disorder","Atorvastatin, Albuterol",Rotator cuff repair,"Stroke, None, Cancer",English,Hispanic or Latino,Active,,ManualEntry
3712,Bruce,Ortiz,1978-04-09,Male,AB,bruce.ortiz@email.example.com,(249) 553-3114,Benjamin Simmons,(729) 269-4426,"{""line1"": ""7965 Ninth St"", ""apt"": "", Suite 18"", ""city"": ""Miami"", ""state"": ""FL"", ""zip"": ""33101"", ""county"": ""Queens""}",Married,Project Manager,,Anthem,POL-207544,GRP-3988,410,2021-01-05,2021-01-05,9999,,23.4,Non-Smoker,Moderate,None,Irritable Bowel Syndrome,"Losartan, Gabapentin, Cetirizine, Eliquis",None,None,Spanish,White,Inactive,5,ManualEntry
3727,Kathleen,###,1966-04-05,Female,A-,kathleen.davis@email.example.com,(712) 902-3117,Alexander Freeman,(844) 727-1284,"{""line1"": ""5110 First St"", ""apt"": "", # 13"", ""city"": ""Washington"", ""state"": ""DC"", ""zip"": ""20001"", ""timezone"": ""America/New_York"", ""neighborhood"": ""West Side"", ""latitude"": 45.5563}",Divorced,Dental Hygienist,Hunter Corp,Geisinger,POL-900697,GRP-6133,313,2023-12-07,2027-04-01,157,57,23.1,Never Assessed,None,"Penicillin, Sulfa, Codeine","Asthma, Migraine","Cetirizine, Ibuprofen, Celecoxib",Rotator cuff repair,None,Mandarin,Asian,Active,14,ManualEntry
3749,Emma,Taylor,1972-12-01,,O+,emma.taylor@email.example.com,(229) 201-4455,Julian Jenkins,(453) 677-9793,"{""line1"": ""8515 Highland Ave"", ""apt"": "", Apt 37"", ""city"": ""Long Beach"", ""state"": ""CA"", ""zip"": ""90801"", ""longitude"": -120.7563, ""latitude"": 47.1243}",Divorced,Professor,Rogers Corp,CareFirst,POL-347165,GRP-6240,141,2022-04-16,2023-02-04,165,69,25.3,Former Smoker,Heavy,"Sulfa, Codeine, NSAIDs","Depression, Crohn's Disease, Hypothyroidism, Psoriasis",Furosemide,Coronary artery bypass grafting,Hypertension,Russian,Hispanic or Latino,Active,22,ManualEntry
3754,Caleb,Anderson,1991-07-13,Male,A+,caleb.anderson@email.example.com,(278) 849-8792,Russell Hayes,(267) 424-5572,"{""line1"": ""5228 Church St"", ""apt"": "", # 2"", ""city"": ""Austin"", ""state"": ""TX"", ""zip"": ""73301"", ""longitude"": -81.028}",Married,Consultant,,Aetna,POL-961710,GRP-4305,138,2023-08-04,2025-04-17,180,70,-5,Current Smoker,Moderate,"Pollen, Penicillin, Latex",Osteoporosis,Atorvastatin,None,"Stroke, Asthma, None",English,White,Active,4,ManualEntry
3778,Edward,Sanchez,2001-02-05,Male,O+,edward.sanchez@email.example.com,12345,Skylar Woods,(506) 855-3399,"{""line1"": ""856 Forest Ave"", ""apt"": """", ""city"": ""Tulsa"", ""state"": ""OK"", ""zip"": ""74101"", ""street_type"": ""Rd""}",Single,Electrician,Woods Corp,UnitedHealthcare,POL-814919,GRP-4966,70,2021-06-12,2023-04-13,172,115,38.9,Non-Smoker,Moderate,Latex,,None,None,None,Korean,Black or African American,Inactive,5,ManualEntry
3780,Nathan,Hamilton,1963-12-10,Male,O+,nathan.hamilton@email.example.com,(278) 290-9684,Gabriel Hayes,(658) 984-5904,"{""line1"": ""2467 Pleasant St"", ""apt"": """", ""city"": ""Long Beach"", ""state"": ""CA"", ""zip"": ""90801""}",married,Accountant,Phillips Corp,,,,52,2020-01-30,2020-02-12,180,56,17.3,Current Smoker,Moderate,Dust,,Bupropion,None,"Diabetes, Alzheimer's, Heart Disease",Spanish,White,Active,22,ManualEntry
3784,Karen,Hall,1999-02-24,Female,O+,karen.hall1@email.example.com,(361) 519-5121,Stephanie Lopez,(361) 456-2810,"{""line1"": ""5423 Madison St"", ""apt"": """", ""city"": ""San Francisco"", ""state"": ""CA"", ""zip"": ""94101"", ""floor_number"": 25, ""latitude"": 30.1953}",Single,Architect,Foster Corp,Tufts Health Plan,POL-150899,GRP-1342,147,2019-07-09,2020-05-19,163,82,30.9,Never Assessed,None,"NSAIDs, Pollen","Asthma, COPD, Anxiety Disorder, Psoriasis","Atorvastatin, Amlodipine",None,"Cancer, Stroke, Alzheimer's",English,Black or African American,Deceased,19,ManualEntry
3791,Nathan,Porter,2000-05-17,Male,A+,nathan.porter@email.example.com,(303) 875-8258,Jonathan Ortiz,(300) 608-6167,"{""line1"": ""4569 Maple Dr"", ""apt"": """", ""city"": ""Atlanta"", ""state"": ""GA"", ""zip"": ""30301""}",Married,Engineer,,Harvard Pilgrim,POL-178659,GRP-3647,183,2024-08-09,2027-08-30,189,92,25.8,Non-Smoker,Moderate,,"Crohn's Disease, Depression, Chronic Fatigue, Congestive Heart Failure","Warfarin, Fluticasone",Laminectomy,"Hypertension, None, Arthritis",English,White,Active,20,ManualEntry
3810,Amanda,Reyes,1982-09-04,Female,A-,amanda.reyes1@email.example.com,(526) 832-8159,Adam Harrison,(288) 819-1446,"{""line1"": ""5728 View Blvd"", ""apt"": """", ""city"": ""San Jose"", ""state"": ""CA"", ""zip"": ""95101"", ""street_type"": ""Way"", ""country"": ""USA"", ""floor_number"": 6}",,Engineer,Smith Corp,Geisinger,POL-588042,GRP-4589,103,2024-08-01,2024-11-24,159,106,150,Non-Smoker,Occasional,"Peanuts, Latex, Shellfish","Chronic Kidney Disease, COPD, Fibromyalgia","Metoprolol, Hydrochlorothiazide, Insulin glargine, Apixaban",None,"Stroke, None",English,White,Active,30,ManualEntry
3811,Donald,Edwards,1999-08-19,Male,O-,donald.edwards1@email.example.com,(914) 726-8349,Luke Gonzalez,(977) 963-3417,"{""line1"": ""9718 Willow Dr"", ""apt"": """", ""city"": ""Cleveland"", ""state"": ""OH"", ""zip"": ""44101"", ""latitude"": 32.1408}",Married,Retired,,UnitedHealthcare,POL-198702,GRP-3947,463,2022-04-05,2024-07-30,182,69,20.8,Former Smoker,Moderate,"None, Latex","GERD, Anemia, COPD, Chronic Kidney Disease",Gabapentin,None,Asthma,Spanish,White,Inactive,12,ManualEntry
3812,Ruth,King,2002-10-23,Female,O+,ruth.king@email.example.com,(758) 531-5975,Nathan Ramirez,(211) 697-7261,"{""line1"": ""5036 View Blvd"", ""apt"": "", Unit 9"", ""city"": ""San Diego"", ""state"": ""CA"", ""zip"": ""92101""}",Single,Writer,,Cigna,POL-657843,GRP-6066,47,2020-06-07,2023-08-20,170,73,25.3,Non-Smoker,None,"Penicillin, Dust, Sulfa","Atrial Fibrillation, Coronary Artery Disease, Anemia",Metformin,None,"Alzheimer's, Cancer",Spanish,White,Deceased,19,ManualEntry
3816,Justin,Hill,1997-08-06,Male,O+,justin.hill@email.example.com,(451) 499-5159,Benjamin Hall,(905) 603-3718,"{""line1"": ""4326 Church St"", ""apt"": "", Suite 29"", ""city"": ""Memphis"", ""state"": ""TN"", ""zip"": ""38101"", ""country"": ""USA""}",Single,Consultant,Scott Corp,UnitedHealthcare,POL-549012,GRP-6231,491,2018-01-04,2020-12-07,169,101,35.4,Non-Smoker,Occasional,None,Osteoporosis,"Losartan, Metformin, Loratadine",Cholecystectomy,Heart Disease,Vietnamese,White,Active,13,ManualEntry
3819,Kenneth,Murphy,1974-12-21,Male,O+,,(254) 364-1921,Brenda Taylor,(678) 963-6435,"{""line1"": ""1535 Highland Ave"", ""apt"": "", Unit 45"", ""city"": ""Minneapolis"", ""state"": ""MN"", ""zip"": ""55401"", ""latitude"": 29.9098, ""timezone"": ""America/Denver"", ""country"": ""USA"", ""longitude"": -102.9599}",Single,Retired,Long Corp,Blue Cross Blue Shield,POL-913677,GRP-4877,49,2020-07-07,2022-03-10,182,84,normal,Never Assessed,None,"Latex, Pollen, NSAIDs",,None,None,"Heart Disease, Hypertension",English,Two or More Races,Active,13,ManualEntry
3823,Kevin,Murray,1991-04-20,Male,O+,kevin.murray@email.example.com,(305) 650-3068,Frank Price,(851) 709-2505,"{""line1"": ""3030 Lake Dr"", ""apt"": "", Suite 36"", ""city"": ""Boston"", ""state"": ""MA"", ""zip"": ""02101"", ""country"": ""USA"", ""neighborhood"": ""Southside"", ""street_type"": ""Dr"", ""longitude"": -118.8251}",Married,Retired,Martinez Corp,Highmark,POL-383657,GRP-5037,426,2021-11-01,2025-09-01,176,90,29.1,Never Assessed,None,"None, Penicillin, Sulfa",,None,None,,English,White,Deceased,23,ManualEntry
3825,Scarlett,Hughes,2003-08-11,Female,O+,scarlett.hughes@email.example.com,(634) 596-5617,Harrison Ford,(572) 757-2047,"{""line1"": ""3764 River Rd"", ""apt"": """", ""city"": ""Kansas City"", ""state"": ""MO"", ""zip"": ""64101"", ""street_type"": ""St"", ""neighborhood"": ""East Side""}",Married,Flight Attendant,Hernandez Corp,Anthem,,GRP-5785,202,2025-08-02,2027-04-11,161,83,32.0,Non-Smoker,Moderate,None,"Irritable Bowel Syndrome, Hypertension, Type 2 Diabetes, Coronary Artery Disease",Fluticasone,Vasectomy,None,English,,,8,ManualEntry
3826,Bruce,Wallace,2099-06-15,Male,O+,bruce.wallace@email.example.com,(420) 567-9761,Nora Gray,(246) 570-1890,"{""line1"": ""4979 Madison St"", ""apt"": """", ""city"": ""Dallas"", ""state"": ""TX"", ""zip"": ""75201""}",Divorced,Sales Representative,,Blue Cross Blue Shield,POL-943626,GRP-1166,177,2024-08-05,,169,73,25.6,Former Smoker,None,Pollen,,"Levothyroxine, Gabapentin",Cholecystectomy,Alzheimer's,Vietnamese,Hispanic or Latino,Active,20,ManualEntry
3840,Roman,Thomas,1998-03-21,Male,AB+,roman.thomas@email.example.com,(837) 475-9830,Dennis Tucker,(715) 801-1079,"{""line1"": ""1474 Hickory St"", ""apt"": "", Unit 8"", ""city"": ""Austin"", ""state"": ""TX"", ""zip"": ""73301"", ""longitude"": -105.418}",Married,Pilot,Sanchez Corp,Geisinger,POL-833611,GRP-5093,12,2018-07-21,2018-12-03,176,86,27.8,Current Smoker,Occasional,"Pollen, Dust, Peanuts",,"Acetaminophen, Lisinopril, Albuterol",Total hip replacement,None,French,Asian,Active,12,ManualEntry
3841,Lauren,Flores,2025-06-15,Female,O-,lauren.flores@email.example.com,(733) 828-4727,Camila Myers,(796) 401-7619,"{""line1"": ""563 Center St"", ""apt"": "", Apt 32"", ""city"": ""Phoenix"", ""state"": ""AZ"", ""zip"": ""85001"", ""country"": ""USA"", ""delivery_notes"": ""Gate code: #1234"", ""latitude"": 40.0751}",Divorced,Business Owner,Hill Corp,CareFirst,POL-177919,GRP-7436,191,2022-08-02,,178,54,17.0,Non-Smoker,None,"Shellfish, Peanuts","Hypertension, Chronic Fatigue, Psoriasis","Insulin glargine, Gabapentin, Cyclobenzaprine, Warfarin",None,Cancer,English,White,Active,26,ManualEntry
3846,Brandon,Williams,1998-03-08,Male,O+,brandon.williams@email.example.com,(628) 894-2478,Dennis Long,(243) 385-8756,"{""line1"": ""7940 First St"", ""apt"": """", ""city"": ""Washington"", ""state"": ""DC"", ""zip"": ""20001""}",Single,Lawyer,Jordan Corp,Cigna HealthCare,POL-829302,GRP-3803,85,2018-03-07,2021-06-11,179,81,25.3,Non-Smoker,Moderate,"Codeine, Penicillin",,"Clopidogrel, Lisinopril, Metoprolol","Mastectomy, Cholecystectomy","Cancer, Asthma, Alzheimer's",Spanish,White,Active,10,ManualEntry
3851,Edward,Jenkins,2001-06-03,Male,A+,edward.jenkins@email.example.com,(596) 706-8675,Randy Scott,(614) 607-2628,"{""line1"": ""1542 Tenth Ave"", ""apt"": """", ""city"": ""Las Vegas"", ""state"": ""NV"", ""zip"": ""89101"", ""latitude"": 31.1691, ""street_type"": ""Dr""}",married,Pilot,Allen Corp,Independence Blue Cross,POL-676764,GRP-4624,246,2021-12-18,2022-05-05,180,89,27.5,Non-Smoker,None,None,Atrial Fibrillation,"Spironolactone, Cyclobenzaprine, Omeprazole, Ozempic",Hysterectomy,"Arthritis, Cancer",English,White,Active,14,ManualEntry
3854,Aurora,Hunter,1972-07-31,Female,A+,aurora.hunter@email.example.com,(628) 523-6826,Janet Myers,(505) 886-8462,"{""line1"": ""455 Park Blvd"", ""apt"": """", ""city"": ""Philadelphia"", ""state"": ""PA"", ""zip"": ""19101"", ""floor_number"": 2, ""delivery_notes"": ""Leave at door""}",Single,Veterinarian,Hicks Corp,Molina Healthcare,POL-566510,G1234,114,2024-02-24,2028-02-28,162,0,37.3,Non-Smoker,None,"None, Peanuts, Dust",Osteoarthritis,"Tramadol, Furosemide, Montelukast, Amlodipine",ACL reconstruction,"Arthritis, Hypertension",English,Hispanic or Latino,Active,19,ManualEntry
3863,Layla,Harris,1972-01-30,,O+,layla.harris@email.example.com,(723) 842-4879,Lisa Hunter,(491) 892-8959,"{""line1"": ""6674 Walnut Ave"", ""apt"": "", Unit 6"", ""city"": ""Columbus"", ""state"": ""OH"", ""zip"": ""43201"", ""street_type"": ""Rd"", ""landmark"": ""Near City Hall"", ""longitude"": -102.4747}",Divorced,Pharmacist,Butler Corp,Geisinger,POL-986280,GRP-6854,471,2024-05-10,2027-04-12,156,57,23.4,Never Assessed,None,Latex,,Gabapentin,None,None,Mandarin,Black or African American,Active,7,ManualEntry
,Nicholas,,1997-11-16,Male,A+,nicholas.mcdonald@email.example.com,(272) 250-2823,Henry Collins,(962) 285-6711,"{""line1"": ""911 Franklin Blvd"", ""apt"": """", ""city"": ""Atlanta"", ""state"": ""GA"", ""zip"": ""30301"", ""latitude"": 35.758}",Widowed,Accountant,AAAAAAAAAAAAAAAAAAAAAAAAAAAAAAAAAAAAAAAAAAAAAAAAAAAAAAAAAAAAAAAAAAAAAAAAAAAAAAAAAAAAAAAAAAAAAAAAAAAAAAAAAAAAAAAAAAAAAAAAAAAAAAAAAAAAAAAAAAAAAAAAAAAAAAAAAAAAAAAAAAAAAAAAAAAAAAAAAAAAAAAAAAAAAAAAAAAAAAAA,Aetna,POL-814760,GRP-7281,168,2021-12-24,2023-04-16,172,82,27.7,Non-Smoker,None,None,Hyperlipidemia,Eliquis,None,None,Spanish,White,Active,21,ManualEntry
3868,Melissa,Gutierrez,2005-05-14,Female,O+,melissa.gutierrez@email.example.com,(553) 820-1444,Micah Ward,(765) 967-2077,"{""line1"": ""4107 Cherry Ln"", ""apt"": """", ""city"": ""Baltimore"", ""state"": ""MD"", ""zip"": ""21201""}",Married,Police Officer,Reynolds Corp,Highmark,POL-854392,GRP-4724,103,2023-12-27,2025-08-13,153,91,-5,Non-Smoker,Occasional,"Pollen, Shellfish, Codeine",,"Losartan, Apixaban, Atorvastatin, Omeprazole",None,Stroke,Cantonese,Hispanic or Latino,Active,30,ManualEntry
3878,Maria,Murphy,1991-01-12,Female,A-,user@.com,2125550199,Jacqueline Perry,(532) 322-3190,"{""line1"": ""916 Cherry Ln"", ""apt"": "", Suite 24"", ""city"": ""Houston"", ""state"": ""TX"", ""zip"": ""77001"", ""county"": ""Dallas"", ""street_type"": ""Ct""}",Divorced,Doctor,,,,,400,2025-05-10,,176,112,36.2,Never Assessed,None,None,"COPD, Depression","Metformin, Jardiance, Losartan, Amlodipine",None,None,English,Black or African American,Active,4,ManualEntry
3894,Bruce,Gutierrez,1991-07-02,Male,O+,bruce.gutierrez@email.example.com,(745) 431-9864,Maxwell Diaz,(625) 601-5519,"{""line1"": ""2392 Forest Ave"", ""apt"": """", ""city"": ""San Jose"", ""state"": ""CA"", ""zip"": ""95101"", ""neighborhood"": ""Waterfront""}",Married,Librarian,Porter Corp,Humana,POL-864287,GRP-1290,88,2024-04-28,2026-02-03,187,68,19.4,Former Smoker,Moderate,"Dust, NSAIDs, Penicillin","Ulcerative Colitis, Migraine, Chronic Fatigue","Apixaban, Losartan, Ibuprofen",None,Hypertension,Spanish,White,Active,19,ManualEntry
3902,Paul,Edwards,1993-10-28,Male,A-,paul.edwards@email.example.com,(628) 623-5789,Camila Alvarez,(205) 701-7422,"{""line1"": ""2771 Oak Ave"", ""apt"": "", Apt 36"", ""city"": ""Indianapolis"", ""state"": ""IN"", ""zip"": ""46201"", ""timezone"": ""America/Chicago"", ""country"": ""USA"", ""longitude"": -95.6797, ""neighborhood"": ""Northside""}",Divorced,Mechanic,,Tufts Health Plan,POL-709414,GRP-7179,99,2022-12-15,2025-12-12,171,107,36.6,Non-Smoker,None,"Codeine, Penicillin","Irritable Bowel Syndrome, Chronic Fatigue, Sleep Apnea","Albuterol, Loratadine, Hydrochlorothiazide, Metoprolol",None,,English,Hispanic or Latino,Active,16,ManualEntry
3905,Megan,Hamilton,1952-11-13,Female,O+,megan.hamilton@email.example.com,(296) 845-4611,Susan Alexander,(756) 401-4677,"{""line1"": ""448 Lincoln Blvd"", ""apt"": """", ""city"": ""Sacramento"", ""state"": ""CA"", ""zip"": ""94201"", ""timezone"": ""America/Phoenix"", ""county"": ""Miami-Dade"", ""landmark"": ""Close to University"", ""street_type"": ""Way""}",Married,Professor,,Oscar Health,POL-800928,GRP-2952,195,2025-03-12,2027-08-12,157,108,43.8,Non-Smoker,Occasional,"Sulfa, Penicillin, Pollen",,"Pantoprazole, Sertraline","Mastectomy, C-section",None,English,Black or African American,Active,6,ManualEntry
3915,Jacob,Gutierrez,1997-10-27,Male,A+,jacob.gutierrez@email.example.com,(479) 518-2312,Genesis Flores,(491) 799-3392,"{""line1"": ""9780 Elm St"", ""apt"": """", ""city"": ""Colorado Springs"", ""state"": ""CO"", ""zip"": ""80901"", ""longitude"": -95.4388, ""country"": ""USA"", ""timezone"": ""America/New_York"", ""street_type"": ""Pl""}",married,Real Estate Agent,Gomez Corp,MetLife,POL-362651,GRP-7630,432,2021-02-14,2022-07-01,177,51,16.3,Non-Smoker,None,Latex,"Depression, Chronic Kidney Disease",None,Laminectomy,Stroke,English,Hispanic or Latino,Inactive,18,ManualEntry
3930,Helen,Wells,2002-05-05,Female,O+,helen.wells1@email.example.com,(209) 649-9820,Henry Hughes,(853) 441-5757,"{""line1"": ""8782 Spring St"", ""apt"": """", ""city"": ""Long Beach"", ""state"": ""CA"", ""zip"": ""90801"", ""county"": ""Cook""}",Married,Data Analyst,Garcia Corp,Centene,POL-312815,GRP-8855,210,2021-12-23,2026-01-19,157,80,32.5,Former Smoker,Heavy,,"Eczema, GERD","Insulin glargine, Cyclobenzaprine",None,"Hypertension, Asthma",Spanish,caucasian,Active,2,ManualEntry
3934,Laura,Flores,1961-03-23,Female,B+,laura.flores@email.example.com,(270) 890-6727,Patrick Adams,(670) 415-6683,"{""line1"": ""761 Seventh St"", ""apt"": """", ""city"": ""Nashville"", ""state"": ""TN"", ""zip"": ""37201""}",Married,Chef,James Corp,,,,256,2019-03-20,2019-08-29,177,63,20.1,Non-Smoker,None,"Peanuts, Penicillin, Shellfish","Crohn's Disease, Congestive Heart Failure",Fluticasone,Spinal fusion,"Hypertension, None, Asthma",Tagalog,Two or More Races,Inactive,9,ManualEntry
3945,Jerry,Patterson,2003-10-14,Male,,not-an-email,(558) 233-2729,Chloe Jenkins,(507) 903-8856,"{""line1"": ""3839 Sycamore Ave"", ""apt"": """", ""city"": ""Mesa"", ""state"": ""AZ"", ""zip"": ""85201"", ""county"": ""Harris""}",Single,Psychologist,Flores Corp,Independence Blue Cross,POL-937883,GRP-2613,438,2019-02-02,,176,650,30.3,Former Smoker,Occasional,"Latex, Shellfish, Dust",,Levothyroxine,None,"Heart Disease, Asthma, Arthritis",English,White,Inactive,9,ManualEntry
3948,Richard,James,2000-03-21,Male,A+,richard.james@email.example.com,(408) 864-2386,Donna Wood,(316) 670-4359,"{""line1"": ""7090 Spring St"", ""apt"": """", ""city"": ""Cleveland"", ""state"": ""OH"", ""zip"": ""44101""}",Single,Psychologist,Butler Corp,UnitedHealthcare,POL-294638,GRP-1107,327,2023-02-07,2024-10-02,176,83,26.8,Non-Smoker,Occasional,"Codeine, Latex, Pollen",Sleep Apnea,"Omeprazole, Atorvastatin, Fluticasone, Aspirin","Sleeve gastrectomy, Hemorrhoidectomy, Total knee replacement",None,,Black or African American,Active,9,ManualEntry
3950,Shirley,Gomez,1974-11-18,,A+,shirley.gomez@email.example.com,(838) 905-9970,Riley Rivera,(875) 491-2134,"{""line1"": ""8384 Third St"", ""apt"": """", ""city"": ""Baltimore"", ""state"": ""MD"", ""zip"": ""21201"", ""latitude"": 29.5064, ""longitude"": -106.5658, ""county"": ""Orange"", ""timezone"": ""America/New_York""}",Married,Real Estate Agent,Alexander Corp,CareFirst,POL-177501,GRP-7783,117,2024-05-10,2025-01-04,172,93,31.4,Current Smoker,Occasional,None,Coronary Artery Disease,"Losartan, Amlodipine",None,Arthritis,English,White,Active,9,ManualEntry
3963,Joyce,Sanchez,1972-05-21,Female,B+,joyce.sanchez@email.example.com,(633) 309-1727,Alexander Myers,(527) 469-8867,"{""line1"": ""5706 Forest Ave"", ""apt"": """", ""city"": ""Jacksonville"", ""state"": ""FL"", ""zip"": ""32201"", ""longitude"": -95.1822, ""street_type"": ""St""}",Single,Business Owner,Jimenez Corp,Health Net,POL-629393,GRP-1912,453,2020-08-07,2021-02-09,167,104,37.3,Non-Smoker,Moderate,"Dust, Peanuts",,"Lisinopril, Losartan, Metoprolol, Celecoxib",None,Diabetes,Vietnamese,White,Active,17,ManualEntry
3965,Nora,Gibson,1995-09-25,Female,AB+,nora.gibson@email.example.com,(427) 729-6368,Dylan Price,(217) 445-7354,"{""line1"": ""4754 Washington Ave"", ""apt"": """", ""city"": ""Houston"", ""state"": ""TX"", ""zip"": ""77001"", ""country"": ""USA""}",Married,Dentist,Ramos Corp,,POL-528474,GRP-4814,227,2021-01-14,2024-04-10,171,59,20.2,Never Assessed,Occasional,Peanuts,,None,None,"Heart Disease, Stroke, Cancer",English,White,Active,20,ManualEntry
3966,Emily,Diaz,1997-02-27,Female,O+,emily.diaz@email.example.com,(350) 880-7482,Lawrence Hall,(644) 455-1369,"{""line1"": ""1828 Cypress Dr"", ""apt"": "", Apt 7"", ""city"": ""Nashville"", ""state"": ""TN"", ""zip"": ""37201"", ""street_type"": ""Blvd"", ""timezone"": ""America/Los_Angeles""}",Widowed,Electrician,,CareFirst,POL-154433,GRP-9700,399,2025-13-01,2020-05-31,161,90,34.7,Former Smoker,Occasional,"Peanuts, Latex",Chronic Fatigue,"Omeprazole, Cetirizine, Spironolactone",None,Arthritis,Vietnamese,White,Active,1,ManualEntry
3984,Cynthia,Castillo,1989-09-28,Female,O+,cynthia.castillo1@email.example.com,(592) 331-3948,Joseph Hunter,(586) 984-2475,"{""line1"": ""9576 Oak Ave"", ""apt"": """", ""city"": ""Oklahoma City"", ""state"": ""OK"", ""zip"": ""73101"", ""street_type"": ""Ave""}",Single,Teacher,Carter Corp,Harvard Pilgrim,POL-379189,G1234,106,2022-02-22,1900-01-01,166,40,-5,Current Smoker,Moderate,"Penicillin, Codeine, Pollen","Sleep Apnea, Crohn's Disease, Anemia, Chronic Fatigue","Montelukast, Amlodipine, Cetirizine, Acetaminophen",None,"Hypertension, Asthma",Tagalog,White,Active,12,ManualEntry
3994,Jeffrey,Roberts,1952-06-29,Male,O+,jeffrey.roberts@email.example.com,(509) 750-1829,999-999-9999,(898) 866-7530,"{""line1"": ""3532 Forest Ave"", ""apt"": """", ""city"": ""Louisville"", ""state"": ""KY"", ""zip"": ""40201"", ""country"": ""USA"", ""timezone"": ""America/Denver"", ""latitude"": 27.2133}",Single,Dentist,Turner Corp,Blue Cross Blue Shield,POL-733962,,248,2023-03-17,2026-09-01,176,66,21.3,Non-Smoker,None,"Codeine, Dust, Sulfa",Migraine,Furosemide,None,Diabetes,Spanglish,Two or More Races,Active,19,ManualEntry
4003,Michelle,Hicks,2000-06-13,Female,B+,michelle.hicks@email.example.com,(650) 209-9215,999-999-9999,(597) 659-9244,"{""line1"": ""7812 Hill St"", ""apt"": "", Unit 45"", ""city"": ""Virginia Beach"", ""state"": ""VA"", ""zip"": ""23450"", ""county"": ""Cook""}",Separated,Plumber,Hughes Corp,Independence Blue Cross,POL-324734,GRP-8183,468,2018-11-06,2022-10-21,158,102,40.9,Non-Smoker,Occasional,"NSAIDs, Dust, None",N/A,"Levothyroxine, Bupropion",Gastric bypass,"None, Asthma, Alzheimer's",English,White,Active,1,ManualEntry
4005,Rachel,Alexander,1963-07-24,Female,A+,rachel.alexander@email.example.com,(516) 229-6521,Joyce Robinson,(546) 699-8719,"{""line1"": ""5664 Center St"", ""apt"": """", ""city"": ""Columbus"", ""state"": ""OH"", ""zip"": ""43201"", ""landmark"": ""Near City Hall""}",Divorced,UnemPloyed,Tucker Corp,Health Net,POL-177721,GRP-2646,275,2021-01-12,2022-08-23,177,81,normal,Former Smoker,None,None,"Congestive Heart Failure, Chronic Kidney Disease, Eczema, Migraine",Metformin,None,"Hypertension, Alzheimer's",English,White,Active,11,ManualEntry
4015,Eric,Hayes,1952-11-28,Male,O+,eric.hayes@email.example.com,(774) 297-8586,Joseph Ward,(256) 803-5834,"{""line1"": ""6431 Ninth St"", ""apt"": """", ""city"": ""Las Vegas"", ""state"": ""NV"", ""zip"": ""89101"", ""neighborhood"": ""Southside"", ""latitude"": 37.0731, ""landmark"": ""Near Hospital""}",Single,Logistics Coordinator,Patel Corp,,,,497,2022-02-10,2022-08-19,174,69,22.8,Never Assessed,None,"Latex, Dust, NSAIDs","GERD, Anemia, Anxiety Disorder","Aspirin, Levothyroxine",None,Arthritis,ENGLISH,Other,Active,21,ManualEntry
4019,Nora,Rogers,1993-01-18,Female,O+,nora.rogers@email.example.com,(491) 523-7231,Daniel Ward,(571) 832-2365,"{""line1"": ""8446 Franklin Blvd"", ""apt"": """", ""city"": ""Cleveland"", ""state"": ""OH"", ""zip"": ""44101"", ""longitude"": -77.0716}",Separated,Veterinarian,,CareFirst,POL-453714,GRP-9639,64,2023-08-23,,170,106,36.7,Never Assessed,None,,Psoriasis,Apixaban,"Hysterectomy, Hernia repair",None,ENGLISH,Hispanic or Latino,Active,21,ManualEntry
4021,Catherine,Moore,1998-09-16,Female,A+,catherine.moore@email.example.com,(310) 432-3921,Joyce Ramirez,(303) 924-9200,"{""line1"": ""1438 Monroe Dr"", ""apt"": """", ""city"": ""Omaha"", ""state"": ""NE"", ""zip"": ""68101"", ""longitude"": -91.569, ""neighborhood"": ""Midtown"", ""county"": ""Harris"", ""timezone"": ""America/Denver""}",Single,Insurance Agent,Ortiz Corp,Atena,POL-388265,GRP-4591,87,2024-08-11,2025-05-19,tall,75,27.2,Current Smoker,Occasional,"Dust, Codeine, NSAIDs","Depression, Rheumatoid Arthritis",None,None,"Arthritis, Cancer, Diabetes",Tagalog,Hispanic or Latino,Active,13,ManualEntry
4024,,Russell,1988-03-28,Male,O+,russell.russell@email.example.com,(522) 931-7330,N/A,(565) 520-3496,"{""line1"": ""5136 Lincoln Blvd"", ""apt"": """", ""city"": ""Sacramento"", ""state"": ""CA"", ""zip"": ""94201""}",Married,HR Specialist,,Blue Cross Blue Shield,POL-444631,,411,2020-09-19,2023-05-18,175,85,27.8,Non-Smoker,Heavy,None,,"Bupropion, Aspirin",None,"DM, HTN, CAD",French,White,Active,12,ManualEntry
4026,Debra,Nguyen,1974-03-02,Female,O+,debra.nguyen@email.example.com,(822) 711-7272,Bobby Reynolds,(569) 573-3100,"{""line1"": ""5582 Poplar St"", ""apt"": "", Suite 23"", ""city"": ""Raleigh"", ""state"": ""NC"", ""zip"": ""27601"", ""longitude"": -113.5165}",Divorced,Data Analyst,Woods Corp,Highmark,POL-256295,GRP-2306,312,2019-01-30,2020-02-23,166,,28.3,Current Smoker,Moderate,"None, Shellfish, Dust","Hyperlipidemia, Crohn's Disease","Aspirin, Bupropion",None,Cancer,Spanish,White,Active,22,ManualEntry
4033,Pamela,Jordan,1993-01-17,Female,O+,not-an-email,(707) 903-1931,Jessica Moore,(962) 440-7797,"{""line1"": ""2265 Oak Ave"", ""apt"": """", ""city"": ""Baltimore"", ""state"": ""MD"", ""zip"": ""21201"", ""street_type"": ""Rd"", ""county"": ""Queens"", ""timezone"": ""America/New_York""}",Married,---,Cruz Corp,Harvard Pilgrim,POL-681371,GRP-3589,339,2020-03-09,2020-11-04,168,74,26.2,Non-Smoker,Occasional,"None, Codeine",,Gabapentin,"Appendectomy, Sleeve gastrectomy, Laminectomy","Stroke, Alzheimer's",English,White,Inactive,9,ManualEntry
4034,Ezra,Crawford,1978-01-07,Non-Binary,O+,ezra.crawford@email.example.com,(546) 976-7451,Zoey Hayes,(900) 319-5494,"{""line1"": ""8835 Washington Ave"", ""apt"": """", ""city"": ""Indianapolis"", ""state"": ""IN"", ""zip"": ""46201"", ""timezone"": ""America/Phoenix"", ""longitude"": -79.1985}",Married,Construction Worker,,Tufts Health Plan,POL-793397,GRP-2050,452,2023-06-11,2026-05-03,167,70,25.1,Never Assessed,None,"Penicillin, Sulfa, NSAIDs","Depression, Asthma, GERD, Atrial Fibrillation","Clopidogrel, Losartan, Celecoxib","Sleeve gastrectomy, Appendectomy","Arthritis, Asthma",English,Asian,Active,5,ManualEntry
4045,Shirley,Brooks,1974-05-19,Female,AB+,shirley.brooks@email.example.com,(653) 726-8210,Chloe Hall,(394) 543-1699,"{""line1"": ""6546 Ninth St"", ""apt"": "", Apt 34"", ""city"": ""Boston"", ""state"": ""MA"", ""zip"": ""02101"", ""neighborhood"": ""Uptown""}",Married,Driver,Evans Corp,MetLife,POL-728480,GRP-7952,16,2020-04-10,2022-05-09,160,95,37.1,Non-Smoker,Occasional,None,,"Insulin glargine, Duloxetine",None,None,English,Asian,Active,19,ManualEntry
4055,Olivia,Perez,1992-03-31,Female,B+,olivia.perez@email.example.com,(405) 436-9976,Miles Gray,(730) 456-6995,"{""line1"": ""6510 Magnolia Way"", ""apt"": "", Apt 26"", ""city"": ""Portland"", ""state"": ""OR"", ""zip"": ""97201"", ""timezone"": ""America/New_York"", ""latitude"": 30.134}",Married,Administrative Assistant,,CareFirst,POL-949258,GRP-3624,323,2020-10-30,2021-12-16,153,92,39.3,Current Smoker,Heavy,"NSAIDs, None, Peanuts",Anemia,Gabapentin,C-section,None,English,White,Active,25,ManualEntry
4058,Emma,Robinson,1985-08-01,Female,B+,emma.robinson@email.example.com,(647) 378-7878,James Bryant,(807) 799-1764,"{""line1"": ""5932 Market St"", ""apt"": """", ""city"": ""Oakland"", ""state"": ""CA"", ""zip"": ""94601"", ""county"": ""Queens"", ""latitude"": 40.8227}",Separated,Psychologist,Myers Corp,Blue Cross,POL-780191,GRP-3820,355,2019-08-03,2022-09-09,170,90,31.1,Never Assessed,Former,"Penicillin, None, Latex","Asthma, Osteoarthritis, Irritable Bowel Syndrome, Rheumatoid Arthritis","Tramadol, Jardiance, Metoprolol, Loratadine","Total knee replacement, Tonsillectomy",None,Arabic,Asian,Active,10,ManualEntry
4070,Luke,Rodriguez,1981-03-10,Male,O-,luke.rodriguez@email.example.com,(914) 724-3662,Avery Garcia,,"{""line1"": ""4908 Cedar Ln"", ""apt"": """", ""city"": ""Mesa"", ""state"": ""AZ"", ""zip"": ""85201"", ""floor_number"": 27, ""neighborhood"": ""Uptown"", ""county"": ""Harris"", ""landmark"": ""Close to University""}",Married,Bank Teller,,Highmark,POL-920259,GRP-6096,311,2022-11-29,2024-10-24,175,69,22.5,Non-Smoker,Moderate,"Dust, Shellfish","Depression, Hypothyroidism, Osteoporosis","Loratadine, Hydrochlorothiazide",Cataract surgery,"Stroke, Alzheimer's",Vietnamese,White,Active,20,ManualEntry
4075,Donna,Adams,2000-12-31,Female,O+,donna.adams@email.example.com,(568) 287-3119,N/A,(891) 747-2369,"{""line1"": ""3280 Seventh St"", ""apt"": "", Unit 20"", ""city"": ""San Antonio"", ""state"": ""TX"", ""zip"": ""78201""}",Married,Lawyer,Flores Corp,,,,380,2025-07-09,2026-08-23,145,88,41.9,Never Assessed,Moderate,Peanuts,"Eczema, Psoriasis, Anxiety Disorder, Migraine","Celecoxib, Hydrochlorothiazide, Spironolactone",None,"Asthma, Cancer",Spanish,White,,4,ManualEntry
4078,Jeffrey,Washington,1995-01-06,Male,A+,jeffrey.washington@email.example.com,(224) 231-9336,Joe Thomas,(477) 827-4568,"{""line1"": ""7429 Jefferson Ave"", ""apt"": "", Unit 26"", ""city"": ""Raleigh"", ""state"": ""NC"", ""zip"": ""27601""}",Single,Logistics Coordinator,Gonzales Corp,,,,176,2019-11-04,2020-08-17,165,73,26.8,Non-Smoker,Moderate,Codeine,"Hyperlipidemia, Crohn's Disease",None,None,"Diabetes, Cancer",French,Hispanic or Latino,Active,12,ManualEntry
4079,Roman,Patel,1984-07-29,Male,A-,roman.patel1@email.example.com,(882) 295-8726,Amy Gomez,(367) 962-3317,"{""line1"": ""9315 Magnolia Way"", ""apt"": """", ""city"": ""Cleveland"", ""state"": ""OH"", ""zip"": ""44101"", ""floor_number"": 12}",Married,Dental Hygienist,Lee Corp,Kaiser Permanente,POL-717430,GRP-9320,395,2021-07-08,2022-05-09,172,89,30.1,Non-Smoker,Moderate,Latex,"Migraine, Chronic Kidney Disease","Gabapentin, Cetirizine, Apixaban","Hernia repair, Total knee replacement",None,English,White,Active,2,ManualEntry
4091,Timothy,Price,1979-05-24,Male,O-,timothy.price@email.example.com,(978) 962-7133,Nancy Hunter,(989) 296-2588,"{""line1"": ""1970 Cherry Ln"", ""apt"": "", Unit 41"", ""city"": ""Long Beach"", ""state"": ""CA"", ""zip"": ""90801"", ""latitude"": 32.9303}",Widowed,Accountant,,,POL-516122,GRP-3202,220,2025-08-22,,168,40,14.2,Former Smoker,Former,"Penicillin, Sulfa",Chronic Fatigue,None,None,Cancer,English,Black or African American,Active,16,ManualEntry
4099,Aiden,Taylor,1974-02-06,Male,,aiden.taylor@email.example.com,(949) 252-3714,Bobby Gomez,(587) 524-7454,"{""line1"": ""9795 Poplar St"", ""apt"": "", # 30"", ""city"": ""Tucson"", ""state"": ""AZ"", ""zip"": ""85701""}",Married,Project Manager,Morris Corp,Highmark,POL-641475,GRP-2473,469,2018-02-26,2021-03-23,183,101,30.2,Non-Smoker,Moderate,"Shellfish, Dust, None",Chronic Fatigue,"Fluticasone, Duloxetine",None,Asthma,English,Black or African American,Active,2,ManualEntry
4111,Jose,Reed,1966-04-16,Male,A+,jose.reed@email.example.com,(612) 821-2012,Stephen Washington,(995) 284-7096,"{""line1"": ""5220 Market St"", ""apt"": "", Unit 26"", ""city"": ""Raleigh"", ""state"": ""NC"", ""zip"": ""27601"", ""longitude"": -103.3062, ""county"": ""Miami-Dade"", ""street_type"": ""Dr""}",Married,Flight Attendant,West Corp,,POL-802005,GRP-5466,214,2022-12-22,2024-12-12,170,112,38.8,Never Assessed,Occasional,Dust,"Rheumatoid Arthritis, Anemia, Crohn's Disease","Amlodipine, Gabapentin, Cyclobenzaprine","Appendectomy 2018, Cholecystectomy 2020",None,Korean,Hispanic or Latino,Active,19,ManualEntry
4119,Roman,Walker,1953-05-21,Male,B+,roman.walker@email.example.com,(517) 646-5592,Ronald Johnson,(288) 700-6808,"{""line1"": ""8913 Fourth Ave"", ""apt"": """", ""city"": ""Columbus"", ""state"": ""OH"", ""zip"": ""43201""}",Married,Real Estate Agent,,Blue Cross,POL-998614,GRP-7079,339,2018-10-19,2018-12-14,175,102,33.3,Non-Smoker,2 beers/week,"None, Codeine, Peanuts","Coronary Artery Disease, Hypothyroidism","Bupropion, Acetaminophen, Insulin glargine, Omeprazole",C-section,None,English,Asian,Inactive,9,ManualEntry
4129,Avery,Collins,1954-08-16,Female,A+,avery.collins1@email.example.com,(780) 279-6928,Chloe Griffin,(853) 510-5136,"{""line1"": ""1446 Walnut Ave"", ""apt"": "", Suite 28"", ""city"": ""Fort Worth"", ""state"": ""TX"", ""zip"": ""76101"", ""floor_number"": 13, ""delivery_notes"": ""Deliver to reception"", ""latitude"": 30.1143}",Single,Professor,Simpson Corp,MetLife,POL-125523,GRP-2603,464,2021-05-27,2022-04-10,164,47,17.5,Non-Smoker,None,Sulfa,"Anemia, Asthma, COPD, Irritable Bowel Syndrome, Anemia, Asthma, COPD, Irritable Bowel Syndrome","Hydrochlorothiazide, Warfarin, Pantoprazole, Metformin",None,"Hypertension, Stroke",English,Asian,Deceased,5,ManualEntry
4139,Scarlett,Wright,2004-06-29,Female,A+,scarlett.wright@email.example.com,(683) 701-8450,Jack Richardson,(542) 450-3343,"{""line1"": ""6170 Church St"", ""apt"": """", ""city"": ""San Jose"", ""state"": ""CA"", ""zip"": ""95101""}",Widowed,Logistics Coordinator,Gray Corp,Anthem,POL-382373,GRP-7968,395,2018-11-20,2019-11-18,154,79,33.3,Non-Smoker,,"Dust, None, Codeine",,"Furosemide, Hydrochlorothiazide, Clopidogrel, Tramadol","Hernia repair, Carpal tunnel release",None,Korean,White,Inactive,2,ManualEntry
4151,Jerry,Fisher,1956-06-21,Non-Binary,B+,jerry.fisher1@email.example.com,(517) 640-2996,Steven Ortiz,(738) 306-7941,"{""line1"": ""4187 Cedar Ln"", ""apt"": """", ""city"": ""Chicago"", ""state"": ""IL"", ""zip"": ""60601"", ""landmark"": ""Next to Mall""}",Single,Manager,Foster Corp,Blue Cross,POL-143399,GRP-6389,392,2020-10-05,2021-02-04,186,66,19.1,Non-Smoker,None,"None, Shellfish, Latex","Chronic Fatigue, Anemia, Irritable Bowel Syndrome, GERD",Acetaminophen,None,None,English,Black or African American,Active,1,ManualEntry
4165,Nancy,Hernandez,1999-01-20,Female,O+,not-an-email,(416) 365-7542,Brandon Patel,(473) 652-3920,"{""line1"": ""325 Pine St"", ""apt"": "", # 12"", ""city"": ""Tucson"", ""state"": ""AZ"", ""zip"": ""85701"", ""delivery_notes"": ""Ring bell""}",Divorced,Veterinarian,Reynolds Corp,Bright Health,POL-468902,GRP-9095,219,2024-08-14,2027-03-24,168,61,21.6,Non-Smoker,Moderate,"Latex, Sulfa, Peanuts",Depression,"Spironolactone, Acetaminophen, Albuterol, Clopidogrel",None,"Diabetes, Alzheimer's",English,White,Deceased ,22,ManualEntry
4169,Elijah,Thomas,1989-03-13,Male,A-,elijah.thomas@email.example.com,(705) 893-5164,Jackson Myers,(963) 247-3831,"{""line1"": ""3189 Fifth St"", ""apt"": """", ""city"": ""Raleigh"", ""state"": ""NC"", ""zip"": ""27601"", ""neighborhood"": ""Historic District""}",Married,Software Developer,,Tufts Health Plan,POL-515770,GRP-1644,386,2023-12-06,2025-05-16,187,56,16.0,Former Smoker,Moderate,"Dust, Codeine",Depression,Metoprolol,Tonsillectomy,"Heart Disease, Asthma",English,White,Active,23,ManualEntry
4177,Maxwell,Cole,1990-07-23,Male,B+,maxwell.cole@email.example.com,(618) 403-8282,Kevin Rogers,(230) 976-9504,"{""line1"": ""2575 Sunset Dr"", ""apt"": """", ""city"": ""Louisville"", ""state"": ""KY"", ""zip"": ""40201"", ""latitude"": 39.5332}",Married,Nurse,Ramirez Corp,,,,296,2023-06-01,2027-06-23,172,94,31.8,Former Smoker,,"None, Dust, Sulfa",Hypothyroidism,Jardiance,Meniscectomy,Cancer,English,White,Active,4,ManualEntry
4194,Debra,Hernandez,1972-01-29,Female,A+,debra.hernandez@email.example.com,(867) 574-9949,Karen Morales,(416) 406-9061,"{""line1"": ""3357 Monroe Dr"", ""apt"": """", ""city"": ""Phoenix"", ""state"": ""AZ"", ""zip"": ""85001"", ""timezone"": ""America/Chicago"", ""longitude"": -83.0393, ""neighborhood"": ""West Side""}",Separated,Logistics Coordinator,King Corp,,,,129,2021-06-26,2022-08-14,160,55,21.5,Current Smoker,Occasional,"Dust, Penicillin, NSAIDs",,None,None,"None, Hypertension, Diabetes",English,White,Active,22,ManualEntry
4214,Nicole,,1993-03-17,Female,B+,nicole.baker@email.example.com,(533) 595-5068,Stella Wells,(955) 642-4759,"{""line1"": ""3191 Hamilton Ct"", ""apt"": "", Apt 6"", ""city"": ""Las Vegas"", ""state"": ""NV"", ""zip"": ""89101"", ""latitude"": 39.7877, ""country"": ""USA""}",Single,Veterinarian,Cruz Corp,Aetna,POL-198672,GRP-4935,61,2019-01-25,2020-09-28,164,90,33.5,Former Smoker,Occasional,"Peanuts, None, Latex",,"Losartan, Metoprolol, Insulin glargine",None,"Asthma, Alzheimer's",Tagalog,White,Active,9,ManualEntry
4229,Mateo,Peterson,1972-10-14,Male,A+,mateo.peterson@email.example.com,(913) 461-2986,999-999-9999,(978) 889-3826,"{""line1"": ""535 Beechwood Ave"", ""apt"": """", ""city"": ""Long Beach"", ""state"": ""CA"", ""zip"": ""90801"", ""latitude"": 26.9237, ""timezone"": ""America/Chicago"", ""street_type"": ""Ct""}",Divorced,UnemPloyed,AAAAAAAAAAAAAAAAAAAAAAAAAAAAAAAAAAAAAAAAAAAAAAAAAAAAAAAAAAAAAAAAAAAAAAAAAAAAAAAAAAAAAAAAAAAAAAAAAAAAAAAAAAAAAAAAAAAAAAAAAAAAAAAAAAAAAAAAAAAAAAAAAAAAAAAAAAAAAAAAAAAAAAAAAAAAAAAAAAAAAAAAAAAAAAAAAAAAAAAA,Independence Blue Cross,POL-617554,GRP-1306,293,2023-05-12,2023-05-12,172,89,30.1,Non-Smoker,Moderate,"None, Codeine, Peanuts","Rheumatoid Arthritis, GERD, Hypothyroidism, Hypertension","Lisinopril, Spironolactone",None,Heart Disease,Korean,Two or More Races,Active,8,ManualEntry
4234,Penelope,Kelly,1997-08-27,Female,A+,penelope.kelly@email.example.com,(906) 778-7099,Lily Green,(294) 760-3595,"{""line1"": ""1399 Cherry Ln"", ""apt"": "", Suite 15"", ""city"": ""Oklahoma City"", ""state"": ""OK"", ""zip"": ""73101""}",Single,Psychologist,AAAAAAAAAAAAAAAAAAAAAAAAAAAAAAAAAAAAAAAAAAAAAAAAAAAAAAAAAAAAAAAAAAAAAAAAAAAAAAAAAAAAAAAAAAAAAAAAAAAAAAAAAAAAAAAAAAAAAAAAAAAAAAAAAAAAAAAAAAAAAAAAAAAAAAAAAAAAAAAAAAAAAAAAAAAAAAAAAAAAAAAAAAAAAAAAAAAAAAAA,UnitedHealthcare,POL-301511,GRP-7669,183,2024-01-30,2024-11-23,159,100,39.6,Former Smoker,None,"None, Peanuts, Shellfish",,"Insulin glargine, Tramadol, Losartan",None,"Arthritis, Heart Disease",English,White,Active,20,ManualEntry
4237,Nicholas,Sullivan,2000-12-16,Male,A+,nicholas.sullivan@email.example.com,(714) 949-7309,Jeremy Campbell,(245) 427-9240,"{""line1"": ""8375 Magnolia Way"", ""apt"": "", Apt 43"", ""city"": ""Nashville"", ""state"": ""TN"", ""zip"": ""37201"", ""country"": ""USA"", ""latitude"": 33.2908, ""street_type"": ""Ln"", ""longitude"": -94.1097}",,Architect,,Oscar Health,POL-576652,GRP-3562,414,2024-11-25,2028-06-23,173,48,16.0,Former Smoker,Occasional,Pollen,"Migraine, Chronic Fatigue",Furosemide,None,"Asthma, Cancer, Diabetes",Spanish,Hispanic or Latino,Active,8,ManualEntry
4241,Heather,Wood,1997-05-29,Female,O+,heather.wood@email.example.com,(837) 909-1213,Stella Gray,(629) 410-4702,"{""line1"": ""9278 Lincoln Blvd"", ""apt"": """", ""city"": ""Phoenix"", ""state"": ""AZ"", ""zip"": ""85001""}",Single,Graphic Designer,,Highmark,POL-101420,GRP-6430,469,2018-07-06,2019-11-14,178,70,22.1,Non-Smoker,Occasional,"Sulfa, NSAIDs",,None,Tonsillectomy,Asthma,Spanish,Two or More Races,Active,2,ManualEntry
4244,Ruth,Garcia,1979-05-12,Female,A-,ruth.garcia@email.example.com,(593) 781-1223,Lily Sanders,(450) 734-8649,"{""line1"": ""6096 Highland Ave"", ""apt"": """", ""city"": ""Colorado Springs"", ""state"": ""CO"", ""zip"": ""80901""}",Divorced,Driver,Simpson Corp,Aetna,POL-213501,GRP-5794,446,2022-06-09,2026-06-21,177,96,30.6,Former Smoker,None,Penicillin,"Eczema, Hyperlipidemia, Chronic Kidney Disease, Chronic Fatigue","Eliquis, Ibuprofen, Celecoxib, Metformin",None,None,Korean,Hispanic or Latino,Inactive,16,ManualEntry
4250,Melissa,Nelson,1998-09-12,Female,A+,melissa.nelson@email.example.com,(762) 774-2489,Paul Garcia,(761) 979-2866,"{""line1"": ""1720 View Blvd"", ""apt"": """", ""city"": ""Fort Worth"", ""state"": ""TX"", ""zip"": ""76101"", ""country"": ""USA""}",Married,Logistics Coordinator,,Harvard Pilgrim,POL-132996,GRP-8740,323,2018-05-14,2018-08-29,157,79,32.0,Non-Smoker,Heavy,None,,Omeprazole,None,"Arthritis, Cancer, Stroke",Spanish,,Active,25,ManualEntry
4261,Steven,Long,1969-08-11,Male,O+,steven.long@email.example.com,(435) 450-8333,William Allen,000-000-0000,"{""line1"": ""2100 Church St"", ""apt"": """", ""city"": ""San Francisco"", ""state"": ""CA"", ""zip"": ""94101"", ""country"": ""USA"", ""street_type"": ""Blvd"", ""latitude"": 32.9709, ""landmark"": ""Behind Metro Station""}",Single,Administrative Assistant,Fisher Corp,UnitedHealthcare,POL-528605,GRP-6836,105,2018-10-12,2022-11-17,181,82,25.0,Non-Smoker,Moderate,,"Migraine, Sleep Apnea","Hydrochlorothiazide, Metoprolol",None,"Hypertension, Alzheimer's, Heart Disease",Spanish,White,Active,10,ManualEntry
4262,Ella,Taylor,1996-06-03,Female,O-,ella.taylor@email.example.com,(281) 294-7885,N/A,(426) 691-7649,"{""line1"": ""4267 Second Ave"", ""apt"": """", ""city"": ""New Orleans"", ""state"": ""LA"", ""zip"": ""70112""}",Married,Social Worker,Sullivan Corp,Highmark,POL-140142,GRP-1434,100,2018-07-02,2022-06-13,168,123,43.6,Current Smoker,Occasional,"None, Penicillin, Shellfish",Coronary Artery Disease,,None,None,Cantonese,Other,Inactive,5,ManualEntry
4270,Mateo,Young,1967-07-11,Male,B+,mateo.young@email.example.com,(325) 224-7030,Sharon Flores,(744) 978-7832,"{""line1"": ""5709 Ninth St"", ""apt"": "", Suite 42"", ""city"": ""Raleigh"", ""state"": ""NC"", ""zip"": ""27601"", ""country"": ""USA"", ""timezone"": ""America/Chicago""}",Widowed,Scientist,Russell Corp,Harvard Pilgrim,POL-721213,GRP-9287,19,2021-09-08,2024-08-18,180,69,21.3,Former Smoker,Occasional,None,"Hyperlipidemia, Osteoarthritis, Migraine",Levothyroxine,"Total knee replacement, Thyroidectomy, Cataract surgery","Diabetes, None, Stroke",Vietnamese,White,Active,14,ManualEntry
4277,Vincent,Sanchez,1959-05-16,Male,A-,vincent.sanchez@email.example.com,(760) 382-2303,Aurora Harris,(572) 319-8676,"{""line1"": ""8165 Ash Ct"", ""apt"": "", Unit 47"", ""city"": ""Mesa"", ""state"": ""AZ"", ""zip"": ""85201"", ""neighborhood"": ""Uptown"", ""county"": ""Maricopa"", ""longitude"": -97.1709, ""timezone"": ""America/Phoenix""}",Single,Sales Representative,,Tufts Health Plan,POL-835480,GRP-4769,210,2018-07-22,2019-11-16,166,73,26.5,Never Assessed,Moderate,"Shellfish, Latex, Penicillin",Eczema,"Metformin, Apixaban, Insulin glargine",None,"Stroke, Alzheimer's",English,Black or African American,Active,2,ManualEntry
4279,Andrea,Gonzalez,2000-01-19,Female,O+,andrea.gonzalez@email.example.com,(869) 791-3017,Shirley Crawford,(237) 643-3317,"{""line1"": ""7100 Spring St"", ""apt"": """", ""city"": ""San Antonio"", ""state"": ""TX"", ""zip"": ""78201"", ""neighborhood"": ""Southside"", ""county"": ""San Diego"", ""longitude"": -83.0935, ""timezone"": ""America/Denver""}",Married,Student,Roberts Corp,Molina Healthcare,POL-631035,GRP-2684,94,2018-08-17,2020-06-17,164,88,32.7,Non-Smoker,Occasional,Pollen,,"Tramadol, Omeprazole",None,"Alzheimer's, Cancer, Arthritis",Spanish,White,Active,8,ManualEntry
4283,Caleb,Hall,not available,Male,O-,caleb.hall@email.example.com,(470) 919-8090,Margaret Flores,(783) 200-5068,"{""line1"": ""7130 Poplar St"", ""apt"": """", ""city"": ""Baltimore"", ""state"": ""MD"", ""zip"": ""21201"", ""county"": ""Orange"", ""street_type"": ""Blvd""}",Single,Manager,Porter Corp,Humana,POL-799814,GRP-3827,483,2020-12-29,2024-11-28,168,88,31.2,Non-Smoker,None,"Peanuts, Sulfa","Chronic Kidney Disease, Atrial Fibrillation, Hypertension, Anemia",Loratadine,None,"Stroke, Hypertension, Diabetes",Tagalog,White,Active,12,ManualEntry
4287,Randy,Simmons,2003-05-03,Male,O+,randy.simmons@email.example.com,(979) 929-1366,Sharon Brown,(663) 650-6706,"{""line1"": ""1765 Franklin Blvd"", ""apt"": """", ""city"": ""Long Beach"", ""state"": ""CA"", ""zip"": ""90801"", ""timezone"": ""America/Denver"", ""neighborhood"": ""Historic District"", ""delivery_notes"": ""Gate code: #1234"", ""latitude"": 34.9786, ""floor_number"": 48}",Single,Military,Simmons Corp,Cigna HealthCare,POL-964008,GRP-3782,89,2024-02-25,,176,40,12.9,Current Smoker,Occasional,"None, Pollen","Hypertension, Type 2 Diabetes, Congestive Heart Failure",Aspirin,None,"Cancer, Alzheimer's",English,Other,Active,12,ManualEntry
4292,Mason,Howard,1996-11-05,Male,A+,mason.howard@email.example.com,(427) 857-6020,Carolyn Rivera,(833) 496-1025,"{""line1"": ""5344 Market St"", ""apt"": """", ""city"": ""Indianapolis"", ""state"": ""IN"", ""zip"": ""46201"", ""timezone"": ""America/Chicago"", ""county"": ""King""}",Married,Teacher,McDonald Corp,UnitedHealthcare,,GRP-1809,8,2021-11-18,2022-06-24,173,75,25.1,Non-Smoker,None,Null,"GERD, COPD",Clopidogrel,Gastric bypass,None,English,Other,Inactive,1,ManualEntry
4294,Maxwell,Price,1985-08-28,Male,B+,maxwell.price@email.example.com,(902) 293-1135,Kelly Wilson,(870) 407-7584,"{""line1"": ""4895 Forest Ave"", ""apt"": "", # 29"", ""city"": ""Indianapolis"", ""state"": ""IN"", ""zip"": ""46201"", ""county"": ""Queens"", ""delivery_notes"": ""Call upon arrival"", ""latitude"": 31.2852}",Married,Sales Representative,Kelly Corp,Kaiser Permanente,POL-250302,,443,2019-05-31,2021-08-07,175,65,21.2,Never Assessed,Occasional,"None, Latex, Pollen","Ulcerative Colitis, Rheumatoid Arthritis","Loratadine, Celecoxib",None,"Cancer, None",English,White,Active,15,ManualEntry
4308,,Bailey,1998-05-02,Male,A-,mason.bailey@email.example.com,(670) 725-5418,Harrison Cole,(932) 236-9633,"{""line1"": ""6742 View Blvd"", ""apt"": """", ""city"": ""Raleigh"", ""state"": ""NC"", ""zip"": ""27601"", ""neighborhood"": ""West Side""}",Married,Engineer,,Humana,POL-110768,GRP-3307,169,2020-10-20,2021-05-14,178,73,23.0,,Occasional,None,"Asthma, Fibromyalgia",None,None,None,Spanish,White,Active,32,ManualEntry
4324,Richard,Russell,2003-07-20,Male,O-,richard.russell@email.example.com,(487) 666-1736,Lisa Campbell,(620) 239-9387,"{""line1"": ""9239 Ninth St"", ""apt"": """", ""city"": ""San Diego"", ""state"": ""CA"", ""zip"": ""92101"", ""street_type"": ""Rd"", ""longitude"": -83.5556}",Married,Plumber,,Bright Health,POL-176594,GRP-8856,,2019-01-26,2021-11-26,169,72,25.2,Former Smoker,Moderate,"Peanuts, Codeine, Dust",Atrial Fibrillation,"Ozempic, Eliquis, Metoprolol, Cyclobenzaprine",Vasectomy,Hypertension,English,White,Active,,ManualEntry
4328,Terry,Perry,1992-07-01,Male,A+,terry.perry@email.example.com,(480) 520-4633,Janet Cruz,(489) 992-3477,"{""line1"": ""6256 Union Ave"", ""apt"": """", ""city"": ""Boston"", ""state"": ""MA"", ""zip"": ""02101"", ""county"": ""Maricopa"", ""neighborhood"": ""East Side""}",Single,Teacher,Walker Corp,Independence Blue Cross,POL-676344,GRP-5637,296,2020-01-27,2022-02-06,167,heavy,21.5,Non-Smoker,None,"Shellfish, Pollen, Latex",Atrial Fibrillation,"Amlodipine, Sertraline, Hydrochlorothiazide, Meloxicam",None,"None, Stroke",English,White,Active,29,ManualEntry
4330,Ashley,Long,2001-04-15,Female,A+,ashley.long2@email.example.com,(924) 208-2111,Megan Graham,(952) 533-2587,"{""line1"": ""4944 Market St"", ""apt"": """", ""city"": ""Omaha"", ""state"": ""NE"", ""zip"": ""68101""}",Single,Project Manager,Edwards Corp,Bright Health,POL-333303,GRP-3784,380,2019-01-23,2020-09-17,148,105,47.9,Non-Smoker,None,None,,"Metoprolol, Eliquis, Duloxetine","Tonsillectomy, Hemorrhoidectomy",None,English,Asian,Active,4,ManualEntry
4340,Donna,Morris,2099-06-15,Female,A-,donna.morris@email.example.com,(968) 584-1895,Janet Price,(891) 334-4712,"{""line1"": ""5136 First St"", ""apt"": """", ""city"": ""Cleveland"", ""state"": ""OH"", ""zip"": ""44101"", ""delivery_notes"": ""Gate code: #1234""}",Married,Engineer,West Corp,Anthem,POL-432565,GRP-6410,406,2019-08-01,,191,90,24.7,Non-Smoker,Former,"Shellfish, Sulfa",,None,None,"Alzheimer's, Asthma",English,Black or African American,Active,4,ManualEntry
4345,Ruth,Gutierrez,1959-06-17,Female,O+,ruth.gutierrez1@email.example.com,(338) 511-8453,Gabriel Russell,000-000-0000,"{""line1"": ""3687 Eighth Ave"", ""apt"": """", ""city"": ""Albuquerque"", ""state"": ""NM"", ""zip"": ""87101""}",Single,Teacher,Sanders Corp,MetLife,POL-581567,GRP-1391,159,2018-07-31,2019-04-01,148,109,49.8,Non-Smoker,Heavy,None,,"Acetaminophen, Omeprazole",None,None,Mandarin,Asian,Active,15,ManualEntry
4352,Kelly,Wright,1979-07-09,,O+,kelly.wright@email.example.com,(542) 629-9157,Lawrence Phillips,(729) 960-4622,"{""line1"": ""1793 Adams Way"", ""apt"": "", Suite 2"", ""city"": ""Miami"", ""state"": ""FL"", ""zip"": ""33101"", ""street_type"": ""Way""}",Married,Retail Associate,Phillips Corp,Centene,POL-211824,GRP-8662,225,2025-13-01,2025-02-23,158,87,34.9,Never Assessed,None,"Penicillin, Pollen",,"Acetaminophen, Levothyroxine, Lisinopril, Insulin glargine",Rotator cuff repair,None,Spanish,White,Deceased,19,ManualEntry
4360,Raymond,Ortiz,1953-11-18,Male,O-,raymond.ortiz@email.example.com,(450) 233-5422,Dennis Flores,(310) 487-7642,"{""line1"": ""8730 Ash Ct"", ""apt"": "", # 26"", ""city"": ""Tulsa"", ""state"": ""OK"", ""zip"": ""74101"", ""country"": ""USA""}",Married,Plumber,Cole Corp,Centene,POL-ABC,GRP-5416,215,2022-02-11,2023-08-27,174,82,27.1,Non-Smoker,None,"NSAIDs, Dust, Latex","Asthma, Type 2 Diabetes, Psoriasis, Congestive Heart Failure","Metoprolol, Omeprazole, Bupropion",None,"Alzheimer's, None, Hypertension",English,Hispanic or Latino,Deceased,8,ManualEntry
4363,Lisa,Washington,1983-12-17,Female,O+,lisa.washington@email.example.com,(924) 923-1525,Jason Morgan,(807) 608-2633,"{""line1"": ""771 Franklin Blvd"", ""apt"": """", ""city"": ""Sacramento"", ""state"": ""CA"", ""zip"": ""94201"", ""county"": ""Cook"", ""latitude"": 37.0084}",Married,Logistics Coordinator,Lewis Corp,Blue Cross Blue Shield,POL-367053,GRP-2162,97,2023-07-06,2024-06-10,170,62,21.5,Former Smoker,None,"NSAIDs, Codeine, Pollen",Migraine,"Sertraline, Furosemide",None,"Alzheimer's, Asthma, Stroke",English,Other,Active,12,ManualEntry
4372,Dylan,Rivera,2001-01-10,Male,O+,dylan.rivera1@email.example.com,(550) 485-4786,Laura Howard,(784) 921-4055,"{""line1"": ""7968 Market St"", ""apt"": """", ""city"": ""Indianapolis"", ""state"": ""IN"", ""zip"": ""46201"", ""country"": ""USA""}",Divorced,Veterinarian,,UnitedHealthcare,POL-868217,GRP-3925,246,2025-12-04,2026-06-01,160,97,37.9,Never Assessed,,"Latex, Shellfish, Sulfa",,Jardiance,Cholecystectomy,"Stroke, Hypertension",English,White,Inactive,14,ManualEntry
4392,Cynthia,Reyes,1993-01-24,Female,AB-,cynthia.reyes@email.example.com,(467) 400-5322,Maxwell Williams,(743) 646-3912,"{""line1"": ""5149 Pleasant St"", ""apt"": """", ""city"": ""Kansas City"", ""state"": ""MO"", ""zip"": ""64101"", ""county"": ""Miami-Dade"", ""neighborhood"": ""Historic District"", ""street_type"": ""St""}",Single,Unemployed,N/A,Centene,POL-567548,GRP-3472,279,2020-06-13,2020-06-14,154,77,32.5,Never Assessed,None,"Sulfa, Penicillin, Codeine","Osteoporosis, Hyperlipidemia, Chronic Kidney Disease","Tramadol, Jardiance",None,"Stroke, Hypertension, Heart Disease",English,White,Active,9,ManualEntry
4399,Betty,Gomez,1995-04-28,Female,A+,betty.gomez@email.example.com,(697) 791-3397,999-999-9999,(572) 286-6382,"{""line1"": ""4810 Center St"", ""apt"": """", ""city"": ""Cleveland"", ""state"": ""OH"", ""zip"": ""44101"", ""county"": ""Miami-Dade""}",Divorced,Veterinarian,Cook Corp,CareFirst,POL-168512,GRP-3766,286,01-01-2020,,156,115,47.3,Current Smoker,Occasional,"None, Peanuts, Latex",,None,"Meniscectomy, Total hip replacement, Cholecystectomy",None,Tagalog,White,Active,22,ManualEntry
4408,Carolyn,UNKNOWN,1982-09-24,Female,A+,carolyn.rogers@email.example.com,(748) 570-2063,N/A,(802) 515-4289,"{""line1"": ""6228 Sunset Dr"", ""apt"": """", ""city"": ""Oakland"", ""state"": ""CA"", ""zip"": ""94601"", ""latitude"": 45.8578}",Married,Chef,Bennett Corp,Bright Health,POL-358524,GRP-5880,52,2020-04-03,2022-01-14,168,60,-5,Current Smoker,Occasional,"Codeine, Shellfish, Penicillin","Irritable Bowel Syndrome, Sleep Apnea, GERD, Congestive Heart Failure",unknown,,"Heart Disease, Diabetes, Arthritis",English,White,Active,22,ManualEntry
4410,Joyce,Flores,2025-06-15,Female,B+,joyce.flores@email.example.com,(786) 552-4985,Kelly McDonald,,"{""line1"": ""9083 Magnolia Way"", ""apt"": """", ""city"": ""Portland"", ""state"": ""OR"", ""zip"": ""97201""}",Married,Student,Moore Corp,Blue Cross Blue Shield,POL-883160,GRP-8086,469,2021-09-13,2024-10-27,,66,20.4,Current Smoker,Occasional,"Pollen, Codeine, NSAIDs","Type 2 Diabetes, Irritable Bowel Syndrome, Hypertension, Psoriasis","Metoprolol, Amlodipine, Warfarin","Gastric bypass, Thyroidectomy",None,English,White,Active,2,ManualEntry
4412,Gary,Gutierrez,1997-04-10,Male,O+,gary.gutierrez@email.example.com,(779) 273-9491,Nathan Foster,(232) 588-6066,"{""line1"": ""7719 Cedar Ln"", ""apt"": """", ""city"": ""Boston"", ""state"": ""MA"", ""zip"": ""02101"", ""street_type"": ""Cir""}",Single,---,,Molina Healthcare,POL-463112,GRP-5476,313,2019-07-02,2021-12-31,179,95,29.6,Current Smoker,Occasional,"Peanuts, Latex, Pollen","Irritable Bowel Syndrome, Anemia, Chronic Kidney Disease",None,,"Hypertension, Arthritis",English,Other,Active,6,ManualEntry
4416,Edward,Hall,1980-09-01,Male,A+,edward.hall1@email.example.com,(492) 380-3065,Carl Murphy,(513) 446-1487,"{""line1"": ""9572 Sixth Ave"", ""apt"": "", Apt 44"", ""city"": ""Fort Worth"", ""state"": ""TX"", ""zip"": ""76101"", ""street_type"": ""Ln"", ""neighborhood"": ""Northside"", ""timezone"": ""America/Chicago""}",Married,Dental Hygienist,Flores Corp,Humana,POL-383153,GRP-2476,333,2022-12-14,2024-08-09,196,59,15.4,Non-Smoker,Occasional,Peanuts,"Ulcerative Colitis, Hypothyroidism, Asthma, Type 2 Diabetes",Bupropion,Vasectomy,"Heart Disease, None, Cancer",English,Black or African American,Active,2,ManualEntry
4426,Lisa,Anderson,1969-06-23,Female,AB+,lisa.anderson@email.example.com,(489) 992-5683,Kathleen Adams,(750) 324-5118,"{""line1"": ""9634 Forest Ave"", ""apt"": "", Apt 6"", ""city"": ""Tampa"", ""state"": ""FL"", ""zip"": ""33601"", ""landmark"": ""Behind Metro Station"", ""country"": ""USA"", ""latitude"": 41.4087}",married,Architect,Cruz Corp,Harvard Pilgrim,POL-240452,GRP-5064,319,2020-10-06,2022-11-05,148,76,34.7,Non-Smoker,None,"Dust, NSAIDs, Pollen",Migraine,"Levothyroxine, Acetaminophen",Angioplasty with stent,None,English,White,Active,15,ManualEntry
4427,Christina,Long,2003-09-12,Female,O+,christina.long@email.example.com,(783) 827-8266,Michelle Price,(971) 814-3293,"{""line1"": ""9812 Cedar Ln"", ""apt"": """", ""city"": ""Portland"", ""state"": ""OR"", ""zip"": ""97201"", ""delivery_notes"": ""Leave at door""}",Married,Chef,Cole Corp,MetLife,POL-867172,GRP-5744,83,2025-10-03,2027-01-09,159,82,32.4,Former Smoker,Moderate,"Peanuts, Pollen, Sulfa","Hyperlipidemia, Irritable Bowel Syndrome, Depression, GERD",None,None,None,Mandarin,Hispanic or Latino,Active,11,ManualEntry
4428,Paul,Thomas,1956-09-04,Male,O+,paul.thomas@email.example.com,(255) 405-4058,Deborah Rogers,(667) 223-5431,"{""line1"": ""898 View Blvd"", ""apt"": """", ""city"": ""Seattle"", ""state"": ""WA"", ""zip"": ""98101"", ""floor_number"": 44, ""latitude"": 43.4833}",Separated,Artist,Jordan Corp,Centene,POL-553895,GRP-2030,362,2025-10-25,2025-11-06,168,84,29.8,Non-Smoker,None,"Peanuts, Pollen, Latex","Atrial Fibrillation, Chronic Kidney Disease","Gabapentin, Ibuprofen, Albuterol",None,None,Mandarin,White,Active,16,ManualEntry
4437,Timothy,Price,,Male,O+,timothy.price1@email.example.com,(497) 692-4395,Caleb Gonzales,(492) 609-7756,"{""line1"": ""3166 Adams Way"", ""apt"": """", ""city"": ""Omaha"", ""state"": ""NE"", ""zip"": ""68101"", ""country"": ""USA"", ""county"": ""Sacramento"", ""longitude"": -98.8576, ""latitude"": 45.6469}",Divorced,Dental Hygienist,Foster Corp,Cigna,POL-510064,GRP-9790,449,2022-11-25,,170,92,31.8,Non-Smoker,Occasional,"Penicillin, Latex, None",Coronary Artery Disease,Metformin,None,"Heart Disease, Diabetes, Stroke",Vietnamese,White,Active,25,ManualEntry
4438,Silas,Moore,1973-06-04,Male,A+,silas.moore@email.example.com,(580) 274-7150,Andrea Jackson,(585) 439-8919,"{""line1"": ""6133 Second Ave"", ""apt"": """", ""city"": ""Boston"", ""state"": ""MA"", ""zip"": ""02101"", ""timezone"": ""America/Chicago"", ""neighborhood"": ""Waterfront""}",Married,Retired,,Blue Cross,POL-892772,GRP-3407,469,2025-06-12,2029-04-30,tall,44,13.1,Non-Smoker,Occasional,"Sulfa, Peanuts, NSAIDs",,"Eliquis, Ibuprofen",Laminectomy,Asthma,Spanish,White,Active,2,ManualEntry
4450,Karen,Thomas,1999-01-16,Mle,O+,karen.thomas@email.example.com,(758) 729-6178,Ronald Alexander,(606) 711-7962,"{""line1"": ""1188 Oak Ave"", ""apt"": """", ""city"": ""Philadelphia"", ""state"": ""PA"", ""zip"": ""19101"", ""county"": ""Sacramento"", ""latitude"": 41.0578}",Married,Data Analyst,Morales Corp,Bright Health,POL-134884,GRP-8561,418,2024-07-28,2025-11-06,161,60,23.1,Non-Smoker,Moderate,NSAIDs,,!@#$%^&*(),"Angioplasty with stent, Hernia repair","Stroke, Cancer, None",English,Hispanic or Latino,Inactive,22,ManualEntry
4458,Nicole,Ramos,1981-09-15,Female,A+,nicole.ramos1@email.example.com,(969) 748-9252,Layla Williams,(354) 700-5128,"{""line1"": ""2191 Fourth Ave"", ""apt"": "", Unit 11"", ""city"": ""Jacksonville"", ""state"": ""FL"", ""zip"": ""32201"", ""country"": ""USA"", ""landmark"": ""Behind Metro Station"", ""longitude"": -94.3602, ""street_type"": ""Ln""}",Divorced,Data Analyst,,,,,309,2023-11-01,,161,97,37.4,Non-Smoker,None,"Latex, Dust, Sulfa",N/A,None,Hemorrhoidectomy,Cancer,English,Asian,Active,17,ManualEntry
4463,Anthony,Young,1991-02-08,Male,O+,anthony.young@email.example.com,(901) 670-3126,Kenneth Ford,(602) 533-9072,"{""line1"": ""7192 Magnolia Way"", ""apt"": """", ""city"": ""New Orleans"", ""state"": ""LA"", ""zip"": ""70112""}",Married,Dental Hygienist,Alexander Corp,Tufts Health Plan,POL-760146,GRP-6157,391,2025-06-09,2026-10-12,175,66,21.6,Non-Smoker,Former,None,,"Meloxicam, Acetaminophen, Duloxetine",None,None,Arabic,Black or African American,Inactive,25,ManualEntry
4474,Patrick,Martinez,1996-09-23,Male,A+,patrick.martinez@email.example.com,(982) 619-4325,Katherine Lopez,(447) 450-4846,"{""line1"": ""1271 Cypress Dr"", ""apt"": """", ""city"": ""Miami"", ""state"": ""FL"", ""zip"": ""33101""}",Single,Business Owner,Cruz Corp,Aetna,POL-376571,GRP-7300,137,2021-01-19,2024-05-07,189,64,17.9,Never Assessed,Moderate,"Pollen, NSAIDs, Codeine","Chronic Fatigue, Anxiety Disorder, Coronary Artery Disease","Amlodipine, Losartan",None,Hypertension,English,White,Active,24,ManualEntry
4476,Dylan,Butler,1971-11-22,Male,O-,dylan.butler@email.example.com,(658) 923-3108,Douglas Cruz,(696) 596-6967,"{""line1"": ""3223 Center St"", ""apt"": "", # 27"", ""city"": ""Chicago"", ""state"": ""IL"", ""zip"": ""60601"", ""landmark"": ""Close to University"", ""timezone"": ""America/Chicago"", ""neighborhood"": ""Uptown"", ""floor_number"": 32}",Single,Unemployed,Bennett Corp,Kaiser Permanente,POL-633531,GRP-7558,334,2019-06-09,2023-06-23,147,72,33.3,Non-Smoker,None,"None, Penicillin, Codeine","Sleep Apnea, Ulcerative Colitis","Aspirin, Hydrochlorothiazide, Furosemide","Total knee replacement, ACL reconstruction, Total hip replacement","Cancer, Asthma",English,White,active,7,ManualEntry
4478,Ashley,Richardson,1989-01-29,Female,A+,ashley.richardson@email.example.com,(803) 567-6311,Savannah Perez,(814) 484-4782,"{""line1"": ""2694 Ash Ct"", ""apt"": """", ""city"": ""Tampa"", ""state"": ""FL"", ""zip"": ""33601"", ""landmark"": ""Near Hospital"", ""country"": ""USA"", ""longitude"": -101.9499, ""delivery_notes"": ""Gate code: #1234"", ""county"": ""San Diego""}",Married,Writer,,Centene,POL-741301,GRP-1953,239,2025-08-13,2028-11-29,156,84,34.5,Non-Smoker,2 beers/week,"NSAIDs, Shellfish, Dust","Irritable Bowel Syndrome, Eczema","Tramadol, Spironolactone, Albuterol",Sleeve gastrectomy,Asthma,Russian,White,Active,12,ManualEntry
4485,Susan,Hernandez,1989-06-22,,O+,susan.hernandez@email.example.com,(967) 498-1808,Abigail Stewart,(720) 907-1680,"{""line1"": ""8972 Aspen Ct"", ""apt"": """", ""city"": ""New York"", ""state"": ""NY"", ""zip"": ""10001""}",Single,HR Specialist,,Harvard Pilgrim,POL-879693,GRP-5030,186,2023-08-28,2027-03-15,152,92,39.8,Non-Smoker,Occasional,"Sulfa, None, Peanuts",,"Gabapentin, Omeprazole, Bupropion, Spironolactone",Carpal tunnel release,"Arthritis, Alzheimer's",Vietnamese,Human,Active,1,ManualEntry
4492,Stephanie,Crawford,1996-04-01,Female,O+,stephanie.crawford1@email.example.com,(600) 301-3017,Thomas Foster,(336) 962-5075,"{""line1"": ""3179 Seventh St"", ""apt"": "", Unit 42"", ""city"": ""San Antonio"", ""state"": ""TX"", ""zip"": ""78201""}",Single,Pharmacist,Nguyen Corp,Molina Healthcare,POL-633097,GRP-2970,52,2019-10-24,2019-11-06,160,70,27.3,Non-Smoker,None,"NSAIDs, Pollen, Latex",,"Metoprolol, Aspirin, Fluticasone, Spironolactone",None,None,English,White,Active,22,ManualEntry
4500,Albert,White,1996-10-04,Male,A+,albert.white@email.example.com,(252) 917-3052,Victoria Castillo,000-000-0000,"{""line1"": ""846 Maple Dr"", ""apt"": "", Apt 3"", ""city"": ""Houston"", ""state"": ""TX"", ""zip"": ""77001"", ""latitude"": 37.7251, ""county"": ""Sacramento"", ""neighborhood"": ""Waterfront""}",Divorced,Mechanic,Morales Corp,Anthem,POL-148972,GRP-5110,5,2024-11-11,2028-08-06,174,109,36.0,Current Smoker,Occasional,"Pollen, Latex, Sulfa",Osteoarthritis,,None,Alzheimer's,English,Two or More Races,Active,3,ManualEntry
4502,Harrison,SULLIVAN,1984-02-18,Male,O+,harrison.sullivan@email.example.com,(274) 910-4270,Mary Mendoza,(453) 335-4038,"{""line1"": ""9249 Poplar St"", ""apt"": """", ""city"": ""Memphis"", ""state"": ""TN"", ""zip"": ""38101"", ""latitude"": 27.1724, ""county"": ""Miami-Dade""}",Married,Construction Worker,Clark Corp,,,,430,2018-11-05,,174,89,29.4,Non-Smoker,Occasional,Pollen,,None,"Gastric bypass, Carpal tunnel release",Arthritis,Spanish,White,Active,16,ManualEntry
4503,Aria,Jimenez,1981-01-19,Female,A+,aria.jimenez@email.example.com,(335) 818-5484,Ashley Russell,(775) 381-3727,"{""line1"": ""266 Sunset Dr"", ""apt"": "", Suite 41"", ""city"": ""Fresno"", ""state"": ""CA"", ""zip"": ""93701""}",Divorced,Professor,Simpson Corp,Independence Blue Cross,POL-257685,G1234,375,2024-11-18,2026-03-31,166,75,27.2,Non-Smoker,None,"Shellfish, Codeine",Chronic Fatigue,"Metformin, Aspirin",None,"Stroke, Cancer, None",English,Hispanic or Latino,Active,1,ManualEntry
4517,Joyce,Fisher,1974-02-25,Female,A+,joyce.fisher@email.example.com,(253) 399-9865,999-999-9999,(773) 817-5860,"{""line1"": ""5043 Second Ave"", ""apt"": "", Unit 1"", ""city"": ""Houston"", ""state"": ""TX"", ""zip"": ""77001"", ""timezone"": ""America/Chicago"", ""neighborhood"": ""Suburbs""}",Married,Artist,Jackson Corp,UnitedHealthcare,POL-384651,GRP-9668,378,2024-02-06,2025-02-13,170,63,21.8,Never Assessed,Occasional,"Codeine, Dust, Sulfa","Rheumatoid Arthritis, GERD, Ulcerative Colitis, Coronary Artery Disease","Metoprolol, Meloxicam, Bupropion, Apixaban",None,None,Cantonese,Hispanic or Latino,Active,8,ManualEntry
4523,Maria,Cook,2025-06-15,Female,O+,maria.cook@email.example.com,(423) 372-2681,Roman Morgan,(375) 812-6096,"{""line1"": ""3014 Cypress Dr"", ""apt"": """", ""city"": ""Mesa"", ""state"": ""AZ"", ""zip"": ""85201""}",Married ,Professor,Mitchell Corp,Aetna,POL-863725,GRP-8632,95,2022-09-15,2026-02-25,168,95,33.7,Non-Smoker,Moderate,None,N/A,None,"Total knee replacement, Total hip replacement, Colectomy","Heart Disease, Alzheimer's, Hypertension",English,White,Inactive,14,ManualEntry
4542,Theodore,Reynolds,1987-11-03,Male,O-,theodore.reynolds@email.example.com,(885) 514-4929,Betty Lewis,(411) 701-8098,"{""line1"": ""2751 Cedar Ln"", ""apt"": """", ""city"": ""Tucson"", ""state"": ""AZ"", ""zip"": ""85701"", ""longitude"": -91.634}",Single,Business Owner,Thompson Corp,Molina Healthcare,POL-923871,GRP-4720,158,2025-08-08,2029-06-23,174,84,27.7,Non-Smoker,Heavy,"Dust, Latex, Peanuts",GERD,"Fluticasone, Losartan, Celecoxib, Loratadine",None,Cancer,English,White,Active,20,ManualEntry
4552,Jerry,Edwards,1997-11-03,Male,AB,jerry.edwards1@email.example.com,(903) 927-2804,Jeffrey Nguyen,(711) 811-1955,"{""line1"": ""8154 Ninth St"", ""apt"": """", ""city"": ""Fort Worth"", ""state"": ""TX"", ""zip"": ""76101"", ""country"": ""USA""}",Single,Unemployed,,Anthem,POL-295489,GRP-4115,307,2025-08-09,2026-09-02,168,73,25.9,Non-Smoker,Occasional,"Sulfa, Pollen, Dust","Migraine, Ulcerative Colitis","Clopidogrel, Sertraline, Bupropion, Omeprazole",None,Stroke,Tagalog,Hispanic or Latino,Active,23,ManualEntry
4561,Jack,Cox,2004-08-05,Male,A+,jack.cox@email.example.com,(866) 817-2090,Theodore Long,(402) 458-7266,"{""line1"": ""691 Fifth St"", ""apt"": """", ""city"": ""Milwaukee"", ""state"": ""WI"", ""zip"": ""53201""}",Married,Doctor,Davis Corp,Centene,POL-953760,GRP-4512,258,2025-07-28,1900-01-01,-10,80,25.0,Never Assessed,None,Shellfish,,"Eliquis, Acetaminophen",Coronary artery bypass grafting,"None, Hypertension",Spanish,Hispanic or Latino,Active,24,ManualEntry
4563,Christine,Sanders,1978-05-27,Female,O+,christine.sanders@email.example.com,(602) 744-8619,Stephanie Green,(346) 988-6038,"{""line1"": ""5474 Broadway"", ""apt"": """", ""city"": ""Los Angeles"", ""state"": ""CA"", ""zip"": ""90001"", ""street_type"": ""Ln""}",Widowed,Bank Teller,N/A,Humana,POL-319152,GRP-9843,113,2018-07-24,,163,82,30.9,Never Assessed,Moderate,Latex,"Fibromyalgia, Asthma","Sertraline, Clopidogrel",None,"Diabetes, Arthritis, Alzheimer's",Spanglish,White,Active,13,ManualEntry
4565,Carol,Johnson,1988-06-15,Female,A+,carol.johnson@email.example.com,(242) 668-1447,Maxwell Long,(474) 457-9893,"{""line1"": ""3770 College Ave"", ""apt"": "", Unit 25"", ""city"": ""Washington"", ""state"": ""DC"", ""zip"": ""20001"", ""neighborhood"": ""Suburbs"", ""country"": ""USA"", ""delivery_notes"": ""Ring bell"", ""longitude"": -106.3048, ""landmark"": ""Near Hospital""}",Single,Engineer,Wallace Corp,Oscar Health,POL-100741,GRP-5700,109,2020-04-19,2022-12-21,160,57,22.3,Non-Smoker,None,"Codeine, Penicillin",,"Lisinopril, Insulin glargine, Aspirin, Acetaminophen",Hemorrhoidectomy,Alzheimer's,English,White,Active,2,ManualEntry
4568,maxwell,Thomas,1985-07-10,Male,B+,maxwell.thomas@email.example.com,(378) 588-3852,Wesley Reed,(588) 853-7336,"{""line1"": ""5782 Jefferson Ave"", ""apt"": "", # 43"", ""city"": ""Denver"", ""state"": ""CO"", ""zip"": ""80201""}",Married,Driver,Woods Corp,Health Net,POL-495243,GRP-3346,149,2021-04-25,2023-11-18,177,102,32.6,Former Smoker,None,None,,"Clopidogrel, Losartan",,"Heart Disease, Arthritis, Hypertension",English,Two or More Races,Inactive,1,ManualEntry
,Peter,Gutierrez,2000-12-21,Male,O+,peter.gutierrez@email.example.com,(517) 419-6077,Samuel Butler,(700) 737-2768,"{""line1"": ""620 Park Blvd"", ""apt"": "", Apt 33"", ""city"": ""Jacksonville"", ""state"": ""FL"", ""zip"": ""32201"", ""landmark"": ""Near Hospital"", ""county"": ""Queens""}",Single,Insurance Agent,Phillips Corp,,,,155,2019-09-29,2023-07-17,196,108,28.1,Never Assessed,None,"Pollen, Shellfish, None",,"Prednisone, Cyclobenzaprine, Montelukast, Lisinopril",None,None,English,Asian,Active,12,ManualEntry
4574,Terry,Thomas,1975-01-25,Male,A+,terry.thomas@email.example.com,(219) 618-9696,Kelly Jenkins,(471) 790-7754,"{""line1"": ""385 Fourth Ave"", ""apt"": """", ""city"": ""Tampa"", ""state"": ""FL"", ""zip"": ""33601"", ""latitude"": 44.1161}",Widowed,Professor,Cruz Corp,Geisinger,POL-689931,GRP-2228,115,,2023-02-09,174,89,29.4,Never Assessed,Occasional,Codeine,"Hypothyroidism, Rheumatoid Arthritis, Ulcerative Colitis, Chronic Kidney Disease","Montelukast, Prednisone, Tramadol",None,"Diabetes, Asthma, Alzheimer's",English,Black or African American,Active,23,ManualEntry
4579,Anthony,Moore,1960-10-12,Male,A+,anthony.moore@email.example.com,(340) 774-4847,Jasper Williams,000-000-0000,"{""line1"": ""7529 Lincoln Blvd"", ""apt"": """", ""city"": ""Milwaukee"", ""state"": ""WI"", ""zip"": ""53201"", ""latitude"": 31.4819, ""longitude"": -102.7601, ""delivery_notes"": ""Leave at door""}",Married,Real Estate Agent,,Blue Cross Blue Shield,POL-565866,G1234,306,2021-10-16,,189,40,12,Non-Smoker,Occasional,"Latex, Dust, None",Sleep Apnea,Metoprolol,None,"DM, HTN, CAD",English,,Active,25,ManualEntry
4588,Elijah,Green,1992-09-04,Male,O-,elijah.green@email.example.com,(305) 869-5267,Christine Scott,(578) 601-8955,"{""line1"": ""2752 Washington Ave"", ""apt"": """", ""city"": ""Colorado Springs"", ""state"": ""CO"", ""zip"": ""80901"", ""street_type"": ""Way"", ""neighborhood"": ""Downtown""}",Single,Dental Hygienist,Reyes Corp,Kaiser Permanente,POL-456688,GRP-7723,63,2021-06-11,2021-08-17,172,85,28.7,Never Assessed,Occasional,"Penicillin, Sulfa, Peanuts",,Furosemide,None,None,English,Human,Active,8,ManualEntry
4591,mateo,Watson,1994-01-22,Male,B+,mateo.watson@email.example.com,(591) 586-9633,Ella Cooper,(240) 246-1574,"{""line1"": ""9486 Lincoln Blvd"", ""apt"": """", ""city"": ""Tampa"", ""state"": ""FL"", ""zip"": ""33601"", ""latitude"": 30.7021, ""county"": ""San Diego"", ""landmark"": ""Near Hospital""}",Married,Physical Therapist,,Kaiser Permanente,POL-462832,GRP-1672,297,2025-03-08,2029-01-04,170,65,22.5,Former Smoker,Former,"None, Codeine","Asthma, Type 2 Diabetes, Anxiety Disorder","Hydrochlorothiazide, Levothyroxine",None,Alzheimer's,English,White,Active,14,ManualEntry
4597,Sarah,Kelly,1997-05-22,Female,O+,sarah.kelly@email.example.com,(341) 928-2243,William Wallace,(374) 455-8819,"{""line1"": ""2324 Eighth Ave"", ""apt"": """", ""city"": ""Milwaukee"", ""state"": ""WI"", ""zip"": ""53201"", ""neighborhood"": ""West Side"", ""country"": ""USA"", ""street_type"": ""Ave""}",Single,Social Worker,Lewis Corp,Aetna,POL-496111,GRP-6747,418,2019-08-31,2020-07-26,166,100,36.3,Non-Smoker,Occasional,"Sulfa, Latex, Shellfish",Eczema,"Meloxicam, Acetaminophen, Celecoxib, Cyclobenzaprine","Total hip replacement, Vasectomy",Heart Disease,Spanish,White,Active,22,ManualEntry
4604,Sharon,Walker,,Female,A+,sharon.walker1@email.example.com,(335) 393-3682,Ashley Graham,(798) 224-1279,"{""line1"": ""6638 Oak Ave"", ""apt"": "", Unit 39"", ""city"": ""Phoenix"", ""state"": ""AZ"", ""zip"": ""85001""}",Single,Consultant,Allen Corp,,,,278,2023-09-26,2026-06-02,163,72,27.1,Non-Smoker,,None,,"Aspirin, Prednisone, Spironolactone",None,Heart Disease,English,Black or African American,Active,11,ManualEntry
4609,Evelyn,Ward,2000-06-18,Female,O-,evelyn.ward@email.example.com,(488) 758-1298,Hannah Simpson,(320) 456-7408,"{""line1"": ""9615 Maple Dr"", ""apt"": """", ""city"": ""Kansas City"", ""state"": ""MO"", ""zip"": ""64101""}",Single,Unemployed,Perez Corp,Tufts Health Plan,POL-360479,GRP-1712,480,2024-03-10,2025-07-22,165,65,23.9,Non-Smoker,Heavy,"Shellfish, NSAIDs, Peanuts","Hyperlipidemia, Rheumatoid Arthritis, Anxiety Disorder, Osteoarthritis","Tramadol, Albuterol, Pantoprazole",None,"Hypertension, Arthritis",Spanish,White,Active,19,ManualEntry
4610,Stephanie,Hernandez,1996-04-16,Female,B+,stephanie.hernandez@email.example.com,(325) 552-7235,Dorothy Davis,(860) 567-4693,"{""line1"": ""Unknown"", ""city"": ""Unknown"", ""state"": ""NA"", ""zip"": ""00000"", ""longitude"": -86.0115, ""neighborhood"": ""East Side"", ""floor_number"": 28}",Married,Insurance Agent,Alexander Corp,Tufts Health Plan,POL-765601,GRP-7190,186,2020-12-29,,164,84,31.2,Former Smoker,Occasional,"None, Sulfa, NSAIDs","Rheumatoid Arthritis, Eczema, Hypothyroidism, Chronic Kidney Disease","Tramadol, Duloxetine",None,"Alzheimer's, Hypertension, Asthma",English,White,Active,1,ManualEntry
4611,Laura,James,1994-07-04,Female,O+,laura.james@email.example.com,abc-def-ghij,Elijah Castillo,(486) 346-5259,"{""line1"": ""531 Hill St"", ""apt"": """", ""city"": ""Boston"", ""state"": ""MA"", ""zip"": ""02101"", ""landmark"": ""Adjacent to Library"", ""latitude"": 43.2154, ""country"": ""USA"", ""longitude"": -119.4688}",Single,Firefighter,Sullivan Corp,Independence Blue Cross,POL-617384,GRP-3318,94,2019-11-22,2020-07-31,159,87,34.4,Non-Smoker,None,"Latex, None",,"Warfarin, Atorvastatin, Eliquis, Prednisone",None,None,Spanish,Hispanic or Latino,Inactive,8,ManualEntry
4612,Wesley,PATEL,1998-07-31,,O-,wesley.patel@email.example.com,(884) 282-9472,Luke Cox,(255) 221-1658,"{""line1"": ""4445 Fifth St"", ""apt"": "", Unit 44"", ""city"": ""Atlanta"", ""state"": ""GA"", ""zip"": ""30301"", ""neighborhood"": ""West Side"", ""latitude"": 46.0869, ""timezone"": ""America/Denver""}",Married,Pharmacist,Long Corp,Geisinger,POL-673359,GRP-9038,12,2018-02-02,,170,61,21.1,Non-Smoker,Moderate,"Peanuts, Latex, Sulfa","Asthma, Atrial Fibrillation, Hypothyroidism, Chronic Kidney Disease","Metoprolol, Furosemide, Aspirin, Ozempic","Sleeve gastrectomy, ACL reconstruction, Carpal tunnel release",Diabetes,English,Asian,Active,12,ManualEntry
4617,Aria,Reed,1996-06-06,Female,B+,aria.reed@email.example.com,(722) 267-6270,Emily Jordan,(432) 833-8380,"{""line1"": ""9309 River Rd"", ""apt"": "", Apt 7"", ""city"": ""San Jose"", ""state"": ""CA"", ""zip"": ""95101"", ""country"": ""USA""}",married,Architect,Brooks Corp,Centene,POL-131359,GRP-5184,289,2018-03-18,2019-06-06,159,53,21.0,Non-Smoker,None,"Peanuts, Codeine, Penicillin",,None,None,"Asthma, None, Alzheimer's",French,Black or African American,Active,11,ManualEntry
4619,Jacob,Jones,1980-03-01,Male,O+,jacob.jones2@email.example.com,(697) 208-5469,Paul West,(699) 708-3679,"{""line1"": ""5523 Sixth Ave"", ""apt"": """", ""city"": ""Fort Worth"", ""state"": ""TX"", ""zip"": ""76101"", ""latitude"": 43.2252, ""timezone"": ""America/Chicago""}",Single,Project Manager,Patel Corp,Aetna,POL-158944,GRP-4521,45,2019-03-19,2022-11-14,181,100,30.5,Smoker,Occasional,Penicillin,Ulcerative Colitis,Albuterol,None,"Cancer, Arthritis",English,White,Active,10,ManualEntry
4627,Kevin,Simpson,1990-04-05,Male,O+,kevin.simpson@email.example.com,(758) 901-3946,Julian Lee,(909) 415-7423,"{""line1"": ""3031 Adams Way"", ""apt"": """", ""city"": ""Washington"", ""state"": ""DC"", ""zip"": ""20001"", ""longitude"": -119.9582, ""landmark"": ""Adjacent to Library""}",Single,Firefighter,Cole Corp,Geisinger,POL-721886,GRP-4418,451,2022-08-13,2026-02-17,172,116,39.2,Non-Smoker,Moderate,"Sulfa, Codeine",Hypothyroidism,"Montelukast, Loratadine, Aspirin",None,Diabetes,English,Hispanic or Latino,Active,25,ManualEntry
4629,Isaac,Morales,1970-10-24,Male,O+,isaac.morales@email.example.com,(358) 623-7243,Mary Flores,(782) 623-8793,"{""line1"": ""762 Cedar Ln"", ""apt"": """", ""city"": ""Baltimore"", ""state"": ""MD"", ""zip"": ""21201"", ""country"": ""USA""}",Married,Bank Teller,Diaz Corp,Atena,POL-246848,GRP-7701,412,2023-07-20,2027-08-18,163,45,16.9,Non-Smoker,Moderate,"Penicillin, NSAIDs",,Loratadine,None,"Stroke, Cancer, Asthma",Spanish,White,Active,2,ManualEntry
4637,Shirley,Woods,2099-06-15,Female,A+,shirley.woods@email.example.com,(921) 997-1772,N/A,(503) 304-2807,"{""line1"": ""7118 Elm St"", ""apt"": "", Unit 15"", ""city"": ""Miami"", ""state"": ""FL"", ""zip"": ""33101"", ""street_type"": ""St"", ""country"": ""USA""}",Married,UnemPloyed,Gray Corp,Highmark,POL-617320,GRP-8817,212,2019-05-04,2019-07-12,171,86,29.4,Former Smoker,Occasional,"Penicillin, NSAIDs, Peanuts",Hypothyroidism,"Duloxetine, Spironolactone",None,"Alzheimer's, None",English,White,Active,11,ManualEntry
4638,,Baker,2002-09-27,Female,,grace.baker@email.example.com,(594) 803-8246,Andrea Turner,(256) 593-4798,"{""line1"": ""1841 Pine St"", ""apt"": """", ""city"": ""San Antonio"", ""state"": ""TX"", ""zip"": ""78201"", ""latitude"": 36.648, ""county"": ""Orange"", ""timezone"": ""America/New_York""}",Married,Lawyer,Gomez Corp,Aetna,POL-186251,GRP-4441,124,2024-06-30,,174,53,normal,Non-Smoker,None,"Dust, Sulfa, None","Migraine, Sleep Apnea, Atrial Fibrillation",unknown,None,None,English,White,Deceased,18,ManualEntry
4657,Harold,Hamilton,1968-06-27,Mle,A+,harold.hamilton@email.example.com,(251) 839-1394,Douglas Scott,(748) 918-9499,"{""line1"": ""7676 Magnolia Way"", ""apt"": """", ""city"": ""Seattle"", ""state"": ""WA"", ""zip"": ""98101""}",Married,Artist,,Anthem,POL-737183,GRP-3616,482,2019-08-07,2022-06-10,173,106,35.4,Non-Smoker,Heavy,Peanuts,"Congestive Heart Failure, Anemia","Losartan, Metformin, Aspirin, Montelukast",None,"None, Cancer",English,White,Active,19,ManualEntry
4661,Betty,Harris,1999-02-24,Female,O-,betty.harris@email.example.com,abc-def-ghij,Levi Richardson,(857) 598-9897,"{""line1"": ""6353 Magnolia Way"", ""apt"": """", ""city"": ""Miami"", ""state"": ""FL"", ""zip"": ""33101""}",Single,Construction Worker,Cook Corp,UnitedHealthcare,POL-253352,GRP-8892,52,2022-09-25,,169,81,28.4,Non-Smoker,None,"Sulfa, Codeine",,"Montelukast, Tramadol, Ibuprofen, Furosemide",None,"Cancer, Asthma, Stroke",English,White,Active,22,ManualEntry
4663,Sarah,Smith,1976-05-16,Female,O+,sarah.smith@email.example.com,(645) 241-4979,Thomas Smith,(944) 368-9699,"{""line1"": ""8316 Broadway"", ""apt"": """", ""city"": ""Louisville"", ""state"": ""KY"", ""zip"": ""40201"", ""neighborhood"": ""West Side"", ""landmark"": ""Behind Metro Station"", ""county"": ""King"", ""street_type"": ""Ln""}",Married,Chef,Price Corp,Geisinger,POL-936896,GRP-6984,217,2019-05-07,2021-04-06,159,72,28.5,Non-Smoker,Moderate,None,"Asthma, Congestive Heart Failure, Rheumatoid Arthritis, Sleep Apnea","Apixaban, Duloxetine",Thyroidectomy,"None, Arthritis",English,Black or African American,Active,18,ManualEntry
4664,Diane,Hill,1983-04-19,Female,A+,diane.hill@email.example.com,(627) 693-5328,Lily Ramos,000-000-0000,"{""line1"": ""259 College Ave"", ""apt"": """", ""city"": ""Milwaukee"", ""state"": ""WI"", ""zip"": ""53201"", ""street_type"": ""Rd"", ""country"": ""USA"", ""latitude"": 47.9809}",Widowed,Engineer,Lopez Corp,Cigna,POL-235151,GRP-3692,45,2022-09-23,2025-07-14,153,87,37.2,Former Smoker,None,Pollen,"Sleep Apnea, Hypertension, GERD, Eczema",Ozempic,None,None,Spanish,Other,Active,10,ManualEntry
4665,Robert,Murray,1979-04-15,Male,O+,robert.murray@email.example.com,(651) 852-5920,Ellie Bennett,(561) 283-1297,"{""line1"": ""2386 Church St"", ""apt"": """", ""city"": ""Memphis"", ""state"": ""TN"", ""zip"": ""38101"", ""country"": ""USA""}",Single,Insurance Agent,Harrison Corp,Tufts Health Plan,POL-550251,GRP-2231,118,2020-05-10,2024-04-18,181,56,17.1,Former Smoker,Occasional,"Peanuts, Penicillin",GERD,Ozempic,Rotator cuff repair,None,English,White,Active,20,ManualEntry
4676,Karen,Jackson,1977-11-21,Female,O-,karen.jackson@email.example.com,(541) 213-6633,Brandon Rodriguez,(285) 534-2763,"{""line1"": ""293 Hill St"", ""apt"": """", ""city"": ""San Antonio"", ""state"": ""TX"", ""zip"": ""78201"", ""latitude"": 42.5112}",Married,Mechanic,Tucker Corp,Tufts Health Plan,POL-961488,GRP-2207,290,2019-01-16,2022-04-24,162,80,30.5,Non-Smoker,Occasional,Sulfa,"Anxiety Disorder, Psoriasis","Bupropion, Lisinopril, Acetaminophen","Coronary artery bypass grafting, Total knee replacement","Arthritis, Hypertension, Alzheimer's",English,Two or More Races,Active,2,ManualEntry
4681,Laura,Martin,,Female,A+,laura.martin1@email.example.com,,Ruth Harris,(808) 272-5535,"{""line1"": ""3104 Monroe Dr"", ""apt"": """", ""city"": ""Portland"", ""state"": ""OR"", ""zip"": ""97201"", ""latitude"": 25.9886, ""street_type"": ""Blvd"", ""county"": ""King""}",Married,Administrative Assistant,Owens Corp,Health Net,POL-440720,GRP-7369,25,2019-02-03,2022-05-26,173,87,29.1,Former Smoker,Heavy,None,"Anxiety Disorder, Migraine",Celecoxib,Meniscectomy,"None, Heart Disease",English,White,Inactive,12,ManualEntry
4682,Jack,Myers,1961-05-10,Male,A+,jack.myers@email.example.com,(299) 320-8342,Gregory Ruiz,(545) 548-3502,"{""line1"": ""7962 Birch St"", ""apt"": """", ""city"": ""Omaha"", ""state"": ""NE"", ""zip"": ""68101"", ""street_type"": ""Ct"", ""timezone"": ""America/Denver""}",Married,Real Estate Agent,Campbell Corp,Cigna HealthCare,POL-526044,GRP-1725,251,2024-11-07,2025-07-18,180,63,19.4,Current Smoker,Moderate,Penicillin,"Hypothyroidism, Asthma",Pantoprazole,none,Cancer,Spanish,,Active,19,ManualEntry
4689,Ella,Russell,1956-03-03,Female,O-,ella.russell1@email.example.com,(701) 420-2258,Nicole Smith,(631) 223-2248,"{""line1"": ""6164 Fourth Ave"", ""apt"": """", ""city"": ""Sacramento"", ""state"": ""CA"", ""zip"": ""94201""}",Married,Military,,Humana,POL-165988,GRP-6354,139,2024-07-29,2024-10-17,160,,36.7,Non-Smoker,None,"Shellfish, Peanuts, Pollen","Rheumatoid Arthritis, Crohn's Disease","Celecoxib, Lisinopril, Metformin","Colectomy, Mastectomy",None,English,Two or More Races,Inactive,13,ManualEntry
4703,mateo,Stewart,1990-10-01,Male,O+,mateo.stewart@email.example.com,(974) 202-8751,Kimberly Murray,(310) 613-8519,"{""line1"": ""3526 First St"", ""apt"": """", ""city"": ""Atlanta"", ""state"": ""GA"", ""zip"": ""30301""}",Married,Mechanic,Gutierrez Corp,Cigna HealthCare,POL-805222,GRP-5456,429,2020-06-21,2022-03-07,179,82,25.6,Former Smoker,Occasional,Pollen,"Ulcerative Colitis, Asthma, Fibromyalgia","Celecoxib, Ibuprofen, Lisinopril","Hernia repair, Total hip replacement, Total knee replacement",Diabetes,English,White,Active,2,ManualEntry
4705,Isaac,Turner,1996-04-22,Male,O+,isaac.turner@email.example.com,(872) 417-4663,Jessica Cooper,(918) 936-4218,"{""line1"": ""3305 Monroe Dr"", ""apt"": "", Suite 35"", ""city"": ""Jacksonville"", ""state"": ""FL"", ""zip"": ""32201"", ""street_type"": ""Ct"", ""country"": ""USA""}",Separated,Flight Attendant,Hill Corp,Oscar Health,POL-377399,GRP-3256,490,2020-10-02,,184,70,20.7,Never Assessed,None,None,,"Warfarin, Montelukast, Cyclobenzaprine, Albuterol",Gastric bypass,"Heart Disease, Asthma",French,White,Active,23,ManualEntry
4717,Theodore,Gray,1981-03-12,Male,A+,theodore.gray@email.example.com,(593) 444-7746,Christine Wood,(913) 755-1238,"{""line1"": ""9934 Main St"", ""apt"": """", ""city"": ""Milwaukee"", ""state"": ""WI"", ""zip"": ""53201"", ""street_type"": ""St"", ""neighborhood"": ""Uptown"", ""longitude"": -75.6168, ""timezone"": ""America/New_York""}",Single,Veterinarian,,Independence Blue Cross,POL-269219,GRP-4515,174,2020-11-14,2024-10-21,168,81,28.7,Current Smoker,None,None,,Levothyroxine,Sleeve gastrectomy,None,English,Hispanic or Latino,Active,9,ManualEntry
4719,Elizabeth,Price,2025-06-15,Female,A+,elizabeth.price@email.example.com,(413) 621-7601,Ronald Wood,(300) 887-3399,"{""line1"": ""1834 Hamilton Ct"", ""apt"": """", ""city"": ""Mesa"", ""state"": ""AZ"", ""zip"": ""85201""}",Single,Pilot,Gonzalez Corp,Aetna,POL-703673,GRP-6309,376,2024-02-12,2024-04-19,173,93,31.1,Non-Smoker,Occasional,"None, Shellfish, NSAIDs","Sleep Apnea, Migraine, Atrial Fibrillation",Clopidogrel,Total hip replacement,"Diabetes, Stroke, Alzheimer's",Arabic,White,Active,18,ManualEntry
4726,Carol,Harrison,1993-10-10,Female,O+,carol.harrison@email.example.com,(732) 301-2124,Shirley Hayes,(268) 475-9378,"{""line1"": ""6696 Fifth St"", ""apt"": "", # 5"", ""city"": ""Milwaukee"", ""state"": ""WI"", ""zip"": ""53201"", ""longitude"": -118.6727, ""timezone"": ""America/Phoenix""}",Widowed,Physical Therapist,Jones Corp,Humana,POL-188820,GRP-2302,116,2019-09-27,2023-05-22,173,107,35.8,Non-Smoker,Heavy,"Latex, Penicillin, Peanuts",Crohn's Disease,None,,"Hypertension, Cancer, Alzheimer's",Spanish,White,Active,20,ManualEntry
4740,Caleb,Adams,not available,Male,O+,caleb.adams@email.example.com,(378) 917-6595,Silas Simmons,(339) 738-2945,"{""line1"": ""5161 Monroe Dr"", ""apt"": "", Suite 40"", ""city"": ""Chicago"", ""state"": ""IL"", ""zip"": ""60601"", ""street_type"": ""Cir"", ""county"": ""Queens"", ""delivery_notes"": ""Call upon arrival"", ""latitude"": 40.5621, ""longitude"": -92.9873}",Separated,Psychologist,Wallace Corp,Molina Healthcare,POL-145271,GRP-7465,419,2024-11-01,,177,63,20.1,Non-Smoker,Moderate,Pollen,,Warfarin,None,None,Korean,Hispanic or Latino,Active,7,ManualEntry
4741,Michelle,Gutierrez,1962-06-29,Female,AB+,michelle.gutierrez1@email.example.com,(581) 714-2871,Kathleen Flores,(351) 272-5668,"{""line1"": ""4751 Union Ave"", ""apt"": "", Apt 36"", ""city"": ""Phoenix"", ""state"": ""AZ"", ""zip"": ""85001"", ""latitude"": 29.1493}",Single,Lawyer,,Geisinger,POL-959572,GRP-8684,82,2024-09-04,2027-08-04,152,89,38.5,Former Smoker,Occasional,"None, NSAIDs, Codeine",,"Cyclobenzaprine, Albuterol, Pantoprazole, Levothyroxine",None,None,Cantonese,White,Active,19,ManualEntry
4748,Miles,Hayes,1979-06-01,Male,O+,miles.hayes@email.example.com,(222) 997-3793,Abigail Hill,(538) 210-7280,"{""line1"": ""4908 Third St"", ""apt"": """", ""city"": ""Jacksonville"", ""state"": ""FL"", ""zip"": ""32201""}",Separated,Artist,,,,,290,2020-12-14,,178,70,22.1,Never Assessed,None,"Codeine, NSAIDs, Shellfish","Chronic Fatigue, Hypertension, Atrial Fibrillation, Depression","Spironolactone, Ibuprofen, Duloxetine, Prednisone",Carpal tunnel release,None,English,White,,2,ManualEntry
4751,Paul,Kim,2001-06-25,Male,A+,paul.kim1@email.example.com,(676) 996-5758,Douglas Ortiz,(274) 905-3583,"{""line1"": ""Unknown"", ""city"": ""Unknown"", ""state"": ""NA"", ""zip"": ""00000"", ""country"": ""USA"", ""latitude"": 26.6664, ""county"": ""Miami-Dade"", ""street_type"": ""Blvd""}",Divorced,Professor,King Corp,Highmark,POL-310769,GRP-2573,228,2023-12-23,,tall,83,27.1,Non-Smoker,None,,"Eczema, Crohn's Disease, Eczema, Crohn's Disease",Eliquis,None,None,French,Black or African American,Active,2,ManualEntry
4753,Tyler,Perez,1994-02-06,Male,A+,tyler.perez@email.example.com,(644) 461-1289,Cynthia Long,(347) 375-3566,"{""line1"": ""720 Spring St"", ""apt"": """", ""city"": ""Dallas"", ""state"": ""TX"", ""zip"": ""75201"", ""county"": ""Dallas"", ""floor_number"": 32}",Married,Accountant,Turner Corp,Tufts Health Plan,POL-534560,GRP-6464,166,2025-10-22,2028-05-22,171,74,25.3,Former Smoker,Occasional,"Peanuts, Penicillin, Pollen",,None,"Cholecystectomy, Spinal fusion","Heart Disease, Alzheimer's",Spanish,White,Inactive,18,ManualEntry
4768,Chloe,Cole,1962-10-09,Female,A+,chloe.cole@email.example.com,(301) 298-4786,Stephen McDonald,(383) 833-4913,"{""line1"": ""9745 Sycamore Ave"", ""apt"": """", ""city"": ""Denver"", ""state"": ""CO"", ""zip"": ""80201""}",Married,Real Estate Agent,Allen Corp,Oscar Health,POL-869536,GRP-9426,63,2021-09-12,2023-01-22,,109,,Non-Smoker,Occasional,"PENICILLIN, SULFA",Osteoarthritis,None,None,"Arthritis, Diabetes, None",English,White,Active,8,ManualEntry
4777,Benjamin,Myers,1973-07-22,Male,A-,benjamin.myers@email.example.com,(656) 364-8329,Jacob Murphy,,"{""line1"": ""3844 Pine St"", ""apt"": """", ""city"": ""New York"", ""state"": ""NY"", ""zip"": ""10001"", ""neighborhood"": ""Historic District"", ""latitude"": 32.7059, ""longitude"": -77.4243, ""timezone"": ""America/Phoenix""}",Divorced,Retired,Sanders Corp,Molina Healthcare,POL-536401,GRP-6019,340,2018-11-08,2020-11-20,185,72,21.0,Never Assessed,Occasional,Penicillin,,"Meloxicam, Insulin glargine, Acetaminophen, Tramadol","Hernia repair, Rotator cuff repair, Total hip replacement","Arthritis, Alzheimer's, Cancer",English,White,Active,17,ManualEntry
4778,George,Brown,1994-04-20,Male,O-,george.brown@email.example.com,(804) 497-8845,Jerry Carter,(240) 204-1770,"{""line1"": ""3667 Willow Dr"", ""apt"": """", ""city"": ""Atlanta"", ""state"": ""GA"", ""zip"": ""30301"", ""delivery_notes"": ""Call upon arrival""}",Married,Engineer,Hernandez Corp,,POL-300679,GRP-7966,420,2024-01-19,2025-04-27,tall,84,29.1,Former Smoker,None,"Penicillin, Sulfa, Codeine","Anemia, Rheumatoid Arthritis",,None,Hypertension,Spanish,Black or African American,Active,11,ManualEntry
4786,Theodore,Diaz,1950-07-20,Male,O+,theodore.diaz@email.example.com,(863) 522-2969,Adam Ortiz,(453) 926-8655,"{""line1"": ""9070 Aspen Ct"", ""apt"": """", ""city"": ""Atlanta"", ""state"": ""GA"", ""zip"": ""30301"", ""county"": ""Miami-Dade""}",Divorced,Artist,Garcia Corp,Cigna HealthCare,POL-688350,GRP-7278,87,2022-12-03,2024-11-18,172,78,26.4,Non-Smoker,Occasional,"Latex, Pollen, NSAIDs",,Hydrochlorothiazide,None,"Cancer, Stroke",English,White,Inactive,13,ManualEntry
4796,Peter,Reed,1993-11-14,Male,B-,peter.reed1@email.example.com,(542) 813-3661,John Flores,(364) 379-7059,"{""line1"": ""2621 Beechwood Ave"", ""apt"": """", ""city"": ""Albuquerque"", ""state"": ""NM"", ""zip"": ""87101"", ""county"": ""San Diego"", ""country"": ""USA"", ""neighborhood"": ""Suburbs""}",Divorced,Musician,Ross Corp,Independence Blue Cross,POL-189058,,424,2018-03-26,2019-08-23,181,99,30.2,Non-Smoker,Former,"Penicillin, Pollen","Migraine, Anxiety Disorder, Crohn's Disease",None,Carpal tunnel release,Diabetes,English,White,Inactive,7,ManualEntry
4815,Pamela,Gray,1983-01-26,Female,AB,pamela.gray@email.example.com,(691) 207-3723,Terry Phillips,John Smith,"{""line1"": ""6944 Spring St"", ""apt"": "", Suite 40"", ""city"": ""El Paso"", ""state"": ""TX"", ""zip"": ""79901""}",Married,Unemployed,Powell Corp,Blue Cross,POL-430753,GRP-7251,334,2021-10-03,2023-03-30,168,66,23.4,Never Assessed,Occasional,Penicillin,"Fibromyalgia, Psoriasis, Coronary Artery Disease, Hyperlipidemia","Metoprolol, Levothyroxine, Omeprazole, Losartan",None,"Asthma, None, Cancer",English,White,Inactive,7,ManualEntry
4819,Riley,Patterson,1977-01-21,Female,B+,riley.patterson1@email.example.com,(202) 402-3192,Dorothy Hunter,(923) 879-3681,"{""line1"": ""1984 Sunset Dr"", ""apt"": """", ""city"": ""San Antonio"", ""state"": ""TX"", ""zip"": ""78201"", ""street_type"": ""Way"", ""timezone"": ""America/Denver"", ""country"": ""USA"", ""longitude"": -91.2123}",Married,UnemPloyed,Hill Corp,Kaiser Permanente,POL-103264,GRP-4117,447,2021-08-04,,169,85,29.8,Non-Smoker,Occasional,"NSAIDs, Codeine, Pollen","Depression, Hyperlipidemia",None,none,Stroke,English,White,Active,1,ManualEntry
4821,Linda,Long,1993-01-02,Female,B-,linda.long@email.example.com,(446) 811-2036,Ruth Morales,(728) 443-8889,"{""line1"": ""7522 Lincoln Blvd"", ""apt"": "", Suite 45"", ""city"": ""Kansas City"", ""state"": ""MO"", ""zip"": ""64101"", ""country"": ""USA""}",Single,Data Analyst,Tucker Corp,,,,17,2020-03-02,,169,84,29.4,Non-Smoker,Heavy,"Dust, Latex","Migraine, Coronary Artery Disease, Hypertension","Prednisone, Sertraline",Vasectomy,None,English,White,Active,25,ManualEntry
4825,David,Cole,1993-01-06,Male,O+,david.cole@email.example.com,(770) 472-4124,Kenneth Bryant,(689) 215-3559,"{""line1"": ""3504 Elm St"", ""apt"": """", ""city"": ""Minneapolis"", ""state"": ""MN"", ""zip"": ""55401"", ""latitude"": 39.444}",Widowed,Student,Gomez Corp,Kaiser Permanente,POL-604247,GRP-8910,,2022-09-27,2026-05-19,178,87,27.5,Never Assessed,Occasional,"Codeine, Penicillin, Pollen",Irritable Bowel Syndrome,"Warfarin, Bupropion, Celecoxib",None,"Arthritis, Cancer, Asthma",English,White,Active,,ManualEntry
4827,Victoria,Thompson,1967-02-10,Female,A+,victoria.thompson@email.example.com,(421) 242-6783,Samantha Cox,(257) 883-6772,"{""line1"": ""1157 Church St"", ""apt"": """", ""city"": ""Indianapolis"", ""state"": ""IN"", ""zip"": ""46201""}",Widowed,Insurance Agent,,Geisinger,POL-672494,GRP-3028,275,2023-10-20,2026-01-06,170,52,18.0,,None,"Codeine, Penicillin, Latex",,Levothyroxine,None,Stroke,Spanish,Hispanic or Latino,Active,11,ManualEntry
4841,Micah,Garcia,1950-01-08,Male,A+,micah.garcia@email.example.com,(417) 217-8617,Maria Kelly,(645) 929-4542,"{""line1"": ""9919 Broadway"", ""apt"": "", # 19"", ""city"": ""Fresno"", ""state"": ""CA"", ""zip"": ""93701"", ""county"": ""Sacramento"", ""neighborhood"": ""Suburbs"", ""longitude"": -121.9373, ""latitude"": 27.4668}",Married,Writer,,,,,312,2024-12-22,,181,94,28.7,Non-Smoker,Sometimes,Codeine,"Congestive Heart Failure, Crohn's Disease, Osteoarthritis",None,Spinal fusion,"Arthritis, Diabetes, Hypertension",Spanish,Two or More Races,Active,22,ManualEntry
4848,Genesis,Gonzales,2001-04-27,Female,B+,genesis.gonzales@email.example.com,(890) 564-8854,Aiden Simpson,(475) 524-7299,"{""line1"": ""3416 Willow Dr"", ""apt"": """", ""city"": ""Virginia Beach"", ""state"": ""VA"", ""zip"": ""23450"", ""longitude"": -84.2702, ""latitude"": 42.1382, ""neighborhood"": ""Historic District"", ""landmark"": ""Behind Metro Station"", ""county"": ""Maricopa""}",Married,Pilot,Morales Corp,,,,362,2021-11-02,,164,80,29.7,Non-Smoker,Occasional,"Dust, Sulfa, None",Hypertension,"Atorvastatin, Levothyroxine, Losartan",None,"Stroke, Hypertension",English,Other,Inactive,16,ManualEntry
4855,Carl,Cruz,2002-12-09,Male,A+,carl.cruz@email.example.com,(484) 510-9349,Ezra Porter,(756) 232-8678,"{""line1"": ""6988 Ash Ct"", ""apt"": "", Apt 36"", ""city"": ""Columbus"", ""state"": ""OH"", ""zip"": ""43201"", ""longitude"": -92.9875}",Married,Driver,Allen Corp,Cigna HealthCare,POL-203297,GRP-6272,184,2020-12-05,2024-10-19,179,65,20.3,Non-Smoker,None,"Shellfish, Sulfa",,Warfarin,None,None,Spanish,White,Active,22,ManualEntry
4861,Harold,Diaz,1993-04-29,Male,O+,harold.diaz@email.example.com,(733) 516-1566,Betty King,(202) 570-1280,"{""line1"": ""9404 Center St"", ""apt"": """", ""city"": ""Albuquerque"", ""state"": ""NM"", ""zip"": ""87101""}",Divorced,,King Corp,Cigna HealthCare,POL-935840,GRP-7419,384,2023-04-03,2025-04-25,178,68,21.5,Former Smoker,Moderate,"Pollen, NSAIDs, Sulfa","Osteoporosis, Eczema","Lisinopril, Atorvastatin, Ozempic",Carpal tunnel release,None,,White,Active,13,ManualEntry
4862,Susan,Sanders,2005-11-29,Female,A+,susan.sanders@email.example.com,(606) 812-6410,Robert Perez,(590) 899-9858,"{""line1"": ""8727 Birch St"", ""apt"": """", ""city"": ""Houston"", ""state"": ""TX"", ""zip"": ""77001"", ""longitude"": -101.1038, ""neighborhood"": ""Historic District"", ""country"": ""USA""}",Married,Military,Ward Corp,Blue Cross Blue Shield,POL-752038,GRP-1266,420,2021-12-06,,168,88,31.2,Never Assessed,Moderate,"NSAIDs, Latex, Dust",Osteoporosis,None,Colectomy,Cancer,English,White,Inactive,11,ManualEntry
4870,Chloe,Gray,1983-06-20,,o+,chloe.gray@email.example.com,(759) 939-8481,Angela Phillips,(642) 763-1107,"{""line1"": ""8112 Madison St"", ""apt"": """", ""city"": ""Austin"", ""state"": ""TX"", ""zip"": ""73301"", ""landmark"": ""Near City Hall""}",Single,Dentist,Roberts Corp,Highmark,POL-101721,GRP-2573,227,2021-06-18,2023-07-02,160,84,32.8,Non-Smoker,Occasional,"None, Dust",,"Metoprolol, Losartan","Appendectomy, Cholecystectomy",None,English,White,Active,20,ManualEntry
4879,Theodore,Parker,1983-07-23,Male,A+,theodore.parker1@email.example.com,(567) 779-5055,Miles Flores,(255) 736-3024,"{""line1"": ""1239 Hamilton Ct"", ""apt"": """", ""city"": ""Denver"", ""state"": ""CO"", ""zip"": ""80201""}",Married,Engineer,Washington Corp,,,,31,2021-12-21,2023-01-28,181,650,25.6,Non-Smoker,None,"None, Shellfish, Peanuts","Chronic Kidney Disease, Migraine, GERD, Coronary Artery Disease","Eliquis, Celecoxib",None,Cancer,Arabic,White,Inactive,8,ManualEntry
4880,Stephen,Green,1800-01-01,Male,O+,stephen.green@email.example.com,(785) 525-9769,Melissa Crawford,(337) 472-9905,"{""line1"": ""Unknown"", ""city"": ""Unknown"", ""state"": ""NA"", ""zip"": ""00000"", ""latitude"": 44.0332}",Married,Flight Attendant,Jones Corp,Health Net,POL-986020,GRP-4836,324,2022-06-18,2023-02-27,181,70,21.4,Current Smoker,None,"None, Codeine, NSAIDs",Ulcerative Colitis,"Celecoxib, Aspirin, Prednisone, Losartan",None,"Asthma, Heart Disease",Spanish,Two or More Races,Active,24,ManualEntry
4886,Kelly,Diaz,01/15/1987,Female,A+,kelly.diaz@email.example.com,(214) 798-7964,Maxwell Perry,(696) 327-7603,"{""line1"": ""3393 Beechwood Ave"", ""apt"": "", Suite 43"", ""city"": ""Dallas"", ""state"": ""TX"", ""zip"": ""75201"", ""timezone"": ""America/Denver"", ""latitude"": 27.4377, ""county"": ""Miami-Dade""}",Divorced,UnemPloyed,,Oscar Health,POL-992598,GRP-3725,30,2019-10-31,2023-04-30,165,79,29.0,Non-Smoker,Former,"Codeine, NSAIDs, Shellfish",,"Acetaminophen, Ozempic, Albuterol, Celecoxib",None,None,English,Asian,Active,17,ManualEntry
4897,Andrea,Ramirez,1981-12-22,Female,A+,andrea.ramirez@email.example.com,(809) 822-1799,Heather Owens,(645) 494-3576,,Widowed,Driver,,Health Net,POL-441360,GRP-2799,22,2019-10-21,,160,70,27.3,Smoker,Occasional,"Codeine, Sulfa, Latex","Migraine, Psoriasis","Metoprolol, Aspirin",None,"Alzheimer's, None, Asthma",English,Hispanic or Latino,Inactive,17,ManualEntry
4906,Jackson,Kim,1990-06-17,Male,A+,jackson.kim@email.example.com,(966) 564-4145,Nora Peterson,(341) 305-3107,"{""line1"": ""2633 Cherry Ln"", ""apt"": "", Apt 15"", ""city"": ""Cleveland"", ""state"": ""OH"", ""zip"": ""44101"", ""latitude"": 35.6342, ""timezone"": ""America/Los_Angeles""}",Single,Student,Hayes Corp,Molina Healthcare,POL-778308,GRP-4765,439,2020-11-22,2021-11-24,186,70,20.2,Non-Smoker,Occasional,None,"GERD, Osteoarthritis",Metoprolol,None,"Diabetes, Hypertension",English,Asian,Active,17,ManualEntry
4911,Diane,Long,1984-06-22,Female,O+,diane.long@email.example.com,(307) 499-5198,999-999-9999,(631) 284-4588,"{""line1"": ""7730 Monroe Dr"", ""apt"": """", ""city"": ""Mesa"", ""state"": ""AZ"", ""zip"": ""85201""}",Married,Consultant,White Corp,Cigna,POL-567116,GRP-3400,156,2020-01-29,,160,85,33.2,Non-Smoker,Occasional,None,"Osteoporosis, Rheumatoid Arthritis",None,None,"Asthma, Hypertension",English,,Active,20,ManualEntry
4919,Isaac,Torres,1975-07-29,Male,O-,isaac.torres@email.example.com,(884) 931-2014,Tyler Green,(777) 462-4021,"{""line1"": ""Unknown"", ""city"": ""Unknown"", ""state"": ""NA"", ""zip"": ""00000"", ""longitude"": -105.215, ""country"": ""USA""}",Divorced,Physical Therapist,Turner Corp,MetLife,POL-202025,GRP-3440,279,2023-09-30,2024-09-16,178,60,18.9,Non-Smoker,None,None,,"Amlodipine, Metformin",Total knee replacement,"Cancer, Heart Disease, Stroke",Korean,White,Active,9,ManualEntry
4927,Nora,Jackson,1986-09-18,Female,O-,nora.jackson1@email.example.com,(514) 730-3289,William Young,(748) 736-6366,"{""line1"": ""6788 Seventh St"", ""apt"": """", ""city"": ""Jacksonville"", ""state"": ""FL"", ""zip"": ""32201"", ""timezone"": ""America/Los_Angeles"", ""latitude"": 32.3799}",Divorced,Retail Associate,Alexander Corp,Highmark,POL-120567,GRP-6232,269,2024-04-07,2025-07-07,168,97,34.4,Non-Smoker,None,"Shellfish, Dust","Asthma, Osteoarthritis","Atorvastatin, Acetaminophen, Ozempic",Colectomy,"Hypertension, Diabetes, Arthritis",English,White,Active,8,ManualEntry
4946,Daniel,Walker,1975-02-07,Male,B+,daniel.walker@email.example.com,(498) 855-8991,Deborah Ward,(272) 672-3379,"{""line1"": ""4847 Seventh St"", ""apt"": """", ""city"": ""Fort Worth"", ""state"": ""TX"", ""zip"": ""76101"", ""timezone"": ""America/Phoenix"", ""county"": ""Miami-Dade"", ""country"": ""USA"", ""neighborhood"": ""Midtown""}",Married,Dental Hygienist,Gomez Corp,Oscar Health,POL-107044,GRP-7732,310,2024-01-16,2027-05-25,170,68,23.5,Non-Smoker,Moderate,"Peanuts, NSAIDs, Pollen","Ulcerative Colitis, Rheumatoid Arthritis",None,None,"Heart Disease, Stroke, Alzheimer's",English,Two or More Races,Active,15,ManualEntry
4958,Joe,Bailey,1950-08-20,Male,B-,joe.bailey@email.example.com,(768) 650-7342,Randy Brooks,(885) 302-4125,"{""line1"": ""9924 Maple Dr"", ""apt"": """", ""city"": ""Boston"", ""state"": ""MA"", ""zip"": ""02101"", ""floor_number"": 23, ""country"": ""USA""}",Married,Pharmacist,,Molina Healthcare,POL-221652,GRP-7967,237,2018-07-03,,166,97,35.2,Non-Smoker,Occasional,"None, Peanuts","Coronary Artery Disease, Hyperlipidemia","Bupropion, Metoprolol",None,"Heart Disease, Stroke",Tagalog,Black or African American,Active,13,ManualEntry
4962,Joseph,Carter,2000-03-29,Male,O+,joseph.carter@email.example.com,(284) 632-7209,Betty Turner,(548) 809-1238,"{""line1"": ""5690 Birch St"", ""apt"": """", ""city"": ""Kansas City"", ""state"": ""MO"", ""zip"": ""64101"", ""timezone"": ""America/Denver"", ""county"": ""Maricopa""}",Married,Physical Therapist,Ortiz Corp,Anthem,POL-744810,GRP-5801,30,2025-11-11,,9999,80,28.3,Non-Smoker,Occasional,None,"COPD, Eczema","Lisinopril, Hydrochlorothiazide",Vasectomy,None,English,White,Active,17,ManualEntry
4963,Kelly,Cruz,1950-07-13,Female,A+,kelly.cruz1@email.example.com,(335) 447-2838,Chloe Jimenez,(878) 625-5821,"{""line1"": ""1551 Pleasant St"", ""apt"": "", Suite 16"", ""city"": ""Jacksonville"", ""state"": ""FL"", ""zip"": ""32201""}",Married,Retired,Cruz Corp,Health Net,POL-886607,GRP-9928,490,2021-10-18,2025-04-12,163,80,30.1,Non-Smoker,Heavy,None,"Irritable Bowel Syndrome, Hyperlipidemia",None,"Hernia repair, Hysterectomy, Rotator cuff repair",Cancer,English,White,Active,23,ManualEntry
4965,Randy,Stevens,1985-10-21,Male,O-,randy.stevens@email.example.com,(691) 252-4332,Christopher Ramos,(698) 770-1851,"{""line1"": ""2973 Forest Ave"", ""apt"": """", ""city"": ""Austin"", ""state"": ""TX"", ""zip"": ""73301"", ""country"": ""USA"", ""latitude"": 45.9088}",Widowed,Lawyer,Foster Corp,UnitedHealthcare,POL-773917,GRP-2705,419,2020-03-18,2020-03-18,176,59,19.0,Non-Smoker,Moderate,None,COPD,Ibuprofen,"Appendectomy 2018, Cholecystectomy 2020","Stroke, Asthma",Spanish,Black or African American,Active,7,ManualEntry
4966,,Graham,1965-12-26,Female,B+,anna.graham@email.example.com,(936) 542-6346,Bobby Wood,(328) 404-1395,"{""line1"": ""2915 Washington Ave"", ""apt"": """", ""city"": ""Houston"", ""state"": ""TX"", ""zip"": ""77001"", ""county"": ""Dallas"", ""longitude"": -88.9398}",Married,Firefighter,,Cigna,POL-830105,GRP-2002,328,01-01-2020,2018-05-22,176,105,33.9,Never Assessed,Occasional,Penicillin,"Anxiety Disorder, Hypertension",!@#$%^&*(),Vasectomy,"None, Cancer",Spanish,White,Active,24,ManualEntry
4982,Tyler,Ortiz,1989-01-14,Male,O+,tyler.ortiz@email.example.com,(667) 875-7184,Avery Gonzales,(758) 860-8704,"{""line1"": ""Unknown"", ""city"": ""Unknown"", ""state"": ""NA"", ""zip"": ""00000"", ""delivery_notes"": ""Gate code: #1234""}",Single,Psychologist,Cruz Corp,Oscar Health,POL-670838,GRP-9550,405,2020-06-16,2020-08-29,175,78,25.5,Current Smoker,Occasional,"Pollen, Penicillin, Dust",,"Lisinopril, Furosemide, Levothyroxine, Pantoprazole",None,"None, Stroke, Asthma",English,White,Active,19,ManualEntry
4986,Douglas,Jones,1984-09-10,Male,O+,douglas.jones1@email.example.com,(275) 477-9169,Aaron Smith,(398) 979-1845,"{""line1"": ""5246 Hickory St"", ""apt"": """", ""city"": ""Seattle"", ""state"": ""WA"", ""zip"": ""98101""}",Separated,Graphic Designer,,Cigna HealthCare,POL-632660,GRP-5421,3,2022-12-05,2025-12-18,9999,92,31.5,Non-Smoker,None,Sulfa,Chronic Fatigue,"Amlodipine, Losartan",,Alzheimer's,English,White,Active,8,ManualEntry
4987,Patricia,Owens,1951-07-13,Female,A+,patricia.owens@email.example.com,(677) 404-9297,Robert Tucker,(931) 897-6120,"{""line1"": ""2691 Tenth Ave"", ""apt"": "", # 11"", ""city"": ""Kansas City"", ""state"": ""MO"", ""zip"": ""64101"", ""country"": ""USA"", ""landmark"": ""Opposite Central Park"", ""latitude"": 27.096}",Divorced,Graphic Designer,Powell Corp,Aetna,POL-522401,GRP-1306,384,2019-11-11,2023-02-10,160,71,27.7,Never Assessed,Heavy,,GERD,"Albuterol, Atorvastatin, Apixaban",None,None,Mandarin,White,Active,13,ManualEntry
4992,Lisa,Nguyen,1990-08-31,Female,B+,lisa.nguyen1@email.example.com,(808) 763-8569,Aaron Morgan,(508) 954-3532,"{""line1"": ""1802 Hamilton Ct"", ""apt"": """", ""city"": ""Philadelphia"", ""state"": ""PA"", ""zip"": ""19101""}",Married,Doctor,Alexander Corp,,,,243,2018-11-30,2021-05-26,166,64,23.2,Current Smoker,Heavy,,,"Acetaminophen, Clopidogrel, Bupropion, Omeprazole","Cholecystectomy, Colectomy",None,English,White,Active,25,ManualEntry
5001,Pamel,Williams,1961-11-06,Female,A+,pamela.lewis@email.example.com,(273) 344-5098,Joe Martinez,(527) 496-7939,"{""line1"": ""7508 Spring St"", ""apt"": "", Suite 18"", ""city"": ""Tampa"", ""state"": ""FL"", ""zip"": ""33601"", ""timezone"": ""America/Chicago"", ""neighborhood"": ""Midtown"", ""county"": ""Sacramento"", ""country"": ""USA""}",Separated,Chef,,Oscar Health,POL-600464,GRP-5809,182,2023-09-04,,156,88,36.2,Former Smoker,None,"Shellfish, Codeine, Pollen","Depression, Atrial Fibrillation, Sleep Apnea",None,"Spinal fusion, Tonsillectomy",None,English,White,Active,7,ManualEntry
5003,Kenneth,Richardsone,2003-03-15,Male,A-,kenneth.richardson@email.example.com,(481) 492-6172,Thomas Cruz,(318) 360-9615,"{""line1"": ""6079 Spring St"", ""apt"": """", ""city"": ""Las Vegas"", ""state"": ""NV"", ""zip"": ""89101"", ""timezone"": ""America/Phoenix""}",Separated,Software Developer,,CareFirst,POL-888122,GRP-1154,290,2020-08-09,2023-09-06,180,113,34.9,Non-Smoker,None,None,Anxiety Disorder,None,"Laminectomy, Carpal tunnel release","Asthma, Cancer",English,White,Active,2,ManualEntry
5015,Sharon,Riverae,1989-04-02,Female,O-,sharon.rivera@email.example.com,(624) 411-9463,Betty Hunter,(359) 540-1517,"{""line1"": ""9953 Fourth Ave"", ""apt"": "", # 8"", ""city"": ""Virginia Beach"", ""state"": ""VA"", ""zip"": ""23450""}",Divorced,Dentist,Hicks Corp,Aetna,POL-518478,GRP-5693,263,2024-07-20,2024-08-31,175,64,20.9,Former Smoker,Occasional,None,,"Ozempic, Cetirizine",None,"Arthritis, Cancer, Diabetes",English,White,Active,16,ManualEntry
5016,Asha,Long,1981-06-08,Female,O+,ashley.long@email.example.com,(302) 596-8531,N/A,(768) 312-4851,"{""line1"": ""7855 Main Rd"", ""apt"": """", ""city"": ""Norfolk"", ""state"": ""VA"", ""zip"": ""75098""}",Married,Administrative Assistant,White Corp,,,,12,2018-12-15,2022-07-11,168,98,34.7,Former Smoker,None,"Peanuts, Shellfish, NSAIDs","Anemia, Chronic Fatigue, Sleep Apnea, COPD",Heart Disease,Sulfa,None,English,White,Active,12,ManualEntry
5017,Ryan,UNKNOWN,1977-06-24,Male,O+,ryan.unknown.new@email.example.com,(976) 410-7433,Frank Johnson,000-000-0000,"{""line1"": ""3949 Pine Ave"", ""apt"": """", ""city"": ""Richmond"", ""state"": ""VA"", ""zip"": ""41251""}",Separated,Unknown,Allen Corp,Cigna,POL-351654,GRP-6903,220,2022-11-19,,195,102,26.8,Current Smoker,None,Shellfish,"Asthma, Fibromyalgia, Hyperlipidemia","Prednisone, Acetaminophen, Sertraline",COPD,None,Tagalog,Human,Active,16,ManualEntry
5019,Elizaoeth,Diez,1978-10-27,Female,O-,elizaoeth.diez@email.example.com,(617) 277-5265,Gary Gomez,(917) 953-6014,"{""line1"": ""8332 Elm Ave"", ""apt"": """", ""city"": ""Tulsa"", ""state"": ""OK"", ""zip"": ""15255""}",Married,Accountant,None,Cigna HealthCare,POL-293195,GRP-7765,385,2024-04-20,,163,87,32.7,Non-Smoker,None,COPD,,COPD,Appendectomy,"Stroke, Asthma",Spanish,White,Active,6,ManualEntry
5021,Poul,Wells,2000-11-12,Male,o+,paul.wells@email.example.com,(887) 717-1094,Naomi Moore,(573) 515-3632,"{""line1"": ""864 Elm Ave"", ""apt"": """", ""city"": ""Atlanta"", ""state"": ""GA"", ""zip"": ""45787""}",Single,Librarian,Ramos Corp,Humana,POL-846135,GRP-2305,348,2023-04-12,,166,88,31.9,Former Smoker,None,None,"Atrial Fibrillation, Congestive Heart Failure","Meloxicam, Ibuprofen, Warfarin",Spinal fusion,"None, Stroke",Tagalog,Hispanic or Latino,Active,18,ManualEntry
5029,Williom,Richardaon,1950-01-22,Male,B+,williom.richardaon@email.example.com,(319) 853-3592,Theodore Green,(645) 615-4438,"{""line1"": ""2445 Maple Rd"", ""apt"": """", ""city"": ""Knoxville"", ""state"": ""TN"", ""zip"": ""76532""}",Single,Manager,N/A,Anthem,POL-563601,GRP-7967,172,2021-06-19,2024-07-17,168,82,29.1,Non-Smoker,Moderate,Penicillin,Heart Disease,"Loratadine, Cetirizine, Eliquis, Apixaban",None,COPD,French,Black or African American,Inactive,25,ManualEntry
5030,Ari,Tucker,1968-07-01,Female,AB+,ari.tucker@email.example.com,(747) 862-8121,Susan Carter,(273) 716-7593,"{""line1"": ""8353 Maple Ave"", ""apt"": """", ""city"": ""Dallas"", ""state"": ""TX"", ""zip"": ""62136""}",Widowed,Nurse,,Aetna,POL-289094,GRP-3067,110,2020-06-02,2021-11-06,171,90,30.8,Occasional,Occasional,"None, NSAIDs, Pollen","Osteoporosis, Sleep Apnea, Migraine","Prednisone, Aspirin, Clopidogrel, Amlodipine",Asthma,"Arthritis, Cancer, Alzheimer's",English,White,Active,12,ManualEntry
5037,Julio,Wallace,1983-11-13,Male,B+,julie.wallace@email.example.com,(498) 520-3007,Emma Green,(521) 994-7925,"{""line1"": ""2139 Elm Ave"", ""apt"": """", ""city"": ""Scottsdale"", ""state"": ""AZ"", ""zip"": ""46352""}",Widowed,Flight Attendant,Tech Corp,Atena,POL-588940,GRP-2035,127,2024-02-24,2027-02-25,155,68,28.3,Non-Smoker,Occasional,None,Hypertension,"Meloxicam, Loratadine, Aspirin, Hydrochlorothiazide",Codeine,Appendectomy,Tagalog,White,Active,24,ManualEntry
5040,Ginesis,Flores,1986-10-04,Male,O+,genesis.flores@email.example.com,(375) 757-4701,Sandra Gibson,(556) 447-2027,"{""line1"": ""5233 Maple Dr"", ""apt"": """", ""city"": ""Norfolk"", ""state"": ""VA"", ""zip"": ""74699""}",Single,Doctor,Hall Corp,Anthem,POL-832288,GRP-9891,75,2025-11-27,2021-01-23,193,74,19.9,Non-Smoker,None,Penicillin,Appendectomy,Pantoprazole,None,Heart Disease,Spanish,Asian,Active,10,ManualEntry
5041,Joe,Martin,2025-06-15,Male,O+,joe.martin.new@email.example.com,(895) 868-1973,Samuel Ortiz,(542) 364-5842,"{""line1"": ""765 Oak Dr"", ""apt"": """", ""city"": ""Los Angeles"", ""state"": ""CA"", ""zip"": ""61249""}",Single,Psychologist,Price Corp,Bright Health,POL-130493,GRP-5061,462,tomorrow,2023-08-03,188,65,18.4,Non-Smoker,Occasional,Asthma,Appendectomy,None,None,"Stroke, Asthma, Cancer",Spanish,Hispanic or Latino,Active,20,ManualEntry
5046,Cyn,Harris,2000-11-12,Male,AB+,cyn.harris@email.example.com,(461) 931-5870,Camila Hayes,(273) 851-5931,"{""line1"": ""7944 Pine Ave"", ""apt"": """", ""city"": ""Las Vegas"", ""state"": ""NV"", ""zip"": ""39114""}",Married,Veterinarian,Health Systems Inc,Unknown Corp,POL-248070,GRP-9899,425,2024-03-26,2026-12-14,198,95,24.2,Occasional,None,Diabetes,Diabetes,Diabetes,Cataract surgery,Hypertension,Spanish,White,Active,25,ManualEntry
5048,Peteu,Howaud,1958-12-17,Male,AB+,peteu.howaud@email.example.com,(419) 723-6979,999-999-9999,(711) 790-9518,"{""line1"": ""4782 Main Rd"", ""apt"": """", ""city"": ""Spokane"", ""state"": ""WA"", ""zip"": ""54286""}",Widowed,Engineer,Tech Corp,,,,358,2022-05-12,2025-05-25,164,40,14.9,Non-Smoker,None,Heart Disease,Arthritis,COPD,None,"Hypertension, Heart Disease",Mandarin,Asian,Deceased,1,ManualEntry
5049,1234a45,Gomez,2005-01-24,Male,O+,aria.gomez@email.example.com,(706) 250-3170,Diane Hunter,(357) 465-9699,"{""line1"": ""8454 Cedar Dr"", ""apt"": """", ""city"": ""Reno"", ""state"": ""NV"", ""zip"": ""97787""}",Married,Teacher,Cole Corp,Atena,POL-474047,GRP-4468,54,2022-01-27,,155,60,25.0,Non-Smoker,Heavy,"Latex, Shellfish, Dust",,Appendectomy,COPD,"Asthma, Hypertension, Cancer",Cantonese,White,Inactive,23,ManualEntry
5052,Siuas,Ciavez,1958-10-11,Male,O+,siuas.ciavez@email.example.com,(758) 770-4133,Carol Garcia,(987) 203-5829,"{""line1"": ""6849 Pine Ave"", ""apt"": """", ""city"": ""Oklahoma City"", ""state"": ""OK"", ""zip"": ""50070""}",Married,Doctor,Jenkins Corp,Tufts Health Plan,POL-632846,GRP-2781,242,2023-04-20,2023-10-12,179,105,32.8,Former Smoker,None,Diabetes,Osteoporosis,Codeine,None,"Hypertension, Heart Disease, Cancer",Mandarin,Hispanic or Latino,Active,19,ManualEntry
5055,Luake,Mendoza,1987-03-19,Female,A-,luke.mendoza@email.example.com,(448) 989-5301,Olivia Murray,(487) 595-9987,"{""line1"": ""2825 Pine Dr"", ""apt"": """", ""city"": ""Augusta"", ""state"": ""GA"", ""zip"": ""21413""}",Married,Sales Representative,Hamilton Corp,Anthem,POL-533774,GRP-7396,278,2021-04-24,2024-09-11,159,64,25.3,Non-Smoker,Occasional,,Appendectomy,"Levothyroxine, Aspirin",None,Asthma,English,Hispanic or Latino,Active,11,ManualEntry
5058,Ethae,Chavez,1987-01-09,,AB+,ethae.chavez@email.example.com,(390) 958-8580,Scott Stevens,(286) 680-1859,"{""line1"": ""743 Pine Rd"", ""apt"": """", ""city"": ""Denver"", ""state"": ""CO"", ""zip"": ""18864""}",Widowed,Chef,Cole Corp,Independence Blue Cross,POL-769584,GRP-2006,396,2018-10-12,2021-03-09,186,96,27.7,Non-Smoker,Heavy,"Peanuts, None, Sulfa",,Warfarin,None,Asthma,Mandarin,Hispanic or Latino,Inactive,1,ManualEntry
5059,Rac,Gonzalez,2005-03-15,Female,A-,rac.gonzalez@email.example.com,(877) 366-2811,Timothy Diaz,(496) 332-1414,"{""line1"": ""8515 Main St"", ""apt"": """", ""city"": ""Cincinnati"", ""state"": ""OH"", ""zip"": ""66339""}",Single,Artist,Parker Corp,Cigna HealthCare,POL-338458,GRP-2549,5,tomorrow,tomorrow,160,101,39.5,Never Assessed,None,Diabetes,,Losartan,Diabetes,Diabetes,Tagalog,White,Active,3,ManualEntry
5061,Victou,Ward,1964-10-11,Male,O-,victou.ward@email.example.com,(463) 449-5610,Ethan Marshall,(211) 745-8884,"{""line1"": ""4873 Oak Blvd"", ""apt"": """", ""city"": ""Durham"", ""state"": ""NC"", ""zip"": ""56813""}",Married,Consultant,Hughes Corp,Cigna,POL-287984,GRP-7217,378,2018-07-23,2018-08-04,176,650,23.6,Non-Smoker,Regular,Sulfa,,Spironolactone,COPD,None,Tagalog,White,Active,8,ManualEntry
5062,Stephanie,Rodriguez,1984-01-22,Female,AB,stephanie.rodriguez.new@email.example.com,(738) 881-1620,Harold Jimenez,(921) 491-8360,"{""line1"": ""4506 Oak Blvd"", ""apt"": """", ""city"": ""Austin"", ""state"": ""TX"", ""zip"": ""68965""}",Married,Graphic Designer,,Geisinger,POL-249769,GRP-9289,96,2018-05-21,2021-05-01,198,94,24,Occasional,None,Codeine,None,Penicillin,C-section,None,English,White,Active,22,ManualEntry
5063,Rebbeca,Watson,2002-05-21,Male,B+,rebbeca.watson@email.example.com,(512) 212-1049,Tyler Rodriguez,(592) 868-6295,"{""line1"": ""2733 Main Blvd"", ""apt"": """", ""city"": ""Cincinnati"", ""state"": ""OH"", ""zip"": ""28678""}",Single,Architect,Fisher Corp,Harvard Pilgrim,POL-253084,GRP-7548,228,2021-04-02,,172,42,14.2,Former Smoker,None,"Codeine, Pollen, Latex",,COPD,None,COPD,Spanglish,Hispanic or Latino,Active,2,ManualEntry
5064,Jerro,Patel,1994-12-23,Male,O+,jerro.patel@email.example.com,(970) 893-4561,Daniel Thomas,(706) 604-9024,"{""line1"": ""478 Cedar St"", ""apt"": """", ""city"": ""Portland"", ""state"": ""OR"", ""zip"": ""26370""}",Single,Dental Hygienist,,Health Net,POL-634117,GRP-6958,366,2020-05-24,2020-09-18,179,86,26.8,Non-Smoker,Moderate,Appendectomy,,None,"Tonsillectomy, Mastectomy",Diabetes,English,White,Transferred,11,ManualEntry
5066,Zachare,Jordan,1981-03-22,Male,O+,zachare.jordan@email.example.com,(775) 352-4721,Jose Davis,(602) 231-9830,"{""line1"": ""991 Maple Ave"", ""apt"": """", ""city"": ""San Antonio"", ""state"": ""TX"", ""zip"": ""57303""}",Single,Architect,,UnitedHealthcare,POL-514620,GRP-3837,295,2019-01-15,2021-05-28,165,74,27.2,Non-Smoker,Occasional,Arthritis,Anemia,None,Penicillin,"None, Hypertension, Cancer",Spanish,Black or African American,Active,2,ManualEntry
5071,Gre,Perry,1963-04-10,Male,O-,gre.perry@email.example.com,(233) 935-9426,Robert Reyes,(579) 696-8827,"{""line1"": ""5878 Main Rd"", ""apt"": """", ""city"": ""Indianapolis"", ""state"": ""IN"", ""zip"": ""89708""}",Married,Artist,None,UnitedHealthcare,POL-371071,GRP-7386,113,2022-01-14,2024-01-23,179,98,30.6,Non-Smoker,Heavy,Diabetes,Sulfa,Arthritis,None,"Arthritis, Heart Disease",Mandarin,Hispanic or Latino,Active,13,ManualEntry
5074,Ave,Edwards,2004-03-02,Female,A-,ave.edwards@email.example.com,(768) 286-7207,Larry Porter,(255) 808-3719,"{""line1"": ""5009 Maple Dr"", ""apt"": """", ""city"": ""Tacoma"", ""state"": ""WA"", ""zip"": ""59939""}",Divorced,Graphic Designer,Morris Corp,Blue Cross Blue Shield,POL-275602,GRP-2048,420,2020-12-23,2024-11-16,165,73,26.8,Current Smoker,None,"Dust, None, Penicillin","Ulcerative Colitis, Psoriasis","Ozempic, Albuterol",None,"None, Asthma",Spanish,Asian,Active,11,ManualEntry
5075,Wolter,Mautin,1991-07-4,Female,O+,wolter.mautin@email.example.com,(857) 257-8365,Madelyn Sanders,(244) 326-6567,"{""line1"": ""4660 Main St"", ""apt"": """", ""city"": ""Miami"", ""state"": ""FL"", ""zip"": ""38463""}",Widowed,Professor,Jones Corp,Blue Cross,POL-952023,GRP-6364,436,2023-06-14,2024-08-23,158,118,47.3,Current Smoker,Moderate,Pollen,Coronary Artery Disease,None,Total hip replacement,"None, Cancer, Alzheimer's",Cantonese,White,Active,24,ManualEntry
5077,Nathan,Foster,1973-12-12,Male,AB-,nathan.foster.new@email.example.com,(570) 950-7124,Caleb Mitchell,(720) 741-1276,"{""line1"": ""7930 Cedar Dr"", ""apt"": """", ""city"": ""Boulder"", ""state"": ""CO"", ""zip"": ""77091""}",Married,Pilot,,Aetna,POL-628478,GRP-6563,495,2021-12-20,2026-04-20,155,52,21.6,Former Smoker,None,"Codeine, Penicillin, Pollen",None,"Celecoxib, Amlodipine","Total hip replacement, C-section","Diabetes, Alzheimer's",Arabic,Other,Active,21,ManualEntry
5078,Camili,,1987-09-04,Female,A+,camili.@email.example.com,(505) 685-9062,Alexander Walker,(572) 739-4803,"{""line1"": ""3973 Cedar Ave"", ""apt"": """", ""city"": ""Houston"", ""state"": ""TX"", ""zip"": ""27540""}",Married,Veterinarian,Gonzales Corp,Anthem,,,94,2025-04-04,2027-01-29,190,91,25.2,Former Smoker,Heavy,"Pollen, NSAIDs, Sulfa","Osteoporosis, Hypothyroidism",Codeine,Heart Disease,"Heart Disease, Cancer",English,Asian,Active,8,ManualEntry
100,J.,Smith,1985-03-15,Male,O+,jsmith@email.example.com,(555) 222-3333,,,"{""line1"": ""1624 Cedar Blvd"", ""apt"": """", ""city"": ""Salem"", ""state"": ""OR"", ""zip"": ""62303""}",Married,Engineer,,Unknown,POL-980898,GRP-4036,86,2021-12-16,,165,81,22.5,Non-Smoker,Occasional,None,None,None,None,,English,White,Active,1,ManualEntry
200,Maria,Garzia,1990-07-22,Female,A+,mgarcia@email.example.com,(555) 888-9999,,,"{""line1"": ""1639 Pine St"", ""apt"": """", ""city"": ""Springfield"", ""state"": ""IL"", ""zip"": ""51822""}",Single,Engineer,,Unknown,POL-691455,GRP-6527,447,2021-11-07,,157,100,21.9,Non-Smoker,Occasional,None,None,None,None,,English,Asian,Active,1,ManualEntry
-100,Cro.,Walker,1972-11-12,Female,O+,cro..walker@epic.com,(581) 435-2796,,,"{""line1"": ""5363 Cedar Dr"", ""apt"": """", ""city"": ""Tucson"", ""state"": ""AZ"", ""zip"": ""96173""}",Married,Teacher,,Aetna,POL-543445,GRP-4206,456,2024-01-01,,192,105,32.2,Non-Smoker,Occasional,None,None,None,None,,English,Hispanic or Latino,Active,1,ManualEntry
-110,Mul.,Domain,1970-05-19,Male,A+,mul..domain@epic.com,(865) 968-6580,,,"{""line1"": ""4881 Maple Ave"", ""apt"": """", ""city"": ""Reno"", ""state"": ""NV"", ""zip"": ""49230""}",Married,Teacher,,Unknown,POL-900301,GRP-4931,368,2024-01-01,,166,78,25.3,Non-Smoker,Occasional,None,None,None,None,,English,Hispanic or Latino,Active,1,ManualEntry
-120,Spl.,Identity,1995-09-18,Male,O+,spl..identity@epic.com,(233) 889-2745,,,"{""line1"": ""9954 Cedar Rd"", ""apt"": """", ""city"": ""Miami"", ""state"": ""FL"", ""zip"": ""57578""}",Married,Engineer,,Aetna,POL-470363,GRP-3390,355,2024-01-01,,157,71,32,Non-Smoker,Occasional,None,None,None,None,,English,Asian,Active,1,ManualEntry
-130,Pha.,Patient,1985-03-19,Female,O+,pha..patient@epic.com,(444) 512-7068,,,"{""line1"": ""4664 Main Dr"", ""apt"": """", ""city"": ""Memphis"", ""state"": ""TN"", ""zip"": ""26378""}",Married,Engineer,,Cigna,POL-511336,GRP-9427,275,2024-01-01,,189,103,31.5,Non-Smoker,Occasional,None,None,None,None,,English,White,Active,1,ManualEntry
-140,Gho.,Record,1984-01-15,Male,A+,gho..record@manual.org,(861) 367-9078,,,"{""line1"": ""5035 Main Dr"", ""apt"": """", ""city"": ""Miami"", ""state"": ""FL"", ""zip"": ""22029""}",Married,Engineer,,Unknown,POL-337230,GRP-4010,143,2024-01-01,,187,77,32.5,Non-Smoker,Occasional,None,None,None,None,,English,Hispanic or Latino,Active,1,ManualEntry
ERR-7825,Zero,DOB,2030-01-15,Female,O+,err631@test.com,(546) 445-4247,,,"{""line1"": ""123 Test St"", ""apt"": """", ""city"": ""Test"", ""state"": ""TX"", ""zip"": ""00000""}",,,,,,,,,,,,,,,,,,,,,,Active,,ManualEntry
ERR-3106,Zero,Date,2099-12-31,Female,O+,err830@test.com,(362) 325-8877,,,"{""line1"": ""123 Test St"", ""apt"": """", ""city"": ""Test"", ""state"": ""TX"", ""zip"": ""00000""}",,,,,,,,,,,,,,,,,,,,,,Active,,ManualEntry
ERR-3264,Invalid,Corrupt,1900-00-15,Female,O+,err696@test.com,(623) 553-5522,,,"{""line1"": ""123 Test St"", ""apt"": """", ""city"": ""Test"", ""state"": ""TX"", ""zip"": ""00000""}",,,,,,,,,,,,,,,,,,,,,,Active,,ManualEntry
ERR-9588,Impossible,Error,1985-13-01,Female,O+,err271@test.com,(804) 508-5858,,,"{""line1"": ""123 Test St"", ""apt"": """", ""city"": ""Test"", ""state"": ""TX"", ""zip"": ""00000""}",,,,,,,,,,,,,,,,,,,,,,Active,,ManualEntry
ERR-2226,Zero,Record,1990-02-30,Male,O+,err899@test.com,(689) 230-6614,,,"{""line1"": ""123 Test St"", ""apt"": """", ""city"": ""Test"", ""state"": ""TX"", ""zip"": ""00000""}",,,,,,,,,,,,,,,,,,,,,,Active,,ManualEntry
ERR-7575,Future,DOB,2000-04-31,Female,O+,err943@test.com,(714) 419-2774,,,"{""line1"": ""123 Test St"", ""apt"": """", ""city"": ""Test"", ""state"": ""TX"", ""zip"": ""00000""}",,,,,,,,,,,,,,,,,,,,,,Active,,ManualEntry
ERR-5112,BadDate,Record,1975-06-00,Male,A+,err140@test.com,(918) 535-1148,,,"{""line1"": ""123 Test St"", ""apt"": """", ""city"": ""Test"", ""state"": ""TX"", ""zip"": ""00000""}",,,,,,,,,,,,,,,,,,,,,,Active,,ManualEntry
ERR-8204,Invalid,Corrupt,0001-01-01,Female,O+,err384@test.com,(923) 350-5622,,,"{""line1"": ""123 Test St"", ""apt"": """", ""city"": ""Test"", ""state"": ""TX"", ""zip"": ""00000""}",,,,,,,,,,,,,,,,,,,,,,Active,,ManualEntry
ERR-4374,BadDate,Corrupt,1800-07-04,Male,A+,err608@test.com,(622) 920-8786,,,"{""line1"": ""123 Test St"", ""apt"": """", ""city"": ""Test"", ""state"": ""TX"", ""zip"": ""00000""}",,,,,,,,,,,,,,,,,,,,,,Active,,ManualEntry
ERR-4775,BadDate,Error,1999-99-99,Female,O+,err475@test.com,(496) 244-6622,,,"{""line1"": ""123 Test St"", ""apt"": """", ""city"": ""Test"", ""state"": ""TX"", ""zip"": ""00000""}",,,,,,,,,,,,,,,,,,,,,,Active,,ManualEntry
PII-950,123-45-6789,Risk,1990-01-01,Male,O+,pii128@leak.com,(555) 000-0000,,,"{""line1"": ""123 PII St"", ""apt"": """", ""city"": ""Leak"", ""state"": ""CA"", ""zip"": ""90000""}",,Unknown,,Unknown,,,,,,,,,,,None,,,,,,,Active,,ManualEntry
PII-681,PII,987-65-4320,1990-01-01,Male,O+,pii775@leak.com,(555) 000-0000,,,"{""line1"": ""123 PII St"", ""apt"": """", ""city"": ""Leak"", ""state"": ""CA"", ""zip"": ""90000""}",,Unknown,,Unknown,,,,,,,,,,,None,,,,,,,Active,,ManualEntry
PII-355,Leak,Exposure,1990-01-01,Male,O+,ssn123456789@email.com,(555) 000-0000,,,"{""line1"": ""123 PII St"", ""apt"": """", ""city"": ""Leak"", ""state"": ""CA"", ""zip"": ""90000""}",,Unknown,,Unknown,,,,,,,,,,,None,,,,,,,Active,,ManualEntry
PII-970,SSN,Data,1990-01-01,Male,O+,pii200@leak.com,(555) 000-0000,,,"{""line1"": ""123 PII St"", ""apt"": """", ""city"": ""Leak"", ""state"": ""CA"", ""zip"": ""90000""}",,SSN: 111-22-3333,,Unknown,,,,,,,,,,,None,,,,,,,Active,,ManualEntry
PII-260,SSN,Data,1990-01-01,Male,O+,pii207@leak.com,(555) 000-0000,,,"{""line1"": ""123 PII St"", ""apt"": """", ""city"": ""Leak"", ""state"": ""CA"", ""zip"": ""90000""}",,Unknown,Tax ID: 456-78-9012,Unknown,,,,,,,,,,,None,,,,,,,Active,,ManualEntry
PII-399,Leak,Risk,1990-01-01,Male,O+,pii544@leak.com,(555) 000-0000,,,"{""line1"": ""123 PII St"", ""apt"": """", ""city"": ""Leak"", ""state"": ""CA"", ""zip"": ""90000""}",,Unknown,,Unknown,,,,,,,,,,,Patient SSN is 555-66-7777,,,,,,,Active,,ManualEntry
PII-973,PII,Risk,1990-01-01,Male,O+,pii280@leak.com,(555) 000-0000,,,"{""line1"": ""123 PII St"", ""apt"": """", ""city"": ""Leak"", ""state"": ""CA"", ""zip"": ""90000""}",,Unknown,,Unknown,,,,,,,,,,,None,,,,SSN stored here: 888-99-0000,,,Active,,ManualEntry
SWP-951,Mixed,Fields,1995-06-15,Female,A+,(555) 123-4567,(555) 000-0000,,,"{""line1"": ""123 Swap St"", ""apt"": """", ""city"": ""Test"", ""state"": ""NY"", ""zip"": ""10001""}",,,,,,,,,,,,,,,,,,,,,,Active,,ManualEntry
SWP-624,Swapped,Data,1995-06-15,Female,A+,swap@test.com,john@test.com,,,"{""line1"": ""123 Swap St"", ""apt"": """", ""city"": ""Test"", ""state"": ""NY"", ""zip"": ""10001""}",,,,,,,,,,,,,,,,,,,,,,Active,,ManualEntry
SWP-896,Mixed,Wrong,1995-06-15,Female,A+,5551234567,(555) 000-0000,,,"{""line1"": ""123 Swap St"", ""apt"": """", ""city"": ""Test"", ""state"": ""NY"", ""zip"": ""10001""}",,,,,,,,,,,,,,,,,,,,,,Active,,ManualEntry
SWP-995,Swapped,Fields,1995-06-15,Female,A+,swap@test.com,555-123-4567890,,,"{""line1"": ""123 Swap St"", ""apt"": """", ""city"": ""Test"", ""state"": ""NY"", ""zip"": ""10001""}",,,,,,,,,,,,,,,,,,,,,,Active,,ManualEntry
SWP-175,Swapped,Fields,1995-06-15,Female,A+,not-an-email,(555) 000-0000,,,"{""line1"": ""123 Swap St"", ""apt"": """", ""city"": ""Test"", ""state"": ""NY"", ""zip"": ""10001""}",,,,,,,,,,,,,,,,,,,,,,Active,,ManualEntry
SWP-240,Swap,Data,1995-06-15,Female,A+,swap@test.com,N/A,,,"{""line1"": ""123 Swap St"", ""apt"": """", ""city"": ""Test"", ""state"": ""NY"", ""zip"": ""10001""}",,,,,,,,,,,,,,,,,,,,,,Active,,ManualEntry
SWP-667,Mixed,Data,1995-06-15,Female,A+,,(555) 000-0000,,,"{""line1"": ""123 Swap St"", ""apt"": """", ""city"": ""Test"", ""state"": ""NY"", ""zip"": ""10001""}",,,,,,,,,,,,,,,,,,,,,,Active,,ManualEntry
SWP-159,Swap,Data,1995-06-15,Female,A+,swap@test.com,,,,"{""line1"": ""123 Swap St"", ""apt"": """", ""city"": ""Test"", ""state"": ""NY"", ""zip"": ""10001""}",,,,,,,,,,,,,,,,,,,,,,Active,,ManualEntry
