patient_id,first_name,last_name,date_of_birth,gender,blood_type,email,phone_number,emergency_contact_name,emergency_contact_phone,address,marital_status,occupation,employer_name,insurance_provider,insurance_policy_number,insurance_group_number,primary_care_doctor_id,registration_date,last_visit_date,height_cm,weight_kg,bmi,smoking_status,alcohol_consumption,allergy_info,chronic_conditions,current_medications,previous_surgeries,family_medical_history,language_preference,ethnicity,patient_status,hospital_id,source_system
2,Savannah,Cooper,1999-06-07,Female,O+,savannah.cooper@email.example.com,(533) 800-1519,Micah Sullivan,(782) 299-5449,"{""line1"": ""8856 Beechwood Ave"", ""apt"": "", Suite 36"", ""city"": ""Indianapolis"", ""state"": ""IN"", ""zip"": ""46201""}",Married,Military,,Cigna HealthCare,POL-694535,GRP-7497,137,2021-02-10,2023-01-25,168,71,25.2,,Occasional,"Codeine, Penicillin, Pollen",Crohn's Disease,"Insulin glargine, Jardiance",None,Diabetes,English,Hispanic or Latino,Active,24,RegistrationDB
6,Adam,Jenkins,2001-07-30,Male,O+,adam.jenkins@email.example.com,(653) 664-3078,Julie Gomez,(923) 265-9651,"{""line1"": ""6880 Ninth St"", ""apt"": """", ""city"": ""Seattle"", ""state"": ""WA"", ""zip"": ""98101"", ""timezone"": ""America/Phoenix"", ""neighborhood"": ""Downtown""}",Single,Graphic Designer,Jimenez Corp,MetLife,POL-638867,GRP-5147,27,2023-04-27,2027-03-27,158,84,33.6,Non-Smoker,Occasional,None,,None,None,"Alzheimer's, Stroke",English,Hispanic or Latino,Active,23,RegistrationDB
9,John,Davis,2005-02-03,Male,A+,john.davis@email.example.com,(688) 492-7432,Jerry Marshall,(241) 936-1823,"{""line1"": ""4942 Beechwood Ave"", ""apt"": "", Suite 37"", ""city"": ""Miami"", ""state"": ""FL"", ""zip"": ""33101"", ""latitude"": 42.4605}",Married,Firefighter,Stewart Corp,Molina Healthcare,POL-431545,GRP-8081,1,2019-03-24,2022-06-18,175,84,27.4,Former Smoker,Heavy,"Sulfa, Pollen, None",,"Metoprolol, Jardiance, Metformin, Lisinopril",Hemorrhoidectomy,"Diabetes, Stroke",English,Black or African American,Active,7,RegistrationDB
12,Olivia,Roberts,1994-05-22,Female,O+,olivia.roberts@email.example.com,(838) 851-7317,Robert Ruiz,(990) 794-1589,"{""line1"": ""358 Jefferson Ave"", ""apt"": """", ""city"": ""Chicago"", ""state"": ""IL"", ""zip"": ""60601"", ""country"": ""USA"", ""neighborhood"": ""Uptown""}",Married,HR Specialist,Ortiz Corp,Molina Healthcare,POL-735989,GRP-8908,4,2020-05-05,2021-07-29,162,82,31.2,Never Assessed,Occasional,"Codeine, Peanuts, Dust","Fibromyalgia, Sleep Apnea, Osteoarthritis",Amlodipine,Appendectomy,"Stroke, Arthritis, Cancer",English,Black or African American,Inactive,1,RegistrationDB
15,Aurora,Miller,1967-10-24,Female,O-,aurora.miller@email.example.com,(376) 707-1504,Kenneth Simpson,(730) 941-1666,"{""line1"": ""7538 Monroe Dr"", ""apt"": """", ""city"": ""Washington"", ""state"": ""DC"", ""zip"": ""20001"", ""timezone"": ""America/Phoenix"", ""county"": ""Sacramento"", ""neighborhood"": ""Northside""}",Married,Nurse,Morales Corp,Humana,POL-133922,GRP-2726,73,2024-09-23,,160,98,38.3,Never Assessed,Occasional,Penicillin,,"Fluticasone, Losartan","ACL reconstruction, Tonsillectomy","Asthma, Cancer",Spanish,White,Active,14,RegistrationDB
17,Emily,Bailey,1996-12-05,Female,B+,emily.bailey@email.example.com,(353) 352-2624,Cynthia Washington,(593) 898-8229,"{""line1"": ""3459 Magnolia Way"", ""apt"": """", ""city"": ""Cleveland"", ""state"": ""OH"", ""zip"": ""44101"", ""county"": ""Maricopa""}",Married,Chef,Castillo Corp,Centene,POL-162751,GRP-7633,467,2022-10-27,2025-02-27,175,89,29.1,Former Smoker,Occasional,"None, Shellfish, NSAIDs","Crohn's Disease, Hypothyroidism",Duloxetine,None,Alzheimer's,Spanish,Hispanic or Latino,Active,11,RegistrationDB
20,Benjamin,Rogers,1995-02-02,Male,A+,benjamin.rogers@email.example.com,(914) 650-9992,Virginia Watson,(324) 771-9009,"{""line1"": ""5013 Walnut Ave"", ""apt"": "", Unit 32"", ""city"": ""Tampa"", ""state"": ""FL"", ""zip"": ""33601""}",Divorced,Firefighter,Howard Corp,Centene,POL-275500,GRP-5489,157,2023-02-27,,176,86,27.8,Former Smoker,None,"Shellfish, Dust, Latex",,"Losartan, Ozempic, Jardiance, Warfarin",None,None,English,White,Active,22,RegistrationDB
22,Robert,Patel,2000-11-19,Male,A+,robert.patel@email.example.com,(929) 221-2216,Theodore Reynolds,(203) 965-8512,"{""line1"": ""4958 Birch St"", ""apt"": """", ""city"": ""Jacksonville"", ""state"": ""FL"", ""zip"": ""32201"", ""neighborhood"": ""Midtown"", ""landmark"": ""Next to Mall"", ""longitude"": -104.2505}",Divorced,Unemployed,,Cigna,POL-512198,GRP-2469,421,2024-04-11,2025-10-13,180,100,30.9,Former Smoker,Heavy,"Codeine, NSAIDs, Dust",Anemia,Acetaminophen,"Tonsillectomy, Sleeve gastrectomy, Cholecystectomy","Diabetes, Alzheimer's",Russian,Two or More Races,active,4,RegistrationDB
31,Jose,Gomez,1991-09-22,Non-Binary,O-,jose.gomez@email.example.com,(690) 868-2189,Heather Marshall,(367) 621-4399,"{""line1"": ""1899 Hill St"", ""apt"": "", Unit 30"", ""city"": ""Seattle"", ""state"": ""WA"", ""zip"": ""98101"", ""neighborhood"": ""Northside"", ""latitude"": 37.3564, ""longitude"": -109.8211}",Married,Social Worker,Ortiz Corp,Geisinger,POL-695089,GRP-6930,192,2020-10-18,2023-09-23,169,74,25.9,Non-Smoker,Heavy,"Codeine, Pollen, Latex","Anxiety Disorder, Hypothyroidism","Amlodipine, Atorvastatin, Bupropion, Jardiance",Hernia repair,"Hypertension, Arthritis",Spanglish,Hispanic or Latino,Active,22,RegistrationDB
32,Ashley,Hunter,1975-10-25,Non-Binary,A-,ashley.hunter@email.example.com,(347) 485-5560,Sarah Hayes,(633) 813-2797,"{""line1"": ""7534 College Ave"", ""apt"": """", ""city"": ""Philadelphia"", ""state"": ""PA"", ""zip"": ""19101""}",,Real Estate Agent,Reed Corp,Cigna HealthCare,POL-159163,GRP-5681,434,2023-06-29,2024-06-22,169,89,31.2,Non-Smoker,Former,None,"Osteoporosis, Chronic Fatigue","Omeprazole, Metformin, Prednisone, Acetaminophen",None,"Heart Disease, Asthma, Diabetes",English,White,Active,1,RegistrationDB
45,Scarlett,Cox,2001-06-06,Non-Binary,AB+,scarlett.cox@email.example.com,(676) 637-3356,Kimberly Wilson,(747) 560-3048,"{""line1"": ""6844 View Blvd"", ""apt"": """", ""city"": ""Seattle"", ""state"": ""WA"", ""zip"": ""98101"", ""neighborhood"": ""Uptown"", ""landmark"": ""Close to University"", ""latitude"": 40.9967, ""longitude"": -84.8042, ""county"": ""Queens""}",Divorced,Electrician,Cole Corp,,,,257,2025-10-06,2027-03-29,166,66,24.0,Current Smoker,Occasional,"Latex, Shellfish, NSAIDs",Coronary Artery Disease,None,"Hernia repair, Mastectomy","None, Arthritis",English,White,Inactive,12,RegistrationDB
48,Harrison,Long,1981-01-30,Male,O+,harrison.long@email.example.com,(473) 870-5870,Micah Lopez,(820) 338-8353,"{""line1"": ""2317 Ninth St"", ""apt"": """", ""city"": ""Dallas"", ""state"": ""TX"", ""zip"": ""75201"", ""street_type"": ""Ct"", ""landmark"": ""Behind Metro Station""}",Single,Chef,Young Corp,Independence Blue Cross,POL-136814,G1234,63,2024-05-16,2025-04-10,185,74,21.6,Non-Smoker,Moderate,"Codeine, NSAIDs, None","Irritable Bowel Syndrome, Eczema","Cyclobenzaprine, Fluticasone, Meloxicam",None,"Hypertension, Diabetes, None",English,White,Active,8,RegistrationDB
58,,Scott,1979-04-22,Male,A-,micah.scott@email.example.com,(786) 471-1173,Victoria Butler,(722) 770-7421,"{""line1"": ""9485 Main St"", ""apt"": "", Suite 28"", ""city"": ""Colorado Springs"", ""state"": ""CO"", ""zip"": ""80901"", ""county"": ""Maricopa""}",Widowed,Veterinarian,Evans Corp,MetLife,POL-578910,GRP-2528,325,2019-09-20,,178,68,21.5,Current Smoker,None,None,Chronic Kidney Disease,!@#$%^&*(),None,None,English,White,Active,12,RegistrationDB
66,Rachel,Reyes,1952-12-16,Female,B+,rachel.reyes@email.example.com,(651) 852-5920,Victoria Gonzalez,(594) 793-8505,"{""line1"": ""2895 Willow Dr"", ""apt"": "", Suite 36"", ""city"": ""Nashville"", ""state"": ""TN"", ""zip"": ""37201""}",Single,Artist,Scott Corp,UnitedHealthcare,POL-395909,GRP-9939,166,2023-08-10,2026-07-24,173,99,33.1,Former Smoker,None,None,Anemia,"Omeprazole, Losartan, Metformin",Rotator cuff repair,"Cancer, Arthritis, Asthma",Tagalog,Hispanic or Latino,Active,18,RegistrationDB
70,Joseph,Evans,1800-01-01,Male,A+,joseph.evans@email.example.com,(996) 789-7480,Kenneth Collins,(625) 279-7647,"{""line1"": ""5749 View Blvd"", ""apt"": """", ""city"": ""Memphis"", ""state"": ""TN"", ""zip"": ""38101"", ""timezone"": ""America/Los_Angeles""}",Single,Teacher,Hill Corp,,,,326,2024-09-23,2027-04-09,186,81,23.4,Former Smoker,Moderate,"Peanuts, Shellfish","Atrial Fibrillation, Congestive Heart Failure, COPD",Losartan,"Total hip replacement, Tonsillectomy, Angioplasty with stent","Diabetes, Asthma",Spanish,Black or African American,Inactive,16,RegistrationDB
72,Luna,Hughes,1971-08-08,Female,A+,luna.hughes@email.example.com,(489) 832-1054,Nicholas Hall,(817) 652-8527,"{""line1"": ""1545 Second Ave"", ""apt"": """", ""city"": ""Las Vegas"", ""state"": ""NV"", ""zip"": ""89101"", ""landmark"": ""Close to University"", ""country"": ""USA"", ""delivery_notes"": ""Deliver to reception"", ""latitude"": 41.0329, ""longitude"": -91.2421}",Married,Pharmacist,,,,,33,2018-01-17,2018-08-05,152,56,24.2,Non-Smoker,,NSAIDs,,Warfarin,None,"Alzheimer's, Diabetes, Arthritis",English,White,Inactive,1,RegistrationDB
75,Melissa,Harris,2005-01-15,Female,B-,melissa.harris@email.example.com,(467) 781-6488,N/A,(849) 504-1756,"{""line1"": ""5249 Park Blvd"", ""apt"": """", ""city"": ""Tampa"", ""state"": ""FL"", ""zip"": ""33601"", ""landmark"": ""Opposite Central Park"", ""neighborhood"": ""Uptown""}",Divorced,Plumber,Thompson Corp,Oscar Health,POL-233546,GRP-5528,41,,2020-06-02,156,44,,Never Assessed,Heavy,Sulfa,"GERD, Rheumatoid Arthritis, Hypertension, Fibromyalgia",None,Mastectomy,"Asthma, Diabetes, Heart Disease",Mandarin,Asian,Active,19,RegistrationDB
78,Bobby,Mendoza,1991-04-23,Male,A-,bobby.mendoza@email.example.com,(276) 446-5069,Sharon Smith,(436) 502-6854,"{""line1"": ""7905 Cherry Ln"", ""apt"": """", ""city"": ""Tampa"", ""state"": ""FL"", ""zip"": ""33601"", ""neighborhood"": ""Waterfront"", ""landmark"": ""Behind Metro Station"", ""longitude"": -104.5356, ""county"": ""Cook""}",Separated,Dental Hygienist,Butler Corp,,,,157,2018-05-31,2021-01-18,180,84,25.9,Non-Smoker,None,"Shellfish, Penicillin, None",,"Clopidogrel, Bupropion",C-section,None,Spanish,White,Active,22,RegistrationDB
89,Joseph,Nguyen,1953-10-30,Male,A+,joseph.nguyen@email.example.com,(602) 684-8060,Madelyn Jordan,(281) 797-9918,"{""line1"": ""4418 Walnut Ave"", ""apt"": """", ""city"": ""Boston"", ""state"": ""MA"", ""zip"": ""02101""}",Divorced,Musician,Flores Corp,Blue Cross Blue Shield,POL-256104,GRP-1931,379,2025-04-15,2026-10-31,160,97,37.9,Never Assessed,Former,Shellfish,"Fibromyalgia, Hyperlipidemia","Celecoxib, Hydrochlorothiazide, Apixaban, Ozempic",None,Alzheimer's,ENGLISH,Hispanic or Latino,Active,19,RegistrationDB
98,Bobby,Sanchez,2000-11-14,Male,A+,bobby.sanchez@email.example.com,(333) 667-5613,Jerry Baker,(892) 681-5557,"{""line1"": ""1601 Lake Dr"", ""apt"": "", # 31"", ""city"": ""Indianapolis"", ""state"": ""IN"", ""zip"": ""46201"", ""latitude"": 43.6806, ""timezone"": ""America/Chicago"", ""county"": ""Cook""}",Single,Dental Hygienist,Jackson Corp,MetLife,POL-755659,GRP-6582,292,2020-12-18,,178,49,15.5,Non-Smoker,Occasional,"Penicillin, None",,Lisinopril,None,"Alzheimer's, Arthritis, Stroke",English,Two or More Races,Inactive,14,RegistrationDB
99,Randy,Ramirez,1986-08-15,Male,O+,randy.ramirez@email.example.com,(717) 950-6941,Gabriel Scott,(598) 321-8741,"{""line1"": ""3076 Market St"", ""apt"": """", ""city"": ""Jacksonville"", ""state"": ""FL"", ""zip"": ""32201"", ""county"": ""Harris""}",Divorced,Manager,Garcia Corp,Tufts Health Plan,POL-297681,GRP-1988,140,2024-12-01,2025-03-09,177,64,20.4,Former Smoker,None,"Latex, Codeine",,"Montelukast, Hydrochlorothiazide, Meloxicam, Metoprolol",None,Cancer,Spanish,White,Active,21,RegistrationDB
104,Layla,Hamilton,1956-03-07,Female,A+,layla.hamilton@email.example.com,(848) 998-2833,Jason Evans,(581) 361-5634,"{""line1"": ""9541 Market St"", ""apt"": "", # 14"", ""city"": ""Washington"", ""state"": ""DC"", ""zip"": ""20001"", ""street_type"": ""Way"", ""landmark"": ""Behind Metro Station""}",Married,Manager,Long Corp,Blue Cross Blue Shield,POL-850152,GRP-5960,259,2025-08-15,2025-08-22,179,64,20.0,Non-Smoker,Moderate,"NSAIDs, Dust, Pollen",Congestive Heart Failure,None,None,"Hypertension, Heart Disease",English,Asian,active,8,RegistrationDB
109,Susan,Taylor,1970-12-08,Female,,susan.taylor1@email.example.com,(720) 412-5692,Brenda Wright,(401) 743-1020,"{""line1"": ""430 Washington Ave"", ""apt"": """", ""city"": ""Atlanta"", ""state"": ""GA"", ""zip"": ""30301"", ""street_type"": ""Way"", ""timezone"": ""America/Los_Angeles"", ""county"": ""Orange"", ""country"": ""USA""}",Married,Artist,Ruiz Corp,Molina Healthcare,POL-295639,GRP-3977,175,2025-08-20,2029-09-23,156,68,27.9,Non-Smoker,Heavy,Dust,Crohn's Disease,"Albuterol, Spironolactone",None,None,Spanglish,Black or African American,Active,21,RegistrationDB
116,Heather,Walker,1960-08-16,Female,A+,heather.walker@email.example.com,(981) 479-6366,Brenda Reyes,(231) 893-9645,"{""line1"": ""4365 Broadway"", ""apt"": """", ""city"": ""Seattle"", ""state"": ""WA"", ""zip"": ""98101"", ""county"": ""Dallas"", ""country"": ""USA"", ""timezone"": ""America/Denver""}",Married,Bank Teller,Morgan Corp,Geisinger,POL-672468,GRP-6522,425,2019-10-27,2023-01-16,173,95,31.7,Former Smoker,Heavy,"Pollen, None, Codeine","Congestive Heart Failure, Anxiety Disorder, Chronic Kidney Disease","Tramadol, Aspirin, Acetaminophen, Warfarin",Tonsillectomy,Stroke,English,White,Active,25,RegistrationDB
139,Henry,Foster,2004-03-12,Male,AB+,henry.foster@email.example.com,(592) 498-3101,999-999-9999,(742) 983-9273,"{""line1"": ""8381 Aspen Ct"", ""apt"": """", ""city"": ""New York"", ""state"": ""NY"", ""zip"": ""10001""}",Single,Consultant,Harris Corp,Atena,POL-487596,GRP-6993,466,2022-07-24,2026-05-10,166,67,24.3,Non-Smoker,Moderate,Null,"Eczema, GERD","Omeprazole, Eliquis, Prednisone, Losartan",None,"Hypertension, Heart Disease, Arthritis",Spanish,White,Active,3,RegistrationDB
141,Linda,Evans,1961-10-05,Female,O+,linda.evans@email.example.com,(971) 303-6439,Joe Owens,(363) 220-6185,"{""line1"": ""2549 Hamilton Ct"", ""apt"": "", Suite 26"", ""city"": ""Colorado Springs"", ""state"": ""CO"", ""zip"": ""80901"", ""latitude"": 27.6665, ""delivery_notes"": ""Deliver to reception""}",Married,Lawyer,Johnson Corp,UnitedHealthcare,POL-970009,GRP-4610,29,2021-03-23,2022-09-07,170,90,31.1,Non-Smoker,None,,,"Insulin glargine, Acetaminophen, Omeprazole, Cyclobenzaprine",None,None,English,White,Active,6,RegistrationDB
142,Debra,Wright,1998-05-22,Female,O+,debra.wright@email.example.com,(933) 257-7893,Roger Morris,John Smith,"{""line1"": ""2650 Walnut Ave"", ""apt"": """", ""city"": ""Minneapolis"", ""state"": ""MN"", ""zip"": ""55401"", ""timezone"": ""America/Chicago"", ""longitude"": -115.9639}",Single,Writer,,Bright Health,POL-389903,GRP-1688,27,2021-12-25,2022-12-20,164,80,29.7,Non-Smoker,Occasional,None,"Crohn's Disease, Fibromyalgia, Rheumatoid Arthritis",None,"Coronary artery bypass grafting, Hysterectomy, Sleeve gastrectomy","Stroke, Hypertension, Asthma",Korean,White,Active,23,RegistrationDB
147,Carolyn,Owens,1992-06-16,Female,O+,carolyn.owens@email.example.com,(986) 713-7614,Larry Smith,(587) 438-4523,"{""line1"": ""Unknown"", ""city"": ""Unknown"", ""state"": ""NA"", ""zip"": ""00000"", ""latitude"": 29.1335, ""longitude"": -78.5509, ""country"": ""USA""}",Married,Accountant,Hughes Corp,MetLife,POL-746026,GRP-1357,431,2022-09-18,2023-08-25,161,77,29.7,Current Smoker,Occasional,"Codeine, Pollen, Penicillin","Ulcerative Colitis, Osteoporosis, Anemia, Atrial Fibrillation",Spironolactone,Spinal fusion,"Cancer, Heart Disease",Cantonese,White,Active,1,RegistrationDB
151,Ruth,Long,1981-12-25,Female,O+,ruth.long@email.example.com,(408) 829-4276,Laura Ramos,(262) 710-9996,"{""line1"": ""1489 Pine St"", ""apt"": """", ""city"": ""Long Beach"", ""state"": ""CA"", ""zip"": ""90801"", ""county"": ""King"", ""longitude"": -110.5155}",Married,Artist,Ramirez Corp,Cigna,POL-827147,GRP-9617,473,2025-11-21,2026-01-27,tall,100,36.3,Never Assessed,None,"Codeine, Pollen, Sulfa",,Celecoxib,None,Cancer,English,White,Active,22,RegistrationDB
153,Kenneth,Reed,2000-03-17,Male,O-,kenneth.reed@email.example.com,(727) 277-3736,Dennis Watson,(275) 643-7317,"{""line1"": ""9228 Forest Ave"", ""apt"": """", ""city"": ""El Paso"", ""state"": ""TX"", ""zip"": ""79901"", ""latitude"": 36.8443, ""longitude"": -91.759}",Married,Police Officer,Ramirez Corp,Independence Blue Cross,POL-678795,GRP-2422,64,2020-03-31,2022-08-26,169,650,30.8,Non-Smoker,Moderate,Shellfish,"Hypothyroidism, Crohn's Disease, Coronary Artery Disease, Psoriasis","Apixaban, Montelukast, Insulin glargine, Ozempic",None,None,English,White,Active,21,RegistrationDB
155,Jasper,Cole,2000-03-15,Male,A+,jasper.cole@email.example.com,(874) 276-4618,John Brown,(675) 532-3509,"{""line1"": ""9204 Cedar Ln"", ""apt"": """", ""city"": ""Phoenix"", ""state"": ""AZ"", ""zip"": ""85001"", ""delivery_notes"": ""Ring bell"", ""street_type"": ""Ct"", ""neighborhood"": ""Northside""}",Married,HR Specialist,Russell Corp,Humana,POL-861500,GRP-6280,68,2019-09-14,2022-08-08,188,69,19.5,Former Smoker,Occasional,NSAIDs,,Clopidogrel,"Mastectomy, Cataract surgery, Meniscectomy","Diabetes, Heart Disease, Cancer",Tagalog,Two or More Races,Active,28,RegistrationDB
156,Susan,Parker,1982-10-15,Female,B-,susan.parker@email.example.com,(485) 715-3824,Jerry Griffin,(905) 772-2393,"{""line1"": ""1746 Monroe Dr"", ""apt"": "", Unit 34"", ""city"": ""Jacksonville"", ""state"": ""FL"", ""zip"": ""32201""}",,Flight Attendant,Murphy Corp,,,,22,2024-12-26,2027-07-22,153,82,35.0,Never Assessed,Occasional,Null,,Acetaminophen,Tonsillectomy,"Heart Disease, Asthma",Mandarin,Black or African American,Active,17,RegistrationDB
157,Lucas,Flores,1970-09-25,Male,O+,lucas.flores@email.example.com,(275) 503-5485,Vincent Turner,(889) 796-5394,"{""line1"": ""2979 Franklin Blvd"", ""apt"": """", ""city"": ""Washington"", ""state"": ""DC"", ""zip"": ""20001"", ""delivery_notes"": ""Ring bell"", ""neighborhood"": ""Northside"", ""longitude"": -118.4829}",Married,Musician,Patel Corp,Aetna,POL-ABC,GRP-4823,278,2023-09-19,2027-02-08,176,77,-5,Non-Smoker,Moderate,"None, Shellfish, Dust",,"Furosemide, Prednisone","Hysterectomy, Vasectomy, Gastric bypass",None,English,White,Active,11,RegistrationDB
163,Helen,Gray,1988-05-30,Female,O+,helen.gray@email.example.com,(880) 982-1086,Mason Smith,(920) 479-1147,"{""line1"": ""9296 Adams Way"", ""apt"": """", ""city"": ""San Diego"", ""state"": ""CA"", ""zip"": ""92101""}",Single,Professor,,CareFirst,POL-307064,GRP-8825,485,2022-06-28,2025-07-26,164,102,37.9,Non-Smoker,Moderate,Pollen,"Type 2 Diabetes, Psoriasis","Insulin glargine, Cetirizine, Spironolactone","C-section, Cholecystectomy",Hypertension,Tagalog,White,Active,23,RegistrationDB
170,Sarah,Wilson,1800-01-01,Female,A+,sarah.wilson@email.example.com,(296) 955-7941,Dylan Murphy,,"{""line1"": ""9158 Ninth St"", ""apt"": """", ""city"": ""Charlotte"", ""state"": ""NC"", ""zip"": ""28201"", ""country"": ""USA"", ""longitude"": -92.3362}",Married,Pilot,Simpson Corp,Oscar Health,POL-281236,GRP-8282,23,2020-11-10,1900-01-01,161,68,26.2,Non-Smoker,Former,Peanuts,"Hypothyroidism, Eczema",Fluticasone,None,None,Spanish,White,Active,14,RegistrationDB
173,Katherine,Hughes,1990-05-28,Female,AB+,katherine.hughes@email.example.com,(296) 895-6420,Helen Taylor,(508) 379-4580,"{""line1"": ""7637 Pine St"", ""apt"": "", Unit 19"", ""city"": ""Denver"", ""state"": ""CO"", ""zip"": ""80201"", ""county"": ""King""}",Single,Physical Therapist,,Cigna HealthCare,POL-518007,GRP-5199,269,2023-03-07,2023-11-21,163,107,40.3,Non-Smoker,None,Latex,Migraine,"Warfarin, Fluticasone, Spironolactone",None,Arthritis,French,Other,Inactive,8,RegistrationDB
174,Julie,Scott,1988-12-25,Female,A+,julie.scott@email.example.com,(895) 334-7626,Logan Bryant,(342) 384-8981,"{""line1"": ""123 Main St"", ""street_type"": ""Cir"", ""neighborhood"": ""Southside"", ""country"": ""USA"", ""timezone"": ""America/Los_Angeles""}",Married,Physical Therapist,Long Corp,CareFirst,POL-139971,GRP-7190,378,2018-04-24,,160,113,44.1,Former Smoker,Former,"Sulfa, Codeine, Pollen","Depression, Type 2 Diabetes","Lisinopril, Spironolactone, Ozempic, Acetaminophen",None,"Cancer, Heart Disease",ENGLISH,White,Active,8,RegistrationDB
192,Angela,Murphy,2002-08-10,Female,O-,angela.murphy@email.example.com,(559) 809-3728,Margaret Owens,(682) 285-4658,"{""line1"": ""1221 Elm St"", ""apt"": """", ""city"": ""Cleveland"", ""state"": ""OH"", ""zip"": ""44101""}",Single,UnemPloyed,Martin Corp,Blue Cross Blue Shield,POL-737981,GRP-8058,38,2024-01-09,2026-09-17,157,93,37.7,Non-Smoker,Occasional,"None, Sulfa, Latex",,None,None,Arthritis,English,Hispanic or Latino,Active,19,RegistrationDB
206,12345,Tucker,1988-12-29,Male,A+,paul.tucker@email.example.com,(366) 669-7677,Jonathan Myers,(529) 691-8660,"{""line1"": ""4721 Market St"", ""apt"": """", ""city"": ""Atlanta"", ""state"": ""GA"", ""zip"": ""30301""}",Married,Pilot,Cox Corp,Centene,POL-732272,GRP-6452,262,2024-02-26,2024-12-13,195,48,12.6,,Occasional,"Sulfa, Penicillin, None",,"Duloxetine, Apixaban, Furosemide, Spironolactone",None,None,Tagalog,Two or More Races,Active,25,RegistrationDB
215,Kyle,Cole,1956-11-11,Mle,O+,kyle.cole@email.example.com,(416) 951-2274,Randy Foster,(537) 325-7018,"{""line1"": ""9138 Willow Dr"", ""apt"": "", # 20"", ""city"": ""Omaha"", ""state"": ""NE"", ""zip"": ""68101"", ""country"": ""USA"", ""street_type"": ""Rd"", ""neighborhood"": ""Southside"", ""timezone"": ""America/New_York""}",Single,Dental Hygienist,Scott Corp,Aetna,POL-537257,GRP-1948,315,2018-02-19,2018-11-08,174,64,21.1,Former Smoker,Occasional,Penicillin,"Coronary Artery Disease, Chronic Fatigue","Insulin glargine, Montelukast",None,None,Spanish,White,Deceased,18,RegistrationDB
216,harrison,Porter,1951-11-19,Male,O+,harrison.porter@email.example.com,(281) 950-2244,N/A,(250) 388-1059,"{""line1"": ""4760 Oak Ave"", ""apt"": "", Unit 1"", ""city"": ""San Antonio"", ""state"": ""TX"", ""zip"": ""78201""}",Single,Artist,Crawford Corp,Independence Blue Cross,POL-687552,GRP-8113,267,2020-06-29,2023-05-25,186,80,23.1,Current Smoker,Moderate,"Shellfish, Sulfa, None",Hyperlipidemia,"Levothyroxine, Atorvastatin, Losartan","Appendectomy 2018, Cholecystectomy 2020","Cancer, Arthritis, Hypertension",Vietnamese,Human,Inactive,10,RegistrationDB
219,Luke,Ramirez,1956-02-02,Male,O+,luke.ramirez@email.example.com,(929) 410-3680,Rebecca Campbell,(419) 935-7558,"{""line1"": ""2941 Fourth Ave"", ""apt"": """", ""city"": ""Jacksonville"", ""state"": ""FL"", ""zip"": ""32201"", ""floor_number"": 5, ""neighborhood"": ""East Side"", ""street_type"": ""Pl""}",Widowed,Writer,West Corp,Bright Health,POL-850579,G1234,261,2022-07-04,2024-05-24,9999,96,35.7,Non-Smoker,None,None,Chronic Kidney Disease,"Jardiance, Tramadol, Atorvastatin",Thyroidectomy,"Arthritis, Cancer, Stroke",Tagalog,White,Inactive,20,RegistrationDB
225,Donald,Thompson,2004-10-27,Male,O+,donald.thompson@email.example.com,(996) 991-3208,Gabriel Jones,(352) 549-8596,"{""line1"": ""9400 Ash Ct"", ""apt"": "", # 45"", ""city"": ""New York"", ""state"": ""NY"", ""zip"": ""10001"", ""country"": ""USA"", ""county"": ""Cook"", ""latitude"": 30.3864}",Single,Teacher,Hayes Corp,CareFirst,POL-886755,GRP-2692,449,2024-12-05,2025-02-01,178,78,24.6,Never Assessed,None,None,,"Duloxetine, Sertraline, Fluticasone, Ozempic",None,None,ENGLISH,White,Active,25,RegistrationDB
229,Maxwell,Harrison,1987-11-04,Male,O+,maxwell.harrison@email.example.com,(620) 884-6000,Mary Anderson,(759) 407-6815,"{""line1"": ""2112 Hamilton Ct"", ""apt"": "", # 35"", ""city"": ""Raleigh"", ""state"": ""NC"", ""zip"": ""27601""}",Single,Plumber,AAAAAAAAAAAAAAAAAAAAAAAAAAAAAAAAAAAAAAAAAAAAAAAAAAAAAAAAAAAAAAAAAAAAAAAAAAAAAAAAAAAAAAAAAAAAAAAAAAAAAAAAAAAAAAAAAAAAAAAAAAAAAAAAAAAAAAAAAAAAAAAAAAAAAAAAAAAAAAAAAAAAAAAAAAAAAAAAAAAAAAAAAAAAAAAAAAAAAAAA,Health Net,POL-201934,GRP-8942,51,2021-05-31,2022-08-24,173,98,32.7,Non-Smoker,None,Codeine,,"Cyclobenzaprine, Cetirizine, Albuterol","ACL reconstruction, Colectomy",Stroke,English,White,Active,8,RegistrationDB
235,Sandra,Wilson,2001-09-20,Female,A+,sandra.wilson1@email.example.com,(625) 256-1181,Justin Hall,(934) 212-6435,"{""line1"": ""1362 Monroe Dr"", ""apt"": """", ""city"": ""El Paso"", ""state"": ""TX"", ""zip"": ""79901"", ""county"": ""Queens"", ""country"": ""USA"", ""landmark"": ""Adjacent to Library""}",Married,Data Analyst,Perez Corp,Kaiser Permanente,POL-458185,GRP-8225,22,2018-07-10,2020-12-20,156,72,29.6,Non-Smoker,Former,"NSAIDs, Latex, Penicillin",Irritable Bowel Syndrome,,Gastric bypass,"Stroke, None, Heart Disease",English,White,Deceased,17,RegistrationDB
240,Karen,Cole,2004-06-23,Female,O+,karen.cole@email.example.com,(472) 951-2379,Timothy Davis,(577) 250-1790,"{""line1"": ""7244 First St"", ""apt"": """", ""city"": ""Denver"", ""state"": ""CO"", ""zip"": ""80201"", ""landmark"": ""Next to Mall"", ""country"": ""USA""}",Married,Retail Associate,Jackson Corp,Atena,POL-163191,GRP-2530,46,2018-03-09,2018-04-12,159,90,35.6,never assessed,Occasional,"Penicillin, Shellfish, Pollen",Hypothyroidism,Albuterol,None,"Stroke, Arthritis",Mandarin,White,Active,20,RegistrationDB
243,Zoey,Diaz,1967-02-27,Female,A+,zoey.diaz@email.example.com,(679) 992-8192,Pamela Myers,(812) 790-6652,"{""line1"": ""9383 Oak Ave"", ""apt"": "", Apt 22"", ""city"": ""Atlanta"", ""state"": ""GA"", ""zip"": ""30301"", ""longitude"": -98.3095, ""delivery_notes"": ""Deliver to reception""}",Married,---,,Health Net,POL-408411,GRP-6435,118,2025-07-31,,158,82,32.8,Never Assessed,None,"Pollen, None, Sulfa","Chronic Fatigue, Crohn's Disease",Spironolactone,None,None,Spanish,White,Active,20,RegistrationDB
247,Bruce,WRIGHT,1974-12-01,Male,O+,bruce.wright@email.example.com,(466) 827-6287,Ronald Myers,(795) 960-7851,"{""line1"": ""8063 Tenth Ave"", ""apt"": """", ""city"": ""Chicago"", ""state"": ""IL"", ""zip"": ""60601""}",Single,Dentist,Williams Corp,Humana,POL-502480,GRP-9727,286,2022-11-23,2024-12-23,165,90,33.1,Never Assessed,None,"Pollen, Sulfa",Depression,"Fluticasone, Cetirizine, Celecoxib",None,"None, Diabetes, Heart Disease",English,White,Inactive,22,RegistrationDB
253,Henry,Wells,1952-08-28,Male,A+,henry.wells@email.example.com,(905) 869-2061,Benjamin Green,(657) 552-1075,"{""line1"": ""4803 Beechwood Ave"", ""apt"": """", ""city"": ""Seattle"", ""state"": ""WA"", ""zip"": ""98101"", ""neighborhood"": ""West Side"", ""timezone"": ""America/New_York"", ""street_type"": ""Ave""}",married,Manager,Crawford Corp,MetLife,POL-228162,GRP-7101,285,2023-08-19,2026-03-01,172,43,14.5,Non-Smoker,Occasional,"Dust, Codeine",,"Cyclobenzaprine, Insulin glargine, Metformin",None,"Cancer, Diabetes, Stroke",English,White,Inactive,17,RegistrationDB
261,,Wood,1950-03-15,Female,A+,dorothy.wood@email.example.com,(443) 620-9740,Douglas Sullivan,(562) 539-5915,"{""line1"": ""7345 Oak Ave"", ""apt"": """", ""city"": ""Sacramento"", ""state"": ""CA"", ""zip"": ""94201"", ""neighborhood"": ""Waterfront"", ""country"": ""USA"", ""latitude"": 42.0037}",Married,Project Manager,Ruiz Corp,Oscar Health,POL-872997,GRP-6207,194,2024-09-26,2027-01-16,165,78,28.7,Non-Smoker,Former,Sulfa,"Crohn's Disease, Type 2 Diabetes","Duloxetine, Pantoprazole, Sertraline",None,"Stroke, Hypertension",English,White,Active,18,RegistrationDB
,Eric,Harrison,2005-03-13,,O+,eric.harrison@email.example.com,(980) 524-5232,Lauren Castillo,(893) 253-8214,"{""line1"": ""2384 Pleasant St"", ""apt"": "", Unit 41"", ""city"": ""Fort Worth"", ""state"": ""TX"", ""zip"": ""76101"", ""longitude"": -87.6906, ""landmark"": ""Close to University"", ""latitude"": 26.2629, ""county"": ""Harris""}",Married,Consultant,Diaz Corp,Independence Blue Cross,POL-149191,GRP-2970,313,2022-07-10,2025-04-02,179,101,31.5,Non-Smoker,None,"Dust, None, Penicillin",Sleep Apnea,None,Angioplasty with stent,"Heart Disease, None, Hypertension",Spanglish,White,Inactive,6,RegistrationDB
267,Nicole,Davis,2002-11-22,Female,A+,nicole.davis@email.example.com,(867) 356-5433,Robert Stewart,(923) 851-7330,"{""line1"": ""6697 Ninth St"", ""apt"": """", ""city"": ""San Diego"", ""state"": ""CA"", ""zip"": ""92101"", ""timezone"": ""America/Chicago"", ""country"": ""USA""}",Single,Sales Representative,Morgan Corp,Tufts Health Plan,POL-239950,G1234,99,2018-07-08,2021-04-14,-10,72,28.5,Non-Smoker,None,"None, Peanuts, Latex","Atrial Fibrillation, Migraine","Meloxicam, Ibuprofen",None,"Asthma, Heart Disease",English,White,Active,16,RegistrationDB
269,Maxwell,Myers,1971-11-19,Male,B+,maxwell.myers@email.example.com,(330) 233-9456,Mary Cooper,(511) 496-3110,"{""line1"": ""5395 Cypress Dr"", ""apt"": "", # 34"", ""city"": ""San Antonio"", ""state"": ""TX"", ""zip"": ""78201"", ""latitude"": 26.3568}",Single,Chef,,Harvard Pilgrim,POL-711720,GRP-4551,247,2025-06-30,2028-06-17,189,78,21.8,Current Smoker,Former,"None, Dust, Codeine",,"Eliquis, Albuterol",None,None,Tagalog,White,Active,21,RegistrationDB
271,12345,Hayes,1985-07-11,Female,A+,joyce.hayes@email.example.com,(308) 854-8345,Ella Ramos,(240) 325-3896,"{""line1"": ""3459 River Rd"", ""apt"": """", ""city"": ""Long Beach"", ""state"": ""CA"", ""zip"": ""90801"", ""landmark"": ""Near Hospital"", ""neighborhood"": ""Southside""}",Married,Sales Representative,Parker Corp,Harvard Pilgrim,POL-535656,GRP-9211,279,2019-10-15,2023-01-19,158,52,20.8,Former Smoker,None,None,"COPD, Type 2 Diabetes","Fluticasone, Cyclobenzaprine, Ibuprofen",Tonsillectomy,"Asthma, Arthritis, None",Mandarin,White,Active,9,RegistrationDB
272,Ellie,Smith,1800-01-01,Female,O+,ellie.smith@email.example.com,(807) 412-7048,Logan Chavez,(408) 279-4834,"{""line1"": ""9859 First St"", ""apt"": "", Unit 35"", ""city"": ""Albuquerque"", ""state"": ""NM"", ""zip"": ""87101"", ""latitude"": 39.1808, ""neighborhood"": ""Uptown""}",Married,Administrative Assistant,Ramirez Corp,Health Net,POL-658437,GRP-6180,14,2019-01-17,2019-08-05,156,0,31.6,Former Smoker,None,"Latex, Peanuts, None","Hypothyroidism, Type 2 Diabetes","Sertraline, Cyclobenzaprine, Spironolactone",None,"Cancer, Hypertension",English,White,Active,5,RegistrationDB
273,Alexander,ANDERSON,1993-08-10,Male,AB-,alexander.anderson@email.example.com,,Diane Walker,(736) 856-9790,"{""line1"": ""5774 Hickory St"", ""apt"": """", ""city"": ""Colorado Springs"", ""state"": ""CO"", ""zip"": ""80901"", ""street_type"": ""Ct""}",Divorced,Real Estate Agent,Evans Corp,Centene,POL-265417,GRP-3509,16,2021-12-29,2025-03-10,167,74,26.5,Non-Smoker,None,"PENICILLIN, SULFA",,"Warfarin, Levothyroxine",Sleeve gastrectomy,"Diabetes, Alzheimer's",Spanish,Asian,Active,19,RegistrationDB
276,Virginia,Wallace,1995-01-28,Female,O-,virginia.wallace@email.example.com,(675) 619-2280,Ezra Green,(780) 904-2844,"{""line1"": ""9837 Ninth St"", ""apt"": """", ""city"": ""Oklahoma City"", ""state"": ""OK"", ""zip"": ""73101"", ""street_type"": ""Blvd""}",Single,Business Owner,Sullivan Corp,Atena,POL-133965,GRP-1400,188,2022-02-04,1900-01-01,168,96,34.0,never assessed,None,"Peanuts, Shellfish",Anxiety Disorder,"Ibuprofen, Apixaban, Amlodipine","Appendectomy 2018, Cholecystectomy 2020",None,Tagalog,White,Active,17,RegistrationDB
278,Oliver,Hicks,1988-01-13,Male,A-,oliver.hicks@email.example.com,(468) 440-4667,Avery Tucker,(658) 442-4138,"{""line1"": ""7107 Broadway"", ""apt"": "", Suite 43"", ""city"": ""Miami"", ""state"": ""FL"", ""zip"": ""33101""}",Widowed,Pharmacist,,MetLife,POL-247672,GRP-9683,113,,2023-05-15,188,66,18.7,Never Assessed,Occasional,Null,,"Spironolactone, Atorvastatin",Hysterectomy,"Hypertension, Alzheimer's, Asthma",English,White,Active,13,RegistrationDB
279,Rachel,UNKNOWN,1992-12-28,Female,O+,rachel.myers@email.example.com,(450) 654-5763,Nicole Cruz,(779) 222-7905,"{""line1"": ""1034 Willow Dr"", ""apt"": """", ""city"": ""Portland"", ""state"": ""OR"", ""zip"": ""97201"", ""county"": ""Maricopa"", ""neighborhood"": ""Waterfront"", ""street_type"": ""Rd"", ""longitude"": -73.3128, ""country"": ""USA""}",Married,Sales Representative,Gomez Corp,UnitedHealthcare,POL-290970,,139,2020-01-05,2022-12-21,173,66,22.1,Former Smoker,None,Sulfa,,"Celecoxib, Prednisone, Clopidogrel","Appendectomy 2018, Cholecystectomy 2020",,English,White,Active,13,RegistrationDB
286,Nora,Ramirez,1978-07-21,Female,O+,nora.ramirez@email.example.com,(788) 333-3954,Maxwell Edwards,(356) 465-7226,"{""line1"": ""6696 College Ave"", ""apt"": """", ""city"": ""Charlotte"", ""state"": ""NC"", ""zip"": ""28201"", ""neighborhood"": ""Downtown"", ""street_type"": ""Way""}",Married,Driver,,Blue Cross Blue Shield,POL-373482,GRP-2723,342,2022-06-17,2023-06-22,178,,24.3,Former Smoker,Occasional,"Pollen, NSAIDs, Peanuts",,Ozempic,None,Stroke,Cantonese,White,Active,4,RegistrationDB
288,Andrea,Kelly,1984-08-30,Female,A-,andrea.kelly@email.example.com,(405) 436-9976,Lincoln Martin,(549) 242-5867,"{""line1"": ""1707 Pleasant St"", ""apt"": "", Apt 48"", ""city"": ""Albuquerque"", ""state"": ""NM"", ""zip"": ""87101""}",Married,Administrative Assistant,Walker Corp,Bright Health,POL-183130,GRP-2991,147,2025-03-01,2025-03-11,166,85,30.8,Non-Smoker,Occasional,"Peanuts, Shellfish, Latex","COPD, Sleep Apnea, Psoriasis, Irritable Bowel Syndrome","Loratadine, Meloxicam, Celecoxib",None,Stroke,English,Black or African American,Active,19,RegistrationDB
292,Stephanie,Myers,1964-10-07,Female,O+,stephanie.myers@email.example.com,(246) 256-6269,Raymond Hall,(932) 799-7310,"{""line1"": ""8462 Madison St"", ""apt"": "", Apt 42"", ""city"": ""Oklahoma City"", ""state"": ""OK"", ""zip"": ""73101""}",Single,,,MetLife,POL-786911,GRP-5233,48,2023-11-02,2027-06-23,167,82,29.4,Former Smoker,Moderate,"NSAIDs, Penicillin, Codeine","Eczema, Ulcerative Colitis","Hydrochlorothiazide, Bupropion, Acetaminophen, Ibuprofen",Total hip replacement,Asthma,English,Hispanic or Latino,Inactive,23,RegistrationDB
300,Henry,Sullivan,1989-05-28,Male,A+,henry.sullivan@email.example.com,(403) 739-8857,Donna Cox,(625) 953-5069,"{""line1"": ""9447 Sixth Ave"", ""apt"": """", ""city"": ""Portland"", ""state"": ""OR"", ""zip"": ""97201"", ""neighborhood"": ""Suburbs"", ""latitude"": 37.4713}",Separated,Insurance Agent,Harrison Corp,,POL-549487,GRP-7990,,2018-12-31,2019-11-12,163,61,23.0,Never Assessed,None,None,,"Levothyroxine, Sertraline, Furosemide",None,Diabetes,English,Black or African American,Active,,RegistrationDB
306,Naomi,Jones,2001-05-01,Female,A+,naomi.jones@email.example.com,(706) 749-9492,Genesis Alexander,(444) 438-4703,"{""line1"": ""3835 Maple Dr"", ""apt"": """", ""city"": ""Houston"", ""state"": ""TX"", ""zip"": ""77001""}",Divorced,Construction Worker,King Corp,CareFirst,POL-333155,GRP-3793,200,2022-09-20,2026-10-15,168,67,23.7,Never Assessed,Moderate,"None, Latex, Dust",", ",Hydrochlorothiazide,None,Asthma,English,Black or African American,Active,1,RegistrationDB
310,Jennifer,Brooks,1991-02-20,Female,O+,jennifer.brooks@email.example.com,,N/A,(546) 415-5535,"{""line1"": ""2405 Broadway"", ""apt"": """", ""city"": ""Raleigh"", ""state"": ""NC"", ""zip"": ""27601"", ""landmark"": ""Opposite Central Park"", ""street_type"": ""Ct"", ""latitude"": 42.7977}",Divorced,Flight Attendant,White Corp,,POL-774140,GRP-8175,28,2025-08-05,2025-12-10,168,105,37.2,Former Smoker,None,Codeine,,"Furosemide, Warfarin, Clopidogrel, Hydrochlorothiazide",None,None,English,White,Active,5,RegistrationDB
311,Nora,Price,2004-09-10,Female,A+,nora.price@email.example.com,(653) 664-3078,Andrea Martin,(429) 791-6737,"{""line1"": ""9176 Walnut Ave"", ""apt"": "", Apt 5"", ""city"": ""Raleigh"", ""state"": ""NC"", ""zip"": ""27601"", ""timezone"": ""America/Denver"", ""latitude"": 26.6816}",Single,Librarian,Martinez Corp,Anthem,POL-156965,GRP-3185,279,2024-04-21,2026-09-08,160,75,29.3,Former Smoker,Moderate,"Peanuts, Penicillin, Shellfish","Atrial Fibrillation, Hypothyroidism, Hyperlipidemia",!@#$%^&*(),None,None,English,White,Active,9,RegistrationDB
313,Levi,Rogers,1989-01-12,Non-Binary,A+,levi.rogers@email.example.com,(970) 909-4365,Christopher Hayes,(330) 642-6991,"{""line1"": ""7468 Sixth Ave"", ""apt"": "", Apt 18"", ""city"": ""Virginia Beach"", ""state"": ""VA"", ""zip"": ""23450""}",Married,Librarian,Myers Corp,Molina Healthcare,POL-821367,GRP-8755,306,2020-04-13,2022-05-10,175,78,150,Non-Smoker,Moderate,"Dust, None, Sulfa",Hypertension,"Apixaban, Losartan, Atorvastatin, Bupropion",None,None,Spanish,Hispanic or Latino,Inactive,25,RegistrationDB
314,Nicole,Ramos,2099-06-15,Female,A-,nicole.ramos@email.example.com,(374) 934-4167,Caleb Ellis,(829) 316-4696,"{""line1"": ""8582 Oak Ave"", ""apt"": """", ""city"": ""Baltimore"", ""state"": ""MD"", ""zip"": ""21201"", ""street_type"": ""Rd"", ""country"": ""USA"", ""longitude"": -83.6213}",Separated,---,Ortiz Corp,Kaiser Permanente,POL-232228,GRP-1847,339,2025-07-30,2027-11-17,163,91,34.3,Non-Smoker,None,NSAIDs,Coronary Artery Disease,"Pantoprazole, Ibuprofen, Apixaban",None,Heart Disease,Spanish,Hispanic or Latino,Active,9,RegistrationDB
326,Mark,Wallace,1996-06-17,Male,B-,mark.wallace@email.example.com,(651) 852-5920,Steven Gutierrez,(411) 445-1227,"{""line1"": ""9083 Jefferson Ave"", ""apt"": "", # 16"", ""city"": ""Miami"", ""state"": ""FL"", ""zip"": ""33101""}",Married,Artist,Ramirez Corp,Centene,POL-871166,GRP-6220,292,2019-07-11,,183,92,27.5,Non-Smoker,None,"Latex, NSAIDs",,"Gabapentin, Montelukast, Celecoxib, Ozempic",Cholecystectomy,None,English,Black or African American,Active,14,RegistrationDB
332,Ezra,Griffin,1999-02-19,Male,,ezra.griffin@email.example.com,(475) 577-2638,Riley Reyes,(877) 376-3866,"{""line1"": ""3389 Pleasant St"", ""apt"": """", ""city"": ""Louisville"", ""state"": ""KY"", ""zip"": ""40201"", ""street_type"": ""Cir"", ""neighborhood"": ""Southside"", ""county"": ""Orange"", ""latitude"": 28.565}",Married,Plumber,Ramos Corp,Tufts Health Plan,POL-634240,GRP-4486,274,2024-06-13,2026-09-06,190,74,20.5,Former Smoker,None,"Sulfa, Penicillin, NSAIDs","Hypertension, Hyperlipidemia, Osteoarthritis, Anxiety Disorder","Spironolactone, Hydrochlorothiazide, Acetaminophen",Cholecystectomy,"Arthritis, Hypertension",English,White,Active,11,RegistrationDB
338,Roman,Ward,1962-08-07,Male,A+,roman.ward@email.example.com,(340) 293-7842,Jeffrey Miller,(292) 583-3127,"{""line1"": ""7228 Adams Way"", ""apt"": """", ""city"": ""Seattle"", ""state"": ""WA"", ""zip"": ""98101"", ""country"": ""USA"", ""landmark"": ""Next to Mall"", ""timezone"": ""America/Denver"", ""street_type"": ""Cir""}",Married,Engineer,Ruiz Corp,,POL-501431,GRP-9384,409,2024-03-13,2025-05-11,171,72,24.6,Non-Smoker,Moderate,NSAIDs,,"Metformin, Albuterol",Coronary artery bypass grafting,"Diabetes, Hypertension",Cantonese,White,Active,19,RegistrationDB
347,Jerry,Wilson,1972-04-14,Male,A+,jerry.wilson@email.example.com,(255) 343-3681,Douglas Foster,(347) 623-7649,"{""line1"": ""2792 Fifth St"", ""apt"": "", Unit 47"", ""city"": ""Tampa"", ""state"": ""FL"", ""zip"": ""33601"", ""country"": ""USA"", ""county"": ""Sacramento"", ""timezone"": ""America/Denver"", ""neighborhood"": ""Midtown""}",Married,Psychologist,Brooks Corp,Aetna,POL-151228,GRP-8999,339,2019-04-20,2019-04-22,169,95,33.3,Former Smoker,Moderate,"Penicillin, Latex, Pollen","Fibromyalgia, Sleep Apnea, Chronic Kidney Disease","Furosemide, Tramadol, Cyclobenzaprine, Omeprazole",None,"Diabetes, Arthritis",English,White,Active,9,RegistrationDB
,Laura,Simmons,1977-02-06,Female,O+,laura.simmons@email.example.com,(619) 327-8248,Lily Graham,(753) 531-7323,"{""line1"": ""655 Monroe Dr"", ""apt"": "", Apt 29"", ""city"": ""Dallas"", ""state"": ""TX"", ""zip"": ""75201""}",Married,Administrative Assistant,Long Corp,,,,187,2020-02-06,2023-01-30,170,63,21.8,Former Smoker,Occasional,"Codeine, Latex, NSAIDs",,"Levothyroxine, Hydrochlorothiazide",None,Heart Disease,English,White,Active,16,RegistrationDB
349,Thomas,Murray,2001-01-25,Male,B+,thomas.murray@email.example.com,(298) 460-5970,Jacob Long,(339) 284-4107,"{""line1"": ""6686 Spring St"", ""apt"": """", ""city"": ""Charlotte"", ""state"": ""NC"", ""zip"": ""28201"", ""street_type"": ""Ln""}",Single,Engineer,Ross Corp,MetLife,POL-742964,GRP-3353,362,2020-07-08,,171,71,24.3,Non-Smoker,None,Dust,,None,None,None,Arabic,Black or African American,Active,16,RegistrationDB
354,Genesis,Thompson,2001-12-13,Female,A+,genesis.thompson@email.example.com,(248) 298-8152,Lauren Ellis,(317) 592-6186,"{""line1"": ""8717 Hamilton Ct"", ""apt"": "", # 48"", ""city"": ""Kansas City"", ""state"": ""MO"", ""zip"": ""64101"", ""floor_number"": 20, ""street_type"": ""Way"", ""country"": ""USA"", ""neighborhood"": ""Downtown""}",Divorced,Veterinarian,,Highmark,POL-919672,GRP-8150,124,2018-04-05,2018-10-03,153,103,44.0,Non-Smoker,Occasional,"Peanuts, NSAIDs, Sulfa",,"Metformin, Montelukast, Clopidogrel, Atorvastatin",Appendectomy,"Diabetes, Stroke, Heart Disease",English,Asian,Active,18,RegistrationDB
355,Lawrence,Woods,1976-08-22,Male,,lawrence.woods@email.example.com,(855) 221-8080,Brenda Crawford,(283) 295-6370,"{""line1"": ""9341 Sunset Dr"", ""apt"": "", Suite 11"", ""city"": ""Omaha"", ""state"": ""NE"", ""zip"": ""68101"", ""county"": ""Maricopa"", ""landmark"": ""Close to University"", ""neighborhood"": ""Midtown"", ""street_type"": ""Pl""}",Married,Software Developer,White Corp,Tufts Health Plan,POL-177580,GRP-3590,456,2025-02-16,2028-03-14,168,74,26.2,Current Smoker,Occasional,Sulfa,"Crohn's Disease, Depression, GERD",,None,None,Spanish,White,Active,12,RegistrationDB
356,Victoria,UNKNOWN,1975-09-23,F,O-,victoria.rodriguez@email.example.com,(756) 950-7387,Albert Butler,(596) 916-4527,"{""line1"": ""3637 Spring St"", ""apt"": """", ""city"": ""El Paso"", ""state"": ""TX"", ""zip"": ""79901"", ""delivery_notes"": ""Gate code: #1234"", ""latitude"": 43.9546, ""street_type"": ""St"", ""county"": ""Queens""}",Married,Sales Representative,Baker Corp,,,,364,2024-05-25,2025-02-19,164,92,34.2,Former Smoker,Occasional,"Sulfa, Latex, Peanuts","Anemia, Eczema, Chronic Fatigue","Spironolactone, Atorvastatin","ACL reconstruction, Colectomy","Heart Disease, Asthma",Mandarin,White,Active,12,RegistrationDB
357,Kenneth,Wallace,2005-06-29,Male,A-,kenneth.wallace@email.example.com,(695) 525-6770,Jacqueline Simmons,(479) 422-4964,"{""line1"": ""6657 Hamilton Ct"", ""apt"": """", ""city"": ""New Orleans"", ""state"": ""LA"", ""zip"": ""70112"", ""street_type"": ""Pl"", ""latitude"": 30.1346, ""timezone"": ""America/New_York"", ""landmark"": ""Near City Hall"", ""country"": ""USA""}",Married ,Plumber,Howard Corp,,,,389,2019-06-06,2021-05-19,175,84,27.4,Non-Smoker,Moderate,"Sulfa, NSAIDs, None",,unknown,None,"None, Hypertension, Asthma",English,White,Active,12,RegistrationDB
358,William,Reed,1998-12-30,Male,B+,william.reed@email.example.com,(577) 601-3491,Victor Rivera,(496) 602-3236,"{""line1"": ""8592 Hill St"", ""apt"": """", ""city"": ""San Francisco"", ""state"": ""CA"", ""zip"": ""94101"", ""longitude"": -82.4674, ""delivery_notes"": ""Gate code: #1234"", ""county"": ""Miami-Dade"", ""timezone"": ""America/Chicago""}",Divorced,Real Estate Agent,Ellis Corp,Independence Blue Cross,POL-348664,GRP-6982,340,2022-12-11,2026-06-06,170,40,13.8,Never Assessed,Occasional,"None, NSAIDs, Penicillin",COPD,!@#$%^&*(),Carpal tunnel release,"Alzheimer's, Arthritis",Tagalog,Asian,Active,17,RegistrationDB
362,Lily,Green,1951-03-25,Female,O-,lily.green@email.example.com,2125550199,Riley Martinez,(486) 727-5039,"{""line1"": ""5385 Hickory St"", ""apt"": """", ""city"": ""Las Vegas"", ""state"": ""NV"", ""zip"": ""89101""}",Married,Architect,,Blue Cross Blue Shield,POL-353374,GRP-6950,16,2019-08-03,2023-02-14,182,64,19.3,,Occasional,"Sulfa, Codeine, Penicillin",,"Gabapentin, Sertraline","Cholecystectomy, Tonsillectomy, Appendectomy","Asthma, None",Tagalog,Hispanic or Latino,Active,19,RegistrationDB
363,Grace,Ross,1966-09-25,Female,A+,grace.ross@email.example.com,(676) 637-3356,Zoey James,(289) 758-2382,"{""line1"": ""954 Fifth St"", ""apt"": """", ""city"": ""Colorado Springs"", ""state"": ""CO"", ""zip"": ""80901"", ""latitude"": 33.0097, ""neighborhood"": ""Midtown"", ""longitude"": -78.1743}",Divorced,Teacher,,Health Net,POL-382105,GRP-5306,414,2021-06-28,2025-02-19,152,81,35.1,Current Smoker,Moderate,"Pollen, Peanuts",Depression,Celecoxib,C-section,None,English,Asian,Active,8,RegistrationDB
365,Kevin,Campbell,1990-04-20,Male,O+,kevin.campbell@email.example.com,(627) 548-3860,Luke Marshall,(205) 617-3570,"{""line1"": ""8762 Birch St"", ""apt"": """", ""city"": ""El Paso"", ""state"": ""TX"", ""zip"": ""79901"", ""longitude"": -105.7454, ""landmark"": ""Close to University""}",Married,Social Worker,,Geisinger,POL-667805,GRP-9546,146,2025-10-13,2027-01-21,166,57,20.7,Non-Smoker,Moderate,Penicillin,"Anemia, Chronic Kidney Disease, Osteoarthritis, Type 2 Diabetes","Levothyroxine, Celecoxib",None,"Cancer, None",English,White,Active,13,RegistrationDB
371,Cynthia,Gonzalez,1993-09-20,Female,B+,cynthia.gonzalez@email.example.com,(733) 646-4013,Jeremy Garcia,(411) 277-6077,"{""line1"": ""1754 View Blvd"", ""apt"": """", ""city"": ""Colorado Springs"", ""state"": ""CO"", ""zip"": ""80901"", ""latitude"": 39.6388, ""longitude"": -97.7701}",Single,Flight Attendant,Wright Corp,Anthem,POL-558628,GRP-4669,252,2025-06-05,2026-05-28,173,89,29.7,Never Assessed,Occasional,"PENICILLIN, SULFA",Chronic Kidney Disease,"Insulin glargine, Apixaban",None,"Stroke, Alzheimer's, Asthma",Tagalog,White,Active,4,RegistrationDB
383,Chloe,Graham,2001-06-23,Female,o+,chloe.graham@email.example.com,(917) 654-8229,Christina Morgan,(235) 894-9864,"{""line1"": ""5254 Birch St"", ""apt"": """", ""city"": ""Long Beach"", ""state"": ""CA"", ""zip"": ""90801""}",Widowed,Accountant,Ruiz Corp,Independence Blue Cross,POL-909082,GRP-1720,310,2022-08-24,2023-11-12,166,111,40.3,Non-Smoker,Occasional,Peanuts,"Migraine, Anemia",Metoprolol,None,"Hypertension, Arthritis, Stroke",Spanish,White,Active,15,RegistrationDB
387,Angela,Jenkins,2001-09-08,Female,A-,angela.jenkins@email.example.com,(485) 347-8485,Stella Fisher,(904) 282-8025,"{""line1"": ""9336 Broadway"", ""apt"": """", ""city"": ""Austin"", ""state"": ""TX"", ""zip"": ""73301""}",Divorced,Graphic Designer,Lopez Corp,UnitedHealthcare,POL-830220,GRP-4815,347,2019-10-05,,165,96,35.3,Never Assessed,Moderate,"Pollen, Dust, NSAIDs",GERD,"Gabapentin, Spironolactone",None,None,Spanish,Hispanic or Latino,Active,8,RegistrationDB
396,Joseph,Stewart,1950-10-07,Male,O+,joseph.stewart@email.example.com,(650) 394-4539,,(437) 510-1934,"{""line1"": ""123 Main St"", ""county"": ""Queens""}",Married,Pharmacist,Foster Corp,Oscar Health,POL-125285,G1234,92,2023-09-24,2027-02-21,173,53,17.7,Former Smoker,Moderate,"PENICILLIN, SULFA","Eczema, Osteoporosis, Rheumatoid Arthritis, Anemia",Amlodipine,"Appendectomy 2018, Cholecystectomy 2020",Diabetes,English,White,Active,2,RegistrationDB
398,Levi,Lewis,2005-08-24,Male,A+,levi.lewis@email.example.com,(504) 390-4485,Thomas Ellis,(938) 413-7787,"{""line1"": ""9588 Maple Dr"", ""apt"": """", ""city"": ""Columbus"", ""state"": ""OH"", ""zip"": ""43201"", ""street_type"": ""Blvd"", ""country"": ""USA""}",Married,Driver,,Centene,POL-180574,GRP-8914,488,2022-01-06,1900-01-01,188,78,22.1,Former Smoker,Occasional,"Latex, Peanuts, NSAIDs",,None,None,None,Spanish,Hispanic or Latino,Active,11,RegistrationDB
409,Theodore,Kelly,1998-10-02,Male,A+,theodore.kelly@email.example.com,(995) 975-7906,Logan Bailey,(674) 916-3703,"{""line1"": ""7335 Cherry Ln"", ""apt"": """", ""city"": ""Las Vegas"", ""state"": ""NV"", ""zip"": ""89101""}",Separated,HR Specialist,Rivera Corp,Health Net,POL-343054,GRP-5565,46,2020-06-26,2023-11-22,181,92,28.1,Never Assessed,Occasional,"Dust, Codeine, Pollen","Rheumatoid Arthritis, Irritable Bowel Syndrome, Psoriasis","Meloxicam, Insulin glargine, Loratadine, Albuterol",Appendectomy,"Diabetes, Hypertension",Vietnamese,Black or African American,Active,20,RegistrationDB
411,Katherine,Fisher,1987-07-14,Female,O-,katherine.fisher@email.example.com,(664) 585-7255,Rebecca Myers,(542) 595-2527,"{""line1"": ""9353 Franklin Blvd"", ""apt"": "", Apt 4"", ""city"": ""Portland"", ""state"": ""OR"", ""zip"": ""97201"", ""county"": ""Maricopa"", ""neighborhood"": ""Suburbs"", ""landmark"": ""Next to Mall""}",Single,Architect,,Tufts Health Plan,POL-636939,GRP-8840,58,01-01-2020,2019-09-15,156,69,28.4,Non-Smoker,Occasional,Null,"Osteoarthritis, Chronic Fatigue",None,None,"Asthma, Heart Disease, None",English,Hispanic or Latino,Active,2,RegistrationDB
413,Layla,Wilson,2001-04-28,Female,O+,layla.wilson@email.example.com,(374) 629-2494,Susan Nelson,(674) 680-4964,"{""line1"": ""3559 Cedar Ln"", ""apt"": "", Apt 15"", ""city"": ""Washington"", ""state"": ""DC"", ""zip"": ""20001"", ""country"": ""USA"", ""neighborhood"": ""Southside""}",Married,Physical Therapist,Hunter Corp,Molina Healthcare,POL-799223,GRP-3140,165,2019-03-22,2020-10-10,165,65,,Non-Smoker,Moderate,"Shellfish, Codeine, Dust","Anemia, GERD, Psoriasis, Depression",Cetirizine,Laminectomy,None,English,White,Inactive,18,RegistrationDB
415,,NGUYEN,1982-09-25,Male,O+,levi.nguyen@email.example.com,(878) 271-7828,Patricia Reynolds,(912) 797-3000,"{""line1"": ""8291 Sunset Dr"", ""apt"": """", ""city"": ""Boston"", ""state"": ""MA"", ""zip"": ""02101""}",Single,Musician,Davis Corp,Independence Blue Cross,POL-728091,GRP-7233,356,2018-07-09,2019-11-10,172,74,25.0,Non-Smoker,Moderate,None,"Anxiety Disorder, Sleep Apnea","Clopidogrel, Losartan, Amlodipine",None,None,English,White,Active,5,RegistrationDB
418,Cynthia,Parker,2000-11-17,Female,O+,cynthia.parker@email.example.com,(240) 928-7918,Katherine Ramirez,(238) 832-3093,"{""line1"": ""2279 Washington Ave"", ""apt"": "", Apt 44"", ""city"": ""Tampa"", ""state"": ""FL"", ""zip"": ""33601"", ""latitude"": 39.0848, ""landmark"": ""Near City Hall"", ""timezone"": ""America/Phoenix"", ""delivery_notes"": ""Call upon arrival""}",Single,Logistics Coordinator,Cruz Corp,Centene,POL-152422,GRP-6122,356,2023-03-30,2024-06-05,163,77,29.0,Former Smoker,Moderate,NSAIDs,,"Clopidogrel, Apixaban, Loratadine, Aspirin","Carpal tunnel release, ACL reconstruction, Hernia repair",None,Spanish,White,Inactive,5,RegistrationDB
421,Janet,Martin,1969-03-05,Female,B+,janet.martin@email.example.com,(814) 711-6331,Roger Wright,(823) 763-7211,,Single,Mechanic,Walker Corp,UnitedHealthcare,POL-386199,GRP-1898,104,2022-06-10,2025-02-26,157,73,29.6,Former Smoker,Heavy,"Codeine, Latex, Dust",,"Apixaban, Pantoprazole, Albuterol",None,None,Tagalog,White,Active,20,RegistrationDB
427,Sandra,Alvarez,2003-03-06,Female,O+,sandra.alvarez@email.example.com,(311) 272-9423,Aurora Price,(713) 767-1355,"{""line1"": ""4075 Cypress Dr"", ""apt"": "", # 31"", ""city"": ""Las Vegas"", ""state"": ""NV"", ""zip"": ""89101"", ""street_type"": ""Blvd"", ""timezone"": ""America/Chicago"", ""latitude"": 35.984}",Married,UnemPloyed,Reed Corp,MetLife,POL-194331,GRP-3960,183,2021-05-23,2023-04-26,173,70,23.4,Non-Smoker,None,"Sulfa, Shellfish","Sleep Apnea, GERD, Congestive Heart Failure","Prednisone, Lisinopril, Apixaban",None,None,Spanish,Black or African American,Active,20,RegistrationDB
431,Scarlett,Roberts,1800-01-01,Female,O-,scarlett.roberts@email.example.com,(589) 757-6626,Dylan Murphy,(749) 825-6176,"{""line1"": ""899 Poplar St"", ""apt"": """", ""city"": ""Austin"", ""state"": ""TX"", ""zip"": ""73301"", ""floor_number"": 6, ""neighborhood"": ""Downtown"", ""longitude"": -115.5733, ""country"": ""USA""}",Single,Lawyer,,Tufts Health Plan,POL-664950,GRP-6335,265,2024-08-28,2028-06-24,165,74,27.2,Non-Smoker,Occasional,"Shellfish, Dust, Latex","Crohn's Disease, Anxiety Disorder, COPD, Migraine","Duloxetine, Levothyroxine, Spironolactone, Ozempic",None,"Asthma, Diabetes",English,Other,Active,21,RegistrationDB
439,Sarah,White,1965-11-17,Female,A+,sarah.white@email.example.com,(299) 814-5215,Jerry Castillo,(453) 840-9499,"{""line1"": ""2930 Elm St"", ""apt"": """", ""city"": ""New York"", ""state"": ""NY"", ""zip"": ""10001"", ""latitude"": 29.3476, ""neighborhood"": ""Downtown"", ""county"": ""King""}",Single,Writer,Ward Corp,CareFirst,POL-154479,,203,2019-07-01,2021-10-01,158,68,27.2,Former Smoker,Occasional,"NSAIDs, Latex, Codeine","Hypertension, Hypothyroidism, Migraine","Duloxetine, Metformin",Laminectomy,"Stroke, Cancer, Heart Disease",Mandarin,White,Active,8,RegistrationDB
449,Lincoln,Reed,1951-01-12,Male,A+,lincoln.reed@email.example.com,(787) 792-7041,Maxwell Alexander,(384) 241-6431,"{""line1"": ""6081 Cedar Ln"", ""apt"": """", ""city"": ""Memphis"", ""state"": ""TN"", ""zip"": ""38101"", ""timezone"": ""America/Chicago"", ""longitude"": -107.0232, ""county"": ""Queens""}",Married,Writer,Ross Corp,,POL-400520,GRP-5698,49,2018-02-11,2018-09-04,185,64,18.7,Non-Smoker,None,"Latex, Shellfish, Codeine",,"Cetirizine, Metformin, Meloxicam",Carpal tunnel release,"Cancer, Asthma",English,White,Active,13,RegistrationDB
451,Michelle,West,1983-01-05,Female,AB+,michelle.west@email.example.com,(528) 524-1151,Ethan Lee,(644) 821-8039,"{""line1"": ""5513 Cedar Ln"", ""apt"": """", ""city"": ""Dallas"", ""state"": ""TX"", ""zip"": ""75201"", ""county"": ""Maricopa""}",Single,Firefighter,Ramirez Corp,Independence Blue Cross,POL-915835,GRP-1696,193,2018-08-04,2019-04-01,164,78,29.0,Never Assessed,Occasional,"Peanuts, None","Osteoarthritis, Crohn's Disease, Chronic Kidney Disease, Hyperlipidemia",None,None,"Diabetes, Alzheimer's",English,Asian,Active,20,RegistrationDB
454,Stella,Washington,1963-08-30,Female,,user@.com,(429) 877-6437,Emma Hamilton,(902) 796-7766,"{""line1"": ""1469 View Blvd"", ""apt"": """", ""city"": ""Tucson"", ""state"": ""AZ"", ""zip"": ""85701""}",Married,Sales Representative,Jones Corp,Anthem,POL-468325,GRP-6679,311,2024-07-07,2026-10-18,167,94,33.7,Non-Smoker,None,"Penicillin, Latex, None",,None,"Hernia repair, Total knee replacement",None,Tagalog,White,Active,20,RegistrationDB
461,Diane,Ortiz,1972-02-16,Female,B+,,(986) 461-2577,Ellie Gibson,(286) 531-2312,"{""line1"": ""6536 Aspen Ct"", ""apt"": """", ""city"": ""Fresno"", ""state"": ""CA"", ""zip"": ""93701"", ""longitude"": -103.8772}",Separated,Retired,,Cigna HealthCare,POL-530348,GRP-9767,116,2018-09-15,2020-07-31,158,92,36.9,Former Smoker,Moderate,"NSAIDs, Latex",Anemia,Levothyroxine,None,"Heart Disease, Diabetes, Heart Disease",Mandarin,White,Active,20,RegistrationDB
465,Camila,Cooper,2003-03-20,Female,A-,camila.cooper@email.example.com,(769) 846-3034,Megan Wilson,(452) 551-7561,"{""line1"": ""2095 Willow Dr"", ""apt"": """", ""city"": ""Kansas City"", ""state"": ""MO"", ""zip"": ""64101"", ""neighborhood"": ""Downtown""}",Married,Police Officer,Hayes Corp,Independence Blue Cross,POL-997046,GRP-1339,359,2019-12-30,2020-04-06,158,heavy,21.6,Former Smoker,None,"NSAIDs, Pollen, Penicillin","Eczema, Osteoporosis","Celecoxib, Cetirizine, Spironolactone",None,"Heart Disease, None",Spanish,White,active,12,RegistrationDB
,Stephen,Diaz,1975-10-14,Male,O+,stephen.diaz@email.example.com,(704) 633-2941,Micah Sullivan,(768) 651-3144,"{""line1"": ""1794 Maple Dr"", ""apt"": """", ""city"": ""Colorado Springs"", ""state"": ""CO"", ""zip"": ""80901""}",Divorced,Dentist,Lopez Corp,Blue Cross Blue Shield,POL-ABC,GRP-8275,114,2019-02-25,2022-04-22,174,87,28.7,Non-Smoker,None,Penicillin,,"Atorvastatin, Losartan, Cyclobenzaprine, Hydrochlorothiazide",None,"Alzheimer's, Cancer",English,White,Active,19,RegistrationDB
467,George,Patterson,1982-03-23,Male,A+,george.patterson@email.example.com,(318) 886-1205,Isaac Fisher,(834) 561-4846,"{""line1"": ""7550 Beechwood Ave"", ""apt"": """", ""city"": ""Fresno"", ""state"": ""CA"", ""zip"": ""93701"", ""longitude"": -121.8224}",Married,Plumber,Foster Corp,Molina Healthcare,POL-740555,GRP-9175,467,2018-08-16,2022-01-01,184,68,20.1,Never Assessed,Sometimes,"NSAIDs, Dust, Codeine","Anxiety Disorder, Coronary Artery Disease",Amlodipine,None,"None, Stroke, Hypertension",Tagalog,White,Active,11,RegistrationDB
480,Gregory,Brooks,2001-11-17,Male,O-,gregory.brooks@email.example.com,(980) 596-2934,Nora Parker,(936) 385-3965,"{""line1"": ""1805 Adams Way"", ""apt"": "", Unit 29"", ""city"": ""Indianapolis"", ""state"": ""IN"", ""zip"": ""46201""}",Separated,Teacher,Williams Corp,Geisinger,POL-237403,GRP-8389,83,2019-02-21,1900-01-01,176,71,22.9,Non-Smoker,Moderate,None,"Chronic Kidney Disease, GERD","Montelukast, Cetirizine, Bupropion, Amlodipine",none,"Stroke, Asthma, None",English,White,Active,11,RegistrationDB
482,Linda,Anderson,1957-09-19,Female,B+,linda.anderson@email.example.com,2125550199,Naomi Webb,(678) 522-6702,"{""line1"": ""6398 Oak Ave"", ""apt"": """", ""city"": ""Cleveland"", ""state"": ""OH"", ""zip"": ""44101"", ""latitude"": 26.8217}",Widowed,Real Estate Agent,Scott Corp,Independence Blue Cross,POL-309582,GRP-9001,347,2021-05-21,2024-11-02,169,50,-5,Non-Smoker,Heavy,"Dust, NSAIDs, Penicillin","Coronary Artery Disease, Anemia, GERD",Ozempic,Coronary artery bypass grafting,None,English,Black or African American,Inactive,8,RegistrationDB
492,Lucas,Nguyen,1954-04-17,Non-Binary,B+,lucas.nguyen@email.example.com,(901) 578-8247,Abigail Lee,(872) 865-2763,"{""line1"": ""7650 Franklin Blvd"", ""apt"": """", ""city"": ""New Orleans"", ""state"": ""LA"", ""zip"": ""70112"", ""street_type"": ""Ave"", ""county"": ""Cook"", ""latitude"": 34.2917}",Married,Bank Teller,,Molina Healthcare,POL-908596,GRP-2372,177,2021-03-02,2024-07-10,173,44,14.7,Non-Smoker,Occasional,"Peanuts, Codeine",,,"Total hip replacement, Rotator cuff repair",None,English,Asian,Active,20,RegistrationDB
493,,Woods,1986-12-02,Female,A+,emily.woods@email.example.com,(760) 727-5217,Lawrence Tucker,(619) 230-5954,"{""line1"": ""7793 Magnolia Way"", ""apt"": """", ""city"": ""Columbus"", ""state"": ""OH"", ""zip"": ""43201""}",Separated,Musician,Bryant Corp,Aetna,POL-426656,GRP-8457,66,2022-04-06,2023-06-03,163,68,25.6,Former Smoker,Occasional,None,,"Loratadine, Gabapentin, Fluticasone, Albuterol",None,,English,Black or African American,Active,15,RegistrationDB
494,Eric,Flores,2002-11-05,Male,O+,eric.flores@email.example.com,(668) 451-2623,Vincent Graham,(895) 825-7357,"{""line1"": ""6629 Aspen Ct"", ""apt"": """", ""city"": ""Washington"", ""state"": ""DC"", ""zip"": ""20001"", ""county"": ""Orange""}",Separated,Business Owner,Gonzalez Corp,Oscar Health,POL-ABC,GRP-8100,496,2024-04-14,2025-04-10,172,65,22.0,Former Smoker,Moderate,"Peanuts, Shellfish, Codeine","Hypothyroidism, Sleep Apnea",None,None,Hypertension,Mandarin,White,Active,23,RegistrationDB
496,Betty,Cook,1955-04-29,Female,A+,betty.cook@email.example.com,(811) 959-2490,Nicole Kelly,(835) 835-5773,"{""line1"": ""8255 Magnolia Way"", ""apt"": "", Unit 1"", ""city"": ""Oklahoma City"", ""state"": ""OK"", ""zip"": ""73101""}",Single,Sales Representative,Watson Corp,Molina Healthcare,POL-455974,GRP-3293,233,2020-09-27,2023-07-23,164,104,38.7,Non-Smoker,None,None,,Ibuprofen,None,None,English,Hispanic or Latino,Deceased ,20,RegistrationDB
499,Katherine,Ruiz,1969-10-11,Female,O+,katherine.ruiz@email.example.com,(347) 485-5560,Silas Parker,(946) 299-6022,"{""line1"": ""3741 Beechwood Ave"", ""apt"": "", Suite 44"", ""city"": ""Colorado Springs"", ""state"": ""CO"", ""zip"": ""80901"", ""neighborhood"": ""Downtown"", ""latitude"": 41.9698, ""longitude"": -121.2516, ""country"": ""USA""}",Divorced,Dentist,Gutierrez Corp,Blue Cross Blue Shield,POL-400773,GRP-6266,302,2023-09-23,2025-05-02,165,90,33.1,Never Assessed,None,"Pollen, Codeine, Peanuts",,"Cyclobenzaprine, Losartan, Gabapentin",None,Diabetes,English,Asian,Active,13,RegistrationDB
501,Brenda,Hicks,1989-03-06,Female,A+,brenda.hicks@email.example.com,(234) 887-4657,Edward Edwards,(263) 269-9514,"{""line1"": ""4572 Oak Ave"", ""apt"": """", ""city"": ""Long Beach"", ""state"": ""CA"", ""zip"": ""90801"", ""landmark"": ""Opposite Central Park"", ""neighborhood"": ""Northside"", ""county"": ""Queens""}",Married,Retired,Rodriguez Corp,Aetna,POL-352045,GRP-4079,476,2021-04-22,2022-03-25,158,62,24.8,Current Smoker,Former,"Pollen, Penicillin",Type 2 Diabetes,"Fluticasone, Metoprolol, Spironolactone","Cataract surgery, Total knee replacement",None,Russian,White,Active,19,RegistrationDB
505,,Roberts,2005-02-06,Mle,O+,zachary.roberts@email.example.com,(480) 703-1973,Jacqueline Webb,(248) 797-4051,"{""line1"": ""7853 Park Blvd"", ""apt"": """", ""city"": ""San Antonio"", ""state"": ""TX"", ""zip"": ""78201"", ""timezone"": ""America/Chicago"", ""latitude"": 44.6856, ""county"": ""San Diego"", ""floor_number"": 44}",Married,,,Geisinger,POL-503293,GRP-7910,341,2024-06-30,2028-01-22,171,93,31.8,Current Smoker,None,"None, Latex, Codeine","Rheumatoid Arthritis, Atrial Fibrillation","Bupropion, Duloxetine","Appendectomy 2018, Cholecystectomy 2020","Asthma, None",English,White,Inactive,9,RegistrationDB
,Randy,Watson,1984-09-11,Male,A-,randy.watson@email.example.com,(425) 409-7512,Elizabeth Ramos,(662) 671-1909,"{""line1"": ""4295 Ash Ct"", ""apt"": "", Suite 26"", ""city"": ""New Orleans"", ""state"": ""LA"", ""zip"": ""70112"", ""country"": ""USA"", ""neighborhood"": ""East Side"", ""longitude"": -109.2478, ""timezone"": ""America/Chicago""}",Separated,Driver,Crawford Corp,Cigna HealthCare,POL-466035,GRP-5959,125,2022-12-14,,173,64,21.4,Non-Smoker,Occasional,"Peanuts, Shellfish, Penicillin","Osteoarthritis, Depression, Osteoporosis","Pantoprazole, Aspirin, Losartan",None,"Diabetes, Cancer, Arthritis",Spanish,White,Active,4,RegistrationDB
508,Gary,Richardson,1991-02-16,Male,O+,gary.richardson@email.example.com,(864) 705-8442,Aiden Crawford,(448) 573-3401,"{""line1"": ""3367 Aspen Ct"", ""apt"": """", ""city"": ""Austin"", ""state"": ""TX"", ""zip"": ""73301"", ""longitude"": -112.459, ""neighborhood"": ""Midtown"", ""country"": ""USA""}",Single,Doctor,Myers Corp,Geisinger,POL-842135,GRP-3688,111,2019-11-14,2023-09-04,160,82,32.0,Never Assessed,None,"Dust, Pollen, Shellfish",,"Cyclobenzaprine, Lisinopril",None,"Hypertension, Heart Disease",English,White,Inactive,25,RegistrationDB
509,Jerry,Hernandez,1975-09-02,Male,O+,jerry.hernandez@email.example.com,(852) 577-2489,Karen Thompson,(707) 544-9182,"{""line1"": ""Unknown"", ""city"": ""Unknown"", ""state"": ""NA"", ""zip"": ""00000"", ""longitude"": -107.6385, ""timezone"": ""America/Los_Angeles""}",Married,Nurse,Morales Corp,CareFirst,POL-738668,GRP-5681,468,2018-03-24,,tall,66,19.5,Former Smoker,Moderate,"None, Latex, Penicillin","Atrial Fibrillation, GERD","Bupropion, Duloxetine, Warfarin, Fluticasone",none,"Hypertension, Asthma, None",Korean,White,Active,1,RegistrationDB
511,Naomi,Stewart,2025-01-01,Female,o+,naomi.stewart@email.example.com,(237) 952-3158,Patricia Russell,(405) 731-7078,"{""line1"": ""7862 College Ave"", ""apt"": "", Suite 1"", ""city"": ""Charlotte"", ""state"": ""NC"", ""zip"": ""28201""}",Married,Librarian,Hernandez Corp,Centene,POL-673614,GRP-5103,285,2025-06-11,,tall,110,45.2,,Occasional,"Penicillin, Shellfish, Peanuts",,"Meloxicam, Metoprolol, Acetaminophen",None,None,English,Black or African American,Inactive,17,RegistrationDB
520,Pamela,Sullivan,1983-03-07,Female,O-,pamela.sullivan@email.example.com,(235) 269-8022,Kyle Washington,(469) 889-6284,"{""line1"": ""861 Union Ave"", ""apt"": """", ""city"": ""Jacksonville"", ""state"": ""FL"", ""zip"": ""32201"", ""latitude"": 35.9437, ""street_type"": ""Way"", ""country"": ""USA"", ""county"": ""King""}",Single,Physical Therapist,,Highmark,POL-925501,GRP-9036,222,2022-11-07,2024-08-15,165,59,21.7,Current Smoker,None,"Dust, Latex","Anemia, Sleep Apnea, Anxiety Disorder, GERD","Montelukast, Losartan, Hydrochlorothiazide, Albuterol","Mastectomy, Hernia repair","Stroke, Hypertension",English,Black or African American,Active,18,RegistrationDB
529,Oliver,Harris,1968-03-25,Male,O-,oliver.harris@email.example.com,(801) 215-8165,Frank Stewart,(640) 230-2801,"{""line1"": ""3675 Park Blvd"", ""apt"": """", ""city"": ""Fort Worth"", ""state"": ""TX"", ""zip"": ""76101"", ""county"": ""Miami-Dade""}",married,Logistics Coordinator,Ortiz Corp,Independence Blue Cross,POL-563083,GRP-5049,119,2020-05-07,2022-12-28,161,90,34.7,Never Assessed,None,"Sulfa, Codeine, Latex","Anemia, Type 2 Diabetes",None,None,"Alzheimer's, Heart Disease",English,White,Inactive,2,RegistrationDB
536,Christopher,Collins,2005-07-25,Male,O+,christopher.collins@email.example.com,(264) 971-6711,Samantha Stevens,(732) 853-6225,"{""line1"": ""8798 College Ave"", ""apt"": """", ""city"": ""Raleigh"", ""state"": ""NC"", ""zip"": ""27601"", ""county"": ""Cook"", ""neighborhood"": ""East Side"", ""latitude"": 37.8631}",Married,Administrative Assistant,,Independence Blue Cross,POL-125591,GRP-4895,410,2018-01-03,2018-08-03,166,107,38.8,Non-Smoker,Sometimes,Latex,,unknown,"C-section, Gastric bypass, Meniscectomy","Heart Disease, Asthma, Hypertension",Spanish,White,Active,5,RegistrationDB
538,Mark,Ford,1965-12-13,Male,AB+,mark.ford@email.example.com,(223) 414-9092,Barbara Gonzales,(471) 609-3314,"{""line1"": ""5078 Franklin Blvd"", ""apt"": """", ""city"": ""Sacramento"", ""state"": ""CA"", ""zip"": ""94201"", ""timezone"": ""America/Denver"", ""delivery_notes"": ""Call upon arrival""}",Separated,Mechanic,Murphy Corp,Highmark,POL-551359,GRP-8573,368,2018-01-01,2020-05-05,190,97,26.9,Current Smoker,None,Sulfa,"Anxiety Disorder, Rheumatoid Arthritis",None,none,"Cancer, Hypertension",English,White,Active,23,RegistrationDB
544,Wesley,Graham,1800-01-01,Male,O+,wesley.graham@email.example.com,2125550199,Maxwell Hill,(932) 634-1378,"{""line1"": ""3027 Forest Ave"", ""apt"": """", ""city"": ""Philadelphia"", ""state"": ""PA"", ""zip"": ""19101"", ""country"": ""USA""}",Married,Dental Hygienist,,Kaiser Permanente,POL-508144,GRP-6695,5,2023-12-17,2026-04-30,184,67,19.8,Non-Smoker,None,"Codeine, None","Crohn's Disease, Chronic Kidney Disease","Celecoxib, Montelukast, Metformin","Appendectomy, Spinal fusion",None,Mandarin,Black or African American,Inactive,3,RegistrationDB
548,Luna,Rodriguez,1996-04-12,,O+,luna.rodriguez@email.example.com,(281) 272-1872,Kimberly Bennett,(584) 881-2863,"{""line1"": ""260 Elm St"", ""apt"": "", # 43"", ""city"": ""Nashville"", ""state"": ""TN"", ""zip"": ""37201"", ""street_type"": ""Dr"", ""country"": ""USA"", ""longitude"": -111.5694}",Divorced,Dental Hygienist,Moore Corp,Molina Healthcare,POL-489819,GRP-3346,239,2018-03-21,2020-10-13,156,76,31.2,Former Smoker,Occasional,NSAIDs,N/A,"Ozempic, Losartan",Rotator cuff repair,"Hypertension, Arthritis, None",English,Black or African American,Active,12,RegistrationDB
556,Jacob,Jones,1968-01-02,Male,A+,jacob.jones@email.example.com,(868) 668-4443,Michael Watson,(302) 996-2301,"{""line1"": ""2962 Poplar St"", ""apt"": "", # 19"", ""city"": ""Boston"", ""state"": ""MA"", ""zip"": ""02101""}",Married,Insurance Agent,Diaz Corp,Health Net,POL-947807,GRP-4403,357,2020-11-18,2024-10-04,188,81,22.9,Current Smoker,Heavy,"Pollen, Penicillin, Shellfish",,Fluticasone,None,"Hypertension, Cancer",Spanish,Asian,Active,2,RegistrationDB
560,Joseph,Nelson,2001-01-10,Male,A+,joseph.nelson@email.example.com,(900) 206-5151,Bruce Lee,(332) 727-2708,"{""line1"": ""754 Lake Dr"", ""apt"": """", ""city"": ""Kansas City"", ""state"": ""MO"", ""zip"": ""64101"", ""timezone"": ""America/New_York"", ""county"": ""Dallas"", ""longitude"": -105.5207}",Single,Construction Worker,,CareFirst,POL-965755,GRP-3298,360,2025-05-07,2025-11-07,168,56,19.8,Non-Smoker,Occasional,"Codeine, Penicillin, NSAIDs",Congestive Heart Failure,Prednisone,"Cataract surgery, Hernia repair, Spinal fusion",Heart Disease,English,caucasian,Active,10,RegistrationDB
565,Isaac,Long,1971-06-04,Male,A+,isaac.long@email.example.com,(683) 223-5340,Patricia Ward,(339) 233-6905,"{""line1"": ""8458 Pine St"", ""apt"": """", ""city"": ""Milwaukee"", ""state"": ""WI"", ""zip"": ""53201"", ""country"": ""USA""}",Separated,Architect,Gibson Corp,Harvard Pilgrim,POL-550961,GRP-6033,199,2023-08-30,2026-10-28,187,108,30.9,Non-Smoker,Heavy,"Peanuts, Dust, NSAIDs","Chronic Kidney Disease, Migraine","Celecoxib, Metoprolol, Warfarin, Atorvastatin",Hysterectomy,None,Russian,Hispanic or Latino,Inactive,12,RegistrationDB
581,Lisa,West,1958-03-02,Female,O+,lisa.west@email.example.com,(519) 336-7578,Heather Baker,(620) 425-8305,"{""line1"": ""3938 Poplar St"", ""apt"": """", ""city"": ""Houston"", ""state"": ""TX"", ""zip"": ""77001""}",Single,Pharmacist,Bennett Corp,Humana,POL-630071,GRP-4341,493,2022-03-07,2025-05-01,158,106,42.5,Current Smoker,None,None,"Anemia, COPD, Osteoporosis","Montelukast, Ibuprofen","Laminectomy, Cholecystectomy, Hemorrhoidectomy","Heart Disease, Alzheimer's",Spanish,White,Active,3,RegistrationDB
582,Nora,King,2005-10-23,Female,A+,,(537) 727-8120,Penelope Perez,(761) 978-5184,"{""line1"": ""6071 Park Blvd"", ""apt"": "", Unit 19"", ""city"": ""Chicago"", ""state"": ""IL"", ""zip"": ""60601"", ""latitude"": 31.5079, ""longitude"": -87.2169}",Single,Writer,Ramirez Corp,Cigna HealthCare,POL-603908,GRP-2438,228,2021-06-18,2024-11-22,154,103,43.4,Former Smoker,Sometimes,"Peanuts, None, NSAIDs",,Warfarin,None,Diabetes,English,,Inactive,2,RegistrationDB
589,Emily,Smith,1990-09-08,F,O+,emily.smith@email.example.com,(628) 720-3411,Nora Flores,(626) 667-9398,"{""line1"": ""1432 Madison St"", ""apt"": """", ""city"": ""Minneapolis"", ""state"": ""MN"", ""zip"": ""55401"", ""neighborhood"": ""East Side""}",Widowed,Veterinarian,Campbell Corp,Highmark,POL-268185,GRP-8581,252,2022-04-16,,166,72,26.1,Never Assessed,None,"Shellfish, Peanuts","Fibromyalgia, Hypothyroidism, Chronic Kidney Disease","Hydrochlorothiazide, Clopidogrel",None,Heart Disease,Spanish,Black or African American,Active,4,RegistrationDB
591,Paisley,Woods,1950-12-06,Female,O-,paisley.woods@email.example.com,(553) 842-3335,Jasper Nelson,(857) 437-9272,"{""line1"": ""6672 Eighth Ave"", ""apt"": """", ""city"": ""Boston"", ""state"": ""MA"", ""zip"": ""02101"", ""timezone"": ""America/Denver"", ""country"": ""USA"", ""neighborhood"": ""Waterfront"", ""longitude"": -74.7182}",Separated,Pharmacist,,Highmark,POL-845224,GRP-5742,82,,1900-01-01,157,69,28.0,Non-Smoker,None,Peanuts,Hyperlipidemia,"Loratadine, Insulin glargine",None,None,Spanish,White,Inactive,19,RegistrationDB
592,Zachary,Butler,1972-04-21,Male,A+,zachary.butler@email.example.com,(303) 624-5827,Mateo Simmons,(509) 582-7220,"{""line1"": ""1725 Sunset Dr"", ""apt"": "", Suite 8"", ""city"": ""Charlotte"", ""state"": ""NC"", ""zip"": ""28201"", ""timezone"": ""America/Phoenix"", ""street_type"": ""Pl""}",Married,Unemployed,,Humana,POL-471479,GRP-3166,65,2023-03-27,2024-11-15,163,73,27.5,Former Smoker,Occasional,"None, Latex, NSAIDs",Fibromyalgia,None,"Spinal fusion, Rotator cuff repair, Hernia repair",Heart Disease,English,Black or African American,Active,20,RegistrationDB
593,Michelle,Cruz,1954-06-15,Non-Binary,B+,michelle.cruz@email.example.com,(325) 758-7225,Skylar Richardson,(820) 746-9764,"{""line1"": ""5939 Park Blvd"", ""apt"": """", ""city"": ""Austin"", ""state"": ""TX"", ""zip"": ""73301"", ""longitude"": -119.1091, ""latitude"": 37.3078, ""timezone"": ""America/Phoenix""}",Married,Retail Associate,,,,,142,2019-06-26,,154,56,23.6,Former Smoker,Occasional,"None, Shellfish, NSAIDs",,"Lisinopril, Apixaban, Metoprolol",Colectomy,"Diabetes, Cancer",English,White,Deceased,15,RegistrationDB
597,Emma,Long,1985-11-07,Female,O+,emma.long@email.example.com,(612) 836-7472,Walter Hunter,(200) 319-3666,"{""line1"": ""2543 Park Blvd"", ""apt"": "", # 9"", ""city"": ""Fresno"", ""state"": ""CA"", ""zip"": ""93701"", ""latitude"": 43.6655, ""county"": ""Cook"", ""landmark"": ""Behind Metro Station"", ""longitude"": -107.2127, ""floor_number"": 14}",Married,Flight Attendant,Sullivan Corp,Oscar Health,POL-129523,GRP-3295,356,2024-08-06,,154,43,18.1,Former Smoker,Occasional,"Pollen, Dust, Peanuts",Migraine,"Celecoxib, Spironolactone, Hydrochlorothiazide",Colectomy,None,Korean,White,Active,5,RegistrationDB
600,Virginia,West,1980-06-27,Female,A+,virginia.west@email.example.com,(391) 659-5569,Carolyn Moore,(608) 430-3552,"{""line1"": ""3709 Spring St"", ""apt"": """", ""city"": ""Oakland"", ""state"": ""CA"", ""zip"": ""94601""}",Married,Teacher,Smith Corp,Molina Healthcare,POL-439064,GRP-6817,225,2021-01-11,2025-01-20,159,52,20.6,Non-Smoker,Heavy,"NSAIDs, Shellfish, Dust",,None,Hysterectomy,None,Tagalog,Black or African American,Active,19,RegistrationDB
604,Mark,Russell,1987-07-28,Male,o+,mark.russell@email.example.com,(235) 330-7996,Ethan Clark,(221) 936-8227,"{""line1"": ""7984 Center St"", ""apt"": """", ""city"": ""Omaha"", ""state"": ""NE"", ""zip"": ""68101"", ""delivery_notes"": ""Deliver to reception"", ""timezone"": ""America/Phoenix"", ""country"": ""USA"", ""floor_number"": 35, ""longitude"": -74.8369}",Single,Mechanic,Carter Corp,,,,86,2018-10-20,2021-02-07,170,76,26.3,Non-Smoker,Former,"Dust, None, Pollen","Congestive Heart Failure, Chronic Kidney Disease, Osteoarthritis","Losartan, Bupropion, Levothyroxine, Lisinopril",None,None,Spanish,White,Active,12,RegistrationDB
604,Jennifer,Washington,1982-11-23,Female,O-,jennifer.washington@email.example.com,(339) 417-4546,Brian Ellis,(318) 594-6801,"{""line1"": ""5913 Willow Dr"", ""apt"": """", ""city"": ""San Jose"", ""state"": ""CA"", ""zip"": ""95101""}",Married,Military,,Humana,POL-246444,GRP-9845,171,2024-02-06,,154,49,20.7,Non-Smoker,Moderate,"Sulfa, Latex","Ulcerative Colitis, Irritable Bowel Syndrome, Fibromyalgia",None,"Carpal tunnel release, Mastectomy",Alzheimer's,English,White,Inactive,5,RegistrationDB
605,Larry,Rivera,1998-01-04,F,A+,larry.rivera@email.example.com,(794) 933-7806,Aiden Reynolds,(331) 347-8437,"{""line1"": ""7303 Highland Ave"", ""apt"": """", ""city"": ""Sacramento"", ""state"": ""CA"", ""zip"": ""94201"", ""delivery_notes"": ""Call upon arrival"", ""latitude"": 40.0017}",Single,Scientist,Hamilton Corp,Bright Health,POL-846512,GRP-1394,235,2021-06-07,2021-06-17,186,72,20.8,Never Assessed,Occasional,None,Congestive Heart Failure,"Ozempic, Cyclobenzaprine, Atorvastatin, Acetaminophen",None,"Cancer, Asthma",Mandarin,Hispanic or Latino,Active,2,RegistrationDB
610,Megan,Davis,1993-01-06,Female,O-,megan.davis@email.example.com,(369) 885-6805,Brian Howard,000-000-0000,"{""line1"": ""3409 Cherry Ln"", ""apt"": """", ""city"": ""Atlanta"", ""state"": ""GA"", ""zip"": ""30301"", ""timezone"": ""America/New_York"", ""neighborhood"": ""Waterfront""}",Divorced,Flight Attendant,White Corp,Kaiser Permanente,POL-504032,GRP-8781,254,2022-11-09,2025-06-04,152,63,27.3,Former Smoker,Sometimes,None,"Chronic Kidney Disease, Hyperlipidemia",Tramadol,"Rotator cuff repair, Cataract surgery, Appendectomy",None,English,Black or African American,Active,22,RegistrationDB
617,Kathleen,Hamilton,1975-06-05,Female,O-,kathleen.hamilton@email.example.com,(245) 564-6783,Joyce Patterson,(740) 420-1972,"{""line1"": ""7790 Aspen Ct"", ""apt"": "", Apt 19"", ""city"": ""San Francisco"", ""state"": ""CA"", ""zip"": ""94101""}",Married,Insurance Agent,Parker Corp,Oscar Health,POL-516119,GRP-8674,262,2022-10-30,2025-07-19,154,78,32.9,Non-Smoker,None,None,"Chronic Fatigue, Depression","Metoprolol, Sertraline, Loratadine, Duloxetine",Hemorrhoidectomy,"Hypertension, Cancer, Stroke",English,Hispanic or Latino,Active,25,RegistrationDB
625,George,Chavez,1988-03-14,Male,A-,george.chavez@email.example.com,(936) 810-1671,Joyce Porter,(548) 770-8221,"{""line1"": ""8739 Fifth St"", ""apt"": "", Suite 42"", ""city"": ""Oakland"", ""state"": ""CA"", ""zip"": ""94601""}",Divorced,Administrative Assistant,,Bright Health,POL-367659,,340,2019-06-03,2020-03-14,188,93,26.3,Never Assessed,Moderate,"Penicillin, Shellfish, Sulfa",Ulcerative Colitis,"Cyclobenzaprine, Duloxetine",None,"Stroke, Arthritis",English,White,Active,17,RegistrationDB
628,Gabriel,Watson,2005-04-28,Male,A+,gabriel.watson@email.example.com,(560) 302-4213,Pamela Ruiz,(690) 615-6773,"{""line1"": ""5673 Poplar St"", ""apt"": """", ""city"": ""Dallas"", ""state"": ""TX"", ""zip"": ""75201"", ""street_type"": ""Pl"", ""floor_number"": 22, ""country"": ""USA""}",Separated,Retired,Jackson Corp,Independence Blue Cross,POL-571381,GRP-8092,441,2024-02-22,2026-01-06,175,,22.2,never assessed,None,"Penicillin, Sulfa, Peanuts","Coronary Artery Disease, Chronic Fatigue","Eliquis, Spironolactone",None,None,English,White,Active,2,RegistrationDB
630,Samuel,Ross,1992-11-16,Male,O+,samuel.ross@email.example.com,(871) 706-8318,Skylar Flores,(992) 391-2517,"{""line1"": ""6722 Jefferson Ave"", ""apt"": """", ""city"": ""Baltimore"", ""state"": ""MD"", ""zip"": ""21201"", ""latitude"": 45.3381, ""street_type"": ""Cir"", ""longitude"": -106.7164, ""timezone"": ""America/Phoenix""}",Married,Plumber,McDonald Corp,Cigna HealthCare,POL-845609,GRP-7574,201,2022-07-11,2025-05-31,173,heavy,27.7,Never Assessed,,"Sulfa, Codeine",,None,None,"Stroke, Hypertension, None",English,White,Active,21,RegistrationDB
637,Aiden,Hamilton,1993-06-25,Male,o+,aiden.hamilton@email.example.com,(554) 344-6064,Aaron Peterson,(473) 863-7246,"{""line1"": ""7305 Broadway"", ""apt"": """", ""city"": ""Sacramento"", ""state"": ""CA"", ""zip"": ""94201"", ""timezone"": ""America/Denver"", ""street_type"": ""Ave"", ""country"": ""USA"", ""landmark"": ""Behind Metro Station""}",Married,Insurance Agent,Hall Corp,Harvard Pilgrim,POL-373372,GRP-5197,315,2018-06-21,2020-09-15,179,90,28.1,Current Smoker,Occasional,"PENICILLIN, SULFA","Osteoporosis, Atrial Fibrillation","Duloxetine, Pantoprazole",Vasectomy,"Asthma, Alzheimer's",Spanish,White,Active,18,RegistrationDB
638,Stephen,Diaz,1954-12-29,Male,O+,stephen.diaz1@email.example.com,(394) 875-6386,Lincoln Nguyen,(383) 822-5830,"{""line1"": ""6729 Third St"", ""apt"": """", ""city"": ""Kansas City"", ""state"": ""MO"", ""zip"": ""64101"", ""country"": ""USA""}",Married,Librarian,N/A,Blue Cross Blue Shield,POL-616246,GRP-5998,290,2024-08-15,,164,99,36.8,Current Smoker,None,"None, Peanuts",,"Cyclobenzaprine, Atorvastatin, Levothyroxine, Warfarin",None,"DM, HTN, CAD",English,Asian,Active,2,RegistrationDB
640,Diane,Gonzales,1993-07-14,Mle,O+,diane.gonzales@email.example.com,(789) 401-6251,Julie Butler,(799) 285-2324,"{""line1"": ""5702 Madison St"", ""apt"": "", Apt 22"", ""city"": ""Colorado Springs"", ""state"": ""CO"", ""zip"": ""80901""}",Widowed,Plumber,,Harvard Pilgrim,POL-156788,GRP-2773,372,2020-08-20,2023-12-10,165,111,40.8,Never Assessed,Occasional,"Penicillin, Shellfish","Ulcerative Colitis, COPD","Levothyroxine, Amlodipine, Spironolactone",None,"Cancer, Arthritis, Stroke",Tagalog,Hispanic or Latino,Active,13,RegistrationDB
641,Aurora,Castillo,1994-05-16,Female,O+,aurora.castillo@email.example.com,(868) 668-4443,Scarlett Jimenez,(610) 433-6054,"{""line1"": ""6147 Sunset Dr"", ""apt"": """", ""city"": ""Minneapolis"", ""state"": ""MN"", ""zip"": ""55401"", ""timezone"": ""America/New_York"", ""neighborhood"": ""East Side"", ""floor_number"": 31}",Widowed,Chef,Owens Corp,UnitedHealthcare,POL-790523,GRP-8062,174,2020-10-06,2024-10-12,163,70,26.3,Never Assessed,None,"Dust, Pollen, Codeine","Chronic Kidney Disease, Sleep Apnea, Rheumatoid Arthritis, Type 2 Diabetes",None,None,"Heart Disease, Stroke, Asthma",Spanish,White,Active,9,RegistrationDB
650,Ruth,UNKNOWN,1997-07-03,Female,O+,ruth.thompson@email.example.com,(776) 264-5027,Daniel Young,(519) 937-8402,"{""line1"": ""5503 Lincoln Blvd"", ""apt"": "", Suite 48"", ""city"": ""Virginia Beach"", ""state"": ""VA"", ""zip"": ""23450"", ""street_type"": ""Cir"", ""longitude"": -96.8948}",Separated,Police Officer,Perez Corp,Aetna,POL-409753,GRP-5851,393,2019-07-12,,162,67,-5,Never Assessed,Heavy,"Pollen, None, Shellfish","COPD, Rheumatoid Arthritis, Chronic Kidney Disease, Depression","Sertraline, Eliquis","Sleeve gastrectomy, Appendectomy",None,English,White,Active,17,RegistrationDB
652,Timothy,Jackson,1993-04-17,Male,O+,timothy.jackson@email.example.com,(753) 381-9598,Joyce Castillo,(725) 220-9521,"{""line1"": ""2500 Market St"", ""apt"": """", ""city"": ""Indianapolis"", ""state"": ""IN"", ""zip"": ""46201"", ""neighborhood"": ""Uptown"", ""street_type"": ""St"", ""latitude"": 36.7385}",Single,Construction Worker,Powell Corp,Geisinger,POL-577452,GRP-7491,189,2019-11-15,2022-02-08,164,65,24.2,Former Smoker,None,"Shellfish, None, Penicillin","Eczema, Migraine, Fibromyalgia, Hypothyroidism","Montelukast, Warfarin, Pantoprazole, Eliquis","Carpal tunnel release, Total hip replacement","DM, HTN, CAD",English,Asian,Active,29,RegistrationDB
655,Russell,Bryant,1953-07-03,Male,O+,russell.bryant@email.example.com,(794) 709-4856,,000-000-0000,"{""line1"": ""2920 Cedar Ln"", ""apt"": """", ""city"": ""Miami"", ""state"": ""FL"", ""zip"": ""33101"", ""latitude"": 26.2054}",Married,Librarian,Gibson Corp,Humana,POL-113859,GRP-8812,331,2020-09-17,2023-12-08,179,65,20.3,Non-Smoker,Occasional,"Dust, Shellfish, Pollen",Atrial Fibrillation,"Tramadol, Loratadine, Insulin glargine, Bupropion",None,None,Spanish,White,Active,13,RegistrationDB
656,Pamela,Kim,2004-10-12,Female,A-,pamela.kim@email.example.com,(865) 664-9263,Anthony Ramirez,(440) 955-8930,"{""line1"": ""6604 Lake Dr"", ""apt"": """", ""city"": ""Cleveland"", ""state"": ""OH"", ""zip"": ""44101"", ""timezone"": ""America/Denver"", ""landmark"": ""Near Hospital"", ""latitude"": 37.0596, ""country"": ""USA""}",Married,Artist,Baker Corp,Blue Cross Blue Shield,POL-705421,GRP-1479,328,2022-08-28,2025-06-23,162,96,36.6,never assessed,None,NSAIDs,,None,None,"None, Hypertension, Stroke",English,Hispanic or Latino,Active,24,RegistrationDB
659,12345,Ortiz,1990-12-31,Female,O+,maria.ortiz@email.example.com,2125550199,Wesley Lewis,(509) 909-6059,"{""line1"": ""7200 Walnut Ave"", ""apt"": """", ""city"": ""Seattle"", ""state"": ""WA"", ""zip"": ""98101"", ""timezone"": ""America/Denver""}",Divorced,Professor,,Geisinger,,GRP-8986,330,2020-06-07,2022-10-04,150,82,,Former Smoker,Moderate,"None, Codeine, Latex",,None,None,"Diabetes, Stroke, Hypertension",ENGLISH,White,,18,RegistrationDB
664,Walter,Graham,1989-11-15,Male,O+,walter.graham@email.example.com,(615) 991-7977,Bobby Crawford,(600) 211-2070,"{""line1"": ""5125 Hickory St"", ""apt"": """", ""city"": ""Raleigh"", ""state"": ""NC"", ""zip"": ""27601""}",Married,Manager,Freeman Corp,Oscar Health,POL-780013,GRP-6365,71,2023-08-28,2024-03-29,179,57,17.8,Never Assessed,Occasional,"Sulfa, Shellfish, None",GERD,Ibuprofen,None,None,English,White,Active,21,RegistrationDB
666,Levi,Howard,1972-08-01,Male,A+,levi.howard@email.example.com,(494) 368-1848,Robert Gomez,(793) 321-7731,"{""line1"": ""9992 Birch St"", ""apt"": """", ""city"": ""Jacksonville"", ""state"": ""FL"", ""zip"": ""32201"", ""street_type"": ""Pl"", ""latitude"": 45.6245}",Widowed,Retired,Ford Corp,MetLife,POL-857601,GRP-2577,384,2021-09-17,2023-10-10,171,68,23.3,never assessed,None,Null,Crohn's Disease,Metoprolol,None,"Alzheimer's, Diabetes",English,White,Active,13,RegistrationDB
668,Jonathan,Myers,1961-01-24,Male,A+,jonathan.myers@email.example.com,(980) 607-2486,Jeffrey Wood,(745) 761-7334,"{""line1"": ""6066 Park Blvd"", ""apt"": """", ""city"": ""Seattle"", ""state"": ""WA"", ""zip"": ""98101"", ""street_type"": ""Ave"", ""country"": ""USA"", ""neighborhood"": ""West Side""}",Single,Dental Hygienist,Flores Corp,Molina Healthcare,POL-372269,GRP-6338,497,2018-01-30,2020-02-15,177,79,normal,Former Smoker,Moderate,"Shellfish, Sulfa, Penicillin",,Aspirin,None,"Alzheimer's, Heart Disease",English,White,Inactive,21,RegistrationDB
678,Zoey,Adams,1974-04-07,Female,AB+,zoey.adams@email.example.com,(998) 391-3275,N/A,(575) 504-9066,"{""line1"": ""1585 Madison St"", ""apt"": """", ""city"": ""Tucson"", ""state"": ""AZ"", ""zip"": ""85701"", ""neighborhood"": ""Uptown"", ""county"": ""Maricopa"", ""timezone"": ""America/New_York"", ""longitude"": -74.2636, ""latitude"": 25.364}",Single,Chef,Allen Corp,Tufts Health Plan,POL-337229,GRP-7211,397,2021-07-20,2022-02-24,186,53,15.3,Non-Smoker,Moderate,Codeine,,"Meloxicam, Tramadol, Warfarin, Loratadine",None,None,English,Hispanic or Latino,Active,9,RegistrationDB
684,Melissa,McDonald,1996-05-10,,B+,melissa.mcdonald@email.example.com,(966) 782-1075,Savannah Woods,(389) 432-8105,"{""line1"": ""2593 Oak Ave"", ""apt"": """", ""city"": ""Columbus"", ""state"": ""OH"", ""zip"": ""43201""}",Married,Bank Teller,,Kaiser Permanente,POL-158063,GRP-6343,20,2025-06-07,2029-03-05,163,97,36.5,Former Smoker,Former,"Codeine, Penicillin, Shellfish",Coronary Artery Disease,None,Hemorrhoidectomy,Cancer,English,White,Active,23,RegistrationDB
685,Katherine,Reed,2005-01-16,F,A-,katherine.reed@email.example.com,(961) 714-9802,Hannah Price,(472) 952-8094,"{""line1"": ""4527 Ash Ct"", ""apt"": """", ""city"": ""Atlanta"", ""state"": ""GA"", ""zip"": ""30301"", ""street_type"": ""Rd"", ""county"": ""Queens"", ""delivery_notes"": ""Call upon arrival"", ""longitude"": -76.315}",Married,Scientist,,Centene,POL-586857,GRP-7403,224,2019-12-21,2023-01-16,166,84,30.5,Non-Smoker,Occasional,"Pollen, None",,Levothyroxine,Thyroidectomy,"Diabetes, Alzheimer's, Cancer",English,White,Active,7,RegistrationDB
687,Shirley,Brown,1994-11-17,Female,O+,shirley.brown@email.example.com,(881) 877-4746,Alexander Butler,000-000-0000,"{""line1"": ""1829 Beechwood Ave"", ""apt"": """", ""city"": ""San Diego"", ""state"": ""CA"", ""zip"": ""92101"", ""longitude"": -83.4226}",Married,Lawyer,,Harvard Pilgrim,POL-748290,GRP-9572,401,2022-06-12,1900-01-01,166,76,27.6,Never Assessed,Occasional,"Shellfish, Latex, Sulfa","Fibromyalgia, Depression",Levothyroxine,None,Asthma,Spanglish,Hispanic or Latino,Inactive,16,RegistrationDB
689,Luke,Jackson,1984-07-09,F,A+,luke.jackson@email.example.com,(449) 757-1300,Madelyn Parker,(581) 455-1732,"{""line1"": ""9190 Lake Dr"", ""apt"": """", ""city"": ""Fort Worth"", ""state"": ""TX"", ""zip"": ""76101"", ""longitude"": -116.4357, ""delivery_notes"": ""Leave at door""}",Separated,Flight Attendant,Hernandez Corp,Molina Healthcare,POL-134109,GRP-8973,320,2023-04-09,2023-04-22,182,64,19.3,Former Smoker,Occasional,"Pollen, NSAIDs, Shellfish","Congestive Heart Failure, Osteoarthritis","Furosemide, Hydrochlorothiazide, Metformin, Cetirizine",None,"Alzheimer's, Arthritis, None",English,White,Active,23,RegistrationDB
690,Jacqueline,Gibson,1967-08-20,Female,O+,jacqueline.gibson@email.example.com,(576) 773-9201,Cynthia Torres,(636) 959-7767,"{""line1"": ""4329 Birch St"", ""apt"": """", ""city"": ""Los Angeles"", ""state"": ""CA"", ""zip"": ""90001"", ""country"": ""USA"", ""neighborhood"": ""East Side"", ""street_type"": ""Way""}",Single,Dental Hygienist,,Aetna,POL-257936,GRP-4756,30,2022-06-03,2023-01-15,165,76,27.9,Former Smoker,,None,"Osteoarthritis, Chronic Fatigue","Gabapentin, Atorvastatin",None,"Diabetes, Alzheimer's",English,White,Inactive,17,RegistrationDB
691,Samantha,Thomas,1985-11-12,,O+,samantha.thomas@email.example.com,(546) 212-7291,Brandon Flores,(886) 343-5225,,Married,Professor,Richardson Corp,Anthem,POL-598991,GRP-1673,84,2022-03-15,2025-08-14,159,59,23.3,Never Assessed,Heavy,None,,None,None,Hypertension,English,White,Active,21,RegistrationDB
704,Jennifer,Webb,1997-07-05,Female,O-,jennifer.webb@email.example.com,(257) 464-6947,Frank Mitchell,(919) 443-2681,"{""line1"": ""5494 Cedar Ln"", ""apt"": """", ""city"": ""Cleveland"", ""state"": ""OH"", ""zip"": ""44101"", ""longitude"": -98.1701, ""county"": ""Harris"", ""neighborhood"": ""Southside""}",Married,Teacher,Price Corp,Tufts Health Plan,POL-970404,GRP-3792,237,2020-05-19,2024-01-24,162,101,38.5,Non-Smoker,None,"NSAIDs, Codeine, Penicillin","Hypothyroidism, Eczema, Coronary Artery Disease",None,none,None,English,White,Active,13,RegistrationDB
711,Dorothy,Simpson,1986-11-08,Female,AB+,dorothy.simpson@email.example.com,(584) 624-4038,Eric Jordan,(307) 996-5823,"{""line1"": ""8426 Magnolia Way"", ""apt"": """", ""city"": ""Miami"", ""state"": ""FL"", ""zip"": ""33101"", ""landmark"": ""Behind Metro Station"", ""street_type"": ""St""}",Single,Flight Attendant,Hicks Corp,UnitedHealthcare,POL-509743,GRP-3723,126,2021-11-23,,168,65,23.0,Non-Smoker,Occasional,"Codeine, NSAIDs, Penicillin",,"Omeprazole, Jardiance, Sertraline",None,None,Vietnamese,Hispanic or Latino,Active,13,RegistrationDB
713,Harrison,Smith,2025-01-01,Male,A+,harrison.smith@email.example.com,(532) 253-7335,Miles Taylor,(878) 374-7461,"{""line1"": ""6228 Adams Way"", ""apt"": """", ""city"": ""Miami"", ""state"": ""FL"", ""zip"": ""33101"", ""latitude"": 35.9393}",Married,Logistics Coordinator,Howard Corp,Blue Cross Blue Shield,POL-360238,GRP-8216,393,2025-11-30,2027-07-28,167,0,26.2,Former Smoker,None,"Peanuts, NSAIDs",,"Lisinopril, Montelukast, Eliquis",Colectomy,"Hypertension, Stroke",English,White,Active,17,RegistrationDB
729,James,Richardson,1994-03-21,Male,O+,james.richardson@email.example.com,(893) 265-9362,Angela Anderson,(879) 380-9349,"{""line1"": ""1566 Magnolia Way"", ""apt"": "", # 35"", ""city"": ""Fort Worth"", ""state"": ""TX"", ""zip"": ""76101"", ""longitude"": -104.2164, ""timezone"": ""America/Phoenix"", ""latitude"": 38.7977, ""landmark"": ""Near Hospital""}",Married,Student,,,,,38,2023-08-11,2024-05-28,164,71,26.4,Former Smoker,Moderate,None,"Irritable Bowel Syndrome, Anemia, Osteoarthritis, Congestive Heart Failure","Jardiance, Spironolactone, Cetirizine",None,Arthritis,Arabic,White,Active,19,RegistrationDB
744,Douglas,WELLS,1988-12-07,Male,A+,douglas.wells@email.example.com,(852) 684-1033,Grace Hernandez,(444) 287-2447,"{""line1"": ""4868 River Rd"", ""apt"": """", ""city"": ""Houston"", ""state"": ""TX"", ""zip"": ""77001""}",Widowed,Pharmacist,Moore Corp,Blue Cross Blue Shield,POL-555532,G1234,478,2019-11-24,2023-06-15,174,84,27.7,Non-Smoker,Occasional,"Codeine, NSAIDs, Dust",Sleep Apnea,"Jardiance, Clopidogrel","ACL reconstruction, Laminectomy",None,English,Black or African American,Active,9,RegistrationDB
752,Ella,Jones,2004-09-19,Female,O-,ella.jones@email.example.com,abc-def-ghij,John Simpson,(919) 286-6447,"{""line1"": ""3518 Beechwood Ave"", ""apt"": "", # 32"", ""city"": ""Washington"", ""state"": ""DC"", ""zip"": ""20001"", ""longitude"": -115.717}",Single,Business Owner,Roberts Corp,Blue Cross Blue Shield,POL-621010,GRP-7518,401,2018-04-25,2020-02-27,161,75,28.9,Non-Smoker,,None,"Anxiety Disorder, Type 2 Diabetes","Gabapentin, Omeprazole, Fluticasone",Vasectomy,"Asthma, Diabetes, None",English,White,Inactive,16,RegistrationDB
753,Zoey,Reed,1995-02-09,Female,A+,zoey.reed@email.example.com,12345,Justin Smith,(845) 245-2046,"{""line1"": ""4809 Adams Way"", ""apt"": "", Unit 8"", ""city"": ""San Diego"", ""state"": ""CA"", ""zip"": ""92101""}",Separated,HR Specialist,,Health Net,POL-739672,GRP-6091,319,2019-01-25,2022-03-01,,55,20.0,Former Smoker,Occasional,"None, Latex, Codeine",,None,None,"Hypertension, Cancer",English,Asian,,15,RegistrationDB
755,Luke,Wood,1986-06-23,Male,O-,luke.wood@email.example.com,(957) 793-7644,Maria Thomas,(355) 930-2549,"{""line1"": ""1748 Forest Ave"", ""apt"": """", ""city"": ""Dallas"", ""state"": ""TX"", ""zip"": ""75201"", ""county"": ""Queens"", ""neighborhood"": ""Suburbs""}",Married,Lawyer,Howard Corp,Geisinger,POL-238454,G1234,159,2019-09-02,,174,62,20.5,Non-Smoker,Former,"Peanuts, Penicillin, None","Anemia, Chronic Fatigue","Clopidogrel, Sertraline, Loratadine",Cataract surgery,None,English,White,Active,15,RegistrationDB
760,Harold,Nguyen,2025-06-15,Male,A+,harold.nguyen@email.example.com,(309) 523-6786,,(789) 772-2394,"{""line1"": ""7543 Fifth St"", ""apt"": """", ""city"": ""San Antonio"", ""state"": ""TX"", ""zip"": ""78201"", ""landmark"": ""Close to University"", ""street_type"": ""St"", ""floor_number"": 30}",Divorced,Social Worker,,Anthem,POL-875543,GRP-3246,87,2023-11-15,2025-02-21,189,85,23.8,Former Smoker,Occasional,Shellfish,,"Lisinopril, Meloxicam, Celecoxib, Duloxetine","Spinal fusion, Cataract surgery, Total knee replacement","Hypertension, None",English,Black or African American,Active,13,RegistrationDB
778,Jerry,,2002-12-11,Male,A-,jerry.nguyen@email.example.com,(708) 517-3133,Carl Nguyen,(900) 927-4693,"{""line1"": ""7197 Ash Ct"", ""apt"": "", Apt 26"", ""city"": ""Fresno"", ""state"": ""CA"", ""zip"": ""93701"", ""county"": ""King""}",Married,Flight Attendant,,Anthem,POL-330294,GRP-1786,141,2020-06-01,2020-08-01,166,89,32.3,Never Assessed,Moderate,Sulfa,Asthma,Meloxicam,None,"None, Cancer, Stroke",English,Other,Active,22,RegistrationDB
781,Avery,Reyes,2025-01-01,Female,A+,avery.reyes@email.example.com,(894) 265-8423,Kyle Garcia,(839) 951-6452,"{""line1"": ""5900 Oak Ave"", ""apt"": "", Unit 37"", ""city"": ""Albuquerque"", ""state"": ""NM"", ""zip"": ""87101"", ""street_type"": ""Ct""}",Divorced,Administrative Assistant,Alvarez Corp,Atena,POL-545536,GRP-5197,300,2019-11-13,1900-01-01,151,106,46.5,Current Smoker,None,"Shellfish, Pollen, None",,"Levothyroxine, Tramadol, Warfarin, Gabapentin",None,"Asthma, Stroke",French,White,Deceased,20,RegistrationDB
799,Carol,Gonzalez,1988-10-02,Female,A-,carol.gonzalez@email.example.com,,Stephanie Morgan,(839) 624-4878,"{""line1"": ""8012 Monroe Dr"", ""apt"": """", ""city"": ""Cleveland"", ""state"": ""OH"", ""zip"": ""44101"", ""country"": ""USA""}",Married,Firefighter,Turner Corp,Harvard Pilgrim,POL-452518,GRP-1606,421,2022-12-12,2024-04-18,170,92,150,Non-Smoker,Moderate,"Dust, Latex, Pollen","Rheumatoid Arthritis, GERD, Psoriasis, Coronary Artery Disease",Prednisone,Cholecystectomy,"Alzheimer's, Asthma, Diabetes",Vietnamese,Hispanic or Latino,Active,4,RegistrationDB
801,Terry,Jordan,2000-10-05,Male,B-,terry.jordan@email.example.com,(306) 933-8194,Gabriel Reed,(258) 450-4001,"{""line1"": ""9902 Ash Ct"", ""apt"": """", ""city"": ""Minneapolis"", ""state"": ""MN"", ""zip"": ""55401"", ""timezone"": ""America/Los_Angeles"", ""latitude"": 28.6363}",Divorced,Professor,Ellis Corp,MetLife,POL-698480,GRP-6018,230,2023-04-07,2023-09-15,183,79,23.6,Former Smoker,Occasional,"Shellfish, Sulfa, Peanuts",,"Furosemide, Eliquis",None,"Stroke, Asthma",French,White,Active,8,RegistrationDB
810,Lisa,Hughes,1980-07-28,Female,O-,lisa.hughes@email.example.com,(273) 475-9965,Caleb Flores,(299) 333-1089,"{""line1"": ""5998 Aspen Ct"", ""apt"": """", ""city"": ""Louisville"", ""state"": ""KY"", ""zip"": ""40201""}",Married,Student,,Blue Cross Blue Shield,POL-779862,GRP-4030,453,2025-03-06,2028-06-27,158,53,21.2,Never Assessed,Occasional,"None, Penicillin, Shellfish","COPD, Anemia, Irritable Bowel Syndrome, Eczema","Acetaminophen, Amlodipine, Metformin, Pantoprazole",Hemorrhoidectomy,None,English,White,Active,17,RegistrationDB
812,Pamela,Hughes,1990-10-24,Female,O+,pamela.hughes@email.example.com,(857) 262-5369,Ella Tucker,(470) 640-6371,"{""line1"": ""3220 Park Blvd"", ""apt"": "", Unit 12"", ""city"": ""Indianapolis"", ""state"": ""IN"", ""zip"": ""46201"", ""county"": ""Miami-Dade"", ""latitude"": 43.2074, ""landmark"": ""Next to Mall"", ""timezone"": ""America/Denver""}",Married,Mechanic,Garcia Corp,Molina Healthcare,POL-622590,GRP-6142,187,2021-06-25,2025-06-22,161,84,32.4,Non-Smoker,None,None,"Chronic Kidney Disease, Depression, Ulcerative Colitis","Montelukast, Metoprolol, Hydrochlorothiazide, Bupropion",None,"Hypertension, Cancer, Asthma",Russian,Black or African American,Inactive,16,RegistrationDB
,Maxwell,Sanchez,1976-03-03,Male,A+,maxwell.sanchez@email.example.com,(738) 785-1155,Logan Gutierrez,(708) 971-6945,"{""line1"": ""8306 River Rd"", ""apt"": """", ""city"": ""New Orleans"", ""state"": ""LA"", ""zip"": ""70112"", ""street_type"": ""Rd"", ""neighborhood"": ""Suburbs""}",Married,---,AAAAAAAAAAAAAAAAAAAAAAAAAAAAAAAAAAAAAAAAAAAAAAAAAAAAAAAAAAAAAAAAAAAAAAAAAAAAAAAAAAAAAAAAAAAAAAAAAAAAAAAAAAAAAAAAAAAAAAAAAAAAAAAAAAAAAAAAAAAAAAAAAAAAAAAAAAAAAAAAAAAAAAAAAAAAAAAAAAAAAAAAAAAAAAAAAAAAAAAA,Cigna HealthCare,POL-447534,GRP-8497,100,2021-12-19,2024-06-22,167,87,31.2,Former Smoker,None,None,Osteoporosis,Celecoxib,None,None,English,White,Active,5,RegistrationDB
821,Nathan,Hunter,1977-05-27,Male,O+,nathan.hunter@email.example.com,(377) 306-8820,Emily Lewis,(826) 334-2572,"{""line1"": ""3431 Cedar Ln"", ""apt"": """", ""city"": ""Dallas"", ""state"": ""TX"", ""zip"": ""75201"", ""floor_number"": 6, ""neighborhood"": ""East Side"", ""country"": ""USA""}",Married,UnemPloyed,West Corp,,,,493,2025-10-24,1900-01-01,171,88,30.1,Non-Smoker,Moderate,"Penicillin, Codeine, None","Sleep Apnea, Chronic Fatigue","Insulin glargine, Montelukast, Ozempic, Gabapentin",None,"Hypertension, None, Diabetes",English,White,Active,3,RegistrationDB
830,Michelle,PHILLIPS,01/15/1987,Female,O+,michelle.phillips@email.example.com,(839) 303-3448,Luna Young,(995) 880-2096,"{""line1"": ""3475 Center St"", ""apt"": "", # 16"", ""city"": ""Boston"", ""state"": ""MA"", ""zip"": ""02101"", ""neighborhood"": ""East Side"", ""street_type"": ""Blvd""}",Married,Lawyer,Rivera Corp,Cigna,POL-360609,G1234,356,2018-11-06,2022-01-09,156,85,34.9,Non-Smoker,Former,Sulfa,"Depression, Anxiety Disorder","Metoprolol, Warfarin, Eliquis, Furosemide",None,"Cancer, Alzheimer's, Diabetes",English,Asian,Inactive,5,RegistrationDB
832,Dylan,Hughes,1999-02-26,Male,AB,dylan.hughes@email.example.com,(417) 577-6488,Madelyn Gonzales,(757) 542-8653,"{""line1"": ""5694 Elm St"", ""apt"": """", ""city"": ""Oakland"", ""state"": ""CA"", ""zip"": ""94601"", ""timezone"": ""America/Chicago"", ""country"": ""USA""}",Married,Veterinarian,,Blue Cross Blue Shield,POL-464361,GRP-5035,433,2018-05-22,2019-09-03,166,78,28.3,Non-Smoker,Occasional,"Pollen, Peanuts",Atrial Fibrillation,"Apixaban, Amlodipine, Metformin, Furosemide","Total knee replacement, Total hip replacement, Cholecystectomy","Arthritis, Hypertension, Alzheimer's",English,White,Active,7,RegistrationDB
834,Zoey,Harris,2002-05-25,Female,AB,zoey.harris@email.example.com,(642) 938-4942,Aaron Patterson,(542) 563-8135,"{""line1"": ""9852 Poplar St"", ""apt"": """", ""city"": ""Nashville"", ""state"": ""TN"", ""zip"": ""37201"", ""neighborhood"": ""Southside"", ""country"": ""USA"", ""latitude"": 47.6855, ""delivery_notes"": ""Call upon arrival""}",Married,Accountant,Moore Corp,Molina Healthcare,POL-166937,GRP-3777,457,2019-11-03,2019-12-04,156,64,26.3,Non-Smoker,Occasional,Null,"Sleep Apnea, Fibromyalgia, Crohn's Disease, Atrial Fibrillation","Meloxicam, Sertraline",None,"Asthma, Cancer, Heart Disease",English,White,Active,6,RegistrationDB
843,David,Myers,1998-10-21,Male,B-,david.myers@email.example.com,(852) 461-6528,Mason Freeman,(763) 966-3541,"{""line1"": ""907 Lake Dr"", ""apt"": "", Apt 35"", ""city"": ""Albuquerque"", ""state"": ""NM"", ""zip"": ""87101""}",Married,Dentist,Hill Corp,Cigna HealthCare,POL-364918,GRP-3148,459,2022-04-12,2025-01-30,165,74,27.2,Non-Smoker,Occasional,Dust,,"Meloxicam, Fluticasone, Atorvastatin, Eliquis",None,None,English,White,Inactive,7,RegistrationDB
848,Nancy,Cruz,2025-01-01,Female,O+,nancy.cruz@email.example.com,(512) 347-4865,Linda Ortiz,(509) 904-2777,"{""line1"": ""6551 Hickory St"", ""apt"": "", Apt 38"", ""city"": ""Tulsa"", ""state"": ""OK"", ""zip"": ""74101""}",Married,Lawyer,,Kaiser Permanente,POL-622261,GRP-7894,167,2020-05-29,,160,69,27.0,Current Smoker,None,"NSAIDs, Codeine, Sulfa","Depression, Coronary Artery Disease",Prednisone,None,"Diabetes, Arthritis, Asthma",Spanglish,Hispanic or Latino,Active,14,RegistrationDB
850,Bruce,Owens,1994-08-09,Male,O+,bruce.owens@email.example.com,(641) 604-4031,Susan Griffin,(796) 930-2666,"{""line1"": ""6244 Magnolia Way"", ""apt"": """", ""city"": ""Los Angeles"", ""state"": ""CA"", ""zip"": ""90001""}",Single,Nurse,James Corp,Anthem,POL-426609,GRP-5609,344,2022-08-08,2026-03-11,184,65,19.2,Current Smoker,Occasional,Peanuts,,"Jardiance, Duloxetine, Ozempic, Aspirin",Cataract surgery,Hypertension,Spanish,caucasian,Active,3,RegistrationDB
854,Jackson,Jones,1969-10-28,Male,O+,jackson.jones@email.example.com,(841) 809-5547,Aria Hall,(328) 382-8119,"{""line1"": ""749 Monroe Dr"", ""apt"": """", ""city"": ""San Jose"", ""state"": ""CA"", ""zip"": ""95101"", ""country"": ""USA""}",Single,Veterinarian,,Bright Health,POL-110354,GRP-2507,436,2020-08-27,2024-06-18,183,96,28.7,Current Smoker,None,"Sulfa, Shellfish, Penicillin",,"Metoprolol, Duloxetine","Carpal tunnel release, Appendectomy","Asthma, Arthritis",English,White,Active,24,RegistrationDB
855,Samuel,Robinson,2003-05-14,Male,A+,samuel.robinson@email.example.com,(990) 573-5002,Mary Robinson,(465) 401-7959,"{""line1"": ""3636 Birch St"", ""apt"": "", Suite 16"", ""city"": ""Memphis"", ""state"": ""TN"", ""zip"": ""38101"", ""county"": ""Dallas"", ""country"": ""USA"", ""timezone"": ""America/Denver""}",Single,Doctor,Baker Corp,Oscar Health,POL-761664,GRP-4650,421,2020-05-20,2022-10-02,158,67,26.8,Current Smoker,Occasional,"Dust, Sulfa",Hypertension,"Prednisone, Acetaminophen, Hydrochlorothiazide",None,"Stroke, Diabetes",English,White,Active,4,RegistrationDB
857,Jessica,Patel,1994-10-04,Female,B-,jessica.patel@email.example.com,(857) 758-9930,Savannah Martin,(738) 351-9969,"{""line1"": ""2170 Center St"", ""apt"": """", ""city"": ""Tampa"", ""state"": ""FL"", ""zip"": ""33601""}",Single,Data Analyst,White Corp,Kaiser Permanente,POL-364629,GRP-9867,490,2024-11-03,2028-02-28,159,88,34.8,Non-Smoker,,"NSAIDs, Pollen, Shellfish",,"Hydrochlorothiazide, Sertraline, Losartan, Cyclobenzaprine",None,Arthritis,ENGLISH,Hispanic or Latino,Active,23,RegistrationDB
858,Brandon,Torres,1957-10-06,Male,A+,brandon.torres@email.example.com,(241) 485-9098,Ruth Brooks,(270) 608-8539,"{""line1"": ""6989 Willow Dr"", ""apt"": """", ""city"": ""Colorado Springs"", ""state"": ""CO"", ""zip"": ""80901"", ""country"": ""USA""}",Single,Business Owner,,Humana,POL-499003,GRP-4370,114,2020-06-10,2021-07-26,185,73,21.3,Never Assessed,Occasional,"None, Pollen, Latex",,"Aspirin, Furosemide",Cataract surgery,"Stroke, Diabetes",Spanish,White,Active,19,RegistrationDB
860,Jacob,Peterson,1997-02-09,Male,A+,jacob.peterson@email.example.com,(526) 253-6627,Jasper Torres,(854) 782-6312,"{""line1"": ""8136 First St"", ""apt"": """", ""city"": ""Phoenix"", ""state"": ""AZ"", ""zip"": ""85001"", ""longitude"": -82.2324, ""county"": ""Miami-Dade"", ""latitude"": 44.4789}",Single,Software Developer,Hayes Corp,Independence Blue Cross,POL-892647,G1234,283,2025-03-03,2029-03-24,183,77,23.0,Current Smoker,Former,,"Chronic Kidney Disease, Anemia","Losartan, Jardiance","Total knee replacement, Vasectomy",Arthritis,Vietnamese,White,Active,4,RegistrationDB
862,Randy,Ross,1991-09-19,Male,A-,randy.ross@email.example.com,(677) 677-4133,Nicholas Washington,(896) 891-9239,"{""line1"": ""109 Hill St"", ""apt"": """", ""city"": ""Dallas"", ""state"": ""TX"", ""zip"": ""75201"", ""street_type"": ""Cir"", ""county"": ""Sacramento"", ""delivery_notes"": ""Leave at door""}",Married,Firefighter,Richardson Corp,Bright Health,POL-423749,GRP-8687,98,2024-10-12,2025-04-25,175,69,22.5,Non-Smoker,Occasional,"Codeine, Penicillin, None","Osteoporosis, Anemia, Depression, Rheumatoid Arthritis","Acetaminophen, Clopidogrel",None,None,Spanish,Hispanic or Latino,Inactive,19,RegistrationDB
876,Ethan,Stevens,1979-03-22,Male,B+,ethan.stevens1@email.example.com,(646) 666-4206,Mary Powell,(542) 341-5329,"{""line1"": ""5415 Maple Dr"", ""apt"": "", # 17"", ""city"": ""Las Vegas"", ""state"": ""NV"", ""zip"": ""89101"", ""country"": ""USA"", ""street_type"": ""Rd"", ""latitude"": 28.7514}",Married,Sales Representative,Foster Corp,Blue Cross Blue Shield,POL-844600,GRP-4311,295,2025-12-27,2026-04-15,175,69,22.5,Non-Smoker,Moderate,None,,None,None,"Alzheimer's, None, Cancer",English,White,Inactive,2,RegistrationDB
880,Susan,Reynolds,1979-06-30,Female,O+,susan.reynolds@email.example.com,,Elijah Ruiz,(665) 998-7201,"{""line1"": ""3699 Fifth St"", ""apt"": """", ""city"": ""Columbus"", ""state"": ""OH"", ""zip"": ""43201"", ""county"": ""Harris"", ""timezone"": ""America/Phoenix"", ""country"": ""USA"", ""neighborhood"": ""Southside""}",Married,Chef,Myers Corp,Oscar Health,POL-444587,GRP-4037,491,2023-09-30,2023-11-03,160,75,29.3,Non-Smoker,Occasional,Penicillin,,Gabapentin,None,Cancer,English,Hispanic or Latino,Active,13,RegistrationDB
887,Brian,Jones,1986-01-14,Male,O+,brian.jones@email.example.com,(440) 870-5515,Bruce Sullivan,(434) 880-8471,"{""line1"": ""7566 Hickory St"", ""apt"": """", ""city"": ""Tulsa"", ""state"": ""OK"", ""zip"": ""74101"", ""street_type"": ""Ln""}",Married,Data Analyst,Turner Corp,Independence Blue Cross,POL-271857,GRP-4367,209,2020-01-07,2022-01-03,tall,98,26.0,Non-Smoker,Occasional,"None, Dust, Penicillin",,"Ozempic, Duloxetine, Albuterol, Ibuprofen","Total hip replacement, Laminectomy, Hemorrhoidectomy",None,Russian,Hispanic or Latino,Active,22,RegistrationDB
895,Silas,Roberts,1958-05-01,Male,A+,silas.roberts@email.example.com,(672) 358-9334,999-999-9999,(928) 887-9608,"{""line1"": ""5688 Magnolia Way"", ""apt"": "", Unit 36"", ""city"": ""Nashville"", ""state"": ""TN"", ""zip"": ""37201"", ""longitude"": -91.0229, ""neighborhood"": ""Northside"", ""county"": ""Dallas"", ""delivery_notes"": ""Ring bell""}",Separated,UnemPloyed,Wood Corp,UnitedHealthcare,POL-310800,GRP-8639,438,2024-03-05,2028-03-22,176,85,27.4,Non-Smoker,None,NSAIDs,,"Apixaban, Cetirizine, Celecoxib, Eliquis",Vasectomy,None,Korean,White,Active,9,RegistrationDB
897,Jack,Ford,2003-09-19,Male,O-,jack.ford@email.example.com,(750) 686-6892,Melissa Turner,(226) 718-4082,"{""line1"": ""453 Third St"", ""apt"": """", ""city"": ""Long Beach"", ""state"": ""CA"", ""zip"": ""90801""}",Single,Architect,Perez Corp,Kaiser Permanente,POL-451980,G1234,200,2021-02-08,2023-01-26,174,0,28.4,Never Assessed,Moderate,"None, Shellfish, Penicillin","Sleep Apnea, Irritable Bowel Syndrome",None,None,Hypertension,ENGLISH,White,Deceased,1,RegistrationDB
904,Alexander,Allen,1985-07-24,Male,A+,alexander.allen@email.example.com,(232) 559-5927,Paul Martin,(401) 978-8332,"{""line1"": ""2819 Sixth Ave"", ""apt"": """", ""city"": ""Tulsa"", ""state"": ""OK"", ""zip"": ""74101"", ""longitude"": -81.8247, ""county"": ""San Diego""}",Single,Plumber,Baker Corp,Anthem,POL-556950,GRP-1369,61,2024-11-28,2027-11-19,192,95,25.8,Non-Smoker,Moderate,"PENICILLIN, SULFA",,"Clopidogrel, Fluticasone",None,"Heart Disease, Asthma",English,Hispanic or Latino,Active,9,RegistrationDB
906,Joyce,James,1999-11-17,Female,O+,joyce.james@email.example.com,(594) 748-8319,Shirley White,(860) 931-5193,"{""line1"": ""4309 Willow Dr"", ""apt"": """", ""city"": ""Washington"", ""state"": ""DC"", ""zip"": ""20001"", ""longitude"": -114.7243, ""county"": ""Miami-Dade""}",Married,Project Manager,West Corp,Molina Healthcare,POL-714282,GRP-2968,23,2018-03-17,2022-03-03,154,heavy,28.7,Non-Smoker,Occasional,"Pollen, Sulfa, Codeine",Atrial Fibrillation,"Clopidogrel, Ibuprofen, Losartan",None,"Stroke, None",,Hispanic or Latino,Deceased,14,RegistrationDB
908,William,Murphy,1997-03-07,Male,O+,william.murphy@email.example.com,(324) 355-3468,Nicole Hughes,(388) 791-7498,"{""line1"": ""3067 Park Blvd"", ""apt"": "", Apt 39"", ""city"": ""El Paso"", ""state"": ""TX"", ""zip"": ""79901"", ""street_type"": ""Ln"", ""longitude"": -113.6631, ""county"": ""Orange"", ""neighborhood"": ""Northside"", ""country"": ""USA""}",Married,Firefighter,Morales Corp,Kaiser Permanente,POL-245565,GRP-2491,136,2019-05-15,2022-01-07,181,62,18.9,Non-Smoker,None,"None, Latex, Penicillin","Atrial Fibrillation, COPD, Chronic Fatigue, Eczema",Insulin glargine,None,None,English,White,Active,6,RegistrationDB
914,Bruce,Turner,1998-01-20,Male,O+,bruce.turner@email.example.com,(263) 255-3274,Paul Wood,,"{""line1"": ""8458 Aspen Ct"", ""apt"": """", ""city"": ""Washington"", ""state"": ""DC"", ""zip"": ""20001"", ""country"": ""USA""}",Married,,Morris Corp,Kaiser Permanente,POL-958964,GRP-5127,473,2023-03-16,2024-07-11,170,74,25.6,Current Smoker,None,None,"Hypothyroidism, Ulcerative Colitis, Sleep Apnea, Depression",unknown,"Appendectomy 2018, Cholecystectomy 2020",Stroke,Spanish,Asian,Deceased ,22,RegistrationDB
917,Paisley,Ross,1977-02-12,Female,O+,paisley.ross@email.example.com,abc-def-ghij,Mateo Lee,(686) 334-5821,"{""line1"": ""5010 Willow Dr"", ""apt"": """", ""city"": ""Charlotte"", ""state"": ""NC"", ""zip"": ""28201"", ""latitude"": 33.2484, ""delivery_notes"": ""Call upon arrival""}",Married,Construction Worker,Green Corp,Oscar Health,POL-839420,GRP-3612,367,2022-04-09,2026-03-16,181,55,16.8,Non-Smoker,None,"None, Dust, Codeine",,unknown,None,Hypertension,English,White,Active,23,RegistrationDB
918,Jacqueline,Hill,01/15/1987,Female,A+,jacqueline.hill@email.example.com,(914) 241-9898,Jason Myers,(609) 380-6355,"{""line1"": ""7918 Oak Ave"", ""apt"": """", ""city"": ""Long Beach"", ""state"": ""CA"", ""zip"": ""90801"", ""latitude"": 27.8858, ""longitude"": -110.2505, ""country"": ""USA""}",Separated,Data Analyst,Ramos Corp,,,,247,2023-06-18,2024-04-05,159,79,31.2,Never Assessed,Moderate,"Shellfish, Codeine, Dust","Atrial Fibrillation, Eczema",None,Vasectomy,None,English,White,Active,21,RegistrationDB
920,Maxwell,Clark,1981-10-03,Male,O+,maxwell.clark@email.example.com,(461) 700-7852,Scarlett Perry,(299) 667-5340,"{""line1"": ""3234 Pine St"", ""apt"": """", ""city"": ""Seattle"", ""state"": ""WA"", ""zip"": ""98101"", ""longitude"": -109.7378, ""floor_number"": 8}",Single,Accountant,,Humana,POL-617070,GRP-1155,183,2020-10-20,2021-07-31,179,80,25.0,Non-Smoker,Sometimes,"Peanuts, Pollen, Dust","Irritable Bowel Syndrome, Asthma, Sleep Apnea, Anxiety Disorder",Amlodipine,Tonsillectomy,"Hypertension, Diabetes, Alzheimer's",Arabic,White,Active,20,RegistrationDB
939,Gary,Foster,2001-07-03,Male,A+,gary.foster@email.example.com,(635) 753-1913,Paul Stevens,(766) 972-4466,"{""line1"": ""2478 Eighth Ave"", ""apt"": """", ""city"": ""Charlotte"", ""state"": ""NC"", ""zip"": ""28201"", ""country"": ""USA"", ""county"": ""King""}",Single,Graphic Designer,,Bright Health,POL-308473,GRP-5898,251,tomorrow,2020-03-05,177,40,12.8,Non-Smoker,None,"Penicillin, Shellfish, None",,None,"Gastric bypass, Cholecystectomy","Arthritis, None",English,Black or African American,Active,19,RegistrationDB
941,Bruce,Thomas,2000-03-15,Male,O+,bruce.thomas@email.example.com,(624) 651-6589,Camila Ortiz,(733) 989-3372,"{""line1"": ""5268 Cedar Ln"", ""apt"": """", ""city"": ""Fort Worth"", ""state"": ""TX"", ""zip"": ""76101"", ""county"": ""King"", ""latitude"": 40.7176}",Married,Military,,Humana,POL-437972,GRP-3842,52,2020-10-02,2022-09-29,180,60,18.5,Current Smoker,2 beers/week,"Sulfa, NSAIDs, None",,"Levothyroxine, Furosemide, Acetaminophen, Jardiance",None,None,English,White,Active,22,RegistrationDB
946,Ezra,Ortiz,1994-09-15,Male,O+,not-an-email,(290) 676-2015,Carol Washington,(922) 324-9923,"{""line1"": ""1702 Sixth Ave"", ""apt"": "", Apt 37"", ""city"": ""Louisville"", ""state"": ""KY"", ""zip"": ""40201"", ""country"": ""USA"", ""county"": ""Orange"", ""timezone"": ""America/Phoenix"", ""longitude"": -110.5003}",Separated,Retired,Cook Corp,CareFirst,POL-149883,GRP-8816,61,2020-11-24,,170,68,23.5,Non-Smoker,Moderate,"Penicillin, Pollen, Sulfa",GERD,None,None,"Alzheimer's, Asthma",English,White,Inactive,9,RegistrationDB
950,Nathan,Bennett,1984-05-21,F,O+,nathan.bennett@email.example.com,(535) 221-6251,Sharon Long,(704) 878-9490,"{""line1"": ""6018 Cypress Dr"", ""apt"": """", ""city"": ""Charlotte"", ""state"": ""NC"", ""zip"": ""28201"", ""neighborhood"": ""Midtown"", ""county"": ""Cook"", ""street_type"": ""Cir""}",Married,HR Specialist,Gomez Corp,Health Net,POL-708690,GRP-4595,361,2025-04-11,2026-07-21,162,69,26.3,Former Smoker,Moderate,"Dust, Codeine",GERD,"Gabapentin, Atorvastatin",None,"Asthma, Hypertension, Diabetes",English,Hispanic or Latino,Inactive,24,RegistrationDB
,Stella,Cruz,1998-11-20,Female,A+,stella.cruz@email.example.com,(963) 570-9652,Amy Miller,(998) 392-6049,"{""line1"": ""Unknown"", ""city"": ""Unknown"", ""state"": ""NA"", ""zip"": ""00000"", ""longitude"": -73.1062}",Single,HR Specialist,Wright Corp,UnitedHealthcare,POL-851236,GRP-2611,224,2022-04-06,2025-02-21,164,76,28.3,Never Assessed,Heavy,Peanuts,"Migraine, Anemia, COPD, GERD",None,C-section,None,English,White,Active,7,RegistrationDB
955,Luke,Simmons,2002-04-24,Male,AB+,luke.simmons1@email.example.com,(788) 670-2004,Douglas Watson,(799) 976-8145,"{""line1"": ""5301 Jefferson Ave"", ""apt"": """", ""city"": ""Fort Worth"", ""state"": ""TX"", ""zip"": ""76101"", ""county"": ""Queens"", ""latitude"": 45.1835, ""delivery_notes"": ""Ring bell"", ""street_type"": ""Blvd""}",Divorced,Flight Attendant,Russell Corp,Highmark,POL-612164,GRP-4870,222,2018-04-22,,182,89,26.9,Never Assessed,None,None,,None,None,"Heart Disease, Arthritis, Alzheimer's",Arabic,White,Deceased,18,RegistrationDB
958,Michelle,Bailey,1988-11-06,Non-Binary,A+,michelle.bailey@email.example.com,(962) 289-6105,Joe Wood,(806) 492-6091,"{""line1"": ""2956 Monroe Dr"", ""apt"": """", ""city"": ""Indianapolis"", ""state"": ""IN"", ""zip"": ""46201"", ""country"": ""USA""}",Married,Librarian,,UnitedHealthcare,POL-516249,GRP-4291,458,2018-05-17,2020-02-26,168,80,28.3,Non-Smoker,Heavy,"Penicillin, None, Sulfa",Osteoarthritis,None,None,"Hypertension, Cancer, None",Tagalog,White,Active,25,RegistrationDB
959,Miles,Lopez,2003-09-07,Male,O+,miles.lopez@email.example.com,(615) 965-9422,Nancy Gomez,(867) 370-1370,"{""line1"": ""1281 Pleasant St"", ""apt"": """", ""city"": ""Long Beach"", ""state"": ""CA"", ""zip"": ""90801"", ""street_type"": ""Way"", ""country"": ""USA"", ""latitude"": 30.7858}",Single,Unemployed,James Corp,Molina Healthcare,POL-272240,GRP-2809,110,2019-01-19,2020-07-10,172,71,24.0,Former Smoker,Occasional,Latex,"Chronic Kidney Disease, Anemia","Acetaminophen, Gabapentin, Prednisone, Pantoprazole","Laminectomy, C-section",None,English,White,Active,12,RegistrationDB
962,scarlett,Cruz,1983-06-17,Female,A+,scarlett.cruz@email.example.com,(588) 935-9581,Barbara Harris,John Smith,"{""line1"": ""Unknown"", ""city"": ""Unknown"", ""state"": ""NA"", ""zip"": ""00000""}",Single,Chef,Reynolds Corp,Cigna HealthCare,POL-424963,GRP-2231,488,2018-08-30,2018-12-17,166,44,16.0,Non-Smoker,Moderate,"Shellfish, Sulfa, Peanuts",,"Apixaban, Insulin glargine",,,Spanish,White,Active,11,RegistrationDB
969,George,Chavez,2003-01-31,Male,A-,george.chavez1@email.example.com,(776) 394-9206,Ashley Evans,(255) 779-5978,"{""line1"": ""7730 Pine St"", ""apt"": """", ""city"": ""Nashville"", ""state"": ""TN"", ""zip"": ""37201"", ""longitude"": -86.5551, ""street_type"": ""Blvd""}",Single,Librarian,Murray Corp,Highmark,POL-331214,GRP-6339,72,2018-06-22,2019-11-19,160,97,37.9,Current Smoker,Occasional,"Pollen, Latex, NSAIDs",,,Appendectomy,"Stroke, Alzheimer's, Cancer",Spanish,Human,Active,15,RegistrationDB
981,Janet,Adams,2002-01-19,Female,AB,janet.adams@email.example.com,(689) 394-4151,Miles Moore,(783) 945-1609,"{""line1"": ""7672 Tenth Ave"", ""apt"": """", ""city"": ""Houston"", ""state"": ""TX"", ""zip"": ""77001"", ""landmark"": ""Behind Metro Station"", ""country"": ""USA"", ""latitude"": 43.116}",Married,Unemployed,Cox Corp,CareFirst,POL-854150,GRP-4568,117,2018-11-29,2018-11-29,170,78,27.0,Non-Smoker,Occasional,"Penicillin, Codeine, Shellfish","Osteoporosis, Hypertension","Ozempic, Gabapentin, Furosemide, Levothyroxine",none,Asthma,Spanish,Two or More Races,Active,26,RegistrationDB
989,Hannah,Porter,1953-11-04,Female,A+,hannah.porter@email.example.com,(225) 212-1572,Jennifer Rogers,(814) 842-2300,"{""line1"": ""1375 Willow Dr"", ""apt"": """", ""city"": ""Tulsa"", ""state"": ""OK"", ""zip"": ""74101"", ""longitude"": -75.5456, ""neighborhood"": ""Midtown"", ""latitude"": 42.728}",Divorced,Scientist,Simpson Corp,MetLife,POL-115135,GRP-8693,206,2020-01-13,,157,91,36.9,Non-Smoker,Occasional,"Peanuts, Codeine, Pollen",Coronary Artery Disease,None,None,"Stroke, Diabetes",Cantonese,Asian,Active,21,RegistrationDB
993,Stephen,Williams,1990-08-15,Male,O+,,(581) 308-2390,Maria Ross,000-000-0000,"{""line1"": ""5608 Church St"", ""apt"": "", Apt 27"", ""city"": ""Indianapolis"", ""state"": ""IN"", ""zip"": ""46201"", ""neighborhood"": ""Southside"", ""country"": ""USA"", ""longitude"": -89.7574}",Divorced,Project Manager,Butler Corp,Independence Blue Cross,POL-640377,GRP-7245,121,2024-11-26,2028-10-28,173,65,21.7,Non-Smoker,Heavy,"Penicillin, Dust",Psoriasis,Metoprolol,Tonsillectomy,,English,Black or African American,Active,25,RegistrationDB
994,Lawrence,Perry,1952-05-20,Male,O-,lawrence.perry@email.example.com,(669) 209-4930,Paul Nguyen,(906) 301-3827,"{""line1"": ""7602 College Ave"", ""apt"": """", ""city"": ""El Paso"", ""state"": ""TX"", ""zip"": ""79901""}",Single,HR Specialist,,Tufts Health Plan,POL-492014,GRP-8219,470,2021-05-18,2024-01-11,172,650,27.4,Non-Smoker,Occasional,"Penicillin, Sulfa, Shellfish",,"Celecoxib, Prednisone",None,Stroke,Spanish,Black or African American,Active,9,RegistrationDB
1003,Brian,Ellis,1990-12-13,Male,O+,brian.ellis@email.example.com,(687) 355-5133,Paisley Stevens,(938) 273-3732,"{""line1"": ""7144 First St"", ""apt"": "", Suite 19"", ""city"": ""Nashville"", ""state"": ""TN"", ""zip"": ""37201"", ""longitude"": -107.1257, ""country"": ""USA""}",Separated,Logistics Coordinator,Nguyen Corp,Health Net,POL-259024,GRP-8092,252,2019-12-30,2020-06-02,tall,78,26.4,Former Smoker,Occasional,None,"Eczema, Depression, Rheumatoid Arthritis","Lisinopril, Aspirin, Metoprolol, Amlodipine",Spinal fusion,Arthritis,English,White,Deceased,4,RegistrationDB
1004,Jerry,Hayes,1971-12-20,Male,O-,jerry.hayes@email.example.com,(383) 293-4292,Stella Ramirez,(281) 650-5193,"{""line1"": ""4437 View Blvd"", ""apt"": "", Unit 49"", ""city"": ""Fort Worth"", ""state"": ""TX"", ""zip"": ""76101"", ""county"": ""Harris"", ""longitude"": -77.455}",Separated,Engineer,Cole Corp,Highmark,POL-307657,GRP-6465,477,2022-09-12,2023-12-19,176,75,24.2,Non-Smoker,None,NSAIDs,"Hypothyroidism, Coronary Artery Disease, Sleep Apnea, COPD","Cyclobenzaprine, Losartan, Meloxicam, Acetaminophen",None,None,English,Two or More Races,Active,15,RegistrationDB
1014,,Bailey,1976-08-18,Female,O+,penelope.bailey@email.example.com,(310) 582-8544,Bobby Morris,(384) 563-7658,"{""line1"": ""7598 Beechwood Ave"", ""apt"": "", Unit 23"", ""city"": ""Tampa"", ""state"": ""FL"", ""zip"": ""33601"", ""street_type"": ""Way""}",Single,Project Manager,Lopez Corp,Aetna,POL-163210,GRP-3734,194,2025-02-16,2028-12-08,153,70,29.9,Non-Smoker,Moderate,"Pollen, NSAIDs, Peanuts","Migraine, Type 2 Diabetes, Osteoporosis",Celecoxib,Colectomy,"None, Cancer, Stroke",English,Black or African American,Active,18,RegistrationDB
1017,James,Gutierrez,2002-03-26,Male,A-,james.gutierrez@email.example.com,(349) 975-7513,Peter Ramos,(516) 283-1394,"{""line1"": ""5252 Eighth Ave"", ""apt"": """", ""city"": ""Dallas"", ""state"": ""TX"", ""zip"": ""75201"", ""county"": ""Dallas""}",Married,Social Worker,,Blue Cross Blue Shield,POL-335183,GRP-4665,109,2025-05-14,2028-09-25,160,60,150,Never Assessed,2 beers/week,"Pollen, Latex",,Clopidogrel,"Cholecystectomy, Angioplasty with stent, Vasectomy","Hypertension, None",Tagalog,Hispanic or Latino,Active,2,RegistrationDB
1019,Edward,Watson,1951-10-23,Male,O+,edward.watson@email.example.com,(361) 519-5121,Madelyn White,(962) 362-6884,"{""line1"": ""8861 Cherry Ln"", ""apt"": """", ""city"": ""San Jose"", ""state"": ""CA"", ""zip"": ""95101""}",Separated,Bank Teller,,Geisinger,POL-632092,GRP-7698,448,2022-09-16,2025-06-01,180,62,19.1,Current Smoker,Occasional,"NSAIDs, Latex",,None,"C-section, Angioplasty with stent","Diabetes, Alzheimer's",Tagalog,White,Active,6,RegistrationDB
1024,Julian,Campbell,1985-01-30,Male,A-,julian.campbell@email.example.com,(744) 347-3704,Kelly Ortiz,(599) 738-9973,"{""line1"": ""2033 Pleasant St"", ""apt"": """", ""city"": ""Chicago"", ""state"": ""IL"", ""zip"": ""60601"", ""longitude"": -113.4222, ""latitude"": 26.5401, ""country"": ""USA""}",Married,Construction Worker,Rodriguez Corp,Oscar Health,POL-989132,GRP-8945,32,2019-04-26,2020-12-07,176,114,36.8,Non-Smoker,None,Dust,Crohn's Disease,"Jardiance, Spironolactone, Ozempic, Hydrochlorothiazide","Gastric bypass, Cholecystectomy","Asthma, Heart Disease, Alzheimer's",Spanish,White,Active,22,RegistrationDB
,Ella,Nguyen,1992-05-31,Female,O+,ella.nguyen@email.example.com,12345,Robert Myers,(228) 228-2794,"{""line1"": ""5773 Broadway"", ""apt"": """", ""city"": ""Kansas City"", ""state"": ""MO"", ""zip"": ""64101""}",Single,HR Specialist,,Tufts Health Plan,POL-466126,GRP-2131,459,2022-09-17,2024-03-01,164,84,31.2,Former Smoker,None,"Peanuts, Latex","Chronic Fatigue, Migraine, Hyperlipidemia, Eczema",Fluticasone,none,Hypertension,Spanish,Hispanic or Latino,Active,7,RegistrationDB
1032,12345,James,1973-02-25,Male,o+,benjamin.james@email.example.com,(486) 314-3038,Ezra Rogers,(676) 865-6619,"{""line1"": ""3115 Spring St"", ""apt"": """", ""city"": ""San Antonio"", ""state"": ""TX"", ""zip"": ""78201"", ""latitude"": 38.5686, ""country"": ""USA"", ""longitude"": -121.8438}",Single,Physical Therapist,Hamilton Corp,Cigna,POL-952772,GRP-3845,291,2024-11-12,2026-03-15,183,60,17.9,Non-Smoker,Occasional,"Peanuts, None, NSAIDs",,Jardiance,Gastric bypass,None,Mandarin,Other,Active,8,RegistrationDB
1033,Harold,Hall,1994-04-11,Male,AB+,harold.hall@email.example.com,(709) 463-2304,Theodore King,(468) 648-6382,"{""line1"": ""8178 Spring St"", ""apt"": """", ""city"": ""San Jose"", ""state"": ""CA"", ""zip"": ""95101""}",Single,Administrative Assistant,Smith Corp,Health Net,POL-222165,GRP-1844,497,2025-06-12,2028-11-08,-10,64,24.7,Non-Smoker,Moderate,"Dust, Latex, Penicillin",,Aspirin,"Coronary artery bypass grafting, Gastric bypass",Arthritis,English,White,Active,21,RegistrationDB
1038,Justin,Hicks,2002-12-18,Male,O-,justin.hicks@email.example.com,(200) 531-9842,Kyle Powell,(820) 311-6855,"{""line1"": ""9770 Lincoln Blvd"", ""apt"": """", ""city"": ""Houston"", ""state"": ""TX"", ""zip"": ""77001"", ""latitude"": 26.5271, ""floor_number"": 22, ""longitude"": -102.9829, ""country"": ""USA""}",Widowed,Professor,,Humana,POL-968584,GRP-1978,275,2024-11-07,2026-07-30,178,71,22.4,Non-Smoker,Former,None,Coronary Artery Disease,"Lisinopril, Celecoxib, Metformin, Loratadine",None,None,English,White,Active,11,RegistrationDB
,Wesley,Ellis,2005-09-16,Male,AB,wesley.ellis@email.example.com,(985) 426-6894,Katherine Garcia,(207) 685-7497,"{""line1"": ""7039 Union Ave"", ""apt"": """", ""city"": ""Kansas City"", ""state"": ""MO"", ""zip"": ""64101""}",Married,Veterinarian,Hughes Corp,,,,28,2023-10-03,2025-11-11,167,106,38.0,Non-Smoker,Moderate,"Penicillin, Dust, Sulfa",,"Atorvastatin, Gabapentin, Omeprazole",None,,English,Black or African American,Active,5,RegistrationDB
1051,Heather,Nelson,1979-01-15,Female,A+,heather.nelson@email.example.com,(421) 402-3019,Camila Mitchell,(587) 530-5641,"{""line1"": ""1208 Seventh St"", ""apt"": """", ""city"": ""Seattle"", ""state"": ""WA"", ""zip"": ""98101""}",Married,Graphic Designer,Long Corp,Cigna HealthCare,POL-898900,GRP-7801,220,2024-03-14,2026-09-27,170,90,31.1,Non-Smoker,Former,"Pollen, Shellfish, Dust",Irritable Bowel Syndrome,None,"Appendectomy 2018, Cholecystectomy 2020",None,Korean,Hispanic or Latino,Active,16,RegistrationDB
1052,Carl,Gibson,1977-03-22,Male,A-,carl.gibson@email.example.com,(775) 899-6654,Zoey Tucker,(346) 577-2210,"{""line1"": ""5042 River Rd"", ""apt"": """", ""city"": ""San Jose"", ""state"": ""CA"", ""zip"": ""95101"", ""timezone"": ""America/Chicago""}",Married,Sales Representative,Miller Corp,Independence Blue Cross,POL-943462,GRP-9612,28,2019-11-20,2021-05-31,178,79,24.9,Non-Smoker,None,"Latex, Dust",Atrial Fibrillation,"Celecoxib, Losartan",Coronary artery bypass grafting,"Arthritis, Cancer, Diabetes",English,Black or African American,Inactive,5,RegistrationDB
1053,Avery,Murray,1996-10-19,Female,O+,avery.murray@email.example.com,abc-def-ghij,Robert Harris,(904) 664-8254,"{""line1"": ""9695 Pine St"", ""apt"": """", ""city"": ""Houston"", ""state"": ""TX"", ""zip"": ""77001""}",Divorced,Military,Edwards Corp,Geisinger,POL-333443,GRP-8904,351,2020-08-23,2022-12-05,171,70,23.9,Non-Smoker,None,"Peanuts, Codeine",,None,None,Asthma,English,White,Active,16,RegistrationDB
1065,Raymond,Morales,,Male,B+,raymond.morales@email.example.com,(816) 940-1749,Angela Lewis,(290) 239-2663,"{""line1"": ""3630 Hill St"", ""apt"": """", ""city"": ""Kansas City"", ""state"": ""MO"", ""zip"": ""64101""}",Single,Psychologist,,CareFirst,POL-932231,GRP-7976,72,2020-07-08,2020-07-08,174,61,20.1,Non-Smoker,,Latex,N/A,"Lisinopril, Atorvastatin, Albuterol, Ibuprofen","Colectomy, Sleeve gastrectomy",None,Spanish,Other,Active,15,RegistrationDB
1066,Ashley,Ortiz,1983-03-28,Female,A+,ashley.ortiz@email.example.com,(648) 862-7142,Richard Scott,(803) 422-9025,"{""line1"": ""137 Lincoln Blvd"", ""apt"": """", ""city"": ""San Jose"", ""state"": ""CA"", ""zip"": ""95101"", ""street_type"": ""Ave"", ""country"": ""USA"", ""timezone"": ""America/Chicago"", ""county"": ""Harris""}",Divorced,Software Developer,Patel Corp,Bright Health,POL-396781,GRP-2950,175,2022-05-06,2022-11-10,159,89,35.2,Non-Smoker,Heavy,"None, Shellfish, Peanuts",Hyperlipidemia,"Gabapentin, Ozempic, Aspirin, Cyclobenzaprine",Vasectomy,None,English,Hispanic or Latino,Inactive,21,RegistrationDB
1067,Patricia,Reyes,1992-09-22,Female,A+,patricia.reyes@email.example.com,(543) 518-1896,Carolyn Russell,(808) 637-3340,"{""line1"": ""3836 Franklin Blvd"", ""apt"": """", ""city"": ""Phoenix"", ""state"": ""AZ"", ""zip"": ""85001""}",Widowed,Real Estate Agent,,,,,428,2019-05-18,2021-12-25,155,66,27.5,Non-Smoker,None,"NSAIDs, None, Penicillin","Asthma, Atrial Fibrillation","Metformin, Montelukast",None,"Alzheimer's, Arthritis",Tagalog,White,Active,23,RegistrationDB
1083,Luke,Owens,1983-11-08,Male,O+,luke.owens@email.example.com,(562) 797-3015,Aiden Long,(955) 738-2983,"{""line1"": ""781 Walnut Ave"", ""apt"": """", ""city"": ""Denver"", ""state"": ""CO"", ""zip"": ""80201"", ""delivery_notes"": ""Gate code: #1234"", ""longitude"": -97.2273, ""timezone"": ""America/Los_Angeles"", ""neighborhood"": ""West Side""}",Married,Retired,Webb Corp,Harvard Pilgrim,POL-334263,,384,2021-10-19,2021-12-22,181,95,29.0,Non-Smoker,Heavy,"Dust, Shellfish, Sulfa","Irritable Bowel Syndrome, Irritable Bowel Syndrome",!@#$%^&*(),None,"Stroke, Alzheimer's, Cancer",English,White,Active,13,RegistrationDB
1085,Jason,Gomez,2003-06-09,Male,O+,jason.gomez@email.example.com,(346) 699-8518,Julie Myers,(633) 382-7935,"{""line1"": ""123 Main St"", ""street_type"": ""St"", ""county"": ""Miami-Dade"", ""latitude"": 46.3862, ""timezone"": ""America/Chicago"", ""longitude"": -106.0788}",Married,Insurance Agent,Russell Corp,Cigna HealthCare,POL-468258,GRP-1154,8,2020-12-23,2022-08-27,180,61,18.8,Non-Smoker,None,"Dust, Peanuts, Pollen","Crohn's Disease, Anemia, Chronic Fatigue",Pantoprazole,None,"Cancer, Alzheimer's",Spanish,White,Active,1,RegistrationDB
1087,Vincent,Jackson,1961-05-09,Male,A+,vincent.jackson@email.example.com,(876) 447-6645,Jeffrey Patel,(859) 969-3105,"{""line1"": ""158 Tenth Ave"", ""apt"": """", ""city"": ""Denver"", ""state"": ""CO"", ""zip"": ""80201"", ""longitude"": -107.9327, ""country"": ""USA"", ""floor_number"": 43, ""timezone"": ""America/New_York""}",Married,Plumber,,Humana,POL-257531,GRP-1031,88,2022-09-15,2024-10-13,187,59,16.9,Never Assessed,None,"Sulfa, Pollen",Type 2 Diabetes,"Ozempic, Omeprazole, Hydrochlorothiazide",None,None,Spanish,Hispanic or Latino,Active,19,RegistrationDB
1088,Nicole,Jenkins,2005-03-22,Female,O+,nicole.jenkins@email.example.com,(815) 634-8745,Gabriel Martin,(385) 222-5454,"{""line1"": ""339 Monroe Dr"", ""apt"": "", # 24"", ""city"": ""El Paso"", ""state"": ""TX"", ""zip"": ""79901""}",Married,UnemPloyed,,Harvard Pilgrim,POL-937570,GRP-9609,202,2021-06-22,2023-09-03,166,68,24.7,Non-Smoker,Heavy,None,,"Aspirin, Furosemide",None,"Asthma, Alzheimer's",Cantonese,White,Inactive,8,RegistrationDB
1097,Jessica,Hicks,1992-03-30,Female,A+,jessica.hicks@email.example.com,(346) 514-5824,Terry Murray,(936) 834-6359,"{""line1"": ""963 Oak Ave"", ""apt"": """", ""city"": ""Louisville"", ""state"": ""KY"", ""zip"": ""40201""}",Married,Consultant,,Blue Cross Blue Shield,,GRP-1860,214,2024-10-02,2028-02-03,161,67,25.8,Current Smoker,Former,"Codeine, NSAIDs, Peanuts","Sleep Apnea, GERD","Aspirin, Levothyroxine",None,None,French,Hispanic or Latino,Active,19,RegistrationDB
1100,Emma,Green,1997-07-21,Female,O+,emma.green@email.example.com,(719) 498-5969,Lauren Roberts,(791) 947-6420,"{""line1"": ""5329 Eighth Ave"", ""apt"": """", ""city"": ""San Jose"", ""state"": ""CA"", ""zip"": ""95101"", ""floor_number"": 29, ""street_type"": ""Blvd"", ""county"": ""Queens""}",Married,Physical Therapist,Ellis Corp,Centene,POL-349928,GRP-1307,451,2018-02-24,2019-08-21,156,106,43.6,Current Smoker,Moderate,"NSAIDs, None, Pollen","Irritable Bowel Syndrome, Rheumatoid Arthritis, Chronic Kidney Disease",None,"Carpal tunnel release, Cholecystectomy","Asthma, Hypertension",English,White,Active,25,RegistrationDB
1108,George,Alvarez,1995-05-25,Male,AB-,george.alvarez@email.example.com,(308) 454-8177,Wesley Morgan,(350) 549-7811,"{""line1"": ""7229 Park Blvd"", ""apt"": "", Apt 42"", ""city"": ""Charlotte"", ""state"": ""NC"", ""zip"": ""28201"", ""latitude"": 34.9402}",Single,Insurance Agent,Martin Corp,Bright Health,POL-921550,GRP-6868,124,2024-11-24,2028-07-20,162,40,15.2,Non-Smoker,Moderate,None,Atrial Fibrillation,"Tramadol, Clopidogrel, Meloxicam",None,None,Spanish,White,Active,18,RegistrationDB
1111,Evelyn,Anderson,1965-09-05,Female,B+,evelyn.anderson@email.example.com,(485) 501-5199,Ezra Carter,(865) 971-2796,"{""line1"": ""2078 First St"", ""apt"": """", ""city"": ""Atlanta"", ""state"": ""GA"", ""zip"": ""30301"", ""street_type"": ""Ln""}",married,Consultant,Sullivan Corp,Aetna,POL-344187,GRP-2450,364,2025-03-20,2025-04-18,170,45,15.6,Non-Smoker,Former,"Shellfish, Sulfa, Peanuts","Ulcerative Colitis, GERD","Levothyroxine, Aspirin",None,None,Spanish,White,Active,12,RegistrationDB
1113,,Campbell,2004-01-30,Female,A+,mary.campbell@email.example.com,(418) 669-3432,Jackson Murphy,(861) 570-3399,"{""line1"": ""9996 Walnut Ave"", ""apt"": "", Suite 47"", ""city"": ""Portland"", ""state"": ""OR"", ""zip"": ""97201"", ""delivery_notes"": ""Leave at door"", ""county"": ""Queens"", ""country"": ""USA""}",Widowed,Pharmacist,Ortiz Corp,CareFirst,POL-217851,GRP-1629,228,,2025-08-12,166,79,28.7,Non-Smoker,Heavy,"Penicillin, Sulfa, None",Sleep Apnea,None,"Laminectomy, Spinal fusion",Heart Disease,English,White,Active,2,RegistrationDB
1114,Harrison,Gonzales,1978-04-20,Male,B+,harrison.gonzales@email.example.com,(711) 422-2844,Harrison Morales,(358) 948-3008,"{""line1"": ""1919 Oak Ave"", ""apt"": """", ""city"": ""Portland"", ""state"": ""OR"", ""zip"": ""97201"", ""county"": ""Maricopa"", ""country"": ""USA""}",Single,Insurance Agent,Ross Corp,Centene,POL-461729,GRP-2467,382,2019-11-10,2021-08-15,182,89,26.9,Current Smoker,Occasional,"Peanuts, Dust, Pollen","Migraine, Sleep Apnea, Chronic Kidney Disease",Meloxicam,,"Hypertension, Cancer, Diabetes",English,Hispanic or Latino,Active,12,RegistrationDB
1116,,Chavez,1998-04-23,Female,O+,christina.chavez@email.example.com,(553) 422-3600,Laura Freeman,(362) 576-3154,"{""line1"": ""720 Park Blvd"", ""apt"": """", ""city"": ""Memphis"", ""state"": ""TN"", ""zip"": ""38101"", ""country"": ""USA"", ""county"": ""Queens""}",Married,Graphic Designer,Gonzalez Corp,Anthem,POL-210541,GRP-1193,474,2023-10-22,2025-10-21,155,80,33.3,Non-Smoker,Occasional,None,Sleep Apnea,"Losartan, Bupropion, Spironolactone",None,None,Tagalog,White,Active,7,RegistrationDB
1117,Laura,,1999-05-19,Female,A+,laura.young@email.example.com,(477) 414-6182,Katherine Butler,(815) 254-1169,"{""line1"": ""4591 Oak Ave"", ""apt"": """", ""city"": ""Raleigh"", ""state"": ""NC"", ""zip"": ""27601"", ""country"": ""USA"", ""street_type"": ""Blvd"", ""neighborhood"": ""Downtown"", ""longitude"": -78.7874, ""landmark"": ""Close to University""}",Single,Psychologist,,Health Net,POL-494361,GRP-4294,216,2023-01-05,,143,86,,Former Smoker,Occasional,"Penicillin, Dust","Hypothyroidism, Ulcerative Colitis, Depression","Losartan, Montelukast",None,"Cancer, Arthritis",Spanish,White,Active,12,RegistrationDB
1119,Kelly,Ortiz,2000-04-16,Female,A+,kelly.ortiz@email.example.com,(635) 602-2793,Justin Perez,(489) 929-8177,"{""line1"": ""196 Spring St"", ""apt"": """", ""city"": ""Minneapolis"", ""state"": ""MN"", ""zip"": ""55401"", ""timezone"": ""America/Denver""}",Single,Administrative Assistant,,MetLife,POL-121065,GRP-6057,337,2023-04-08,2023-11-04,168,650,23.7,Non-Smoker,None,"Codeine, Penicillin, NSAIDs","Anemia, Rheumatoid Arthritis, Osteoporosis",None,Hernia repair,"Diabetes, Stroke, Asthma",English,White,Active,11,RegistrationDB
1123,Ryan,Wells,1989-06-26,Male,A+,ryan.wells@email.example.com,(746) 274-6934,Michael Bryant,(886) 871-2328,"{""line1"": ""3941 Adams Way"", ""apt"": """", ""city"": ""Albuquerque"", ""state"": ""NM"", ""zip"": ""87101"", ""longitude"": -84.1376, ""country"": ""USA"", ""latitude"": 40.4594, ""county"": ""Dallas"", ""neighborhood"": ""Waterfront""}",Separated,Physical Therapist,Martin Corp,,POL-706307,GRP-8648,191,2024-11-29,,179,89,27.8,Non-Smoker,None,None,"Congestive Heart Failure, Asthma, Hypothyroidism, Irritable Bowel Syndrome","Atorvastatin, Prednisone",None,"Hypertension, Heart Disease",English,Black or African American,Active,25,RegistrationDB
1127,Madelyn,Rodriguez,1965-07-09,Female,A+,madelyn.rodriguez@email.example.com,(290) 917-2465,Nicole Porter,(384) 606-2270,"{""line1"": ""5745 Washington Ave"", ""apt"": """", ""city"": ""Fort Worth"", ""state"": ""TX"", ""zip"": ""76101"", ""country"": ""USA""}",Married,Logistics Coordinator,Washington Corp,Anthem,POL-793763,GRP-5705,445,2018-11-21,,147,90,41.6,Never Assessed,Moderate,"Codeine, Peanuts",Coronary Artery Disease,None,None,"Hypertension, Cancer",Spanish,Hispanic or Latino,Active,16,RegistrationDB
1129,Nora,Bailey,2025-06-15,Female,O+,nora.bailey@email.example.com,(967) 352-3897,Ezra Fisher,(350) 475-7940,"{""line1"": ""9472 Second Ave"", ""apt"": """", ""city"": ""Albuquerque"", ""state"": ""NM"", ""zip"": ""87101"", ""latitude"": 33.3313, ""timezone"": ""America/New_York"", ""floor_number"": 33}",Married,Data Analyst,Carter Corp,Harvard Pilgrim,POL-358207,GRP-9328,386,2018-12-30,2022-03-07,163,41,15.4,Non-Smoker,Moderate,None,Osteoporosis,"Atorvastatin, Clopidogrel",C-section,None,Spanglish,,Active,23,RegistrationDB
1140,Victor,Gomez,1954-01-15,Male,A+,victor.gomez@email.example.com,(671) 219-5323,Oliver Turner,(391) 658-1112,"{""line1"": ""1329 Broadway"", ""apt"": """", ""city"": ""Kansas City"", ""state"": ""MO"", ""zip"": ""64101"", ""longitude"": -74.8636, ""county"": ""Dallas""}",Divorced,Teacher,James Corp,Highmark,POL-114850,GRP-7003,82,2025-04-20,2026-05-16,172,85,28.7,Non-Smoker,None,None,,"Cetirizine, Levothyroxine, Albuterol, Ozempic",None,None,French,Black or African American,Active,19,RegistrationDB
1142,Evelyn,Diaz,2002-03-27,Female,A+,evelyn.diaz@email.example.com,(877) 602-3879,Kevin Gonzales,(582) 480-4652,"{""line1"": ""1124 Hickory St"", ""apt"": """", ""city"": ""Columbus"", ""state"": ""OH"", ""zip"": ""43201"", ""longitude"": -83.8546}",Married,Accountant,Richardson Corp,Anthem,POL-655298,GRP-6373,3,2023-03-19,,154,81,34.2,Former Smoker,Heavy,Peanuts,Type 2 Diabetes,None,None,None,English,White,Active,8,RegistrationDB
1148,Benjamin,,2000-07-22,Male,O+,benjamin.ramirez1@email.example.com,(746) 683-3880,Walter Davis,(690) 958-8262,"{""line1"": ""4232 Pleasant St"", ""apt"": "", # 9"", ""city"": ""Fresno"", ""state"": ""CA"", ""zip"": ""93701"", ""street_type"": ""Ln"", ""longitude"": -112.2148, ""timezone"": ""America/Los_Angeles"", ""latitude"": 30.9833}",Married,Retail Associate,Perez Corp,Health Net,POL-690518,GRP-4806,214,2021-05-26,2023-10-16,179,68,21.2,Non-Smoker,Sometimes,"Peanuts, Sulfa, NSAIDs",Psoriasis,None,None,Alzheimer's,English,White,Active,19,RegistrationDB
1150,Debra,Kelly,1986-04-30,Female,O+,debra.kelly@email.example.com,(427) 205-4588,Aaron Bennett,(525) 792-2083,"{""line1"": ""5003 Oak Ave"", ""apt"": """", ""city"": ""San Francisco"", ""state"": ""CA"", ""zip"": ""94101""}",Separated,Consultant,Ward Corp,Independence Blue Cross,POL-105787,GRP-6320,496,2022-04-30,2025-12-01,163,93,35.0,Non-Smoker,Occasional,"Latex, None, Peanuts",Osteoarthritis,"Lisinopril, Prednisone, Warfarin",Total knee replacement,"Stroke, Asthma, None",English,Black or African American,Active,23,RegistrationDB
1153,Terry,McDonald,1997-07-25,Male,O+,terry.mcdonald@email.example.com,(939) 781-5626,Amanda Collins,(445) 476-2047,"{""line1"": ""272 Highland Ave"", ""apt"": """", ""city"": ""Columbus"", ""state"": ""OH"", ""zip"": ""43201"", ""delivery_notes"": ""Gate code: #1234""}",Single,Physical Therapist,Thomas Corp,Blue Cross Blue Shield,POL-173484,GRP-7402,96,2019-04-17,,179,65,20.3,Never Assessed,Moderate,NSAIDs,,"Furosemide, Omeprazole",Total hip replacement,"Heart Disease, Diabetes, Heart Disease",English,Black or African American,Deceased,22,RegistrationDB
1168,Steven,Morales,1980-11-03,Male,O+,steven.morales@email.example.com,(238) 379-2202,Luke West,John Smith,"{""line1"": ""3040 Pleasant St"", ""apt"": "", Unit 10"", ""city"": ""Seattle"", ""state"": ""WA"", ""zip"": ""98101"", ""street_type"": ""Way"", ""neighborhood"": ""Historic District"", ""latitude"": 32.7912, ""floor_number"": 25, ""county"": ""King""}",Single,Business Owner,Wallace Corp,MetLife,POL-384976,GRP-8473,357,2021-02-21,2025-01-19,178,40,12.6,Non-Smoker,Former,"Peanuts, None, NSAIDs",,"Apixaban, Duloxetine, Omeprazole",None,"Asthma, Hypertension",English,White,Active,2,RegistrationDB
1173,Vincent,Roberts,1982-01-15,Male,O+,vincent.roberts@email.example.com,(702) 622-6522,Randy Cooper,(842) 811-6298,"{""line1"": ""4627 Hamilton Ct"", ""apt"": """", ""city"": ""Seattle"", ""state"": ""WA"", ""zip"": ""98101"", ""floor_number"": 26, ""longitude"": -100.7507}",Married,Accountant,,Molina Healthcare,POL-644229,GRP-1986,29,2021-04-27,2024-05-10,178,77,24.3,Never Assessed,None,Sulfa,"Crohn's Disease, Ulcerative Colitis",None,None,"Diabetes, Heart Disease",English,White,Active,6,RegistrationDB
1185,Gregory,Perry,1963-04-10,Male,O+,gregory.perry@email.example.com,(528) 891-4137,Robert Reyes,(579) 696-8827,"{""line1"": ""4018 Broadway"", ""apt"": "", Apt 49"", ""city"": ""Sacramento"", ""state"": ""CA"", ""zip"": ""94201""}",Married,Artist,Gray Corp,Bright Health,POL-371071,GRP-7386,113,2022-08-06,2024-01-23,179,98,30.6,Non-Smoker,Heavy,"NSAIDs, Penicillin, Dust",Crohn's Disease,"Fluticasone, Cyclobenzaprine, Levothyroxine",None,"Arthritis, Heart Disease",Mandarin,Hispanic or Latino,Active,13,RegistrationDB
1187,Jonathan,Butler,1988-10-28,Male,O+,jonathan.butler@email.example.com,(409) 641-6886,Vincent Freeman,(920) 435-1883,"{""line1"": ""9350 Birch St"", ""apt"": """", ""city"": ""Sacramento"", ""state"": ""CA"", ""zip"": ""94201"", ""street_type"": ""Blvd""}",Single,Firefighter,,MetLife,POL-635295,GRP-9806,187,2023-05-14,2026-01-29,192,78,21.2,Non-Smoker,Occasional,None,"Sleep Apnea, Chronic Kidney Disease","Bupropion, Metoprolol, Losartan, Duloxetine",None,None,Spanish,Asian,Active,16,RegistrationDB
1190,Kevin,Ramos,1987-03-20,Male,A+,kevin.ramos@email.example.com,(578) 375-1858,Elijah Ford,(894) 960-1271,"{""line1"": ""5726 Hamilton Ct"", ""apt"": """", ""city"": ""Tulsa"", ""state"": ""OK"", ""zip"": ""74101"", ""street_type"": ""Way""}",Married,Social Worker,Campbell Corp,Cigna,POL-758523,GRP-4809,65,2023-07-31,2026-05-26,-10,59,14.9,Non-Smoker,None,"Pollen, Peanuts","Crohn's Disease, Hyperlipidemia","Amlodipine, Jardiance, Gabapentin, Spironolactone",None,"Hypertension, Arthritis",English,Black or African American,Deceased,20,RegistrationDB
,Maria,Foster,1951-03-10,Female,O+,maria.foster@email.example.com,(613) 473-5239,Alexander Robinson,(686) 464-3033,"{""line1"": ""9778 Hill St"", ""apt"": """", ""city"": ""Jacksonville"", ""state"": ""FL"", ""zip"": ""32201"", ""floor_number"": 32, ""timezone"": ""America/Denver"", ""longitude"": -118.0541, ""latitude"": 47.5866}",Single,Librarian,Martinez Corp,,,,27,2024-07-26,,167,82,29.4,Current Smoker,Occasional,Peanuts,,"Cetirizine, Acetaminophen, Spironolactone",None,"Stroke, Alzheimer's, Diabetes",English,Asian,Inactive,23,RegistrationDB
1206,Lincoln,Harrison,1992-11-14,Male,AB+,lincoln.harrison@email.example.com,(986) 381-8547,Carl Thompson,(238) 319-2914,"{""line1"": ""845 Sixth Ave"", ""apt"": """", ""city"": ""Virginia Beach"", ""state"": ""VA"", ""zip"": ""23450"", ""street_type"": ""Dr""}",Married,Project Manager,Gutierrez Corp,Tufts Health Plan,POL-190444,GRP-6443,376,2025-03-03,2025-10-08,171,95,32.5,Non-Smoker,None,None,", ","Omeprazole, Eliquis, Losartan",None,Alzheimer's,English,White,Deceased ,18,RegistrationDB
1214,Maxwell,Marshall,1977-02-01,Male,B+,maxwell.marshall@email.example.com,(655) 421-5704,Stephanie Sanders,(946) 857-2564,"{""line1"": ""6021 Ninth St"", ""apt"": "", Apt 26"", ""city"": ""New Orleans"", ""state"": ""LA"", ""zip"": ""70112"", ""street_type"": ""Rd""}",Married,Musician,Jimenez Corp,Oscar Health,POL-548062,GRP-6466,88,2020-06-12,2021-11-22,189,102,28.6,Former Smoker,Occasional,"Sulfa, Pollen, NSAIDs",Hypothyroidism,None,"Thyroidectomy, C-section, Meniscectomy",None,English,Hispanic or Latino,Active,19,RegistrationDB
1215,Emily,Jenkins,1995-10-15,Female,O+,emily.jenkins@email.example.com,(906) 820-5849,Jennifer Reynolds,(948) 976-1688,"{""line1"": ""3958 Second Ave"", ""apt"": """", ""city"": ""Cleveland"", ""state"": ""OH"", ""zip"": ""44101"", ""neighborhood"": ""Northside""}",Divorced,Writer,Hunter Corp,Centene,POL-155081,GRP-5780,138,2021-04-08,2021-05-12,154,59,24.9,Current Smoker,Heavy,"NSAIDs, Sulfa, Peanuts",Hyperlipidemia,!@#$%^&*(),Total hip replacement,"Asthma, Diabetes",English,White,Inactive,4,RegistrationDB
1219,Ethan,Morales,1955-05-24,Male,A+,ethan.morales@email.example.com,(892) 927-7280,Kelly Murray,(649) 444-8503,"{""line1"": ""6894 Monroe Dr"", ""apt"": "", Apt 29"", ""city"": ""New Orleans"", ""state"": ""LA"", ""zip"": ""70112"", ""timezone"": ""America/New_York"", ""county"": ""King""}",Married,Dentist,Freeman Corp,Cigna,POL-375640,GRP-3108,111,2019-07-19,2022-09-16,173,82,27.4,Current Smoker,Occasional,"Pollen, None, Peanuts",,"Montelukast, Prednisone, Eliquis, Clopidogrel",None,None,Spanish,White,Active,27,RegistrationDB
1221,Rachel,Murphy,2003-04-14,Female,O+,rachel.murphy@email.example.com,(980) 261-6594,Patricia Gonzales,(608) 315-3637,"{""line1"": ""2251 Oak Ave"", ""apt"": """", ""city"": ""Cleveland"", ""state"": ""OH"", ""zip"": ""44101"", ""street_type"": ""Dr"", ""county"": ""Dallas""}",Divorced,Architect,Lee Corp,,,,203,2018-03-07,2021-10-14,168,78,27.6,Non-Smoker,Occasional,"Peanuts, Penicillin, Codeine","Irritable Bowel Syndrome, Anemia",None,None,Asthma,Spanish,White,Active,8,RegistrationDB
1237,Wesley,Sanchez,1990-04-17,Male,,wesley.sanchez@email.example.com,(698) 658-9320,Avery West,(205) 807-4418,"{""line1"": ""1738 Washington Ave"", ""apt"": """", ""city"": ""Miami"", ""state"": ""FL"", ""zip"": ""33101""}",Divorced,Veterinarian,Lewis Corp,Cigna HealthCare,POL-806477,GRP-5479,171,2021-10-03,2021-10-27,167,86,30.8,Smoker,None,None,"Anemia, Congestive Heart Failure, Chronic Kidney Disease","Insulin glargine, Levothyroxine, Spironolactone, Amlodipine",None,"None, Asthma, Arthritis",Spanish,White,Active,12,RegistrationDB
1239,Sharon,Alvarez,1999-05-30,Female,O-,sharon.alvarez@email.example.com,(974) 650-3136,Susan Owens,(221) 523-4336,"{""line1"": ""123 Main St"", ""county"": ""Orange""}",Married,Mechanic,Alvarez Corp,Independence Blue Cross,POL-785117,G1234,442,2021-12-02,2024-06-17,168,92,-5,Current Smoker,Former,None,Ulcerative Colitis,"Lisinopril, Metoprolol, Amlodipine",None,"Stroke, Hypertension",Spanish,Hispanic or Latino,Active,13,RegistrationDB
1243,Donna,Martin,1982-05-20,Female,O+,donna.martin@email.example.com,(762) 788-5710,Anthony Hernandez,(706) 846-8479,"{""line1"": ""5077 Seventh St"", ""apt"": "", Suite 5"", ""city"": ""Milwaukee"", ""state"": ""WI"", ""zip"": ""53201"", ""timezone"": ""America/Los_Angeles"", ""country"": ""USA"", ""latitude"": 36.9915}",Separated,Manager,Ramirez Corp,Anthem,POL-873170,GRP-5067,440,2021-12-15,2021-12-15,180,66,20.4,Non-Smoker,Heavy,"NSAIDs, Sulfa",Ulcerative Colitis,"Levothyroxine, Eliquis, Atorvastatin, Warfarin",None,"Heart Disease, Arthritis, None",Cantonese,White,Active,15,RegistrationDB
1245,Paisley,Cooper,2001-02-28,Female,A+,user@.com,(859) 805-2883,Levi Wilson,(576) 487-2168,"{""line1"": ""1398 Madison St"", ""apt"": """", ""city"": ""Philadelphia"", ""state"": ""PA"", ""zip"": ""19101"", ""landmark"": ""Near Hospital""}",Married,Lawyer,Thomas Corp,Blue Cross,POL-634097,GRP-7996,128,2019-06-28,2021-12-05,169,81,28.4,Current Smoker,Occasional,"Peanuts, Codeine, Sulfa","Eczema, COPD","Sertraline, Hydrochlorothiazide, Clopidogrel",Sleeve gastrectomy,"Diabetes, Asthma, Stroke",English,White,Active,5,RegistrationDB
1247,Andrea,Alvarez,1976-12-13,Female,O+,,(458) 903-8273,Lucas Ortiz,(323) 245-3632,"{""line1"": ""8555 Oak Ave"", ""apt"": "", Suite 10"", ""city"": ""Virginia Beach"", ""state"": ""VA"", ""zip"": ""23450"", ""longitude"": -104.1337, ""floor_number"": 33}",Married,Business Owner,,Centene,POL-308060,GRP-9566,248,2020-06-07,2020-09-22,162,72,27.4,Non-Smoker,Occasional,"Dust, Sulfa","Osteoporosis, Asthma, Ulcerative Colitis","Apixaban, Duloxetine, Clopidogrel",None,"Stroke, Asthma, Hypertension",Vietnamese,Hispanic or Latino,,19,RegistrationDB
1267,Lisa,Simmons,1982-05-24,Female,A+,lisa.simmons@email.example.com,(515) 409-2917,Eric Crawford,(384) 904-5713,"{""line1"": ""6967 River Rd"", ""apt"": """", ""city"": ""Raleigh"", ""state"": ""NC"", ""zip"": ""27601""}",Married,Pilot,,Tufts Health Plan,POL-459978,GRP-6342,482,2025-07-06,2028-09-17,157,82,33.3,Current Smoker,None,NSAIDs,"Osteoarthritis, Rheumatoid Arthritis","Aspirin, Sertraline, Apixaban",None,"Alzheimer's, Heart Disease, Asthma",Cantonese,Black or African American,Active,19,RegistrationDB
1276,Ashley,BROWN,1989-12-07,Female,A-,ashley.brown@email.example.com,(414) 531-5037,Wesley Woods,(912) 922-6035,"{""line1"": ""9547 Third St"", ""apt"": """", ""city"": ""Fort Worth"", ""state"": ""TX"", ""zip"": ""76101"", ""country"": ""USA"", ""county"": ""Orange"", ""longitude"": -93.2805, ""delivery_notes"": ""Leave at door"", ""neighborhood"": ""West Side""}",Single,Construction Worker,Cruz Corp,Tufts Health Plan,POL-693027,GRP-4090,57,2024-02-01,2026-02-11,176,85,27.4,Former Smoker,Occasional,Peanuts,"Chronic Kidney Disease, Coronary Artery Disease, Hypertension, Anxiety Disorder","Furosemide, Losartan",None,Cancer,Spanish,Asian,Active,18,RegistrationDB
1279,Angela,Morris,1973-10-05,Female,O-,angela.morris@email.example.com,(398) 996-2529,Eric Gutierrez,(821) 668-4027,"{""line1"": ""2454 Eighth Ave"", ""apt"": """", ""city"": ""Indianapolis"", ""state"": ""IN"", ""zip"": ""46201"", ""country"": ""USA""}",Married,Engineer,Long Corp,Cigna HealthCare,POL-422054,GRP-1393,408,2022-08-13,2025-07-25,168,77,27.3,Non-Smoker,Occasional,None,GERD,None,Laminectomy,None,Spanish,Hispanic or Latino,Active,2,RegistrationDB
1280,Riley,Gonzales,1974-10-21,Female,B+,riley.gonzales@email.example.com,(455) 479-9497,Miles Patterson,(726) 247-1125,"{""line1"": ""7138 Cherry Ln"", ""apt"": """", ""city"": ""Virginia Beach"", ""state"": ""VA"", ""zip"": ""23450"", ""floor_number"": 36, ""county"": ""Miami-Dade""}",Single,Accountant,Freeman Corp,UnitedHealthcare,POL-443696,GRP-5226,331,2021-11-18,2022-05-31,166,47,17.1,Non-Smoker,Moderate,"NSAIDs, Penicillin",,None,None,None,English,White,Active,13,RegistrationDB
1283,Sandra,Rivera,1981-08-18,Female,O-,sandra.rivera@email.example.com,(929) 523-8536,Albert James,(550) 614-1640,"{""line1"": ""Unknown"", ""city"": ""Unknown"", ""state"": ""NA"", ""zip"": ""00000""}",Single,HR Specialist,Robinson Corp,MetLife,POL-684741,GRP-3738,312,2021-08-23,2023-05-25,163,85,32.0,Non-Smoker,None,"Sulfa, Latex, Peanuts",,"Losartan, Gabapentin",None,"None, Cancer, Arthritis",English,Asian,Active,22,RegistrationDB
1284,Brian,Edwards,1973-04-21,F,O-,brian.edwards@email.example.com,(510) 297-8159,Laura Hughes,(609) 355-1771,"{""line1"": ""4927 Walnut Ave"", ""apt"": """", ""city"": ""Albuquerque"", ""state"": ""NM"", ""zip"": ""87101"", ""latitude"": 39.1407}",Married,Unemployed,,MetLife,POL-560800,GRP-3299,8,2025-07-31,2028-07-12,182,87,26.3,Non-Smoker,,"NSAIDs, Pollen, Codeine","Sleep Apnea, Chronic Fatigue, Psoriasis",None,None,Hypertension,French,White,active,1,RegistrationDB
1289,Ezra,Edwards,1951-12-09,Male,AB+,ezra.edwards@email.example.com,,Lucas Reed,(913) 613-4047,"{""line1"": ""2295 Ash Ct"", ""apt"": """", ""city"": ""Albuquerque"", ""state"": ""NM"", ""zip"": ""87101"", ""longitude"": -90.6665, ""county"": ""Dallas""}",Single,Architect,Kelly Corp,UnitedHealthcare,POL-470521,GRP-4928,178,2019-05-05,2019-07-01,tall,75,24.8,Non-Smoker,Occasional,Codeine,,None,None,"Stroke, Hypertension",English,White,Active,13,RegistrationDB
1296,Stephanie,Foster,2002-09-04,Female,AB+,stephanie.foster@email.example.com,(569) 341-5990,Bruce Griffin,(995) 515-6460,"{""line1"": ""4930 Franklin Blvd"", ""apt"": "", Suite 26"", ""city"": ""Dallas"", ""state"": ""TX"", ""zip"": ""75201"", ""street_type"": ""Pl"", ""delivery_notes"": ""Ring bell""}",Married,Doctor,Thomas Corp,Kaiser Permanente,POL-612605,GRP-3394,412,2025-01-21,2026-03-05,167,80,28.7,Non-Smoker,None,"None, Pollen",,"Cyclobenzaprine, Hydrochlorothiazide",,"Diabetes, None",English,White,Active,2,RegistrationDB
1299,Kelly,Cook,1958-12-19,Female,O-,kelly.cook@email.example.com,(817) 781-2012,Christopher Ross,(701) 478-9184,"{""line1"": ""7257 Center St"", ""apt"": "", Apt 16"", ""city"": ""Kansas City"", ""state"": ""MO"", ""zip"": ""64101"", ""timezone"": ""America/New_York"", ""neighborhood"": ""West Side"", ""latitude"": 38.7981}",Married,Nurse,Peterson Corp,Oscar Health,POL-762130,GRP-7495,479,2025-10-25,2025-12-29,169,64,22.4,Non-Smoker,None,None,"Osteoarthritis, Eczema","Amlodipine, Aspirin, Loratadine",,"Cancer, None, Arthritis",English,Black or African American,Active,15,RegistrationDB
1301,Nancy,Nelson,01/15/1987,Female,B+,nancy.nelson@email.example.com,(980) 696-5172,Angela Marshall,(893) 590-1704,"{""line1"": ""1846 Hickory St"", ""apt"": """", ""city"": ""Columbus"", ""state"": ""OH"", ""zip"": ""43201"", ""county"": ""Dallas"", ""neighborhood"": ""Midtown"", ""timezone"": ""America/Phoenix"", ""latitude"": 32.2555}",Separated,Artist,,Bright Health,POL-644278,GRP-6929,165,2022-03-13,2023-07-23,174,83,27.4,Former Smoker,Occasional,"Sulfa, Peanuts, Dust",,,Laminectomy,Diabetes,,White,Active,18,RegistrationDB
1306,Randy,Cruz,1985-06-15,Male,A+,randy.cruz@email.example.com,(466) 628-1170,Megan Owens,(432) 758-7112,"{""line1"": ""8581 Park Blvd"", ""apt"": """", ""city"": ""Mesa"", ""state"": ""AZ"", ""zip"": ""85201""}",Divorced,Lawyer,White Corp,Oscar Health,POL-317419,GRP-4993,329,2024-11-08,2026-11-21,165,80,29.4,Former Smoker,Former,None,"Anemia, Sleep Apnea, Hypothyroidism, GERD","Warfarin, Sertraline, Spironolactone, Losartan",None,"None, Cancer, Stroke",Russian,White,Active,2,RegistrationDB
1308,Isaac,Webb,1965-06-29,Male,O-,isaac.webb@email.example.com,(714) 821-7681,N/A,(442) 367-5043,,Married,Mechanic,Roberts Corp,Bright Health,POL-158310,GRP-4909,83,2023-11-21,,184,66,19.5,Never Assessed,Moderate,"Penicillin, None, Codeine","Crohn's Disease, Chronic Fatigue","Cyclobenzaprine, Metformin, Duloxetine","Coronary artery bypass grafting, Total hip replacement, Cataract surgery",Cancer,Korean,caucasian,Active,11,RegistrationDB
1311,Kathleen,Butler,1980-11-01,Mle,O+,kathleen.butler@email.example.com,(373) 670-2500,Abigail Evans,(623) 309-6213,"{""line1"": ""4231 College Ave"", ""apt"": """", ""city"": ""Boston"", ""state"": ""MA"", ""zip"": ""02101""}",Single,Librarian,Hall Corp,Blue Cross Blue Shield,POL-117457,GRP-6564,186,2024-10-21,,162,97,37.0,Former Smoker,,"Sulfa, Shellfish, Dust","Fibromyalgia, Atrial Fibrillation","Spironolactone, Insulin glargine",None,"Heart Disease, Asthma, Alzheimer's",English,White,Active,1,RegistrationDB
1313,Lisa,Smith,1985-04-04,Female,O+,lisa.smith@email.example.com,(746) 372-9160,Helen Graham,(573) 538-4070,"{""line1"": ""616 Park Blvd"", ""apt"": "", Apt 25"", ""city"": ""Baltimore"", ""state"": ""MD"", ""zip"": ""21201""}",Widowed,HR Specialist,,,,,146,2023-05-28,2026-10-06,159,65,25.7,Non-Smoker,Occasional,"Shellfish, Latex, Pollen",Ulcerative Colitis,None,None,None,English,Other,Active,13,RegistrationDB
,Amanda,Griffin,1991-02-06,Female,A+,amanda.griffin@email.example.com,(289) 631-5163,Julian Hall,(445) 351-6653,"{""line1"": ""892 Madison St"", ""apt"": "", Suite 1"", ""city"": ""Philadelphia"", ""state"": ""PA"", ""zip"": ""19101""}",Single,Artist,Jones Corp,Oscar Health,POL-446730,GRP-6595,402,2019-03-26,2019-04-16,159,59,23.3,Non-Smoker,None,,"Fibromyalgia, Coronary Artery Disease, Hypothyroidism, Hyperlipidemia",None,None,"Heart Disease, Cancer, Arthritis",Spanish,White,Inactive,16,RegistrationDB
1316,,Green,1999-12-23,Male,o+,mason.green@email.example.com,(316) 693-1761,Kelly Fisher,(652) 569-4435,"{""line1"": ""9960 Fifth St"", ""apt"": """", ""city"": ""Omaha"", ""state"": ""NE"", ""zip"": ""68101"", ""delivery_notes"": ""Call upon arrival"", ""landmark"": ""Close to University"", ""county"": ""King"", ""floor_number"": 2}",Single,Manager,,Tufts Health Plan,POL-534523,GRP-5254,425,2023-12-11,2026-09-14,173,59,19.7,Non-Smoker,Occasional,None,"Chronic Kidney Disease, Crohn's Disease",None,None,"Alzheimer's, Heart Disease, Stroke",Spanglish,White,Inactive,25,RegistrationDB
1319,Daniel,Williams,1969-03-11,Male,O-,daniel.williams@email.example.com,(371) 589-8593,Logan Gomez,(980) 862-9738,"{""line1"": ""Unknown"", ""city"": ""Unknown"", ""state"": ""NA"", ""zip"": ""00000"", ""longitude"": -104.1114, ""county"": ""Miami-Dade""}",Single,Chef,Mitchell Corp,Highmark,POL-847670,GRP-6075,425,2025-13-01,2023-10-06,176,126,40.7,Non-Smoker,Moderate,"Codeine, Pollen",,"Eliquis, Spironolactone, Ibuprofen, Acetaminophen",None,"Heart Disease, Diabetes, Heart Disease",English,White,Active,25,RegistrationDB
1323,Nora,Bailey,1997-02-24,Female,B+,nora.bailey1@email.example.com,(538) 908-3337,Mason Brown,(288) 333-3505,"{""line1"": ""6477 Broadway"", ""apt"": """", ""city"": ""Charlotte"", ""state"": ""NC"", ""zip"": ""28201"", ""longitude"": -116.7211, ""latitude"": 27.0352}",Single,Unemployed,Morales Corp,Kaiser Permanente,POL-426446,GRP-3009,498,2023-05-08,2024-06-30,170,85,29.4,Current Smoker,None,Codeine,,None,"Cataract surgery, Spinal fusion","None, Arthritis",English,Hispanic or Latino,Active,15,RegistrationDB
1326,Joseph,Gonzales,2000-03-23,Male,O+,joseph.gonzales@email.example.com,(530) 707-2977,Ezra Ortiz,(446) 913-9603,"{""line1"": ""123 Main St"", ""street_type"": ""Ct"", ""timezone"": ""America/Denver"", ""latitude"": 46.4545, ""neighborhood"": ""Uptown""}",Divorced,Sales Representative,Patel Corp,Health Net,POL-952019,GRP-8428,373,01-01-2020,2024-12-16,177,88,28.1,Never Assessed,Moderate,None,"Chronic Kidney Disease, Hypertension",Ozempic,None,"Cancer, Stroke",Spanish,Hispanic or Latino,Active,13,RegistrationDB
1329,Ronald,Long,1980-09-01,Male,O+,ronald.long@email.example.com,(753) 963-2750,Lauren Mitchell,(882) 755-6048,"{""line1"": ""2847 Center St"", ""apt"": """", ""city"": ""Milwaukee"", ""state"": ""WI"", ""zip"": ""53201"", ""country"": ""USA"", ""neighborhood"": ""Southside""}",Single,Driver,Chavez Corp,Aetna,POL-822023,GRP-8986,173,2021-10-06,2022-07-01,185,67,19.6,Non-Smoker,Moderate,"NSAIDs, Peanuts, Dust",,Bupropion,None,"Diabetes, Asthma, Stroke",English,White,,2,RegistrationDB
1334,Michael,Peterson,1989-06-27,Male,O+,michael.peterson@email.example.com,(912) 215-6895,Barbara Stevens,(891) 811-3841,"{""line1"": ""2589 Oak Ave"", ""apt"": """", ""city"": ""Atlanta"", ""state"": ""GA"", ""zip"": ""30301""}",Separated,Professor,Cruz Corp,Kaiser Permanente,POL-395717,GRP-8222,466,2022-05-28,2026-01-03,184,76,22.4,Current Smoker,Occasional,"Shellfish, Sulfa","Eczema, Hypothyroidism, Chronic Kidney Disease, Osteoarthritis","Ozempic, Amlodipine, Clopidogrel",None,Stroke,English,White,Active,3,RegistrationDB
1346,Margaret,Martinez,2025-01-01,Female,A+,margaret.martinez@email.example.com,(267) 360-4460,Larry Hughes,(291) 792-8224,"{""line1"": ""7015 Spring St"", ""apt"": "", Apt 37"", ""city"": ""Miami"", ""state"": ""FL"", ""zip"": ""33101"", ""timezone"": ""America/Phoenix""}",Married,Social Worker,Ford Corp,Oscar Health,POL-203519,GRP-1790,105,,2020-05-15,149,66,29.7,Non-Smoker,Occasional,Null,"Depression, Hyperlipidemia, Chronic Kidney Disease","Celecoxib, Bupropion",None,"Cancer, Arthritis, Heart Disease",English,Asian,Active,10,RegistrationDB
1347,,Watson,1998-12-18,Male,A+,daniel.watson@email.example.com,(462) 828-2571,Christopher Stevens,(716) 664-4231,"{""line1"": ""6755 Highland Ave"", ""apt"": """", ""city"": ""Phoenix"", ""state"": ""AZ"", ""zip"": ""85001""}",Married,Chef,James Corp,Cigna HealthCare,POL-802860,GRP-4337,49,2021-10-04,2021-12-09,168,107,37.9,Former Smoker,Occasional,NSAIDs,"Atrial Fibrillation, Migraine, Sleep Apnea","Apixaban, Ibuprofen, Omeprazole, Sertraline","Cataract surgery, Sleeve gastrectomy, Spinal fusion","None, Alzheimer's",English,Hispanic or Latino,Active,13,RegistrationDB
,Rachel,Wright,1955-07-06,Female,O+,rachel.wright@email.example.com,(575) 597-9390,Kyle Ortiz,(453) 383-3730,"{""line1"": ""7862 Poplar St"", ""apt"": """", ""city"": ""Washington"", ""state"": ""DC"", ""zip"": ""20001"", ""latitude"": 30.6187}",Married,Writer,Torres Corp,MetLife,POL-180704,GRP-4092,81,2024-12-02,2026-02-01,159,,19.0,Non-Smoker,2 beers/week,"Peanuts, Codeine, NSAIDs",,"Losartan, Spironolactone, Jardiance, Metoprolol",Gastric bypass,"None, Arthritis, Stroke",Spanish,Hispanic or Latino,Active,23,RegistrationDB
,Nicholas,King,1974-10-07,Male,B+,,(563) 402-5818,Victor Ramirez,(847) 693-2627,"{""line1"": ""2745 Franklin Blvd"", ""apt"": "", Unit 3"", ""city"": ""Baltimore"", ""state"": ""MD"", ""zip"": ""21201"", ""timezone"": ""America/Phoenix"", ""neighborhood"": ""Southside""}",Single,Pharmacist,Simpson Corp,Cigna HealthCare,POL-207254,GRP-3202,67,2021-05-08,2022-04-12,180,68,-5,Non-Smoker,Sometimes,Codeine,,Atorvastatin,"C-section, Total hip replacement",None,English,Two or More Races,Active,12,RegistrationDB
1358,Aria,Russell,2003-08-16,Female,A+,aria.russell@email.example.com,(495) 498-4171,Hannah Diaz,(497) 618-5309,"{""line1"": ""3752 Center St"", ""apt"": """", ""city"": ""Miami"", ""state"": ""FL"", ""zip"": ""33101""}",Married,Artist,,UnitedHealthcare,POL-847749,GRP-6717,121,2018-11-25,2022-05-15,9999,69,31.5,Non-Smoker,Occasional,"NSAIDs, Sulfa, Codeine","Hypertension, Type 2 Diabetes, Hyperlipidemia",Ozempic,ACL reconstruction,None,Tagalog,Black or African American,Active,25,RegistrationDB
1378,Linda,Graham,2001-07-16,Female,O+,linda.graham@email.example.com,(533) 376-3846,Victoria Hernandez,(916) 736-9113,"{""line1"": ""3227 Cypress Dr"", ""apt"": "", Unit 12"", ""city"": ""Phoenix"", ""state"": ""AZ"", ""zip"": ""85001"", ""delivery_notes"": ""Leave at door""}",Single,Business Owner,Price Corp,MetLife,POL-365553,GRP-2729,441,2020-10-21,2021-01-11,163,101,38.0,Current Smoker,Moderate,"Peanuts, Penicillin",Coronary Artery Disease,None,Total hip replacement,None,English,White,Active,2,RegistrationDB
1385,Mason,White,2002-11-19,Male,O+,mason.white@email.example.com,(840) 959-9299,999-999-9999,(481) 944-1902,"{""line1"": ""3523 Washington Ave"", ""apt"": """", ""city"": ""Sacramento"", ""state"": ""CA"", ""zip"": ""94201"", ""country"": ""USA"", ""street_type"": ""Ct"", ""county"": ""Cook"", ""latitude"": 26.1614, ""timezone"": ""America/Los_Angeles""}",Married,UnemPloyed,,Harvard Pilgrim,POL-826913,GRP-8829,178,2020-11-08,2021-08-06,166,52,18.9,Former Smoker,None,"Shellfish, Dust",,"Cyclobenzaprine, Losartan, Cetirizine",Hysterectomy,"Arthritis, Diabetes, Asthma",Spanish,Hispanic or Latino,Active,13,RegistrationDB
1388,Wesley,Murphy,1999-03-10,Male,O-,wesley.murphy@email.example.com,(989) 808-2468,Mateo Martinez,(627) 860-4780,"{""line1"": ""3337 Cherry Ln"", ""apt"": "", # 47"", ""city"": ""Las Vegas"", ""state"": ""NV"", ""zip"": ""89101"", ""timezone"": ""America/Denver"", ""longitude"": -104.0656, ""street_type"": ""St"", ""country"": ""USA""}",Married,Doctor,Hughes Corp,CareFirst,POL-782265,GRP-1243,148,tomorrow,2025-12-20,164,63,23.4,Non-Smoker,None,"Latex, Shellfish, None",Chronic Fatigue,Jardiance,None,"Heart Disease, Asthma, None",Russian,Hispanic or Latino,Inactive,15,RegistrationDB
,Scarlett,Woods,1970-05-27,,O-,scarlett.woods@email.example.com,(724) 925-6795,Douglas Flores,(473) 491-1215,"{""line1"": ""4717 Hamilton Ct"", ""apt"": """", ""city"": ""Portland"", ""state"": ""OR"", ""zip"": ""97201"", ""timezone"": ""America/Denver"", ""neighborhood"": ""Midtown"", ""street_type"": ""Blvd""}",Married,Military,Jenkins Corp,Cigna HealthCare,POL-243566,GRP-1820,414,2019-08-08,2023-01-25,156,58,23.8,Current Smoker,Occasional,"Latex, Dust, Pollen","Atrial Fibrillation, Fibromyalgia, COPD",Ibuprofen,None,Alzheimer's,Spanish,Hispanic or Latino,Active,8,RegistrationDB
1390,Emma,Reynolds,1800-01-01,Female,A-,emma.reynolds@email.example.com,(396) 539-1801,Evelyn Powell,(948) 512-5022,"{""line1"": ""1537 Pleasant St"", ""apt"": """", ""city"": ""Baltimore"", ""state"": ""MD"", ""zip"": ""21201"", ""longitude"": -118.6482, ""street_type"": ""St"", ""neighborhood"": ""East Side"", ""county"": ""Sacramento""}",Married,Insurance Agent,Patel Corp,Independence Blue Cross,POL-351908,GRP-1217,303,2023-10-13,2027-08-08,155,90,37.5,Current Smoker,None,"Penicillin, None, Peanuts","GERD, Eczema",None,None,None,Vietnamese,White,Active,20,RegistrationDB
1391,Jonathan,Walker,2000-11-06,Male,B+,jonathan.walker@email.example.com,(466) 605-9363,Ronald Young,(289) 889-4631,"{""line1"": ""9996 Ash Ct"", ""apt"": """", ""city"": ""Chicago"", ""state"": ""IL"", ""zip"": ""60601"", ""landmark"": ""Close to University"", ""timezone"": ""America/Los_Angeles"", ""delivery_notes"": ""Deliver to reception"", ""county"": ""Cook""}",Married,Sales Representative,,Aetna,POL-578692,GRP-5638,407,2022-09-06,2023-06-20,9999,76,29.0,Never Assessed,None,"NSAIDs, Pollen",N/A,None,C-section,None,Vietnamese,White,Active,2,RegistrationDB
1397,Bruce,Alexander,1974-10-17,Male,O+,bruce.alexander1@email.example.com,(413) 879-5983,Madelyn Stewart,(220) 276-4160,"{""line1"": ""1384 Birch St"", ""apt"": "", Unit 34"", ""city"": ""Virginia Beach"", ""state"": ""VA"", ""zip"": ""23450"", ""latitude"": 35.2647, ""timezone"": ""America/Denver"", ""country"": ""USA"", ""longitude"": -75.4824}",Married,Student,King Corp,Humana,POL-565175,GRP-3045,279,01-01-2020,2023-08-23,187,87,24.9,Non-Smoker,Moderate,None,,"Meloxicam, Aspirin",None,"Cancer, Stroke, Arthritis",Mandarin,White,Active,9,RegistrationDB
1402,Ryan,Alvarez,2000-12-01,Male,A+,ryan.alvarez@email.example.com,(590) 507-2623,Gabriel Porter,(353) 566-5917,"{""line1"": ""9257 Park Blvd"", ""apt"": """", ""city"": ""Indianapolis"", ""state"": ""IN"", ""zip"": ""46201"", ""county"": ""Maricopa"", ""neighborhood"": ""West Side"", ""street_type"": ""Cir"", ""country"": ""USA""}",Married,Teacher,,Cigna,POL-366277,GRP-1797,207,2018-04-20,2022-01-24,176,40,12.9,Non-Smoker,Heavy,None,Anxiety Disorder,"Ibuprofen, Metformin",Angioplasty with stent,"None, Cancer, Stroke",Mandarin,White,Active,2,RegistrationDB
1403,Edward,Jackson,2001-03-23,Male,B+,edward.jackson@email.example.com,(487) 864-4724,Willie Parker,(961) 536-3623,"{""line1"": ""6339 Franklin Blvd"", ""apt"": """", ""city"": ""Las Vegas"", ""state"": ""NV"", ""zip"": ""89101"", ""neighborhood"": ""Midtown""}",Married,Musician,,Centene,POL-887476,GRP-7299,484,2020-04-24,2023-05-11,173,64,21.4,Former Smoker,None,"Codeine, None, Sulfa","GERD, Hypothyroidism","Aspirin, Meloxicam",None,None,English,Two or More Races,Active,25,RegistrationDB
1404,Theodore,Butler,1981-01-26,Male,O+,theodore.butler@email.example.com,(810) 850-3421,,(985) 330-9013,"{""line1"": ""7564 Ninth St"", ""apt"": "", Unit 40"", ""city"": ""Cleveland"", ""state"": ""OH"", ""zip"": ""44101""}",Single,UnemPloyed,Wood Corp,,,,35,tomorrow,,162,,-5,Non-Smoker,None,"Codeine, Sulfa, Dust",Chronic Fatigue,"Spironolactone, Celecoxib, Gabapentin",None,Heart Disease,English,White,Active,10,RegistrationDB
1419,Sharon,Ruiz,1955-02-25,Female,A+,sharon.ruiz@email.example.com,(273) 220-1542,Robert Gomez,(489) 591-1984,"{""line1"": ""6343 Sycamore Ave"", ""apt"": "", # 26"", ""city"": ""San Diego"", ""state"": ""CA"", ""zip"": ""92101""}",Separated,Chef,Mitchell Corp,Highmark,POL-889878,GRP-3250,49,2025-05-01,2029-04-09,150,68,30.2,Non-Smoker,Occasional,Penicillin,"Hyperlipidemia, Psoriasis","Albuterol, Furosemide, Tramadol",None,"Alzheimer's, Diabetes, Arthritis",,Asian,Inactive,13,RegistrationDB
1420,Penelope,Reynolds,1986-07-02,Female,B-,penelope.reynolds@email.example.com,(953) 300-9244,Christine Smith,(421) 230-8266,"{""line1"": ""4658 Fourth Ave"", ""apt"": "", Unit 8"", ""city"": ""Austin"", ""state"": ""TX"", ""zip"": ""73301"", ""latitude"": 35.4405, ""neighborhood"": ""Northside"", ""country"": ""USA"", ""floor_number"": 24}",Married,Pharmacist,N/A,Oscar Health,POL-928509,GRP-6814,316,2019-02-06,2020-07-02,161,56,21.6,Never Assessed,Occasional,"Peanuts, Codeine, Dust",Osteoporosis,"Gabapentin, Metoprolol, Ozempic, Eliquis",None,"Hypertension, Alzheimer's",Vietnamese,White,Active,18,RegistrationDB
1428,betty,Hughes,1982-03-28,Female,o+,,(558) 408-3368,Lily Morris,(405) 463-3017,"{""line1"": ""3681 Hill St"", ""apt"": """", ""city"": ""El Paso"", ""state"": ""TX"", ""zip"": ""79901""}",Separated,Librarian,,Blue Cross Blue Shield,POL-790972,GRP-4034,401,2018-06-07,2018-06-07,160,67,26.2,Former Smoker,Moderate,"NSAIDs, Penicillin, Peanuts",,"Insulin glargine, Eliquis, Ozempic, Jardiance",None,None,Cantonese,White,Active,16,RegistrationDB
1435,Laura,Foster,1979-03-16,Female,A-,laura.foster1@email.example.com,(800) 873-2927,Deborah Ruiz,(890) 981-2477,"{""line1"": ""2274 Cypress Dr"", ""apt"": """", ""city"": ""Virginia Beach"", ""state"": ""VA"", ""zip"": ""23450""}",Single,Librarian,,MetLife,POL-192618,GRP-5387,192,2022-02-22,,172,106,35.8,Current Smoker,Heavy,Pollen,"Sleep Apnea, Chronic Fatigue, Rheumatoid Arthritis","Tramadol, Cyclobenzaprine",None,"Heart Disease, Stroke",English,White,Active,22,RegistrationDB
1436,,Chavez,1978-06-29,Female,A+,kathleen.chavez@email.example.com,(429) 465-2635,Susan Rogers,,"{""line1"": ""9394 Walnut Ave"", ""apt"": """", ""city"": ""Seattle"", ""state"": ""WA"", ""zip"": ""98101"", ""timezone"": ""America/Chicago"", ""neighborhood"": ""Uptown"", ""county"": ""Sacramento"", ""longitude"": -99.5422}",Married,Firefighter,Hicks Corp,Health Net,,GRP-7055,447,2022-05-26,2023-11-24,166,70,25.4,Non-Smoker,Moderate,"Penicillin, Peanuts",Ulcerative Colitis,"Loratadine, Gabapentin, Warfarin",None,Alzheimer's,English,White,Active,1,RegistrationDB
1438,Jeremy,Wells,1989-04-17,Male,O-,jeremy.wells@email.example.com,(841) 426-6938,Grace Washington,(449) 201-1125,"{""line1"": ""7328 Lake Dr"", ""apt"": "", Suite 34"", ""city"": ""Minneapolis"", ""state"": ""MN"", ""zip"": ""55401""}",Married,Musician,,Centene,POL-966245,GRP-5489,282,2025-01-10,,175,86,28.1,Current Smoker,Moderate,"Sulfa, Codeine, NSAIDs","Hypertension, Congestive Heart Failure, Anxiety Disorder","Metformin, Hydrochlorothiazide, Acetaminophen, Bupropion",Carpal tunnel release,None,Spanish,White,,18,RegistrationDB
1445,Zachary,Fisher,1967-08-31,Male,O+,zachary.fisher@email.example.com,(537) 762-2368,George Cox,(787) 305-8322,"{""line1"": ""6344 Poplar St"", ""apt"": "", Suite 37"", ""city"": ""Denver"", ""state"": ""CO"", ""zip"": ""80201"", ""timezone"": ""America/Los_Angeles"", ""floor_number"": 36, ""country"": ""USA"", ""county"": ""San Diego""}",Married,Nurse,Murphy Corp,Centene,POL-800986,GRP-5879,327,2021-03-16,2022-04-07,181,61,18.6,Non-Smoker,Occasional,"Dust, Sulfa, None",Migraine,"Spironolactone, Tramadol, Losartan",None,None,Russian,White,Active,9,RegistrationDB
1446,Caleb,Rogers,2003-06-03,Male,A-,caleb.rogers@email.example.com,(559) 363-4640,Timothy Porter,(782) 943-8752,"{""line1"": ""5038 Seventh St"", ""apt"": """", ""city"": ""New York"", ""state"": ""NY"", ""zip"": ""10001"", ""county"": ""Miami-Dade"", ""floor_number"": 36, ""country"": ""USA""}",Married,UnemPloyed,Hicks Corp,Humana,POL-660054,GRP-9816,167,2020-07-24,2023-12-10,184,73,21.6,Current Smoker,Heavy,None,,Tramadol,None,"Heart Disease, Diabetes, None",English,White,Deceased ,14,RegistrationDB
1451,Naomi,Ford,1992-10-07,Female,AB+,naomi.ford@email.example.com,(392) 581-5122,Mason Hernandez,(360) 252-5135,"{""line1"": ""6788 Tenth Ave"", ""apt"": """", ""city"": ""Louisville"", ""state"": ""KY"", ""zip"": ""40201"", ""latitude"": 25.7311, ""street_type"": ""Cir"", ""country"": ""USA"", ""neighborhood"": ""Suburbs""}",Divorced,Retail Associate,Morgan Corp,Geisinger,POL-157992,GRP-3648,56,2023-05-20,2025-12-15,177,74,23.6,Current Smoker,Heavy,None,,,None,"Cancer, Diabetes, Asthma",Vietnamese,Black or African American,Active,21,RegistrationDB
1454,Sarah,Howard,1976-05-06,Female,B+,sarah.howard@email.example.com,(919) 711-6538,Larry Rivera,(690) 245-4463,"{""line1"": ""8036 River Rd"", ""apt"": """", ""city"": ""New Orleans"", ""state"": ""LA"", ""zip"": ""70112"", ""county"": ""Dallas"", ""street_type"": ""Ln"", ""delivery_notes"": ""Leave at door""}",Widowed,Administrative Assistant,Crawford Corp,,,,53,2024-12-14,,160,69,27.0,Former Smoker,None,None,,Meloxicam,None,"Heart Disease, Diabetes, None",Cantonese,White,Active,10,RegistrationDB
1458,Lucas,Garcia,1978-04-30,Male,B+,lucas.garcia@email.example.com,(667) 894-5194,Nicole Evans,(873) 617-9288,"{""line1"": ""2187 Elm St"", ""apt"": """", ""city"": ""San Antonio"", ""state"": ""TX"", ""zip"": ""78201"", ""country"": ""USA""}",Married ,Project Manager,Gonzales Corp,Independence Blue Cross,POL-419527,GRP-2551,383,2020-12-06,,165,heavy,27.2,Former Smoker,Occasional,Null,"Hyperlipidemia, Asthma, Psoriasis, GERD",,None,"Stroke, Heart Disease",English,White,Active,2,RegistrationDB
1462,Angela,Torres,1991-03-24,Female,AB,angela.torres@email.example.com,(900) 942-2118,Jason Castillo,(524) 319-2026,"{""line1"": ""8466 Seventh St"", ""apt"": """", ""city"": ""San Diego"", ""state"": ""CA"", ""zip"": ""92101"", ""delivery_notes"": ""Call upon arrival""}",Married,Scientist,,Bright Health,POL-931718,GRP-8901,254,2025-10-12,2028-06-29,164,56,20.8,Non-Smoker,Heavy,"None, Codeine, NSAIDs","Anemia, GERD","Levothyroxine, Spironolactone, Prednisone",None,Cancer,English,Black or African American,Active,22,RegistrationDB
1466,Dennis,Sanders,1953-08-18,Male,O+,dennis.sanders@email.example.com,(262) 372-3807,Madelyn Gomez,(944) 206-1847,"{""line1"": ""2822 Church St"", ""apt"": """", ""city"": ""Virginia Beach"", ""state"": ""VA"", ""zip"": ""23450"", ""landmark"": ""Near Hospital"", ""country"": ""USA"", ""timezone"": ""America/Denver""}",Separated,Flight Attendant,Williams Corp,Independence Blue Cross,POL-974282,GRP-3103,346,2020-03-31,2022-04-24,182,95,28.7,Non-Smoker,Former,"Sulfa, Pollen","Chronic Kidney Disease, Hyperlipidemia",None,None,"Asthma, Alzheimer's",English,White,Active,1,RegistrationDB
1467,Emily,Evans,2003-04-06,Female,A+,emily.evans@email.example.com,(220) 676-2347,Barbara Long,(978) 889-5048,"{""line1"": ""9757 Magnolia Way"", ""apt"": """", ""city"": ""Milwaukee"", ""state"": ""WI"", ""zip"": ""53201"", ""country"": ""USA"", ""latitude"": 27.0045, ""longitude"": -97.8661}",Single,Architect,Reed Corp,,POL-542363,GRP-5204,14,2024-05-07,2027-07-13,166,86,31.2,Non-Smoker,Occasional,"Pollen, NSAIDs, Codeine","Rheumatoid Arthritis, Sleep Apnea",Albuterol,"Total hip replacement, ACL reconstruction, Colectomy",None,English,Hispanic or Latino,Inactive,13,RegistrationDB
1471,Lily,Murray,1988-08-10,Female,A-,lily.murray@email.example.com,(488) 800-6988,Bruce Fisher,(939) 217-7438,"{""line1"": ""2687 Hill St"", ""apt"": "", Unit 31"", ""city"": ""San Diego"", ""state"": ""CA"", ""zip"": ""92101""}",Separated,Software Developer,Wood Corp,Molina Healthcare,POL-225682,GRP-4334,390,2022-09-24,2024-02-03,179,48,15.0,Current Smoker,Occasional,"None, Pollen",Sleep Apnea,Spironolactone,"C-section, Hernia repair","Alzheimer's, Arthritis",English,White,Inactive,8,RegistrationDB
1473,Ezra,Stewart,2099-06-15,Male,A+,ezra.stewart@email.example.com,(795) 461-6318,Rachel Cox,(264) 367-1824,"{""line1"": ""3579 Magnolia Way"", ""apt"": """", ""city"": ""Austin"", ""state"": ""TX"", ""zip"": ""73301"", ""neighborhood"": ""Historic District"", ""floor_number"": 26}",Single,Real Estate Agent,,UnitedHealthcare,POL-514689,GRP-1718,208,2022-09-11,2023-08-12,167,58,20.8,Current Smoker,Occasional,"Penicillin, Peanuts, Latex","Migraine, Osteoporosis, Ulcerative Colitis, Asthma",unknown,None,"Diabetes, Hypertension, Stroke",English,White,Active,14,RegistrationDB
1484,Kevin,Porter,1998-01-21,Male,O+,kevin.porter@email.example.com,(271) 447-4285,Alexander Williams,(942) 382-4390,"{""line1"": ""8701 Pleasant St"", ""apt"": """", ""city"": ""Oklahoma City"", ""state"": ""OK"", ""zip"": ""73101""}",Married,Librarian,,Aetna,POL-125625,GRP-7090,32,2022-03-31,2022-04-15,179,81,25.3,Non-Smoker,Former,"Peanuts, Penicillin, None",Ulcerative Colitis,"Montelukast, Prednisone",None,None,Mandarin,Hispanic or Latino,Active,22,RegistrationDB
1488,Robert,Jimenez,1950-06-24,Male,,robert.jimenez@email.example.com,(689) 945-3200,Elijah Gomez,(583) 941-9710,"{""line1"": ""Unknown"", ""city"": ""Unknown"", ""state"": ""NA"", ""zip"": ""00000""}",Married,Unemployed,Robinson Corp,Cigna,POL-591473,G1234,442,2018-12-07,2022-08-02,171,98,33.5,Never Assessed,Moderate,"NSAIDs, Sulfa, Pollen","Congestive Heart Failure, Eczema","Spironolactone, Insulin glargine",None,"Heart Disease, Arthritis",Russian,Hispanic or Latino,Active,13,RegistrationDB
1492,Thomas,Jones,2004-09-21,Male,A+,thomas.jones@email.example.com,(658) 659-3009,Layla Myers,(577) 493-7341,"{""line1"": ""3787 Ninth St"", ""apt"": """", ""city"": ""Phoenix"", ""state"": ""AZ"", ""zip"": ""85001"", ""latitude"": 36.9924, ""county"": ""Sacramento"", ""neighborhood"": ""Waterfront""}",Married,Librarian,Rivera Corp,Kaiser Permanente,POL-181673,GRP-6244,77,2022-09-08,,168,104,36.8,Former Smoker,Moderate,"NSAIDs, Pollen, Codeine","Hypertension, Hypothyroidism","Spironolactone, Meloxicam",None,"Heart Disease, Alzheimer's, Diabetes",English,Hispanic or Latino,Active,21,RegistrationDB
1495,Ellie,Parker,1956-11-30,Female,A+,ellie.parker@email.example.com,(929) 986-2835,Scott Davis,(397) 327-6940,"{""line1"": ""7904 Willow Dr"", ""apt"": "", # 22"", ""city"": ""Miami"", ""state"": ""FL"", ""zip"": ""33101"", ""street_type"": ""Cir"", ""longitude"": -109.9877, ""neighborhood"": ""Southside"", ""timezone"": ""America/Los_Angeles""}",Married,Nurse,N/A,Oscar Health,POL-672680,GRP-4968,437,2020-11-29,2020-11-29,158,80,32.0,Non-Smoker,Occasional,"None, NSAIDs","Sleep Apnea, Irritable Bowel Syndrome",Apixaban,,"Diabetes, Heart Disease",English,Hispanic or Latino,Active,12,RegistrationDB
1498,Raymond,Morgan,1979-01-23,Male,A+,raymond.morgan@email.example.com,(325) 991-4477,Bobby Mitchell,(807) 375-5162,"{""line1"": ""Unknown"", ""city"": ""Unknown"", ""state"": ""NA"", ""zip"": ""00000"", ""floor_number"": 24, ""latitude"": 33.9822, ""neighborhood"": ""East Side""}",Married,Professor,Mendoza Corp,,,,335,2023-06-13,2026-03-15,163,80,30.1,Non-Smoker,Occasional,"Sulfa, Codeine",Depression,"Tramadol, Meloxicam, Spironolactone, Pantoprazole",Angioplasty with stent,Diabetes,English,Other,Active,10,RegistrationDB
1499,Nancy,Nelson,1988-05-15,Female,A+,nancy.nelson1@email.example.com,(532) 849-3994,Daniel Tucker,(827) 978-8092,"{""line1"": ""5462 Walnut Ave"", ""apt"": """", ""city"": ""Sacramento"", ""state"": ""CA"", ""zip"": ""94201"", ""longitude"": -79.9117}",Married,Sales Representative,Anderson Corp,Oscar Health,POL-561213,GRP-6204,8,2019-11-11,,tall,40,,Current Smoker,Moderate,Latex,"Hypothyroidism, Chronic Fatigue",None,None,"Asthma, None",Vietnamese,White,Active,1,RegistrationDB
,Samantha,Bennett,1983-02-27,Female,AB+,samantha.bennett@email.example.com,(752) 314-6032,Pamela Murphy,(963) 916-3331,"{""line1"": ""2463 Hill St"", ""apt"": "", Suite 1"", ""city"": ""Denver"", ""state"": ""CO"", ""zip"": ""80201"", ""longitude"": -113.7317, ""country"": ""USA"", ""latitude"": 32.5202}",Divorced,Retail Associate,,Anthem,POL-611731,GRP-5681,210,2020-11-08,2021-11-23,168,89,31.5,Non-Smoker,,"Sulfa, Latex, Shellfish",,"Insulin glargine, Spironolactone",Tonsillectomy,"Heart Disease, Asthma, Hypertension",English,Other,Active,2,RegistrationDB
1519,12345,Morris,1957-05-02,Male,O+,user@.com,(283) 307-2738,Jessica Wells,(855) 612-6586,"{""line1"": ""2520 Beechwood Ave"", ""apt"": """", ""city"": ""Denver"", ""state"": ""CO"", ""zip"": ""80201"", ""street_type"": ""Ln""}",Single,Mechanic,Hughes Corp,Humana,POL-546989,GRP-5672,8,2020-11-24,2022-06-12,178,82,25.9,Current Smoker,Occasional,"Pollen, Shellfish, NSAIDs","Hypothyroidism, Crohn's Disease, GERD, Migraine","Warfarin, Losartan, Sertraline, Ozempic",Hysterectomy,None,Mandarin,Two or More Races,Inactive,1,RegistrationDB
1522,Nicholas,Hicks,1999-03-31,F,O+,nicholas.hicks@email.example.com,(541) 229-2765,Peter Taylor,(550) 717-6240,"{""line1"": ""2512 Sixth Ave"", ""apt"": """", ""city"": ""New York"", ""state"": ""NY"", ""zip"": ""10001"", ""county"": ""Miami-Dade"", ""neighborhood"": ""Southside""}",Married,Professor,Butler Corp,Highmark,POL-609029,GRP-6511,2,2019-06-23,,180,94,29.0,Non-Smoker,Former,"Penicillin, Shellfish",,"Gabapentin, Clopidogrel, Jardiance, Albuterol",,None,Korean,White,Active,17,RegistrationDB
1524,Sandra,Sullivan,2002-01-11,,O+,sandra.sullivan@email.example.com,(523) 708-3136,Silas Martin,(962) 447-7411,"{""line1"": ""Unknown"", ""city"": ""Unknown"", ""state"": ""NA"", ""zip"": ""00000"", ""delivery_notes"": ""Leave at door"", ""timezone"": ""America/New_York"", ""neighborhood"": ""Midtown"", ""county"": ""Queens""}",Single,,,,,,352,2021-04-21,2023-06-12,154,98,41.3,Former Smoker,Occasional,Shellfish,"Anxiety Disorder, Eczema, Ulcerative Colitis",Warfarin,None,None,Vietnamese,White,Active,24,RegistrationDB
1527,Heather,Woods,1998-07-14,Female,A-,heather.woods@email.example.com,(965) 490-2414,Kelly Wood,(221) 759-7876,"{""line1"": ""8685 Oak Ave"", ""apt"": """", ""city"": ""Las Vegas"", ""state"": ""NV"", ""zip"": ""89101"", ""county"": ""Dallas"", ""neighborhood"": ""West Side"", ""landmark"": ""Opposite Central Park"", ""country"": ""USA"", ""floor_number"": 3}",Married,Project Manager,King Corp,Humana,POL-879570,GRP-8479,45,2024-03-13,2024-11-28,158,heavy,27.2,Non-Smoker,Former,None,,Lisinopril,None,Hypertension,English,Hispanic or Latino,Active,10,RegistrationDB
1533,Catherine,Jones,2025-06-15,Female,O+,catherine.jones@email.example.com,(689) 757-4362,Catherine King,(550) 403-9956,"{""line1"": ""5960 Aspen Ct"", ""apt"": """", ""city"": ""Louisville"", ""state"": ""KY"", ""zip"": ""40201"", ""county"": ""Sacramento"", ""timezone"": ""America/Phoenix"", ""landmark"": ""Near Hospital"", ""street_type"": ""Blvd"", ""latitude"": 35.9481}",Married,Construction Worker,Ortiz Corp,Blue Cross Blue Shield,POL-866636,GRP-4141,104,2021-11-14,2025-08-15,166,77,27.9,Former Smoker,None,"Penicillin, Peanuts, None","Depression, Sleep Apnea, Psoriasis, Chronic Fatigue",Gabapentin,Total hip replacement,Stroke,English,White,Active,20,RegistrationDB
1534,William,Woods,2001-08-01,Male,O+,william.woods@email.example.com,(675) 486-1378,Rachel Fisher,(685) 375-9929,"{""line1"": ""4815 Birch St"", ""apt"": """", ""city"": ""Atlanta"", ""state"": ""GA"", ""zip"": ""30301"", ""neighborhood"": ""Uptown"", ""county"": ""Harris"", ""delivery_notes"": ""Ring bell"", ""timezone"": ""America/Chicago""}",Single,Accountant,Morgan Corp,Independence Blue Cross,POL-808324,GRP-3282,260,2019-05-24,2022-02-11,173,73,24.4,Former Smoker,Occasional,"Dust, Pollen, None","Hyperlipidemia, Osteoarthritis","Jardiance, Fluticasone, Loratadine",Carpal tunnel release,Arthritis,English,Asian,Active,8,RegistrationDB
1535,Nathan,Miller,2005-05-17,Male,O+,nathan.miller@email.example.com,(425) 925-9300,Mark Moore,(333) 695-6750,"{""line1"": ""5273 Adams Way"", ""apt"": "", Apt 39"", ""city"": ""Baltimore"", ""state"": ""MD"", ""zip"": ""21201"", ""timezone"": ""America/Phoenix"", ""longitude"": -97.7224, ""neighborhood"": ""Historic District"", ""county"": ""Sacramento""}",Married,Retired,Jordan Corp,Anthem,POL-474755,GRP-7043,311,2021-02-19,2024-10-17,172,88,29.7,Former Smoker,None,"PENICILLIN, SULFA",,"Montelukast, Losartan","Coronary artery bypass grafting, Hysterectomy",None,Korean,White,Inactive,20,RegistrationDB
1550,Julian,Griffin,1994-07-06,Male,A+,julian.griffin@email.example.com,(469) 523-5552,Avery Perry,John Smith,"{""line1"": ""1167 Magnolia Way"", ""apt"": """", ""city"": ""Tucson"", ""state"": ""AZ"", ""zip"": ""85701"", ""street_type"": ""Ave"", ""neighborhood"": ""Historic District"", ""landmark"": ""Next to Mall"", ""latitude"": 30.3847}",Married,Artist,Watson Corp,Cigna,POL-103002,,264,2023-10-11,2024-09-15,175,85,27.8,Non-Smoker,Heavy,"Shellfish, Pollen, Dust",Eczema,None,None,"Hypertension, Stroke",English,Hispanic or Latino,,2,RegistrationDB
1552,Brenda,Jenkins,1990-10-23,Female,A+,brenda.jenkins@email.example.com,(822) 895-1134,Oliver Robinson,(709) 324-9819,"{""line1"": ""7537 Hamilton Ct"", ""apt"": """", ""city"": ""San Antonio"", ""state"": ""TX"", ""zip"": ""78201"", ""neighborhood"": ""Waterfront"", ""country"": ""USA""}",Widowed,Police Officer,Johnson Corp,CareFirst,POL-735662,GRP-1495,116,2025-02-20,2027-07-29,166,79,28.7,Non-Smoker,Occasional,"NSAIDs, Latex",Chronic Fatigue,None,"Carpal tunnel release, Gastric bypass, Laminectomy","Diabetes, Asthma, Arthritis",English,White,Active,20,RegistrationDB
1553,Janet,Walker,2005-05-04,Female,O+,janet.walker@email.example.com,(332) 896-2446,Jerry Peterson,(611) 785-6749,,Widowed,Logistics Coordinator,Crawford Corp,Health Net,POL-584335,GRP-4219,144,2019-09-13,2022-11-09,172,93,31.4,Former Smoker,None,"Pollen, None","Hyperlipidemia, Osteoarthritis","Pantoprazole, Atorvastatin","Angioplasty with stent, Cholecystectomy","Arthritis, Stroke",Spanish,Asian,Active,14,RegistrationDB
1556,Justin,Mendoza,1982-05-15,Male,O+,justin.mendoza@email.example.com,abc-def-ghij,George Harrison,(415) 612-3790,"{""line1"": ""8753 Broadway"", ""apt"": "", Unit 14"", ""city"": ""New Orleans"", ""state"": ""LA"", ""zip"": ""70112"", ""longitude"": -94.1624, ""county"": ""Sacramento"", ""timezone"": ""America/Los_Angeles"", ""delivery_notes"": ""Deliver to reception""}",Single,Engineer,Turner Corp,Geisinger,POL-261095,GRP-8470,349,2021-10-31,2025-09-03,180,110,,Non-Smoker,Occasional,"Pollen, Penicillin, None","Hyperlipidemia, Atrial Fibrillation","Albuterol, Levothyroxine, Montelukast, Eliquis",Cholecystectomy,None,Spanish,Black or African American,Active,20,RegistrationDB
1558,Jackson,Myers,2001-01-19,Male,O+,jackson.myers@email.example.com,(929) 420-9174,Jacqueline Flores,(387) 626-9012,"{""line1"": ""6695 Ninth St"", ""apt"": """", ""city"": ""Portland"", ""state"": ""OR"", ""zip"": ""97201"", ""longitude"": -95.7676, ""neighborhood"": ""Uptown"", ""country"": ""USA"", ""timezone"": ""America/Phoenix""}",Married,Electrician,Rodriguez Corp,Health Net,POL-394377,,470,2025-09-18,2029-02-11,181,heavy,23.8,Non-Smoker,Moderate,"Peanuts, Pollen, Shellfish",Congestive Heart Failure,"Eliquis, Duloxetine, Tramadol",None,Cancer,Spanish,Hispanic or Latino,Active,9,RegistrationDB
1562,Pamela,Young,1975-12-03,Female,O+,pamela.young@email.example.com,(627) 294-8442,Angela Rogers,(883) 919-5334,"{""line1"": ""7725 First St"", ""apt"": """", ""city"": ""Mesa"", ""state"": ""AZ"", ""zip"": ""85201""}",Single,Project Manager,Sanchez Corp,Aetna,POL-713666,GRP-2831,366,2018-08-04,2019-07-15,170,50,17.3,Non-Smoker,Moderate,None,Coronary Artery Disease,"Insulin glargine, Loratadine, Aspirin, Montelukast",Mastectomy,Arthritis,Tagalog,White,Active,11,RegistrationDB
1566,Elizabeth,,1985-10-07,Female,A+,elizabeth.alvarez@email.example.com,(509) 653-6099,Kimberly Webb,(556) 209-4004,"{""line1"": ""9018 Main St"", ""apt"": """", ""city"": ""Albuquerque"", ""state"": ""NM"", ""zip"": ""87101"", ""timezone"": ""America/Los_Angeles""}",Married,Engineer,Graham Corp,,,,27,2022-09-29,,167,84,30.1,Non-Smoker,Moderate,"None, NSAIDs, Codeine","Hypertension, GERD, Psoriasis","Insulin glargine, Montelukast, Atorvastatin, Celecoxib",None,Alzheimer's,English,White,Active,23,RegistrationDB
1574,Savannah,Lopez,1973-05-05,Female,O+,savannah.lopez@email.example.com,(505) 622-6124,Laura Kelly,(704) 536-4611,"{""line1"": ""1918 Hill St"", ""apt"": """", ""city"": ""Oklahoma City"", ""state"": ""OK"", ""zip"": ""73101"", ""county"": ""Maricopa"", ""country"": ""USA"", ""neighborhood"": ""Downtown""}",Married,Retired,,Bright Health,POL-495211,GRP-9569,47,2024-12-20,2027-06-30,160,40,15.6,Non-Smoker,Occasional,"Shellfish, Latex, Penicillin","Irritable Bowel Syndrome, Hyperlipidemia, Chronic Kidney Disease, Hypertension",Albuterol,,Alzheimer's,English,White,Active,19,RegistrationDB
1576,Ezra,Martinez,1989-07-16,Male,O+,ezra.martinez@email.example.com,(763) 501-6156,Roman Jimenez,John Smith,"{""line1"": ""7900 Center St"", ""apt"": "", Unit 36"", ""city"": ""New Orleans"", ""state"": ""LA"", ""zip"": ""70112""}",Married,Unemployed,Johnson Corp,Cigna,POL-942898,GRP-4379,261,2019-11-27,2022-04-04,,117,40.0,Non-Smoker,None,"Latex, Dust, Pollen","Osteoporosis, Anxiety Disorder","Amlodipine, Cetirizine","Hernia repair, Angioplasty with stent",None,English,caucasian,Active,20,RegistrationDB
1597,Zoey,Flores,1996-07-06,Female,B+,zoey.flores@email.example.com,(946) 991-1095,Deborah Kelly,(681) 319-1671,"{""line1"": ""8575 Beechwood Ave"", ""apt"": "", Unit 47"", ""city"": ""Los Angeles"", ""state"": ""CA"", ""zip"": ""90001"", ""timezone"": ""America/Denver"", ""country"": ""USA"", ""longitude"": -77.6347}",Single,Teacher,,Blue Cross Blue Shield,POL-573451,GRP-6224,347,2022-12-12,2026-02-24,162,59,22.5,Never Assessed,Sometimes,"NSAIDs, Codeine","Hyperlipidemia, Crohn's Disease","Montelukast, Cetirizine",None,None,,White,Active,8,RegistrationDB
1609,Jacqueline,Wallace,1954-03-04,Female,A+,jacqueline.wallace@email.example.com,(902) 519-7275,Victor Nguyen,(623) 268-2433,"{""line1"": ""1607 Third St"", ""apt"": "", Suite 24"", ""city"": ""Los Angeles"", ""state"": ""CA"", ""zip"": ""90001"", ""street_type"": ""Pl"", ""country"": ""USA"", ""county"": ""Maricopa""}",Divorced,Student,,CareFirst,POL-408470,GRP-4654,24,2018-09-07,2020-11-09,156,90,37.0,Current Smoker,None,None,,"Prednisone, Metformin",None,"None, Cancer",English,White,Active,13,RegistrationDB
1617,Ella,Harris,2002-02-02,Female,A-,ella.harris@email.example.com,(235) 639-8710,Brenda Ramirez,(324) 665-6362,"{""line1"": ""4860 Market St"", ""apt"": """", ""city"": ""New Orleans"", ""state"": ""LA"", ""zip"": ""70112"", ""country"": ""USA"", ""neighborhood"": ""Northside"", ""county"": ""Dallas"", ""longitude"": -111.963, ""latitude"": 37.3562}",Widowed,Driver,Taylor Corp,,,,213,2019-03-10,,167,82,29.4,Non-Smoker,Occasional,Dust,Asthma,"Cyclobenzaprine, Lisinopril",None,Diabetes,English,Black or African American,Active,15,RegistrationDB
1619,Susan,Powell,1980-02-26,Female,O-,susan.powell@email.example.com,(461) 521-5580,Luna Russell,(726) 730-1883,"{""line1"": ""868 Spring St"", ""apt"": """", ""city"": ""Miami"", ""state"": ""FL"", ""zip"": ""33101""}",Single,Data Analyst,Brown Corp,Cigna,,GRP-3503,468,2025-08-02,,158,74,29.6,,Occasional,"PENICILLIN, SULFA",Psoriasis,None,"Rotator cuff repair, Coronary artery bypass grafting",None,Arabic,Black or African American,Active,1,RegistrationDB
1622,Richard,Taylor,1989-08-11,Male,O+,not-an-email,(520) 339-1978,Wesley Ortiz,(853) 321-4290,"{""line1"": ""885 Broadway"", ""apt"": """", ""city"": ""Omaha"", ""state"": ""NE"", ""zip"": ""68101"", ""county"": ""Queens"", ""timezone"": ""America/Denver"", ""neighborhood"": ""Historic District""}",Separated,Mechanic,Watson Corp,Independence Blue Cross,POL-557184,GRP-5109,476,2025-01-12,2028-03-23,9999,66,20.1,Non-Smoker,Heavy,"NSAIDs, Pollen","Congestive Heart Failure, Fibromyalgia, Chronic Kidney Disease","Hydrochlorothiazide, Celecoxib, Levothyroxine, Losartan",C-section,None,Korean,White,Active,19,RegistrationDB
1627,Evelyn,Collins,1971-10-20,Female,O+,evelyn.collins@email.example.com,(399) 755-5639,Betty Carter,(833) 749-8104,"{""line1"": ""1091 Fifth St"", ""apt"": """", ""city"": ""Seattle"", ""state"": ""WA"", ""zip"": ""98101"", ""county"": ""Cook"", ""neighborhood"": ""Suburbs"", ""latitude"": 34.7457}",Single,Retail Associate,Washington Corp,CareFirst,POL-787601,GRP-6456,99,2018-03-29,2020-08-11,159,57,150,,Moderate,"Sulfa, Codeine, NSAIDs",,None,None,None,English,Hispanic or Latino,Active,16,RegistrationDB
1628,Jerry,Garcia,1987-08-26,Male,AB+,jerry.garcia@email.example.com,(307) 325-3172,Carol White,(203) 529-4291,"{""line1"": ""1473 Cedar Ln"", ""apt"": "", # 29"", ""city"": ""Oklahoma City"", ""state"": ""OK"", ""zip"": ""73101"", ""county"": ""Cook"", ""neighborhood"": ""Suburbs""}",Married,Project Manager,Diaz Corp,,POL-732178,GRP-8305,196,2020-08-17,2022-10-09,168,55,19.5,Current Smoker,Moderate,"Shellfish, Codeine, NSAIDs","Asthma, Ulcerative Colitis","Lisinopril, Jardiance","Cataract surgery, Spinal fusion",Asthma,English,White,Active,10,RegistrationDB
1629,Gary,Cole,1973-01-10,Male,O+,gary.cole@email.example.com,(275) 243-9549,David McDonald,(938) 695-6886,"{""line1"": ""3956 Cypress Dr"", ""apt"": "", Suite 37"", ""city"": ""Oklahoma City"", ""state"": ""OK"", ""zip"": ""73101"", ""county"": ""Maricopa"", ""latitude"": 27.7129, ""delivery_notes"": ""Gate code: #1234"", ""longitude"": -101.547, ""street_type"": ""Dr""}",Married,Architect,Harrison Corp,,,,253,2022-09-24,2022-12-17,182,88,26.6,Non-Smoker,None,NSAIDs,,"Jardiance, Atorvastatin, Metformin, Ozempic",None,"Alzheimer's, Arthritis, Cancer",Vietnamese,White,Active,1,RegistrationDB
1631,Maria,Reyes,1982-09-03,Female,o+,,(393) 800-1578,Silas Freeman,(925) 957-2874,"{""line1"": ""7030 Union Ave"", ""apt"": """", ""city"": ""Colorado Springs"", ""state"": ""CO"", ""zip"": ""80901""}",Single,Bank Teller,Green Corp,Blue Cross Blue Shield,POL-380913,GRP-9424,325,2019-06-20,2023-05-18,175,76,24.8,Non-Smoker,Occasional,Peanuts,"Psoriasis, GERD, COPD, Anxiety Disorder",Warfarin,None,"Arthritis, Stroke",English,White,Inactive,12,RegistrationDB
1636,Kenneth,Kim,1989-08-05,Male,B+,kenneth.kim@email.example.com,(937) 966-2738,David Scott,(279) 775-5359,"{""line1"": ""5428 Hamilton Ct"", ""apt"": "", Apt 46"", ""city"": ""Cleveland"", ""state"": ""OH"", ""zip"": ""44101"", ""neighborhood"": ""Downtown"", ""county"": ""King"", ""street_type"": ""Dr""}",Separated,Bank Teller,Nelson Corp,Cigna HealthCare,POL-397301,GRP-7712,439,2022-05-06,2025-06-23,187,81,23.2,Never Assessed,None,"Shellfish, Peanuts, Pollen","Anxiety Disorder, Hypertension","Pantoprazole, Warfarin, Furosemide",None,"Cancer, Stroke, Alzheimer's",English,White,Active,17,RegistrationDB
1637,Aiden,Nelson,2000-06-04,Male,O+,aiden.nelson@email.example.com,(974) 918-1397,Dennis Simpson,(396) 694-1978,"{""line1"": ""4456 Pleasant St"", ""apt"": """", ""city"": ""New Orleans"", ""state"": ""LA"", ""zip"": ""70112"", ""country"": ""USA"", ""landmark"": ""Adjacent to Library"", ""longitude"": -98.8058, ""neighborhood"": ""Midtown""}",Divorced,Teacher,Alexander Corp,Kaiser Permanente,POL-646177,GRP-2227,236,2019-06-01,2019-10-08,176,80,25.8,Non-Smoker,None,"NSAIDs, Codeine, None","Anxiety Disorder, Sleep Apnea","Meloxicam, Levothyroxine, Insulin glargine, Ozempic",Coronary artery bypass grafting,Hypertension,Spanish,Hispanic or Latino,Inactive,23,RegistrationDB
1638,Ronald,Hamilton,2002-08-19,Male,A+,ronald.hamilton@email.example.com,(620) 989-6503,Stella Woods,(983) 857-3495,"{""line1"": ""2908 Union Ave"", ""apt"": "", Unit 15"", ""city"": ""San Francisco"", ""state"": ""CA"", ""zip"": ""94101"", ""country"": ""USA"", ""latitude"": 30.2945}",Single,Manager,Mitchell Corp,Bright Health,POL-887619,GRP-2884,499,2018-11-13,2020-01-02,178,65,20.5,Former Smoker,None,"Sulfa, Dust, Penicillin",,None,None,"Diabetes, Stroke, Hypertension",Spanish,Asian,Active,15,RegistrationDB
1640,Paisley,Marshall,2003-01-30,Female,AB+,paisley.marshall@email.example.com,(588) 813-9025,Samantha Torres,(451) 974-8422,"{""line1"": ""5598 Cypress Dr"", ""apt"": "", Unit 3"", ""city"": ""Austin"", ""state"": ""TX"", ""zip"": ""73301"", ""county"": ""Dallas"", ""street_type"": ""Rd"", ""country"": ""USA"", ""latitude"": 28.1946}",Divorced,Professor,,Bright Health,POL-289936,GRP-5831,35,2023-01-23,2027-02-28,163,52,19.6,Former Smoker,Heavy,Pollen,"Asthma, Hypertension, Migraine","Meloxicam, Lisinopril, Losartan, Tramadol",None,Hypertension,Arabic,White,Active,10,RegistrationDB
1643,Michelle,Rogers,,Female,B+,michelle.rogers@email.example.com,,Raymond Hamilton,(573) 452-1973,"{""line1"": ""8312 Park Blvd"", ""apt"": """", ""city"": ""Columbus"", ""state"": ""OH"", ""zip"": ""43201"", ""landmark"": ""Next to Mall"", ""longitude"": -121.8771, ""neighborhood"": ""Uptown""}",Single,Nurse,Ellis Corp,Cigna HealthCare,POL-708487,GRP-2837,210,2021-01-26,2025-03-04,171,78,26.7,Never Assessed,Sometimes,"Penicillin, Latex, Pollen",,"Omeprazole, Cyclobenzaprine","ACL reconstruction, Hernia repair",Asthma,English,Hispanic or Latino,Active,29,RegistrationDB
1644,Russell,Cole,1979-02-20,Male,O+,russell.cole@email.example.com,(890) 272-8375,Peter Hill,(837) 577-4358,"{""line1"": ""4391 Madison St"", ""apt"": """", ""city"": ""Oakland"", ""state"": ""CA"", ""zip"": ""94601"", ""country"": ""USA"", ""delivery_notes"": ""Deliver to reception"", ""neighborhood"": ""Midtown""}",Separated,Librarian,Hall Corp,Health Net,POL-812258,GRP-1688,78,2019-09-07,,169,49,17.2,Non-Smoker,None,"Pollen, Sulfa, Shellfish","Eczema, GERD","Cyclobenzaprine, Celecoxib",None,None,Russian,White,Active,19,RegistrationDB
1645,Ashley,###,2002-07-18,Female,O+,ashley.peterson@email.example.com,(494) 663-1200,Lincoln Cook,(732) 643-5538,"{""line1"": ""2740 Market St"", ""apt"": "", Suite 33"", ""city"": ""Seattle"", ""state"": ""WA"", ""zip"": ""98101"", ""neighborhood"": ""East Side"", ""timezone"": ""America/Denver"", ""country"": ""USA""}",Married,Retail Associate,Phillips Corp,Health Net,POL-804517,,166,2018-04-10,2022-01-26,170,91,31.5,Non-Smoker,Occasional,"Peanuts, NSAIDs","Eczema, Irritable Bowel Syndrome",Aspirin,None,None,Spanish,Hispanic or Latino,Active,18,RegistrationDB
1655,Willie,Rodriguez,1966-01-13,Male,O+,willie.rodriguez@email.example.com,(718) 579-5350,,,"{""line1"": ""1305 First St"", ""apt"": """", ""city"": ""Colorado Springs"", ""state"": ""CO"", ""zip"": ""80901"", ""country"": ""USA""}",Married,Project Manager,,Independence Blue Cross,POL-313733,,71,2024-12-31,,167,82,29.4,Non-Smoker,Moderate,"Shellfish, NSAIDs",,"Cetirizine, Sertraline",Hernia repair,Diabetes,English,Asian,Active,21,RegistrationDB
1668,Adam,McDonald,1972-06-08,Male,O+,adam.mcdonald@email.example.com,(787) 438-7420,Robert Nelson,(987) 967-9748,"{""line1"": ""7589 Union Ave"", ""apt"": """", ""city"": ""Milwaukee"", ""state"": ""WI"", ""zip"": ""53201""}",Married,Bank Teller,Morales Corp,Highmark,POL-287816,GRP-4340,463,2022-05-22,2022-05-22,170,76,26.3,Non-Smoker,None,Pollen,,Warfarin,None,"Stroke, Hypertension",English,White,Active,12,RegistrationDB
1669,Laura,Hunter,2099-06-15,Female,O+,laura.hunter@email.example.com,(252) 267-5081,Jeremy Taylor,(332) 328-8762,"{""line1"": ""741 Cypress Dr"", ""apt"": """", ""city"": ""Tulsa"", ""state"": ""OK"", ""zip"": ""74101"", ""neighborhood"": ""Waterfront""}",Divorced,Logistics Coordinator,,Cigna HealthCare,POL-365588,GRP-1957,86,2023-09-14,2024-11-17,161,60,23.1,Non-Smoker,None,None,"Asthma, COPD","Omeprazole, Tramadol, Montelukast, Furosemide","Carpal tunnel release, Total knee replacement",None,Tagalog,,Active,12,RegistrationDB
1674,,Torres,2025-01-01,Male,o+,stephen.torres@email.example.com,(844) 861-3445,Frank Collins,(664) 309-6138,"{""line1"": ""7878 Sycamore Ave"", ""apt"": """", ""city"": ""Denver"", ""state"": ""CO"", ""zip"": ""80201"", ""county"": ""Queens"", ""neighborhood"": ""Southside""}",Single,Chef,,Humana,POL-375133,GRP-8151,402,2023-08-12,2023-09-27,189,71,19.9,Current Smoker,None,"Penicillin, Peanuts",Asthma,Pantoprazole,"Hernia repair, Laminectomy, Meniscectomy","Heart Disease, Diabetes, Heart Disease",Spanish,Black or African American,Active,16,RegistrationDB
,Lincoln,Foster,1980-10-12,Male,O+,lincoln.foster@email.example.com,(271) 572-1364,Silas Phillips,(613) 938-8458,"{""line1"": ""5487 River Rd"", ""apt"": """", ""city"": ""Tucson"", ""state"": ""AZ"", ""zip"": ""85701"", ""county"": ""Maricopa""}",Married,Chef,Hicks Corp,Health Net,POL-674466,GRP-8138,159,2018-08-22,2019-02-13,180,75,23.1,Non-Smoker,Moderate,Latex,"Coronary Artery Disease, Osteoporosis","Jardiance, Furosemide, Metformin, Gabapentin",None,"Cancer, None",Arabic,White,Active,15,RegistrationDB
1686,Ellie,Thomas,1951-09-28,Female,A-,ellie.thomas@email.example.com,(426) 440-8366,Christopher Wells,(443) 405-5036,"{""line1"": ""6693 Beechwood Ave"", ""apt"": """", ""city"": ""Chicago"", ""state"": ""IL"", ""zip"": ""60601"", ""neighborhood"": ""Historic District"", ""county"": ""San Diego"", ""timezone"": ""America/Phoenix"", ""country"": ""USA""}",Married,Driver,Ramos Corp,Molina Healthcare,POL-603195,GRP-7811,196,2020-07-14,,153,55,23.5,Never Assessed,None,"Pollen, Shellfish, None",,None,None,Stroke,English,White,Active,10,RegistrationDB
1691,Aaron,Rogers,1955-05-26,Male,O+,aaron.rogers@email.example.com,(249) 677-4123,Larry Hall,(688) 467-2545,"{""line1"": ""8675 Sixth Ave"", ""apt"": "", Suite 49"", ""city"": ""New York"", ""state"": ""NY"", ""zip"": ""10001"", ""country"": ""USA"", ""landmark"": ""Near Hospital"", ""timezone"": ""America/Los_Angeles"", ""county"": ""San Diego""}",Married,Retail Associate,,MetLife,POL-671371,GRP-6929,145,2025-07-12,2025-08-05,175,82,26.8,Non-Smoker,Occasional,None,Rheumatoid Arthritis,Montelukast,None,None,English,Hispanic or Latino,Active,9,RegistrationDB
1692,Linda,Miller,1951-07-05,Female,A+,linda.miller@email.example.com,(679) 702-5195,Zoey Evans,(373) 622-1781,"{""line1"": ""7135 Cherry Ln"", ""apt"": "", Unit 8"", ""city"": ""Houston"", ""state"": ""TX"", ""zip"": ""77001"", ""latitude"": 46.2233, ""longitude"": -85.1536, ""landmark"": ""Behind Metro Station"", ""country"": ""USA""}",Single,Musician,,Harvard Pilgrim,POL-866250,GRP-5659,93,2024-08-07,2027-05-02,158,101,40.5,Former Smoker,Moderate,"Sulfa, Peanuts, Dust",,"Sertraline, Loratadine",None,None,Spanish,caucasian,Inactive,6,RegistrationDB
1697,Carolyn,,1966-11-03,Female,o+,carolyn.james@email.example.com,(619) 364-7905,Chloe Jordan,(865) 851-5765,"{""line1"": ""857 Market St"", ""apt"": """", ""city"": ""Louisville"", ""state"": ""KY"", ""zip"": ""40201"", ""county"": ""Sacramento"", ""street_type"": ""Rd""}",Single,Chef,,,,,266,2022-05-12,2026-06-13,172,91,-5,Former Smoker,None,Dust,Anxiety Disorder,Omeprazole,"Appendectomy 2018, Cholecystectomy 2020",None,English,White,Inactive,2,RegistrationDB
1702,Carl,Hill,1972-07-17,Male,O+,carl.hill@email.example.com,12345,Angela Cruz,(437) 400-4241,"{""line1"": ""7463 Tenth Ave"", ""apt"": "", Unit 6"", ""city"": ""Indianapolis"", ""state"": ""IN"", ""zip"": ""46201"", ""neighborhood"": ""Uptown"", ""landmark"": ""Adjacent to Library"", ""timezone"": ""America/Chicago"", ""county"": ""Queens""}",Married,Military,Edwards Corp,Harvard Pilgrim,POL-352752,GRP-7555,382,2021-03-20,2022-06-12,188,102,28.9,Never Assessed,Heavy,"Latex, Dust, NSAIDs",Hyperlipidemia,None,Hysterectomy,"Heart Disease, None, Arthritis",Spanish,White,active,12,RegistrationDB
1704,Jeremy,Webb,1961-03-22,Male,O-,jeremy.webb@email.example.com,(308) 207-1855,Katherine Cruz,(633) 538-7296,"{""line1"": ""3342 Aspen Ct"", ""apt"": """", ""city"": ""Jacksonville"", ""state"": ""FL"", ""zip"": ""32201"", ""timezone"": ""America/Denver"", ""county"": ""Sacramento""}",Married,Logistics Coordinator,,Oscar Health,,GRP-9080,60,2018-12-21,2022-08-17,178,93,29.4,Non-Smoker,Occasional,"Pollen, NSAIDs, Dust","Ulcerative Colitis, Osteoarthritis","Fluticasone, Meloxicam",Sleeve gastrectomy,None,Tagalog,White,Inactive,22,RegistrationDB
1706,frank,Kim,1997-07-08,Male,A+,frank.kim@email.example.com,(240) 333-5774,Layla Davis,(335) 491-3365,"{""line1"": ""9855 Birch St"", ""apt"": "", Apt 48"", ""city"": ""Sacramento"", ""state"": ""CA"", ""zip"": ""94201"", ""neighborhood"": ""Downtown""}",Single,Manager,Jackson Corp,Cigna HealthCare,POL-882141,GRP-4025,305,2024-11-26,2027-06-28,180,50,15.4,Non-Smoker,None,"Penicillin, Codeine, Dust",Irritable Bowel Syndrome,Aspirin,None,None,English,Black or African American,Active,2,RegistrationDB
1707,Zoey,Cole,1978-09-19,Female,O+,zoey.cole@email.example.com,(887) 871-2818,Jessica Parker,(574) 963-6099,"{""line1"": ""3319 Willow Dr"", ""apt"": "", Unit 26"", ""city"": ""Portland"", ""state"": ""OR"", ""zip"": ""97201"", ""county"": ""Cook"", ""longitude"": -83.007, ""street_type"": ""Blvd""}",Widowed,Bank Teller,Cox Corp,Molina Healthcare,POL-500965,GRP-6397,175,2024-08-04,2027-11-05,169,65,22.8,Former Smoker,Occasional,None,Anxiety Disorder,"Omeprazole, Gabapentin",None,"Diabetes, Cancer",English,Hispanic or Latino,Active,21,RegistrationDB
1712,Terry,Castillo,1997-11-23,Male,O+,terry.castillo@email.example.com,(551) 282-7125,Oliver Owens,000-000-0000,"{""line1"": ""8576 Second Ave"", ""apt"": """", ""city"": ""Louisville"", ""state"": ""KY"", ""zip"": ""40201""}",Married,Administrative Assistant,Morris Corp,Cigna,POL-967226,GRP-3358,149,2018-10-17,2021-01-13,164,68,25.3,Current Smoker,None,Sulfa,"Depression, Osteoporosis","Omeprazole, Aspirin",Gastric bypass,"Stroke, Arthritis, Cancer",Spanish,White,Inactive,1,RegistrationDB
1716,Kyle,Ward,2002-04-13,Male,O+,kyle.ward@email.example.com,(390) 791-4431,Jose Carter,(858) 420-4207,"{""line1"": ""6613 Ash Ct"", ""apt"": "", # 2"", ""city"": ""Phoenix"", ""state"": ""AZ"", ""zip"": ""85001"", ""neighborhood"": ""Suburbs"", ""landmark"": ""Behind Metro Station"", ""longitude"": -107.0538}",Married,Student,Gibson Corp,Cigna HealthCare,POL-983020,GRP-3637,2,2019-03-07,2019-10-15,163,76,28.6,Non-Smoker,Occasional,None,Sleep Apnea,"Cyclobenzaprine, Jardiance, Metoprolol",Total knee replacement,"Heart Disease, Asthma, Cancer",Vietnamese,White,Active,17,RegistrationDB
1719,Ashley,Campbell,1999-03-25,Female,AB+,ashley.campbell@email.example.com,(378) 297-9087,Elijah Alvarez,(603) 976-7166,"{""line1"": ""9452 Third St"", ""apt"": """", ""city"": ""Fresno"", ""state"": ""CA"", ""zip"": ""93701"", ""country"": ""USA"", ""delivery_notes"": ""Deliver to reception"", ""longitude"": -114.7778, ""county"": ""Dallas""}",Married,Dentist,,Tufts Health Plan,POL-199795,GRP-1583,159,2022-01-10,2022-08-18,9999,48,-5,Non-Smoker,Occasional,None,Fibromyalgia,None,"Hemorrhoidectomy, Colectomy, Total hip replacement","Cancer, Hypertension",English,White,Active,15,RegistrationDB
1725,Miles,Murray,1987-02-03,Male,A+,user@.com,(992) 265-9966,Peter Thomas,(283) 775-4745,"{""line1"": ""4813 Hill St"", ""apt"": """", ""city"": ""Jacksonville"", ""state"": ""FL"", ""zip"": ""32201"", ""timezone"": ""America/Denver"", ""neighborhood"": ""Southside"", ""delivery_notes"": ""Gate code: #1234""}",Separated,Chef,Bryant Corp,Anthem,POL-213024,GRP-2544,297,2024-10-23,2028-08-24,188,68,19.2,Non-Smoker,None,,"Hyperlipidemia, Rheumatoid Arthritis, Irritable Bowel Syndrome",None,None,"Arthritis, Alzheimer's",English,White,Active,14,RegistrationDB
1729,Michael,Garcia,1992-08-04,Male,O+,michael.garcia@email.example.com,(239) 738-5875,Kathleen Mitchell,(337) 768-6687,"{""line1"": ""558 Hamilton Ct"", ""apt"": """", ""city"": ""Miami"", ""state"": ""FL"", ""zip"": ""33101"", ""latitude"": 25.3346, ""longitude"": -75.3426}",Married,Nurse,,,,,218,2018-07-15,2019-09-23,180,82,25.3,Former Smoker,Moderate,"Dust, None, Penicillin","Ulcerative Colitis, Chronic Kidney Disease, Chronic Fatigue, Hypothyroidism","Cyclobenzaprine, Fluticasone, Celecoxib",None,None,English,Hispanic or Latino,Active,24,RegistrationDB
1731,James,Howard,1957-12-26,Male,B+,james.howard@email.example.com,(422) 247-9647,Samantha Clark,(791) 476-9722,"{""line1"": ""4204 Second Ave"", ""apt"": "", # 47"", ""city"": ""Portland"", ""state"": ""OR"", ""zip"": ""97201"", ""street_type"": ""Dr"", ""timezone"": ""America/Chicago"", ""longitude"": -91.4019, ""neighborhood"": ""Waterfront""}",Married,Nurse,,MetLife,POL-171662,GRP-2055,146,2018-07-24,2022-03-02,178,81,25.6,Never Assessed,Moderate,"Latex, Penicillin, Shellfish",,None,None,"None, Asthma",Spanglish,Black or African American,Active,13,RegistrationDB
1733,Adam,Morgan,1982-05-04,Male,O+,,(734) 249-6750,Kenneth Lewis,(931) 592-1729,"{""line1"": ""4742 Elm St"", ""apt"": """", ""city"": ""Baltimore"", ""state"": ""MD"", ""zip"": ""21201"", ""street_type"": ""St"", ""latitude"": 29.9314}",Married,Administrative Assistant,Brown Corp,Humana,POL-650895,GRP-2928,465,2021-07-22,2025-08-07,157,80,32.5,Non-Smoker,None,"Peanuts, Penicillin, Latex","Rheumatoid Arthritis, Type 2 Diabetes, Eczema",None,None,None,English,White,Active,13,RegistrationDB
1738,Megan,Baker,1959-12-31,Female,O+,megan.baker@email.example.com,(305) 596-8261,Jeffrey Reed,(347) 971-4504,"{""line1"": ""7076 First St"", ""apt"": """", ""city"": ""Washington"", ""state"": ""DC"", ""zip"": ""20001"", ""country"": ""USA"", ""floor_number"": 20}",Married,Chef,Woods Corp,Harvard Pilgrim,POL-259726,GRP-7824,7,2025-06-05,2029-02-04,159,90,35.6,Former Smoker,Occasional,"Shellfish, Codeine, Dust","Rheumatoid Arthritis, Anemia, Atrial Fibrillation",None,Cholecystectomy,"Heart Disease, Asthma, Hypertension",Mandarin,White,Active,4,RegistrationDB
1739,Nicole,,1993-10-22,Female,AB-,nicole.ortiz@email.example.com,(303) 472-4404,Shirley Cruz,(586) 848-7757,"{""line1"": ""4422 Spring St"", ""apt"": "", Suite 27"", ""city"": ""Philadelphia"", ""state"": ""PA"", ""zip"": ""19101""}",Married,Mechanic,Brooks Corp,Highmark,POL-411153,GRP-3804,162,2023-05-31,2025-11-09,162,108,41.2,Never Assessed,None,Penicillin,"Chronic Kidney Disease, Eczema",Cetirizine,None,"Alzheimer's, Hypertension, Arthritis",English,Asian,Active,25,RegistrationDB
1742,Lily,Mitchell,2004-11-10,Female,O-,lily.mitchell@email.example.com,2125550199,Ruth Edwards,(935) 347-2462,"{""line1"": ""6135 Center St"", ""apt"": """", ""city"": ""Kansas City"", ""state"": ""MO"", ""zip"": ""64101"", ""country"": ""USA""}",Single,Teacher,Bryant Corp,Cigna,POL-991250,GRP-8645,314,2023-05-31,2024-07-05,155,83,34.5,Former Smoker,None,"Sulfa, NSAIDs, Penicillin","Osteoarthritis, Hypertension, Hypothyroidism","Losartan, Cetirizine, Warfarin, Furosemide",None,"Arthritis, None",Spanish,White,Inactive,1,RegistrationDB
1744,Rebecca,Alvarez,1800-01-01,Female,O+,rebecca.alvarez@email.example.com,(684) 478-1409,Grace Diaz,(494) 871-7933,"{""line1"": ""3132 Cedar Ln"", ""apt"": """", ""city"": ""Milwaukee"", ""state"": ""WI"", ""zip"": ""53201"", ""latitude"": 34.12, ""landmark"": ""Close to University""}",Separated,Electrician,Jackson Corp,Bright Health,POL-524894,GRP-9727,301,2025-13-01,2021-05-25,168,111,39.3,Former Smoker,Heavy,"NSAIDs, Codeine, Latex",,Cyclobenzaprine,None,None,English,Other,Active,2,RegistrationDB
1751,Sarah,Anderson,1980-07-18,Female,O+,sarah.anderson@email.example.com,(475) 907-2265,Victor Myers,(897) 212-1895,"{""line1"": ""8612 Washington Ave"", ""apt"": "", Unit 42"", ""city"": ""Seattle"", ""state"": ""WA"", ""zip"": ""98101"", ""delivery_notes"": ""Gate code: #1234""}",Divorced,Graphic Designer,Lewis Corp,Humana,POL-360168,GRP-3910,176,2023-09-11,2027-01-03,174,83,27.4,Non-Smoker,None,Dust,"Hypertension, Ulcerative Colitis, Sleep Apnea, Eczema","Insulin glargine, Warfarin",None,"Asthma, Cancer",French,Hispanic or Latino,Active,12,RegistrationDB
1753,Thomas,Stewart,2004-12-06,Male,O+,thomas.stewart@email.example.com,(845) 873-8825,Raymond Rivera,(789) 872-4931,"{""line1"": ""1405 Church St"", ""apt"": """", ""city"": ""Boston"", ""state"": ""MA"", ""zip"": ""02101"", ""neighborhood"": ""Northside"", ""street_type"": ""Pl"", ""longitude"": -106.6176, ""country"": ""USA""}",Married,Chef,James Corp,Oscar Health,POL-727563,GRP-6849,158,2023-03-07,,185,94,,Former Smoker,None,"Latex, Sulfa, Penicillin",,"Prednisone, Sertraline, Ibuprofen",None,"DM, HTN, CAD",Spanish,White,Active,20,RegistrationDB
1755,Sandra,Morris,1991-05-29,Female,A+,sandra.morris@email.example.com,(379) 317-1083,Riley Simmons,(605) 697-5004,"{""line1"": ""8911 Hill St"", ""apt"": """", ""city"": ""Miami"", ""state"": ""FL"", ""zip"": ""33101"", ""latitude"": 26.364, ""neighborhood"": ""Historic District"", ""timezone"": ""America/Los_Angeles"", ""delivery_notes"": ""Deliver to reception""}",Divorced,Data Analyst,Hayes Corp,Bright Health,POL-914210,GRP-5257,246,2024-08-27,,-10,74,29.3,Non-Smoker,Occasional,"Pollen, Codeine",,"Losartan, Metoprolol, Bupropion, Tramadol",None,None,English,White,Active,14,RegistrationDB
1757,Brandon,Thomas,1988-05-20,Male,A+,brandon.thomas@email.example.com,,Riley Castillo,(938) 600-9502,"{""line1"": ""7288 Magnolia Way"", ""apt"": """", ""city"": ""Phoenix"", ""state"": ""AZ"", ""zip"": ""85001"", ""latitude"": 39.6546, ""country"": ""USA""}",Separated,---,Wilson Corp,Anthem,POL-668766,GRP-8119,497,2020-06-10,2022-09-12,181,44,13.4,,Occasional,"Shellfish, Dust, Pollen","Osteoarthritis, Psoriasis, Congestive Heart Failure","Aspirin, Ozempic, Acetaminophen, Gabapentin",None,None,English,White,Inactive,21,RegistrationDB
1760,Grace,Smith,2025-06-15,Mle,,grace.smith@email.example.com,(803) 910-6172,Albert Martinez,(887) 845-2757,"{""line1"": ""9626 Cedar Ln"", ""apt"": """", ""city"": ""San Jose"", ""state"": ""CA"", ""zip"": ""95101"", ""street_type"": ""Blvd"", ""timezone"": ""America/Phoenix"", ""latitude"": 34.778}",Married,Dental Hygienist,Robinson Corp,Independence Blue Cross,POL-359151,GRP-8429,355,2025-03-18,2026-08-15,171,106,36.3,Non-Smoker,Sometimes,"None, Shellfish, Peanuts",Osteoporosis,None,None,"Stroke, Arthritis",Spanish,Human,Active,10,RegistrationDB
1766,Jacob,Bennett,2001-01-08,Male,A+,jacob.bennett@email.example.com,(632) 774-3467,Ashley Gomez,(915) 353-6345,"{""line1"": ""6242 Church St"", ""apt"": "", # 27"", ""city"": ""Omaha"", ""state"": ""NE"", ""zip"": ""68101""}",Divorced,Dental Hygienist,Turner Corp,Humana,POL-500405,GRP-6373,212,2018-11-29,2019-04-17,191,84,23.0,Non-Smoker,Occasional,"Pollen, Latex","Ulcerative Colitis, Congestive Heart Failure",!@#$%^&*(),"Rotator cuff repair, Hernia repair","Hypertension, Arthritis, Stroke",English,White,Active,11,RegistrationDB
1767,Carl,Gomez,1990-02-08,Male,O+,carl.gomez@email.example.com,(746) 405-9854,Evelyn Lee,(207) 334-3422,"{""line1"": ""8563 Magnolia Way"", ""apt"": """", ""city"": ""Albuquerque"", ""state"": ""NM"", ""zip"": ""87101"", ""longitude"": -94.2923, ""street_type"": ""Way"", ""timezone"": ""America/Phoenix"", ""country"": ""USA""}",Single,Police Officer,Harris Corp,Cigna,POL-273607,GRP-5130,495,2022-03-27,2026-01-08,180,81,25,Former Smoker,Occasional,"Sulfa, None","Eczema, Ulcerative Colitis, Anxiety Disorder, COPD","Insulin glargine, Acetaminophen",None,"Alzheimer's, Cancer",English,Other,Active,21,RegistrationDB
1770,Ella,Perry,1997-10-03,Female,O+,ella.perry@email.example.com,(332) 587-8924,Katherine Long,(246) 973-1195,"{""line1"": ""8657 First St"", ""apt"": "", Apt 15"", ""city"": ""Long Beach"", ""state"": ""CA"", ""zip"": ""90801"", ""latitude"": 34.0307, ""timezone"": ""America/Los_Angeles""}",Married,Chef,Murphy Corp,CareFirst,POL-975766,GRP-1467,246,2021-12-19,2023-09-16,156,62,25.5,Never Assessed,None,"Pollen, Sulfa",,None,"Cataract surgery, Hernia repair",Stroke,English,White,Active,14,RegistrationDB
1771,Aria,Hernandez,1998-03-14,Female,A+,aria.hernandez@email.example.com,(254) 897-5179,Genesis Jimenez,(574) 850-4393,"{""line1"": ""7668 College Ave"", ""apt"": "", Unit 11"", ""city"": ""Omaha"", ""state"": ""NE"", ""zip"": ""68101"", ""county"": ""Dallas""}",Married,Graphic Designer,,Blue Cross Blue Shield,POL-978199,GRP-2604,334,2020-09-21,2022-01-18,178,73,23.0,Former Smoker,Moderate,"Codeine, Latex, Pollen",,Losartan,None,None,Mandarin,Asian,Inactive,7,RegistrationDB
1779,Oliver,Johnson,1984-07-16,Male,O+,oliver.johnson@email.example.com,(627) 457-6737,Ashley Perry,(675) 289-3164,"{""line1"": ""9503 Cherry Ln"", ""apt"": """", ""city"": ""Albuquerque"", ""state"": ""NM"", ""zip"": ""87101"", ""county"": ""Harris"", ""timezone"": ""America/Chicago"", ""latitude"": 46.5214, ""neighborhood"": ""Southside""}",Divorced,Mechanic,Gonzalez Corp,,,,2,2020-02-17,2022-03-17,tall,62,22.0,Former Smoker,Occasional,Codeine,"Crohn's Disease, Rheumatoid Arthritis, Chronic Fatigue","Omeprazole, Albuterol",Gastric bypass,"Stroke, Heart Disease, Diabetes",French,White,Active,17,RegistrationDB
1780,Patricia,Cox,1990-12-03,Female,O+,patricia.cox@email.example.com,(806) 972-7115,Ryan Jordan,(386) 826-7900,"{""line1"": ""2064 Hickory St"", ""apt"": """", ""city"": ""Tulsa"", ""state"": ""OK"", ""zip"": ""74101"", ""county"": ""Maricopa""}",Married,Military,Taylor Corp,CareFirst,POL-113020,GRP-2591,329,2024-06-22,,158,59,23.6,Non-Smoker,2 beers/week,Latex,GERD,"Amlodipine, Albuterol",None,"Hypertension, Heart Disease",Russian,White,Inactive,2,RegistrationDB
1784,Roman,Patel,1977-11-24,Male,O+,roman.patel@email.example.com,(628) 677-9224,Edward Myers,(959) 516-8682,"{""line1"": ""3192 Spring St"", ""apt"": """", ""city"": ""Oakland"", ""state"": ""CA"", ""zip"": ""94601""}",Married,Dental Hygienist,King Corp,Bright Health,POL-332268,GRP-7155,3,2024-01-22,2026-06-04,191,79,,Non-Smoker,Moderate,Peanuts,"COPD, Atrial Fibrillation","Loratadine, Clopidogrel, Gabapentin, Hydrochlorothiazide",None,Asthma,Spanish,Black or African American,Deceased,8,RegistrationDB
1788,Bobby,Morris,1987-11-16,Male,O+,bobby.morris@email.example.com,(792) 779-8392,Benjamin Wells,(854) 338-3040,"{""line1"": ""5035 Willow Dr"", ""apt"": "", Unit 27"", ""city"": ""Seattle"", ""state"": ""WA"", ""zip"": ""98101"", ""street_type"": ""Cir"", ""county"": ""Dallas""}",Single,Manager,Powell Corp,MetLife,POL-790192,GRP-5502,32,2022-10-15,2025-08-26,166,97,35.2,Current Smoker,Occasional,"Peanuts, None, Latex","Hypertension, Sleep Apnea","Gabapentin, Furosemide, Sertraline","Coronary artery bypass grafting, Hemorrhoidectomy, Colectomy",None,English,White,active,22,RegistrationDB
1803,Christina,Wilson,1973-02-25,Female,O+,christina.wilson@email.example.com,(285) 415-5588,Lawrence Phillips,(742) 659-4704,"{""line1"": ""9045 Cherry Ln"", ""apt"": """", ""city"": ""El Paso"", ""state"": ""TX"", ""zip"": ""79901"", ""delivery_notes"": ""Deliver to reception"", ""longitude"": -99.8635}",Married,UnemPloyed,Ruiz Corp,Highmark,POL-540735,GRP-7628,50,2022-12-15,2023-05-31,153,102,43.6,Former Smoker,Occasional,"Shellfish, Latex, Dust",Hyperlipidemia,"Sertraline, Tramadol",None,"None, Diabetes, Heart Disease",English,White,Active,21,RegistrationDB
1805,Camila,Perez,2002-08-09,Female,B+,camila.perez@email.example.com,(986) 860-7586,Dennis Ross,(793) 288-3175,"{""line1"": ""5866 Elm St"", ""apt"": """", ""city"": ""Austin"", ""state"": ""TX"", ""zip"": ""73301"", ""longitude"": -117.974, ""floor_number"": 32}",Widowed,Project Manager,Diaz Corp,Kaiser Permanente,POL-972308,GRP-7356,243,2021-11-02,2024-09-01,175,41,-5,Never Assessed,Former,"Codeine, Shellfish","Migraine, Anemia, Hypertension",None,None,None,English,Black or African American,Inactive,25,RegistrationDB
1811,Lauren,Nguyen,2003-09-17,Female,O+,lauren.nguyen@email.example.com,(562) 549-4194,Luna Gomez,(644) 978-6324,"{""line1"": ""2017 Oak Ave"", ""apt"": """", ""city"": ""Nashville"", ""state"": ""TN"", ""zip"": ""37201"", ""country"": ""USA"", ""floor_number"": 5}",Married,Writer,,Cigna,POL-740755,GRP-1693,8,2019-09-22,2020-03-21,157,93,37.7,Former Smoker,None,None,,"Amlodipine, Apixaban",None,None,English,White,Inactive,1,RegistrationDB
1815,Kimberly,Porter,2001-08-27,Female,A+,not-an-email,(499) 237-9655,Dorothy Taylor,(211) 396-1992,"{""line1"": ""896 Church St"", ""apt"": """", ""city"": ""Miami"", ""state"": ""FL"", ""zip"": ""33101"", ""timezone"": ""America/Phoenix""}",Married,Consultant,Jackson Corp,Bright Health,POL-341562,GRP-8609,225,2018-03-24,2020-08-16,149,66,29.7,Non-Smoker,None,"Pollen, None, Shellfish","Coronary Artery Disease, Chronic Kidney Disease","Bupropion, Albuterol, Pantoprazole",Thyroidectomy,None,English,Black or African American,Active,19,RegistrationDB
1819,Gary,Scott,1995-05-15,Male,AB,gary.scott@email.example.com,(600) 454-8417,Caleb Ramos,,"{""line1"": ""4171 Elm St"", ""apt"": """", ""city"": ""Tulsa"", ""state"": ""OK"", ""zip"": ""74101"", ""county"": ""Harris"", ""street_type"": ""Ct"", ""landmark"": ""Close to University"", ""country"": ""USA"", ""timezone"": ""America/Los_Angeles""}",Single,Teacher,,,,,,2018-02-02,2020-09-30,169,88,30.8,Former Smoker,Occasional,"Penicillin, Sulfa, Dust",,"Atorvastatin, Warfarin",None,"Heart Disease, Alzheimer's",ENGLISH,Hispanic or Latino,Active,,RegistrationDB
1828,Victoria,Price,1995-04-11,Female,B+,victoria.price@email.example.com,(683) 666-3658,Emma Webb,(755) 688-3401,"{""line1"": ""4168 Hill St"", ""apt"": """", ""city"": ""Albuquerque"", ""state"": ""NM"", ""zip"": ""87101"", ""latitude"": 27.9742, ""timezone"": ""America/Phoenix"", ""county"": ""Maricopa"", ""neighborhood"": ""Historic District""}",Married,Pilot,Hamilton Corp,Aetna,POL-805691,GRP-4648,219,2024-02-21,2027-07-28,174,89,29.4,Never Assessed,Occasional,None,,"Eliquis, Prednisone",None,"None, Hypertension",Spanglish,White,Inactive,22,RegistrationDB
1830,Dennis,Graham,2099-06-15,Male,O+,dennis.graham@email.example.com,(953) 271-6151,Timothy Adams,(255) 864-4119,"{""line1"": ""8120 Aspen Ct"", ""apt"": """", ""city"": ""Kansas City"", ""state"": ""MO"", ""zip"": ""64101""}",Married,Professor,Hughes Corp,Blue Cross Blue Shield,POL-838340,GRP-4439,95,2024-12-23,2028-12-10,164,73,27.1,Non-Smoker,None,"Shellfish, Latex",,"Furosemide, Celecoxib",None,None,English,Black or African American,Active,14,RegistrationDB
1844,Mason,Ford,1986-05-04,Male,O-,mason.ford@email.example.com,(592) 739-5701,Sarah Gray,(573) 801-2069,"{""line1"": ""9977 Cherry Ln"", ""apt"": """", ""city"": ""Tucson"", ""state"": ""AZ"", ""zip"": ""85701""}",Married,Lawyer,,Harvard Pilgrim,POL-144507,GRP-3313,439,2020-12-31,2024-01-21,tall,119,41.2,Never Assessed,Occasional,"Pollen, Dust, Codeine","Chronic Kidney Disease, Hypertension, Psoriasis",unknown,None,Alzheimer's,Tagalog,White,Active,17,RegistrationDB
1851,Savannah,Foster,1971-03-16,Female,A+,savannah.foster@email.example.com,(539) 455-5770,Jessica Stewart,(416) 733-4959,"{""line1"": ""5167 Magnolia Way"", ""apt"": "", # 26"", ""city"": ""Atlanta"", ""state"": ""GA"", ""zip"": ""30301""}",Single,Pharmacist,Reed Corp,Blue Cross Blue Shield,POL-220499,GRP-3676,480,2023-07-21,2024-03-09,168,96,34.0,Non-Smoker,Former,"Sulfa, Codeine, Shellfish","Eczema, Osteoarthritis, Migraine, Fibromyalgia",Loratadine,None,None,English,White,Active,19,RegistrationDB
1853,Christine,Jenkins,1983-03-08,Female,O+,christine.jenkins@email.example.com,(507) 206-5648,Silas Ruiz,(603) 932-4710,"{""line1"": ""9794 Hickory St"", ""apt"": "", Unit 17"", ""city"": ""Raleigh"", ""state"": ""NC"", ""zip"": ""27601"", ""landmark"": ""Next to Mall""}",Single,Pilot,Phillips Corp,Independence Blue Cross,POL-457112,GRP-7386,276,2024-09-23,2026-03-17,157,44,17.9,Non-Smoker,Occasional,Peanuts,"Eczema, Sleep Apnea, Atrial Fibrillation",Warfarin,"Total knee replacement, Spinal fusion","Arthritis, Asthma",ENGLISH,White,Active,19,RegistrationDB
1854,Jack,Jordan,1978-10-01,Male,A-,jack.jordan@email.example.com,(981) 700-5635,Ryan Green,(249) 726-8705,"{""line1"": ""Unknown"", ""city"": ""Unknown"", ""state"": ""NA"", ""zip"": ""00000"", ""country"": ""USA""}",Single,Doctor,,CareFirst,POL-402367,GRP-7420,151,2022-05-25,2023-07-11,173,106,35.4,Current Smoker,None,"Sulfa, NSAIDs, Dust",N/A,None,None,"Arthritis, Asthma, Heart Disease",English,White,Active,16,RegistrationDB
1858,Roman,Murphy,2025-01-01,Male,A+,roman.murphy1@email.example.com,(951) 257-6850,Tyler Kelly,(805) 894-6627,"{""line1"": ""1616 Adams Way"", ""apt"": """", ""city"": ""Phoenix"", ""state"": ""AZ"", ""zip"": ""85001"", ""country"": ""USA"", ""street_type"": ""Pl""}",Married,Administrative Assistant,Morales Corp,Centene,POL-224413,GRP-7371,462,2021-06-19,2022-04-26,-10,69,22.5,Non-Smoker,Moderate,"NSAIDs, Pollen, Dust","Psoriasis, Asthma, Type 2 Diabetes, Congestive Heart Failure",!@#$%^&*(),Cataract surgery,None,Russian,White,Active,20,RegistrationDB
1862,Levi,Wood,1987-04-07,Male,O-,levi.wood@email.example.com,(430) 205-1909,Mary Russell,(853) 234-2708,"{""line1"": ""9217 Beechwood Ave"", ""apt"": "", Apt 34"", ""city"": ""Tucson"", ""state"": ""AZ"", ""zip"": ""85701"", ""latitude"": 39.2468, ""longitude"": -106.9672}",Single,Logistics Coordinator,Griffin Corp,Kaiser Permanente,POL-931858,GRP-5640,136,2023-10-25,2026-08-02,171,46,15.7,Non-Smoker,Former,None,"Chronic Fatigue, Atrial Fibrillation, Migraine, Psoriasis","Montelukast, Furosemide, Metoprolol",None,"Diabetes, Asthma",English,Asian,Inactive,6,RegistrationDB
1863,Joseph,Bryant,,Male,A+,joseph.bryant@email.example.com,(461) 521-5580,Ryan Jordan,(393) 479-3382,"{""line1"": ""7753 Hill St"", ""apt"": """", ""city"": ""San Diego"", ""state"": ""CA"", ""zip"": ""92101""}",Divorced,Chef,Webb Corp,Kaiser Permanente,POL-135698,GRP-2961,317,2018-05-13,2020-08-30,203,65,15.8,Never Assessed,Heavy,None,"Irritable Bowel Syndrome, Fibromyalgia","Metoprolol, Loratadine, Bupropion",None,"Arthritis, Hypertension, Diabetes",English,White,Active,24,RegistrationDB
1876,Margaret,Ruiz,2003-02-11,Female,A+,margaret.ruiz@email.example.com,(515) 589-4217,Scarlett Perez,(523) 781-3205,"{""line1"": ""697 Cypress Dr"", ""apt"": """", ""city"": ""Sacramento"", ""state"": ""CA"", ""zip"": ""94201"", ""country"": ""USA"", ""street_type"": ""St"", ""floor_number"": 25, ""longitude"": -75.363}",Married,Administrative Assistant,AAAAAAAAAAAAAAAAAAAAAAAAAAAAAAAAAAAAAAAAAAAAAAAAAAAAAAAAAAAAAAAAAAAAAAAAAAAAAAAAAAAAAAAAAAAAAAAAAAAAAAAAAAAAAAAAAAAAAAAAAAAAAAAAAAAAAAAAAAAAAAAAAAAAAAAAAAAAAAAAAAAAAAAAAAAAAAAAAAAAAAAAAAAAAAAAAAAAAAAA,Bright Health,POL-215550,GRP-6702,220,2025-04-10,2028-11-20,153,67,28.6,Non-Smoker,Moderate,"Pollen, Sulfa, NSAIDs","Migraine, Chronic Kidney Disease, GERD, Anxiety Disorder","Warfarin, Prednisone, Albuterol",None,"Heart Disease, Diabetes, Heart Disease",Russian,Two or More Races,Active,16,RegistrationDB
1881,Silas,Hamilton,1979-03-24,Male,A+,silas.hamilton@email.example.com,(389) 213-9423,Elijah Owens,(559) 929-2050,"{""line1"": ""9247 Adams Way"", ""apt"": "", Suite 28"", ""city"": ""Chicago"", ""state"": ""IL"", ""zip"": ""60601"", ""latitude"": 43.2632, ""neighborhood"": ""Downtown"", ""county"": ""Orange"", ""street_type"": ""Dr"", ""longitude"": -96.2125}",Married,Manager,Reyes Corp,Humana,POL-620032,GRP-8148,212,2025-01-28,2027-08-12,176,85,27.4,Non-Smoker,Occasional,"None, Pollen, Peanuts","Rheumatoid Arthritis, Migraine, Osteoarthritis, Psoriasis","Cetirizine, Lisinopril, Eliquis, Insulin glargine",None,"Heart Disease, Diabetes, Heart Disease",English,White,active,11,RegistrationDB
1887,Ethan,Wright,1957-09-17,Male,O+,not-an-email,(249) 490-5308,Ryan Mitchell,(543) 735-4837,"{""line1"": ""7533 Fifth St"", ""apt"": """", ""city"": ""San Francisco"", ""state"": ""CA"", ""zip"": ""94101""}",Separated,Psychologist,Hughes Corp,Bright Health,POL-610575,GRP-3038,276,2018-05-18,,178,87,27.5,Non-Smoker,Occasional,"Pollen, Shellfish, Peanuts",,Metformin,none,None,Korean,White,Deceased ,19,RegistrationDB
1901,Justin,Watson,2000-05-24,Male,o+,justin.watson@email.example.com,(536) 460-6741,Julian Collins,(841) 492-9843,"{""line1"": ""9672 Union Ave"", ""apt"": """", ""city"": ""Sacramento"", ""state"": ""CA"", ""zip"": ""94201"", ""latitude"": 30.6655, ""neighborhood"": ""Historic District""}",Single,Lawyer,Hamilton Corp,Health Net,POL-124845,GRP-6146,405,2018-11-02,2022-02-09,162,68,25.9,Former Smoker,Occasional,,"Osteoporosis, Irritable Bowel Syndrome, Congestive Heart Failure","Pantoprazole, Acetaminophen, Apixaban",None,"Alzheimer's, Diabetes",Mandarin,White,Active,19,RegistrationDB
1909,Grace,Walker,01/15/1987,Female,O+,grace.walker@email.example.com,(421) 579-3114,Virginia Hicks,(425) 428-3242,"{""line1"": ""7208 Seventh St"", ""apt"": """", ""city"": ""Tucson"", ""state"": ""AZ"", ""zip"": ""85701"", ""street_type"": ""Pl"", ""timezone"": ""America/Denver"", ""county"": ""Harris""}",Single,Project Manager,Ramos Corp,Molina Healthcare,POL-903826,G1234,277,2018-04-27,2019-02-23,160,77,30.1,Current Smoker,Occasional,"Shellfish, Sulfa, Pollen","GERD, Type 2 Diabetes","Albuterol, Metoprolol","Mastectomy, Appendectomy","Arthritis, Asthma, Heart Disease",Arabic,Two or More Races,Active,20,RegistrationDB
1918,Kelly,Adams,1983-04-07,Female,O+,kelly.adams@email.example.com,(991) 248-6408,Savannah Bailey,(839) 218-5227,"{""line1"": ""6765 Monroe Dr"", ""apt"": "", Suite 33"", ""city"": ""Dallas"", ""state"": ""TX"", ""zip"": ""75201"", ""landmark"": ""Close to University"", ""latitude"": 38.254, ""country"": ""USA""}",Married,Doctor,Smith Corp,Independence Blue Cross,POL-183727,GRP-3311,360,2020-01-02,2022-11-20,171,87,29.8,Non-Smoker,Heavy,"Dust, None",Eczema,"Ozempic, Montelukast","Carpal tunnel release, Vasectomy","Asthma, Heart Disease",English,Hispanic or Latino,Deceased,10,RegistrationDB
1924,jeffrey,Harrison,2005-02-23,Male,O-,jeffrey.harrison@email.example.com,(206) 915-9440,Theodore Davis,(630) 756-8944,"{""line1"": ""8489 Maple Dr"", ""apt"": """", ""city"": ""Washington"", ""state"": ""DC"", ""zip"": ""20001"", ""timezone"": ""America/Phoenix""}",Married,Student,Flores Corp,Centene,POL-894946,GRP-9088,431,2024-04-04,2028-03-01,166,78,28.3,Non-Smoker,Occasional,"Codeine, Latex, Shellfish",Type 2 Diabetes,"Omeprazole, Atorvastatin",none,Diabetes,English,White,Active,1,RegistrationDB
1925,Pamela,Morgan,1996-07-29,Female,O+,pamela.morgan@email.example.com,(461) 210-8348,Ryan Wood,(554) 856-6405,"{""line1"": ""5731 Fourth Ave"", ""apt"": "", # 5"", ""city"": ""Portland"", ""state"": ""OR"", ""zip"": ""97201"", ""country"": ""USA"", ""latitude"": 33.3296, ""timezone"": ""America/Los_Angeles""}",Single,Teacher,,Centene,POL-305170,GRP-1459,31,2024-07-30,2026-04-21,159,59,23.3,Non-Smoker,Occasional,"NSAIDs, Sulfa, Latex",,"Meloxicam, Atorvastatin, Apixaban, Pantoprazole",None,"Heart Disease, Diabetes, None",English,White,Deceased,8,RegistrationDB
1927,Samuel,Green,1970-08-28,Male,A+,samuel.green@email.example.com,(822) 558-9229,Jennifer Murphy,(888) 424-5425,"{""line1"": ""123 Main St""}",Married,Electrician,Howard Corp,UnitedHealthcare,POL-204463,GRP-7278,445,2025-09-11,,170,90,31.1,Non-Smoker,Moderate,"Latex, Codeine, NSAIDs",,Aspirin,None,"Heart Disease, Alzheimer's, Diabetes",English,White,Active,16,RegistrationDB
1927,Eric,Diaz,1954-05-20,Male,AB+,,(746) 461-6474,Pamela Flores,(318) 216-7520,"{""line1"": ""1853 Lake Dr"", ""apt"": "", # 15"", ""city"": ""Mesa"", ""state"": ""AZ"", ""zip"": ""85201"", ""street_type"": ""Cir"", ""latitude"": 39.212}",Widowed,Veterinarian,Thompson Corp,Centene,POL-979273,GRP-5842,423,2020-10-08,,189,89,-5,Non-Smoker,Occasional,Null,"Atrial Fibrillation, Coronary Artery Disease","Levothyroxine, Albuterol",None,Cancer,English,Asian,Active,13,RegistrationDB
1932,Albert,Hughes,1998-11-18,Male,O+,albert.hughes@email.example.com,(279) 649-8990,Mark Lopez,(289) 850-2487,"{""line1"": ""1069 Elm St"", ""apt"": """", ""city"": ""Washington"", ""state"": ""DC"", ""zip"": ""20001"", ""county"": ""Miami-Dade"", ""neighborhood"": ""Southside"", ""landmark"": ""Opposite Central Park""}",Widowed,Business Owner,,Aetna,POL-666791,GRP-4425,463,2021-05-15,,166,75,27.2,Non-Smoker,Moderate,None,"Depression, Type 2 Diabetes",!@#$%^&*(),Angioplasty with stent,None,English,White,,12,RegistrationDB
1937,Layla,Hayes,2000-02-08,Female,O+,layla.hayes@email.example.com,(948) 657-8066,Adam Carter,(692) 818-4394,"{""line1"": ""9616 Madison St"", ""apt"": "", # 13"", ""city"": ""Indianapolis"", ""state"": ""IN"", ""zip"": ""46201"", ""latitude"": 33.6967, ""landmark"": ""Close to University""}",Single,Firefighter,Robinson Corp,Anthem,POL-827172,GRP-8847,141,2023-06-23,2024-03-03,140,650,37.8,Non-Smoker,Occasional,Peanuts,,Prednisone,ACL reconstruction,None,English,White,Active,22,RegistrationDB
1941,Vincent,Edwards,1968-06-10,Male,O+,vincent.edwards@email.example.com,12345,Sarah Patterson,(725) 528-9177,"{""line1"": ""6050 College Ave"", ""apt"": "", Suite 25"", ""city"": ""Long Beach"", ""state"": ""CA"", ""zip"": ""90801"", ""neighborhood"": ""East Side""}",Separated,Graphic Designer,Porter Corp,Kaiser Permanente,POL-454943,GRP-3102,127,2024-02-05,2027-11-10,184,60,17.7,Former Smoker,Occasional,None,"Hypothyroidism, Chronic Kidney Disease, Congestive Heart Failure","Montelukast, Aspirin, Sertraline, Furosemide",None,"Cancer, None",English,White,Active,24,RegistrationDB
1951,Micah,Diaz,1997-11-09,Male,O+,micah.diaz@email.example.com,(981) 312-3574,Samuel Reed,(827) 429-1513,"{""line1"": ""7634 Franklin Blvd"", ""apt"": "", Unit 30"", ""city"": ""Long Beach"", ""state"": ""CA"", ""zip"": ""90801"", ""timezone"": ""America/Los_Angeles"", ""county"": ""Cook"", ""delivery_notes"": ""Gate code: #1234"", ""latitude"": 27.6075}",Married,Insurance Agent,Foster Corp,Cigna,,GRP-7170,346,2018-10-14,2020-10-28,170,58,20.1,Former Smoker,None,"Dust, Pollen, None","Eczema, Anxiety Disorder","Ozempic, Celecoxib",None,Alzheimer's,Mandarin,Two or More Races,Deceased ,1,RegistrationDB
1965,John,Martinez,1958-03-30,Male,A+,john.martinez@email.example.com,(536) 331-7192,Ella Castillo,(411) 828-9711,"{""line1"": ""6683 College Ave"", ""apt"": """", ""city"": ""Chicago"", ""state"": ""IL"", ""zip"": ""60601""}",Single,Real Estate Agent,Fisher Corp,Molina Healthcare,POL-161458,GRP-3246,428,2019-07-11,,188,52,14.7,Former Smoker,Occasional,None,"Irritable Bowel Syndrome, Sleep Apnea, Osteoporosis, Congestive Heart Failure","Spironolactone, Duloxetine, Clopidogrel, Jardiance",None,Asthma,English,Hispanic or Latino,Inactive,23,RegistrationDB
1977,Stephanie,Martin,1800-01-01,Female,A+,stephanie.martin@email.example.com,(793) 888-8055,Terry Carter,(850) 732-7758,"{""line1"": ""5763 View Blvd"", ""apt"": """", ""city"": ""Raleigh"", ""state"": ""NC"", ""zip"": ""27601"", ""country"": ""USA"", ""timezone"": ""America/Denver""}",Widowed,Construction Worker,McDonald Corp,Highmark,POL-484465,G1234,313,2020-02-17,2022-02-07,167,80,28.7,Non-Smoker,None,"Pollen, Peanuts, None","Depression, Eczema",Insulin glargine,None,"Cancer, Heart Disease, Asthma",Vietnamese,Black or African American,Deceased ,6,RegistrationDB
1986,Betty,Freeman,1979-04-06,Female,o+,betty.freeman@email.example.com,(479) 605-7986,Scott Morales,000-000-0000,"{""line1"": ""250 Union Ave"", ""apt"": """", ""city"": ""New Orleans"", ""state"": ""LA"", ""zip"": ""70112"", ""neighborhood"": ""Northside"", ""country"": ""USA"", ""timezone"": ""America/Denver"", ""street_type"": ""Cir""}",Married,Unemployed,Gomez Corp,Anthem,POL-847156,GRP-3706,234,2020-12-24,2023-08-21,164,59,21.9,Non-Smoker,2 beers/week,"Codeine, Latex",Psoriasis,"Montelukast, Insulin glargine, Apixaban, Cyclobenzaprine",Hysterectomy,"Stroke, Asthma, Cancer",English,White,Active,6,RegistrationDB
1988,Logan,Nguyen,1991-09-07,Male,O+,logan.nguyen@email.example.com,(202) 344-8068,Mark Sullivan,(330) 757-4855,"{""line1"": ""2497 Cherry Ln"", ""apt"": "", Suite 26"", ""city"": ""Indianapolis"", ""state"": ""IN"", ""zip"": ""46201"", ""floor_number"": 43, ""street_type"": ""Pl"", ""latitude"": 38.1986}",Single,Psychologist,Murphy Corp,Kaiser Permanente,POL-169725,GRP-5552,128,2019-09-30,2020-11-11,172,115,38.9,Never Assessed,None,"Sulfa, Pollen, Codeine","Anemia, Migraine",Atorvastatin,None,None,Spanish,Black or African American,Active,5,RegistrationDB
1989,Debra,Edwards,2025-06-15,Female,O+,user@.com,2125550199,Scott Taylor,(958) 786-9783,"{""line1"": ""3887 Market St"", ""apt"": """", ""city"": ""Milwaukee"", ""state"": ""WI"", ""zip"": ""53201"", ""timezone"": ""America/Denver""}",Married,HR Specialist,,Cigna HealthCare,POL-629798,GRP-5591,108,2019-09-21,2021-06-12,171,,21.9,Current Smoker,None,Latex,,Meloxicam,None,,Mandarin,Asian,Active,22,RegistrationDB
1993,Rebecca,Patel,1959-08-13,Female,AB,rebecca.patel@email.example.com,12345,Aaron Foster,(421) 832-3803,"{""line1"": ""5450 Seventh St"", ""apt"": """", ""city"": ""Omaha"", ""state"": ""NE"", ""zip"": ""68101"", ""latitude"": 32.8154, ""country"": ""USA"", ""county"": ""Orange""}",Married,Project Manager,,Bright Health,POL-164973,GRP-1137,186,2022-02-12,2024-01-16,161,90,34.7,Former Smoker,None,"None, NSAIDs, Shellfish","Sleep Apnea, COPD, Ulcerative Colitis, Psoriasis",None,"Laminectomy, Thyroidectomy, Rotator cuff repair",None,French,White,Active,1,RegistrationDB
1996,Naomi,Mendoza,2025-01-01,Female,A-,naomi.mendoza1@email.example.com,(773) 694-6580,Margaret Morris,(506) 942-1297,"{""line1"": ""7549 River Rd"", ""apt"": "", Suite 19"", ""city"": ""Oklahoma City"", ""state"": ""OK"", ""zip"": ""73101"", ""street_type"": ""Ave""}",Divorced,Social Worker,Watson Corp,Independence Blue Cross,POL-367998,GRP-2314,105,2020-10-23,2022-08-31,165,72,26.4,Never Assessed,Sometimes,"Penicillin, Dust, Peanuts","Depression, Chronic Fatigue, Hypertension, Chronic Kidney Disease",None,None,Stroke,English,White,Active,10,RegistrationDB
2000,Victoria,Rivera,1954-03-03,Female,A+,victoria.rivera@email.example.com,(891) 602-2711,Scott Gonzales,(212) 537-1101,"{""line1"": ""604 Ninth St"", ""apt"": "", Apt 29"", ""city"": ""Raleigh"", ""state"": ""NC"", ""zip"": ""27601""}",Single,Veterinarian,Gibson Corp,Cigna,POL-224779,GRP-5711,332,2018-04-03,2019-10-13,160,65,25.4,Non-Smoker,Occasional,None,Depression,"Amlodipine, Apixaban",None,"None, Cancer",English,White,Active,13,RegistrationDB
2005,Samantha,Lewis,1962-01-12,Female,B-,not-an-email,(815) 532-9747,Timothy Diaz,(267) 491-5924,"{""line1"": ""3574 Washington Ave"", ""apt"": """", ""city"": ""Fort Worth"", ""state"": ""TX"", ""zip"": ""76101"", ""latitude"": 25.9451, ""timezone"": ""America/New_York"", ""longitude"": -90.8742, ""street_type"": ""Dr""}",Married,Writer,Cruz Corp,Anthem,POL-727172,GRP-9751,158,2024-07-24,2027-09-09,168,70,24.8,Non-Smoker,Occasional,,,Metoprolol,None,"Asthma, Arthritis, Cancer",English,White,,20,RegistrationDB
2025,Terry,Chavez,1998-02-05,Male,A+,terry.chavez@email.example.com,(588) 397-5443,Julian Gray,(201) 244-6560,"{""line1"": ""921 Spring St"", ""apt"": """", ""city"": ""Mesa"", ""state"": ""AZ"", ""zip"": ""85201"", ""county"": ""Maricopa""}",Married,Professor,,Highmark,POL-928885,GRP-5889,189,2020-11-17,,174,75,24.8,Current Smoker,None,"Peanuts, Shellfish, Dust",,"Cyclobenzaprine, Eliquis, Omeprazole, Sertraline",Sleeve gastrectomy,Asthma,Spanish,Black or African American,Active,29,RegistrationDB
2027,Andrea,Jones,1958-05-05,Female,O+,andrea.jones@email.example.com,(711) 450-7373,999-999-9999,(984) 496-2606,"{""line1"": ""4509 First St"", ""apt"": """", ""city"": ""New Orleans"", ""state"": ""LA"", ""zip"": ""70112""}",Married,,,Highmark,POL-619560,GRP-6920,161,2025-07-19,2029-08-18,157,87,35.3,Non-Smoker,Moderate,Shellfish,,"Duloxetine, Pantoprazole, Bupropion, Metformin",None,None,Korean,White,Active,24,RegistrationDB
2032,Cynthia,Nelson,1988-12-24,Female,O+,cynthia.nelson@email.example.com,(858) 329-2837,Lisa Simmons,(374) 418-2145,"{""line1"": ""1455 Hill St"", ""apt"": """", ""city"": ""Indianapolis"", ""state"": ""IN"", ""zip"": ""46201"", ""floor_number"": 38}",Married,Electrician,Jackson Corp,Geisinger,POL-294270,GRP-8067,410,2020-09-28,2023-09-22,163,58,21.8,Non-Smoker,Heavy,"Latex, Codeine, None","Fibromyalgia, Type 2 Diabetes, Atrial Fibrillation, Hypothyroidism","Fluticasone, Hydrochlorothiazide, Metformin, Sertraline",None,None,Cantonese,White,Active,5,RegistrationDB
2037,Ronald,Ramos,1974-02-10,Male,A+,ronald.ramos@email.example.com,(328) 839-1363,Savannah Morales,(497) 754-6635,"{""line1"": ""8616 Forest Ave"", ""apt"": """", ""city"": ""Las Vegas"", ""state"": ""NV"", ""zip"": ""89101""}",Widowed,---,,Blue Cross Blue Shield,POL-385144,GRP-5500,476,2024-09-14,2026-01-07,176,67,21.6,Non-Smoker,Sometimes,"Latex, Shellfish, Penicillin","Sleep Apnea, Eczema","Montelukast, Duloxetine, Warfarin, Jardiance",Appendectomy,"Cancer, Heart Disease",Mandarin,White,Active,19,RegistrationDB
2050,Justin,Ruiz,1971-07-31,Male,O-,justin.ruiz@email.example.com,(899) 425-4557,Daniel Cox,(278) 653-4976,"{""line1"": ""1018 Market St"", ""apt"": "", Unit 9"", ""city"": ""El Paso"", ""state"": ""TX"", ""zip"": ""79901"", ""neighborhood"": ""East Side"", ""country"": ""USA"", ""county"": ""Dallas""}",Single,Dentist,Ortiz Corp,Highmark,POL-887605,GRP-4570,223,2019-02-01,2023-02-04,176,101,32.6,Non-Smoker,Heavy,Sulfa,"Atrial Fibrillation, Hypothyroidism, Anemia",unknown,None,"Cancer, Diabetes, Stroke",English,White,Inactive,14,RegistrationDB
2051,John,Jenkins,1985-07-28,Male,O+,john.jenkins1@email.example.com,(261) 722-3085,Donald Webb,(594) 242-2752,"{""line1"": ""9362 Main St"", ""apt"": """", ""city"": ""Memphis"", ""state"": ""TN"", ""zip"": ""38101""}",Single,Retired,Jenkins Corp,Anthem,POL-658788,GRP-9073,149,2025-06-29,,182,60,18.1,Smoker,None,"Penicillin, Pollen",,None,"Thyroidectomy, Rotator cuff repair, Sleeve gastrectomy",None,English,White,Active,1,RegistrationDB
2056,Silas,Chavez,1958-10-12,Male,O+,silas.chavez@email.example.com,(547) 688-1627,Carol Garcia,(987) 203-5829,"{""line1"": ""9854 Pleasant St"", ""apt"": """", ""city"": ""Jacksonville"", ""state"": ""FL"", ""zip"": ""32201"", ""neighborhood"": ""Uptown"", ""longitude"": -98.9403, ""timezone"": ""America/Los_Angeles""}",Married,Pharmacist,Jenkins Corp,Tufts Health Plan,POL-632846,GRP-2781,242,2023-04-20,2023-10-12,179,105,32.8,Former Smoker,None,None,Osteoporosis,"Warfarin, Hydrochlorothiazide, Prednisone",None,"Hypertension, Heart Disease, Cancer",Vietnamese,Hispanic or Latino,Active,19,RegistrationDB
2058,Paul,Moore,2002-04-29,Male,O+,paul.moore@email.example.com,(427) 812-7738,Julian Myers,(619) 597-2270,"{""line1"": ""7130 Walnut Ave"", ""apt"": "", Apt 25"", ""city"": ""Sacramento"", ""state"": ""CA"", ""zip"": ""94201"", ""neighborhood"": ""East Side"", ""country"": ""USA""}",Separated,Veterinarian,Hicks Corp,CareFirst,POL-532032,GRP-4964,67,2025-12-08,2027-02-23,175,84,27.4,Non-Smoker,Moderate,Shellfish,"Hypertension, Migraine",Bupropion,Thyroidectomy,Heart Disease,English,Black or African American,Active,12,RegistrationDB
2064,Victor,Gutierrez,2002-04-12,Male,O+,victor.gutierrez@email.example.com,(219) 520-1622,James Gibson,(956) 867-7230,"{""line1"": ""5691 Third St"", ""apt"": """", ""city"": ""Colorado Springs"", ""state"": ""CO"", ""zip"": ""80901"", ""floor_number"": 33}",Single,Data Analyst,Gonzalez Corp,Humana,POL-833255,GRP-5446,150,2022-01-06,,180,73,22.5,Current Smoker,Occasional,"Latex, Codeine, Dust","Type 2 Diabetes, Osteoporosis, Ulcerative Colitis, COPD","Fluticasone, Ibuprofen, Eliquis, Montelukast",Meniscectomy,Diabetes,English,Black or African American,Active,5,RegistrationDB
2066,Harold,Porter,2004-04-22,Male,O+,harold.porter@email.example.com,(363) 304-2916,Jonathan Griffin,(263) 323-2150,"{""line1"": ""8689 Broadway"", ""apt"": """", ""city"": ""Las Vegas"", ""state"": ""NV"", ""zip"": ""89101""}",Single,Electrician,Hernandez Corp,Highmark,POL-675443,GRP-6650,8,2019-07-03,2019-09-28,175,66,21.6,Current Smoker,Occasional,"Shellfish, Codeine, Dust",,"Sertraline, Lisinopril, Eliquis, Albuterol",ACL reconstruction,Alzheimer's,Spanish,White,Deceased,1,RegistrationDB
2076,Anthony,James,2099-06-15,Male,B+,anthony.james@email.example.com,(335) 772-7942,David Ross,(551) 599-3520,"{""line1"": ""4340 Sycamore Ave"", ""apt"": """", ""city"": ""San Antonio"", ""state"": ""TX"", ""zip"": ""78201"", ""street_type"": ""Ln""}",Married,Teacher,Flores Corp,Anthem,POL-726133,GRP-9868,371,2019-01-26,2019-06-02,182,110,33.2,Current Smoker,Moderate,"Latex, Peanuts","Psoriasis, Type 2 Diabetes","Montelukast, Apixaban, Meloxicam, Acetaminophen",None,"Arthritis, None",Spanish,White,Active,7,RegistrationDB
2077,Michelle,Murphy,1997-06-11,Female,B+,michelle.murphy1@email.example.com,(687) 948-8360,Terry Long,(831) 762-7826,"{""line1"": ""123 Main St"", ""county"": ""Queens"", ""longitude"": -105.9494, ""neighborhood"": ""Downtown""}",Married,Accountant,Ortiz Corp,Bright Health,POL-417581,GRP-3310,63,2020-10-30,2021-07-23,165,79,29.0,Former Smoker,Former,"Peanuts, Latex","Sleep Apnea, Chronic Fatigue","Pantoprazole, Omeprazole, Lisinopril, Hydrochlorothiazide","C-section, Sleeve gastrectomy","Cancer, Heart Disease",English,White,Active,16,RegistrationDB
2079,Maxwell,Nguyen,1984-04-15,Male,A+,maxwell.nguyen@email.example.com,(392) 943-6626,Naomi Campbell,(590) 780-1845,"{""line1"": ""6499 Poplar St"", ""apt"": "", Suite 37"", ""city"": ""Dallas"", ""state"": ""TX"", ""zip"": ""75201"", ""latitude"": 25.2492, ""country"": ""USA"", ""longitude"": -78.4692}",Divorced,Police Officer,Long Corp,,POL-524847,GRP-8615,342,2018-10-29,2019-02-27,179,65,20.3,Non-Smoker,Heavy,,,"Aspirin, Sertraline, Bupropion",None,"Heart Disease, Stroke",Cantonese,Asian,Active,4,RegistrationDB
2083,William,Mitchell,1994-01-11,,B+,william.mitchell@email.example.com,(748) 321-6036,Joseph Rogers,(323) 256-9899,"{""line1"": ""8428 Park Blvd"", ""apt"": """", ""city"": ""Long Beach"", ""state"": ""CA"", ""zip"": ""90801""}",Divorced,Scientist,Thomas Corp,Kaiser Permanente,POL-357362,GRP-8819,321,2023-09-14,2027-10-22,182,86,,Non-Smoker,Moderate,"Dust, Codeine, Sulfa","Psoriasis, Irritable Bowel Syndrome, GERD, Anxiety Disorder","Sertraline, Omeprazole, Losartan",None,"Arthritis, Diabetes, Cancer",Korean,Hispanic or Latino,Active,8,RegistrationDB
2084,Aiden,Ward,1962-01-02,Male,O-,aiden.ward@email.example.com,(771) 968-1014,Skylar Morris,(491) 840-5369,"{""line1"": ""753 Seventh St"", ""apt"": "", Unit 46"", ""city"": ""Mesa"", ""state"": ""AZ"", ""zip"": ""85201""}",Married,Retired,,Oscar Health,POL-837622,GRP-7739,343,2022-12-21,,181,68,20.8,Non-Smoker,None,Penicillin,Irritable Bowel Syndrome,Albuterol,None,Alzheimer's,Tagalog,Hispanic or Latino,Active,5,RegistrationDB
2091,Genesis,Patel,1987-11-25,Female,B+,genesis.patel@email.example.com,2125550199,Savannah Gomez,(967) 317-8139,"{""line1"": ""942 Sixth Ave"", ""apt"": "", # 4"", ""city"": ""Phoenix"", ""state"": ""AZ"", ""zip"": ""85001"", ""street_type"": ""Ct"", ""country"": ""USA"", ""latitude"": 47.8366}",Married,Nurse,Brooks Corp,Geisinger,POL-133506,GRP-2488,129,2022-02-22,,177,46,14.7,Non-Smoker,Heavy,Pollen,Atrial Fibrillation,"Apixaban, Tramadol",Cataract surgery,None,English,Hispanic or Latino,Active,22,RegistrationDB
2106,Megan,Smith,1994-03-17,Female,B+,not-an-email,(698) 457-8743,Debra Jordan,(815) 735-1222,"{""line1"": ""1882 Birch St"", ""apt"": "", Apt 36"", ""city"": ""San Jose"", ""state"": ""CA"", ""zip"": ""95101"", ""landmark"": ""Behind Metro Station""}",Widowed,Administrative Assistant,,Harvard Pilgrim,POL-461097,GRP-3437,476,2018-09-12,2020-11-01,154,78,32.9,Never Assessed,Heavy,"Dust, Peanuts, None","Chronic Kidney Disease, Rheumatoid Arthritis, Atrial Fibrillation, Irritable Bowel Syndrome",Bupropion,None,None,English,White,Active,19,RegistrationDB
2108,Daniel,Hughes,2005-11-05,Male,A+,daniel.hughes@email.example.com,(980) 693-6720,Aiden Ford,(646) 763-6452,"{""line1"": ""4539 Lincoln Blvd"", ""apt"": """", ""city"": ""San Diego"", ""state"": ""CA"", ""zip"": ""92101"", ""delivery_notes"": ""Gate code: #1234"", ""neighborhood"": ""Northside"", ""timezone"": ""America/New_York"", ""county"": ""Cook""}",Married,Unemployed,,Highmark,POL-598696,GRP-8021,271,2023-03-16,2024-01-15,175,66,21.6,Former Smoker,Occasional,,GERD,None,None,Diabetes,English,,Active,18,RegistrationDB
2112,Gregory,Turner,1981-12-22,Male,O+,gregory.turner@email.example.com,(779) 317-1223,Chloe Hughes,(977) 381-7906,"{""line1"": ""6779 View Blvd"", ""apt"": """", ""city"": ""Cleveland"", ""state"": ""OH"", ""zip"": ""44101"", ""landmark"": ""Near City Hall"", ""latitude"": 31.3627, ""timezone"": ""America/Denver"", ""country"": ""USA""}",Single,Military,,Independence Blue Cross,POL-525892,GRP-4391,355,2023-07-06,2024-06-13,165,61,22.4,Non-Smoker,None,"Dust, Penicillin, Pollen",Ulcerative Colitis,Metoprolol,C-section,"Alzheimer's, Diabetes",French,Other,Active,10,RegistrationDB
2121,jonathan,Gomez,1974-04-30,Male,O+,jonathan.gomez@email.example.com,(224) 524-5809,Kathleen Chavez,(400) 797-7296,"{""line1"": ""6036 Broadway"", ""apt"": """", ""city"": ""Fort Worth"", ""state"": ""TX"", ""zip"": ""76101""}",Divorced,Real Estate Agent,Butler Corp,Kaiser Permanente,POL-ABC,GRP-1584,404,2023-12-04,2024-09-28,182,90,27.2,Non-Smoker,Moderate,Shellfish,,Furosemide,None,"Heart Disease, Diabetes, Heart Disease",English,Hispanic or Latino,Active,4,RegistrationDB
2125,Katherine,UNKNOWN,1970-11-03,Female,O-,,(836) 989-1630,David Nelson,(861) 254-7020,"{""line1"": ""6303 Forest Ave"", ""apt"": """", ""city"": ""Washington"", ""state"": ""DC"", ""zip"": ""20001""}",Separated,Military,Gonzalez Corp,Humana,POL-896675,GRP-8546,297,2019-11-30,2021-02-01,157,72,29.2,Non-Smoker,None,"Pollen, Dust, Sulfa",Atrial Fibrillation,"Clopidogrel, Metformin, Omeprazole, Warfarin",None,"None, Alzheimer's",English,caucasian,Active,14,RegistrationDB
2128,Rebecca,Fisher,2001-05-19,Female,O+,rebecca.fisher@email.example.com,(951) 882-5115,Theodore Stevens,(568) 932-1427,"{""line1"": ""9036 Third St"", ""apt"": """", ""city"": ""Boston"", ""state"": ""MA"", ""zip"": ""02101""}",Married,Logistics Coordinator,Thomas Corp,Centene,POL-251245,GRP-7182,149,2022-02-08,,170,85,29.4,Never Assessed,Occasional,None,"Anxiety Disorder, Chronic Kidney Disease, Eczema",Atorvastatin,"Colectomy, Spinal fusion","Asthma, Cancer, Arthritis",English,Two or More Races,Active,1,RegistrationDB
2131,Sarah,Nguyen,1996-12-28,Female,A+,sarah.nguyen@email.example.com,(542) 777-2280,Riley Gonzalez,(393) 253-4456,"{""line1"": ""3516 Spring St"", ""apt"": """", ""city"": ""Las Vegas"", ""state"": ""NV"", ""zip"": ""89101"", ""county"": ""Orange"", ""longitude"": -81.8304, ""timezone"": ""America/Chicago"", ""landmark"": ""Close to University""}",Separated,Graphic Designer,Ortiz Corp,,,,29,2020-11-20,2022-05-07,178,60,18.9,Current Smoker,Moderate,"Pollen, NSAIDs, Sulfa",Hypothyroidism,Eliquis,None,"Hypertension, Arthritis, Alzheimer's",English,White,Inactive,6,RegistrationDB
2133,Susan,Russell,1982-09-18,Female,A-,susan.russell@email.example.com,(778) 690-9459,Tyler Cook,(314) 993-9749,"{""line1"": ""464 Center St"", ""apt"": """", ""city"": ""San Antonio"", ""state"": ""TX"", ""zip"": ""78201"", ""latitude"": 37.3681}",Married,Retail Associate,Smith Corp,Oscar Health,POL-412738,GRP-7959,430,2024-02-22,2026-12-15,172,78,26.4,Non-Smoker,Occasional,"PENICILLIN, SULFA","COPD, Hypertension",Warfarin,C-section,Asthma,Cantonese,White,Active,16,RegistrationDB
2134,Layla,Moore,1957-06-13,Female,B-,layla.moore@email.example.com,(909) 799-6449,Kimberly Wright,(826) 784-6848,"{""line1"": ""6288 Tenth Ave"", ""apt"": """", ""city"": ""Long Beach"", ""state"": ""CA"", ""zip"": ""90801"", ""street_type"": ""Ave"", ""delivery_notes"": ""Leave at door"", ""latitude"": 44.4732}",Divorced,Chef,Young Corp,Cigna HealthCare,POL-152334,GRP-4646,309,2022-02-16,2024-07-19,161,90,34.7,Former Smoker,None,Penicillin,Asthma,Montelukast,Cholecystectomy,Alzheimer's,English,Black or African American,Active,17,RegistrationDB
2137,James,Jordan,1994-10-29,Male,A+,james.jordan@email.example.com,(749) 933-3799,Joyce Wallace,(773) 445-4783,"{""line1"": ""5681 Park Blvd"", ""apt"": "", # 16"", ""city"": ""Houston"", ""state"": ""TX"", ""zip"": ""77001""}",,Sales Representative,,Highmark,POL-750257,GRP-8525,124,2020-06-14,2022-08-16,180,74,22.8,Never Assessed,Occasional,None,"Migraine, Atrial Fibrillation, Anemia, Sleep Apnea","Loratadine, Gabapentin","Appendectomy, C-section, Hemorrhoidectomy",None,Vietnamese,Black or African American,Active,18,RegistrationDB
2138,Emma,Rodriguez,2002-05-10,Female,O+,emma.rodriguez@email.example.com,2125550199,Victoria Fisher,(334) 885-6978,"{""line1"": ""4327 Forest Ave"", ""apt"": "", Suite 48"", ""city"": ""Denver"", ""state"": ""CO"", ""zip"": ""80201"", ""timezone"": ""America/Los_Angeles""}",Married,Writer,Patel Corp,Humana,POL-276945,GRP-2879,165,2024-11-13,2025-11-25,164,95,35.3,Current Smoker,Moderate,"Pollen, Dust, Penicillin",Crohn's Disease,"Celecoxib, Hydrochlorothiazide",None,"Arthritis, Alzheimer's",English,Hispanic or Latino,Inactive,18,RegistrationDB
2139,Elijah,Edwards,2001-07-14,,O+,elijah.edwards@email.example.com,(273) 959-5054,Nora West,(921) 674-5342,"{""line1"": ""6539 Sixth Ave"", ""apt"": "", Suite 33"", ""city"": ""Minneapolis"", ""state"": ""MN"", ""zip"": ""55401""}",Married,Pilot,Fisher Corp,Highmark,POL-305293,GRP-4403,409,2024-03-14,2027-06-26,193,79,21.2,Non-Smoker,Heavy,None,Psoriasis,Cyclobenzaprine,Hysterectomy,Cancer,Russian,Asian,Active,19,RegistrationDB
2142,Christina,Cruz,1982-08-13,Mle,O+,christina.cruz1@email.example.com,(340) 293-7842,Christine Gomez,(323) 368-4372,"{""line1"": ""7330 Hill St"", ""apt"": "", Apt 37"", ""city"": ""Indianapolis"", ""state"": ""IN"", ""zip"": ""46201""}",Single,Accountant,Simmons Corp,Blue Cross Blue Shield,POL-559085,GRP-8180,363,2021-12-06,2022-08-28,160,72,28.1,Non-Smoker,None,"NSAIDs, Codeine","Anxiety Disorder, Chronic Kidney Disease",Gabapentin,None,None,English,Black or African American,Active,18,RegistrationDB
2154,Olivia,Price,1986-12-18,Female,O-,olivia.price@email.example.com,(974) 544-3976,Helen Cole,(941) 432-9234,"{""line1"": ""4844 Cherry Ln"", ""apt"": "", # 30"", ""city"": ""Atlanta"", ""state"": ""GA"", ""zip"": ""30301"", ""neighborhood"": ""West Side"", ""timezone"": ""America/New_York"", ""latitude"": 30.6539, ""landmark"": ""Behind Metro Station""}",Separated,Chef,Robinson Corp,Independence Blue Cross,POL-133557,GRP-1146,160,2022-09-01,,157,86,34.9,Non-Smoker,Heavy,"Dust, Peanuts, Sulfa","Asthma, Hypertension","Amlodipine, Clopidogrel, Pantoprazole, Cyclobenzaprine","Coronary artery bypass grafting, ACL reconstruction",None,French,White,Active,11,RegistrationDB
2161,Samuel,Baker,2002-09-23,Non-Binary,O+,samuel.baker@email.example.com,(912) 855-4045,Daniel Harrison,(267) 333-6106,"{""line1"": ""3039 Poplar St"", ""apt"": """", ""city"": ""Washington"", ""state"": ""DC"", ""zip"": ""20001""}",Single,Architect,,Humana,POL-868319,GRP-9805,36,2018-08-01,2021-05-02,166,47,17.1,Current Smoker,Occasional,"None, NSAIDs",,None,None,"Asthma, Stroke",Cantonese,Two or More Races,Active,23,RegistrationDB
2190,Miles,Flores,1997-09-07,Male,A+,miles.flores@email.example.com,(934) 739-8448,Brian Alexander,(570) 821-4052,"{""line1"": ""4382 Third St"", ""apt"": "", # 27"", ""city"": ""Omaha"", ""state"": ""NE"", ""zip"": ""68101"", ""country"": ""USA"", ""latitude"": 40.245}",Single,Manager,Ortiz Corp,Harvard Pilgrim,POL-438598,GRP-5663,407,,2023-06-17,189,83,23.2,Non-Smoker,Occasional,None,,Ibuprofen,"Appendectomy 2018, Cholecystectomy 2020","Hypertension, Asthma",English,Hispanic or Latino,active,2,RegistrationDB
2193,Hannah,Adams,2025-01-01,Female,O+,hannah.adams@email.example.com,(541) 796-3430,Ruth Parker,(449) 794-4599,"{""line1"": ""Unknown"", ""city"": ""Unknown"", ""state"": ""NA"", ""zip"": ""00000""}",Divorced,Teacher,Patterson Corp,Kaiser Permanente,POL-649523,GRP-9692,462,2020-10-21,,157,53,21.5,Non-Smoker,Heavy,"Latex, Penicillin, Shellfish","Anemia, Hypertension, Eczema, Sleep Apnea",!@#$%^&*(),Tonsillectomy,,Cantonese,Hispanic or Latino,Active,20,RegistrationDB
2194,Pamela,Nguyen,1972-09-05,Female,A+,pamela.nguyen@email.example.com,(215) 451-5257,Jessica Myers,(509) 519-4159,"{""line1"": ""9791 Broadway"", ""apt"": "", Apt 29"", ""city"": ""Houston"", ""state"": ""TX"", ""zip"": ""77001"", ""street_type"": ""Ln"", ""country"": ""USA""}",Married,Veterinarian,,Independence Blue Cross,POL-700109,,105,2025-10-24,2028-01-20,158,41,16.4,Never Assessed,Occasional,None,,"Clopidogrel, Montelukast, Insulin glargine",None,"Asthma, Diabetes",English,Asian,Active,10,RegistrationDB
2197,Penelope,Jackson,1993-12-06,Female,O-,penelope.jackson@email.example.com,(980) 927-3577,Harrison Ruiz,(892) 939-6334,"{""line1"": ""4029 Beechwood Ave"", ""apt"": "", Suite 25"", ""city"": ""Omaha"", ""state"": ""NE"", ""zip"": ""68101"", ""latitude"": 46.999, ""timezone"": ""America/Los_Angeles""}",Single,Project Manager,,Anthem,POL-520992,GRP-6427,466,2020-02-27,2023-04-13,160,76,29.7,Never Assessed,Occasional,NSAIDs,,None,None,Arthritis,English,White,Active,3,RegistrationDB
2207,Deborah,Hunter,1995-05-19,Female,A+,deborah.hunter@email.example.com,(637) 952-1611,Avery Bryant,(963) 382-8975,"{""line1"": ""8671 Third St"", ""apt"": """", ""city"": ""Philadelphia"", ""state"": ""PA"", ""zip"": ""19101""}",Married,Software Developer,Gonzales Corp,Cigna,POL-876356,GRP-5804,2,2023-05-15,,163,heavy,38.0,Never Assessed,None,"Codeine, Shellfish","Type 2 Diabetes, Fibromyalgia, Depression, Rheumatoid Arthritis",None,None,"Stroke, Asthma, Alzheimer's",English,Asian,Active,17,RegistrationDB
2208,Elizabeth,Myers,2025-06-15,Female,B-,elizabeth.myers@email.example.com,(484) 878-3284,Christine Torres,(391) 508-4895,"{""line1"": ""8187 Oak Ave"", ""apt"": "", # 21"", ""city"": ""San Antonio"", ""state"": ""TX"", ""zip"": ""78201""}",Single,Social Worker,Jordan Corp,Centene,POL-740923,GRP-7966,459,2023-04-24,2025-01-24,151,93,40.8,Non-Smoker,Moderate,"Pollen, Penicillin, Latex",Coronary Artery Disease,Levothyroxine,None,Hypertension,Cantonese,White,Active,7,RegistrationDB
2209,Bobby,Smith,1973-01-02,Male,A+,bobby.smith@email.example.com,(525) 267-6949,Maxwell Russell,(473) 245-7413,"{""line1"": ""8890 Walnut Ave"", ""apt"": """", ""city"": ""Nashville"", ""state"": ""TN"", ""zip"": ""37201"", ""delivery_notes"": ""Call upon arrival"", ""country"": ""USA"", ""timezone"": ""America/New_York"", ""county"": ""San Diego""}",Married,Consultant,Ward Corp,Tufts Health Plan,POL-865646,GRP-2404,67,2022-08-04,2024-04-25,179,71,22.2,Former Smoker,Occasional,None,"GERD, Osteoporosis","Fluticasone, Pantoprazole, Celecoxib",Total knee replacement,Hypertension,English,White,Active,12,RegistrationDB
2210,Lucas,West,1964-04-25,Male,A+,lucas.west@email.example.com,(496) 550-7489,Ryan Thompson,(336) 446-3191,"{""line1"": ""7451 Third St"", ""apt"": "", Suite 44"", ""city"": ""Nashville"", ""state"": ""TN"", ""zip"": ""37201"", ""delivery_notes"": ""Deliver to reception"", ""county"": ""King"", ""neighborhood"": ""Uptown"", ""longitude"": -101.3851, ""latitude"": 35.7101}",Divorced,Manager,Gomez Corp,Bright Health,POL-ABC,GRP-9362,407,2025-02-18,2029-02-19,167,67,24.0,Former Smoker,Occasional,"Peanuts, Codeine, Shellfish",Anemia,"Sertraline, Metformin, Jardiance, Bupropion",None,Diabetes,English,Hispanic or Latino,Active,2,RegistrationDB
2213,Donald,Cruz,not available,Male,O-,donald.cruz@email.example.com,(717) 890-4730,Julian Cook,(286) 377-4295,"{""line1"": ""3391 Franklin Blvd"", ""apt"": """", ""city"": ""Charlotte"", ""state"": ""NC"", ""zip"": ""28201"", ""street_type"": ""St""}",Single,Military,Hernandez Corp,Kaiser Permanente,POL-688859,GRP-8066,495,2019-01-29,2019-04-10,,112,37.0,Smoker,Occasional,"Codeine, Latex, Sulfa","Ulcerative Colitis, Hypertension, GERD, Osteoporosis",None,None,"Cancer, Hypertension, Arthritis",English,White,Active,21,RegistrationDB
,Deborah,Alexander,1958-01-12,Female,AB-,deborah.alexander@email.example.com,(247) 904-6451,Wesley Cooper,(849) 583-8224,"{""line1"": ""Unknown"", ""city"": ""Unknown"", ""state"": ""NA"", ""zip"": ""00000"", ""neighborhood"": ""Southside""}",Single,Librarian,Hernandez Corp,Aetna,POL-301944,GRP-1791,368,2018-07-20,2020-01-25,163,87,32.7,Never Assessed,Heavy,"Dust, Penicillin, Peanuts","Hypothyroidism, Chronic Kidney Disease, GERD","Gabapentin, Ozempic, Tramadol",None,None,English,Two or More Races,Active,23,RegistrationDB
2224,Penelope,Gonzalez,1992-04-17,Female,AB+,penelope.gonzalez@email.example.com,(258) 778-7157,Gabriel Walker,(957) 294-3161,"{""line1"": ""8801 Maple Dr"", ""apt"": "", # 34"", ""city"": ""Washington"", ""state"": ""DC"", ""zip"": ""20001"", ""street_type"": ""Ave""}",Single,Firefighter,,Centene,POL-139380,GRP-8872,280,2025-03-18,2028-10-14,9999,94,35.8,Never Assessed,None,"Pollen, Shellfish, Sulfa",Fibromyalgia,None,None,"Asthma, Cancer",English,White,Active,23,RegistrationDB
2229,Raymond,Freeman,1980-03-30,Male,O+,raymond.freeman@email.example.com,(522) 483-9166,Victoria Howard,(226) 937-1474,"{""line1"": ""2335 Church St"", ""apt"": "", # 45"", ""city"": ""Tucson"", ""state"": ""AZ"", ""zip"": ""85701"", ""country"": ""USA""}",,Veterinarian,Rivera Corp,MetLife,POL-765969,GRP-6826,285,2023-10-02,2025-10-23,179,108,33.7,Former Smoker,None,"Latex, None",Chronic Fatigue,Insulin glargine,None,Asthma,English,Hispanic or Latino,Active,17,RegistrationDB
2229,Harrison,Hayes,1974-02-28,Male,A-,harrison.hayes1@email.example.com,(690) 702-1523,Ryan Cruz,(275) 645-3473,"{""line1"": ""3746 Eighth Ave"", ""apt"": "", Unit 23"", ""city"": ""Washington"", ""state"": ""DC"", ""zip"": ""20001"", ""landmark"": ""Next to Mall"", ""latitude"": 44.1095, ""county"": ""Orange""}",Married,Software Developer,,MetLife,POL-880562,GRP-3614,62,2019-12-21,2021-08-05,tall,76,26.9,Never Assessed,Moderate,None,,None,Total knee replacement,"Arthritis, Asthma, Heart Disease",Russian,White,Active,8,RegistrationDB
2230,Janet,Young,1958-02-07,Female,A+,janet.young@email.example.com,(673) 500-9185,Melissa James,(404) 588-4798,"{""line1"": ""7930 College Ave"", ""apt"": "", Apt 20"", ""city"": ""Oakland"", ""state"": ""CA"", ""zip"": ""94601"", ""street_type"": ""St""}",Single,Military,,UnitedHealthcare,POL-721640,GRP-9859,302,2022-01-08,2023-05-31,156,79,32.5,Former Smoker,Moderate,"Sulfa, NSAIDs, Shellfish",,None,None,"Diabetes, Heart Disease",English,Black or African American,Active,13,RegistrationDB
2234,Steven,Brooks,2025-06-15,Male,,steven.brooks@email.example.com,(251) 668-6119,Brandon Edwards,(608) 391-1317,"{""line1"": ""9742 Adams Way"", ""apt"": "", # 44"", ""city"": ""Raleigh"", ""state"": ""NC"", ""zip"": ""27601"", ""country"": ""USA"", ""neighborhood"": ""Northside"", ""street_type"": ""Way"", ""latitude"": 26.6219}",Single,Architect,West Corp,Bright Health,POL-838525,GRP-2089,188,2023-10-14,2027-05-05,169,92,32.2,Non-Smoker,None,Dust,"Atrial Fibrillation, Eczema, Fibromyalgia",Cyclobenzaprine,Hernia repair,"Diabetes, None",English,Black or African American,Inactive,17,RegistrationDB
2237,Genesis,Wallace,2002-11-10,Female,O+,genesis.wallace@email.example.com,(760) 336-3617,Joe James,(423) 669-3681,"{""line1"": ""3696 Tenth Ave"", ""apt"": "", # 44"", ""city"": ""El Paso"", ""state"": ""TX"", ""zip"": ""79901"", ""delivery_notes"": ""Leave at door""}",Separated,Insurance Agent,,,,,20,2019-11-06,,158,85,34.0,Non-Smoker,Moderate,None,Hyperlipidemia,"Sertraline, Omeprazole",None,None,English,White,Active,23,RegistrationDB
2256,Joseph,Nelson,1984-01-09,Male,O+,joseph.nelson1@email.example.com,abc-def-ghij,Abigail Ellis,(428) 292-1135,"{""line1"": ""149 Church St"", ""apt"": """", ""city"": ""Fort Worth"", ""state"": ""TX"", ""zip"": ""76101"", ""delivery_notes"": ""Call upon arrival"", ""street_type"": ""Pl"", ""neighborhood"": ""Downtown""}",Single,Firefighter,Green Corp,Geisinger,POL-237984,GRP-5881,320,2018-07-13,,179,117,36.5,Former Smoker,Heavy,"Dust, NSAIDs, Codeine",,Clopidogrel,Vasectomy,"None, Stroke",English,White,Active,23,RegistrationDB
2259,Lily,Castillo,2025-06-15,Female,O-,lily.castillo@email.example.com,(454) 800-4643,Sandra Sanchez,(242) 658-6544,"{""line1"": ""4337 Franklin Blvd"", ""apt"": """", ""city"": ""Charlotte"", ""state"": ""NC"", ""zip"": ""28201"", ""street_type"": ""Way"", ""latitude"": 34.6793, ""longitude"": -95.8751, ""timezone"": ""America/Denver""}",Single,Sales Representative,,Harvard Pilgrim,POL-896750,GRP-4164,14,2022-05-06,2023-12-08,158,64,25.6,Never Assessed,None,None,"Crohn's Disease, Psoriasis, GERD, Osteoarthritis","Atorvastatin, Tramadol",None,None,French,White,Active,5,RegistrationDB
2261,Carolyn,Woods,1997-04-13,Female,A+,carolyn.woods@email.example.com,(934) 356-8852,Silas Wood,(296) 549-7282,"{""line1"": ""5997 Tenth Ave"", ""apt"": """", ""city"": ""Phoenix"", ""state"": ""AZ"", ""zip"": ""85001"", ""street_type"": ""Dr"", ""country"": ""USA""}",Married,---,,,POL-311418,GRP-7813,462,2024-08-24,,171,82,28.0,Non-Smoker,Occasional,Null,"Crohn's Disease, Hypertension, Irritable Bowel Syndrome","Losartan, Aspirin, Sertraline, Tramadol",None,Heart Disease,Spanish,White,Active,20,RegistrationDB
2265,Sharon,Rodriguez,1989-06-04,Female,A+,sharon.rodriguez@email.example.com,(421) 997-5679,N/A,,"{""line1"": ""123 Main St"", ""country"": ""USA"", ""timezone"": ""America/Denver"", ""street_type"": ""Way"", ""neighborhood"": ""Suburbs""}",Married,Flight Attendant,Foster Corp,Anthem,POL-762472,GRP-8331,411,2025-08-23,2027-03-24,183,87,26.0,Non-Smoker,Occasional,Penicillin,COPD,Metoprolol,Hysterectomy,None,English,White,Inactive,12,RegistrationDB
2272,Christopher,White,1962-06-20,Male,O-,christopher.white@email.example.com,(792) 378-5528,Avery James,(656) 926-8589,"{""line1"": ""4808 First St"", ""apt"": """", ""city"": ""Minneapolis"", ""state"": ""MN"", ""zip"": ""55401"", ""delivery_notes"": ""Deliver to reception"", ""street_type"": ""Pl""}",Single,Bank Teller,,Molina Healthcare,POL-864774,GRP-9156,80,2025-02-06,2028-02-03,182,93,28.1,Never Assessed,Moderate,"Peanuts, Sulfa","Eczema, Asthma, COPD, Type 2 Diabetes","Warfarin, Levothyroxine",Colectomy,None,English,Hispanic or Latino,Active,25,RegistrationDB
2284,Carolyn,Brooks,1979-12-05,Female,A+,carolyn.brooks@email.example.com,(388) 997-2574,Mateo Brown,(989) 314-3351,"{""line1"": ""2232 Madison St"", ""apt"": """", ""city"": ""Atlanta"", ""state"": ""GA"", ""zip"": ""30301"", ""delivery_notes"": ""Gate code: #1234""}",Married,Pilot,Allen Corp,UnitedHealthcare,POL-610515,,393,2024-05-04,2026-06-12,167,86,30.8,Former Smoker,Moderate,None,"Osteoporosis, Eczema",Loratadine,None,"Hypertension, Arthritis",Mandarin,White,Active,17,RegistrationDB
2286,Luna,Lopez,2002-02-28,Female,O+,luna.lopez@email.example.com,(312) 843-1026,Gregory Sanchez,(568) 491-9832,"{""line1"": ""3337 Cypress Dr"", ""apt"": """", ""city"": ""San Jose"", ""state"": ""CA"", ""zip"": ""95101"", ""longitude"": -84.5746, ""floor_number"": 33, ""county"": ""Dallas""}",Single,Chef,Lewis Corp,,,,496,2023-11-09,2023-11-09,175,84,27.4,Non-Smoker,None,"Shellfish, Dust, Sulfa","GERD, Irritable Bowel Syndrome, Anemia, Ulcerative Colitis","Amlodipine, Loratadine, Spironolactone, Ozempic","Laminectomy, Hernia repair, Total knee replacement","None, Hypertension, Cancer",English,Asian,Active,23,RegistrationDB
2292,Savannah,Hayes,2005-10-15,Female,O-,savannah.hayes@email.example.com,(796) 657-9645,Kimberly Bailey,(859) 448-4190,"{""line1"": ""742 Poplar St"", ""apt"": """", ""city"": ""Virginia Beach"", ""state"": ""VA"", ""zip"": ""23450"", ""delivery_notes"": ""Gate code: #1234""}",Married,Real Estate Agent,,UnitedHealthcare,POL-392792,GRP-9023,182,2025-02-01,2028-12-17,161,63,24.3,Former Smoker,None,"Peanuts, Penicillin, Shellfish",Sleep Apnea,"Atorvastatin, Fluticasone, Tramadol, Pantoprazole",None,"Diabetes, Cancer",English,White,Active,7,RegistrationDB
,Helen,Smith,1950-05-09,Female,B+,helen.smith@email.example.com,(335) 370-7786,Maria Brooks,(678) 966-6417,"{""line1"": ""8997 Fourth Ave"", ""apt"": "", # 45"", ""city"": ""Indianapolis"", ""state"": ""IN"", ""zip"": ""46201""}",Married ,Student,,Cigna HealthCare,POL-233609,GRP-6273,448,2023-11-06,2024-10-02,163,101,38.0,Never Assessed,None,"Penicillin, Latex, Dust",,Eliquis,Carpal tunnel release,"None, Heart Disease",French,White,Active,6,RegistrationDB
2303,Aiden,Hall,1972-01-08,Male,A-,aiden.hall@email.example.com,(779) 839-3626,,(894) 983-9242,"{""line1"": ""5865 Union Ave"", ""apt"": """", ""city"": ""Virginia Beach"", ""state"": ""VA"", ""zip"": ""23450"", ""timezone"": ""America/Phoenix"", ""street_type"": ""Way""}",,Veterinarian,,Atena,POL-507096,GRP-5674,411,2019-02-24,2019-08-25,183,79,23.6,Non-Smoker,None,None,GERD,"Atorvastatin, Metoprolol",Cataract surgery,"Asthma, Alzheimer's",Spanish,White,Active,12,RegistrationDB
2304,Amy,Hunter,1976-08-02,Female,A+,amy.hunter@email.example.com,(503) 326-7037,Avery Cooper,(387) 964-9531,"{""line1"": ""4541 Hickory St"", ""apt"": "", Suite 12"", ""city"": ""Memphis"", ""state"": ""TN"", ""zip"": ""38101"", ""timezone"": ""America/Phoenix"", ""delivery_notes"": ""Call upon arrival"", ""neighborhood"": ""Uptown""}",Married,Professor,Ramirez Corp,CareFirst,POL-748053,GRP-3630,187,2022-08-05,2026-04-13,162,88,33.5,Never Assessed,,"Latex, Dust, Shellfish",,None,None,Heart Disease,English,White,Active,16,RegistrationDB
2308,Gabriel,Peterson,1989-04-19,Male,A+,gabriel.peterson@email.example.com,(753) 727-9764,Dorothy Ramirez,(816) 314-5116,"{""line1"": ""3927 Jefferson Ave"", ""apt"": """", ""city"": ""El Paso"", ""state"": ""TX"", ""zip"": ""79901""}",Married,Plumber,Flores Corp,CareFirst,POL-111353,GRP-2379,173,2019-06-19,2021-04-23,173,119,39.8,Non-Smoker,Former,None,,"Insulin glargine, Tramadol",None,"Alzheimer's, None",English,White,Active,2,RegistrationDB
2312,Nora,Tucker,1973-01-24,Female,O+,nora.tucker@email.example.com,(605) 354-4445,Joyce Green,(838) 241-8894,"{""line1"": ""3515 Lincoln Blvd"", ""apt"": "", Suite 47"", ""city"": ""Indianapolis"", ""state"": ""IN"", ""zip"": ""46201"", ""country"": ""USA""}",Married,Unemployed,Fisher Corp,MetLife,POL-603751,GRP-5696,276,2019-07-13,2021-08-02,162,57,21.7,Non-Smoker,None,"Dust, Latex, NSAIDs",,Loratadine,Coronary artery bypass grafting,None,Spanish,White,Inactive,19,RegistrationDB
2318,Steven,Harris,2002-02-02,Male,B-,steven.harris@email.example.com,(855) 777-9523,James Diaz,(939) 398-4979,"{""line1"": ""1407 View Blvd"", ""apt"": """", ""city"": ""Austin"", ""state"": ""TX"", ""zip"": ""73301"", ""longitude"": -95.9885, ""street_type"": ""Way"", ""country"": ""USA""}",Widowed,Accountant,,Blue Cross Blue Shield,POL-706283,GRP-5389,439,2022-12-18,2024-12-10,181,89,27.2,Non-Smoker,Occasional,None,"COPD, Coronary Artery Disease, Psoriasis, Hypothyroidism",Prednisone,Spinal fusion,"Cancer, Asthma, Hypertension",English,White,Inactive,17,RegistrationDB
2320,Nicole,Adams,1992-02-11,Female,O+,nicole.adams@email.example.com,(295) 887-8617,Bruce Foster,(366) 322-6681,"{""line1"": ""9140 Union Ave"", ""apt"": """", ""city"": ""Fort Worth"", ""state"": ""TX"", ""zip"": ""76101"", ""longitude"": -100.3257}",Single,Student,Hall Corp,Highmark,POL-362659,GRP-9114,342,2024-08-04,2025-07-07,166,94,34.1,Former Smoker,Occasional,None,Irritable Bowel Syndrome,!@#$%^&*(),None,"Heart Disease, Stroke",Spanish,Asian,Deceased,4,RegistrationDB
2321,Frank,Myers,1960-07-18,,O+,frank.myers@email.example.com,(373) 800-5835,Jerry Brown,000-000-0000,"{""line1"": ""7972 Main St"", ""apt"": """", ""city"": ""Minneapolis"", ""state"": ""MN"", ""zip"": ""55401"", ""timezone"": ""America/New_York"", ""latitude"": 28.9331}",Married,Plumber,Wells Corp,Bright Health,POL-854996,GRP-2682,162,2018-05-05,2020-11-13,169,58,20.3,Non-Smoker,Moderate,"Dust, Pollen, Codeine",,Albuterol,None,"Cancer, Diabetes",English,White,Active,25,RegistrationDB
2327,Victoria,Mitchell,1985-09-06,Female,A+,victoria.mitchell@email.example.com,(518) 383-4524,Helen Morris,(566) 672-6364,"{""line1"": ""4814 Seventh St"", ""apt"": """", ""city"": ""New Orleans"", ""state"": ""LA"", ""zip"": ""70112"", ""country"": ""USA"", ""county"": ""Dallas"", ""latitude"": 29.1501}",Married,Engineer,Patterson Corp,,,,321,2024-04-06,2028-01-01,151,98,43.0,Current Smoker,Moderate,"Penicillin, Pollen, Peanuts","Osteoporosis, Depression, Atrial Fibrillation","Montelukast, Pantoprazole, Furosemide",Thyroidectomy,"Stroke, Heart Disease, Cancer",English,White,Active,8,RegistrationDB
2335,Gregory,Woods,2000-08-23,Male,O+,gregory.woods@email.example.com,(995) 747-1475,N/A,John Smith,"{""line1"": ""9264 Magnolia Way"", ""apt"": """", ""city"": ""Miami"", ""state"": ""FL"", ""zip"": ""33101"", ""timezone"": ""America/New_York"", ""longitude"": -89.7944, ""neighborhood"": ""Midtown""}",Divorced,Insurance Agent,,Humana,POL-665446,GRP-2399,227,2024-10-30,2025-11-30,186,110,31.8,Former Smoker,None,"Shellfish, Codeine",Anxiety Disorder,"Jardiance, Acetaminophen, Atorvastatin, Metformin",None,Asthma,Cantonese,Hispanic or Latino,Active,20,RegistrationDB
2340,Bruce,Scott,1958-02-20,Male,B+,bruce.scott@email.example.com,12345,Samuel Brooks,(976) 507-3178,"{""line1"": ""4956 Eighth Ave"", ""apt"": """", ""city"": ""Indianapolis"", ""state"": ""IN"", ""zip"": ""46201"", ""neighborhood"": ""Uptown""}",Single,Dental Hygienist,Gibson Corp,Highmark,POL-420602,GRP-9987,304,2019-11-25,,177,650,22.7,Former Smoker,Former,"Peanuts, None, Codeine","Rheumatoid Arthritis, Migraine, Psoriasis, Hyperlipidemia","Meloxicam, Insulin glargine","Cholecystectomy, Coronary artery bypass grafting",Heart Disease,English,,Active,12,RegistrationDB
2344,stephanie,Diaz,2000-10-28,Female,O+,stephanie.diaz@email.example.com,(790) 402-1119,999-999-9999,(215) 890-1355,"{""line1"": ""5028 Oak Ave"", ""apt"": """", ""city"": ""Albuquerque"", ""state"": ""NM"", ""zip"": ""87101"", ""floor_number"": 50, ""street_type"": ""Cir"", ""county"": ""Sacramento""}",Married,Retail Associate,Cox Corp,,,,270,2022-07-17,2024-08-16,158,64,25.6,never assessed,None,"NSAIDs, Latex, Codeine","Atrial Fibrillation, Rheumatoid Arthritis",None,None,None,Vietnamese,Black or African American,Active,15,RegistrationDB
2346,Joseph,Porter,2004-03-23,Male,o+,joseph.porter@email.example.com,(893) 788-1838,Terry Murphy,(473) 343-7681,"{""line1"": ""3872 Forest Ave"", ""apt"": """", ""city"": ""Charlotte"", ""state"": ""NC"", ""zip"": ""28201""}",Single,Doctor,,Tufts Health Plan,POL-428752,GRP-8911,438,2024-06-21,2025-07-18,175,96,31.3,Non-Smoker,Moderate,"None, Peanuts",,"Sertraline, Ozempic",Rotator cuff repair,Heart Disease,Spanish,Two or More Races,Active,9,RegistrationDB
2356,Julian,,1990-12-31,Male,AB,julian.turner@email.example.com,(349) 734-1258,Skylar Foster,(222) 893-3435,"{""line1"": ""5016 Willow Dr"", ""apt"": "", Apt 16"", ""city"": ""San Antonio"", ""state"": ""TX"", ""zip"": ""78201""}",Married,Firefighter,White Corp,Anthem,POL-711831,GRP-4604,111,2021-11-13,2023-12-04,183,72,21.5,Former Smoker,Moderate,"Peanuts, Shellfish, Latex",,None,None,"Hypertension, Asthma",English,White,Active,25,RegistrationDB
2366,Jose,Lee,1800-01-01,Male,A+,jose.lee@email.example.com,(812) 216-4459,Aurora Green,(224) 712-7820,"{""line1"": ""7292 Forest Ave"", ""apt"": """", ""city"": ""Omaha"", ""state"": ""NE"", ""zip"": ""68101"", ""timezone"": ""America/Los_Angeles"", ""neighborhood"": ""Southside"", ""delivery_notes"": ""Deliver to reception"", ""street_type"": ""Cir""}",Single,HR Specialist,,Independence Blue Cross,POL-888513,GRP-5255,286,2021-02-25,2024-07-10,182,68,20.5,Non-Smoker,Occasional,"Codeine, NSAIDs","Congestive Heart Failure, Eczema","Prednisone, Duloxetine, Eliquis",None,"Diabetes, Stroke, Heart Disease",English,Hispanic or Latino,Active,22,RegistrationDB
2367,Barbara,Powell,1967-04-05,Female,B+,barbara.powell@email.example.com,(909) 590-4340,Debra Torres,(369) 339-1542,"{""line1"": ""776 Hill St"", ""apt"": "", Unit 48"", ""city"": ""New York"", ""state"": ""NY"", ""zip"": ""10001"", ""longitude"": -90.9591, ""street_type"": ""Cir""}",Separated,UnemPloyed,,Oscar Health,POL-100269,GRP-5460,429,2024-01-06,2026-11-18,156,80,32.9,Non-Smoker,Occasional,"Shellfish, Peanuts, Latex",Atrial Fibrillation,Cyclobenzaprine,"Appendectomy 2018, Cholecystectomy 2020",None,Vietnamese,White,Active,2,RegistrationDB
2370,Gregory,Kim,1980-02-17,Male,O+,gregory.kim@email.example.com,(600) 291-8795,Heather Mendoza,(845) 356-1245,"{""line1"": ""5659 Tenth Ave"", ""apt"": """", ""city"": ""Charlotte"", ""state"": ""NC"", ""zip"": ""28201"", ""county"": ""Harris""}",Married,Social Worker,,,,,291,2019-09-20,2020-11-01,186,62,17.9,never assessed,None,"Dust, Codeine, Penicillin","Ulcerative Colitis, Chronic Kidney Disease","Insulin glargine, Metoprolol",None,None,English,White,Active,8,RegistrationDB
2371,Anna,Cruz,2000-01-09,Female,O-,anna.cruz@email.example.com,(701) 967-1725,Benjamin Brooks,(774) 648-1150,"{""line1"": ""479 College Ave"", ""apt"": """", ""city"": ""Raleigh"", ""state"": ""NC"", ""zip"": ""27601"", ""timezone"": ""America/Chicago"", ""street_type"": ""Pl"", ""latitude"": 36.1495, ""longitude"": -115.6032}",married,Architect,Hicks Corp,Highmark,POL-574826,GRP-8210,379,2018-02-03,2018-06-02,172,66,22.3,Non-Smoker,Occasional,Null,"Hyperlipidemia, GERD",Duloxetine,None,"Heart Disease, Hypertension, Asthma",English,White,Active,19,RegistrationDB
2375,Sharon,Jimenez,1993-07-08,Female,O+,not-an-email,(612) 452-6695,Jacob Porter,(848) 908-5059,"{""line1"": ""8563 Adams Way"", ""apt"": """", ""city"": ""Oakland"", ""state"": ""CA"", ""zip"": ""94601"", ""timezone"": ""America/Phoenix""}",,Administrative Assistant,Griffin Corp,Independence Blue Cross,POL-969806,GRP-3910,152,2024-06-27,2025-10-30,162,72,27.4,Never Assessed,Occasional,"Penicillin, Sulfa, Codeine","Depression, Ulcerative Colitis, Crohn's Disease, Irritable Bowel Syndrome","Hydrochlorothiazide, Tramadol, Metformin",Total hip replacement,None,English,White,Active,12,RegistrationDB
2379,Nicole,Allen,1990-02-02,Female,O-,nicole.allen@email.example.com,(512) 388-3298,Riley Miller,(499) 494-4041,"{""line1"": ""Unknown"", ""city"": ""Unknown"", ""state"": ""NA"", ""zip"": ""00000""}",Divorced,Firefighter,,Highmark,POL-321661,GRP-7533,45,2023-04-03,2023-11-24,162,77,29.3,Former Smoker,None,"None, Codeine, Dust","Sleep Apnea, Hyperlipidemia, Anxiety Disorder","Metoprolol, Meloxicam",ACL reconstruction,"None, Alzheimer's",English,White,Active,10,RegistrationDB
2393,Caleb,Ruiz,1993-01-08,Male,A+,caleb.ruiz@email.example.com,(885) 672-6197,N/A,(639) 825-1084,"{""line1"": ""5494 Spring St"", ""apt"": """", ""city"": ""Austin"", ""state"": ""TX"", ""zip"": ""73301""}",Married,Unemployed,,Bright Health,POL-306104,GRP-6384,415,2023-01-16,2026-03-11,176,60,19.4,Former Smoker,None,"Peanuts, Shellfish, Pollen",Osteoarthritis,"Montelukast, Cetirizine",Colectomy,"None, Diabetes, Arthritis",Cantonese,Asian,Active,9,RegistrationDB
2402,Peter,Ortiz,2003-09-28,Male,A+,peter.ortiz@email.example.com,(680) 552-7675,Diane Nelson,(600) 231-4554,"{""line1"": ""4133 Beechwood Ave"", ""apt"": """", ""city"": ""Kansas City"", ""state"": ""MO"", ""zip"": ""64101""}",Married,Mechanic,Fisher Corp,Cigna,POL-477958,GRP-8550,24,2022-10-28,2025-12-01,165,62,22.8,Never Assessed,Occasional,None,,"Meloxicam, Pantoprazole",None,None,Spanish,Hispanic or Latino,Active,13,RegistrationDB
2410,Roger,Roberts,1987-07-01,Male,B+,roger.roberts@email.example.com,(464) 319-8889,Michelle Lopez,(948) 589-8270,"{""line1"": ""6477 Union Ave"", ""apt"": """", ""city"": ""Baltimore"", ""state"": ""MD"", ""zip"": ""21201"", ""neighborhood"": ""Southside"", ""country"": ""USA"", ""latitude"": 36.2947, ""county"": ""Queens"", ""street_type"": ""Pl""}",Married,UnemPloyed,Turner Corp,Bright Health,POL-798648,GRP-4347,453,2025-07-16,2029-05-23,189,89,24.9,Current Smoker,None,"Codeine, None, Penicillin","Hypertension, Anxiety Disorder, COPD, Ulcerative Colitis","Hydrochlorothiazide, Eliquis",None,Heart Disease,Cantonese,White,Active,17,RegistrationDB
2416,Nicole,Long,2000-12-25,Female,A+,nicole.long2@email.example.com,(877) 713-8013,Robert Foster,(456) 596-3654,"{""line1"": ""9962 Eighth Ave"", ""apt"": """", ""city"": ""San Diego"", ""state"": ""CA"", ""zip"": ""92101"", ""longitude"": -73.7998, ""landmark"": ""Near City Hall"", ""timezone"": ""America/Phoenix"", ""country"": ""USA"", ""street_type"": ""Ln""}",Separated,Retired,Cole Corp,Geisinger,POL-925585,GRP-8507,472,2023-01-01,2023-04-14,154,77,32.5,Non-Smoker,Occasional,None,,"Metoprolol, Prednisone, Pantoprazole, Montelukast",None,"Asthma, Arthritis",English,White,Active,15,RegistrationDB
2420,Timothy,Foster,1991-01-24,Mle,O+,timothy.foster@email.example.com,(950) 380-4225,Frank Brooks,(355) 757-5801,"{""line1"": ""8758 Cypress Dr"", ""apt"": """", ""city"": ""San Jose"", ""state"": ""CA"", ""zip"": ""95101"", ""county"": ""Cook"", ""neighborhood"": ""Northside""}",Married,Sales Representative,Edwards Corp,Cigna HealthCare,POL-490644,GRP-5132,129,2019-12-10,2021-12-21,183,89,26.6,Non-Smoker,Moderate,None,,Montelukast,None,Arthritis,English,Black or African American,Active,22,RegistrationDB
2431,Bobby,Ramirez,1980-08-07,Male,O+,bobby.ramirez@email.example.com,(321) 746-3865,Patrick Wood,(605) 926-1978,"{""line1"": ""5537 Fourth Ave"", ""apt"": """", ""city"": ""Charlotte"", ""state"": ""NC"", ""zip"": ""28201"", ""county"": ""Cook"", ""longitude"": -102.912, ""street_type"": ""Cir""}",Single,Scientist,,Molina Healthcare,POL-273674,GRP-1847,108,2019-10-28,2023-02-15,177,61,19.5,Non-Smoker,Heavy,"Penicillin, Shellfish","Asthma, Rheumatoid Arthritis","Pantoprazole, Hydrochlorothiazide, Eliquis, Meloxicam",None,"Diabetes, Arthritis",Tagalog,White,Deceased ,22,RegistrationDB
2432,Penelope,Long,2002-05-19,Female,O+,penelope.long@email.example.com,(941) 662-2120,Caleb Sanchez,(755) 475-9234,"{""line1"": ""7683 Hill St"", ""apt"": "", Apt 19"", ""city"": ""Long Beach"", ""state"": ""CA"", ""zip"": ""90801"", ""country"": ""USA"", ""county"": ""Harris"", ""latitude"": 36.2519}",Married,Psychologist,Rodriguez Corp,Bright Health,POL-442426,GRP-5063,386,2024-05-07,,162,58,22.1,Former Smoker,Occasional,"Sulfa, Pollen, Shellfish",,"Warfarin, Gabapentin","Hysterectomy, Total knee replacement",None,Arabic,White,Inactive,23,RegistrationDB
2434,Bruce,Jimenez,2099-06-15,Male,o+,bruce.jimenez@email.example.com,(840) 559-4086,Harold Rogers,(398) 214-1250,"{""line1"": ""1702 Tenth Ave"", ""apt"": """", ""city"": ""New York"", ""state"": ""NY"", ""zip"": ""10001"", ""latitude"": 27.1472}",Single,Chef,Phillips Corp,Anthem,POL-453923,GRP-7990,264,2020-04-24,2023-01-23,175,heavy,23.2,Current Smoker,Moderate,None,,Pantoprazole,None,None,Russian,White,Active,2,RegistrationDB
2445,Aaron,Allen,2099-06-15,Male,AB-,aaron.allen@email.example.com,(520) 339-1978,Nicole Hernandez,(432) 386-4015,"{""line1"": ""8407 Sixth Ave"", ""apt"": """", ""city"": ""Phoenix"", ""state"": ""AZ"", ""zip"": ""85001"", ""county"": ""Maricopa"", ""longitude"": -95.167, ""timezone"": ""America/Los_Angeles""}",Separated,Project Manager,Thomas Corp,Cigna,,GRP-6743,342,2018-05-09,2020-06-21,191,52,14.3,Non-Smoker,Occasional,"Latex, Dust, Codeine",,"Omeprazole, Acetaminophen",None,"Arthritis, Diabetes",Tagalog,White,Active,4,RegistrationDB
2446,Sarah,Cook,1950-05-12,Female,B+,sarah.cook@email.example.com,(606) 390-4119,Ella Hall,(943) 583-2535,"{""line1"": ""Unknown"", ""city"": ""Unknown"", ""state"": ""NA"", ""zip"": ""00000""}",Married,Veterinarian,Green Corp,UnitedHealthcare,POL-396443,GRP-6074,483,2019-07-02,2022-05-12,163,47,17.7,Never Assessed,Heavy,"Pollen, Sulfa, NSAIDs",,"Hydrochlorothiazide, Tramadol",None,"Heart Disease, Diabetes, Heart Disease",Spanish,White,Active,12,RegistrationDB
2449,,Collins,2002-06-20,Male,O+,randy.collins@email.example.com,(783) 928-4031,Zoey Morris,(619) 892-4773,"{""line1"": ""3654 Birch St"", ""apt"": """", ""city"": ""Portland"", ""state"": ""OR"", ""zip"": ""97201""}",Single,Administrative Assistant,Wallace Corp,UnitedHealthcare,POL-321112,GRP-2511,286,2022-06-07,2024-02-01,174,90,29.7,Former Smoker,Occasional,"None, Dust, Peanuts",,None,None,"Asthma, Diabetes, Arthritis",English,Human,Inactive,22,RegistrationDB
2455,Victoria,Peterson,2004-10-09,Female,O+,victoria.peterson@email.example.com,(529) 772-4801,Jerry Wells,(891) 427-8715,"{""line1"": ""411 Lincoln Blvd"", ""apt"": """", ""city"": ""Baltimore"", ""state"": ""MD"", ""zip"": ""21201""}",Divorced,Dental Hygienist,Lopez Corp,Centene,POL-353883,GRP-7681,425,2019-01-25,2021-04-16,159,68,26.9,never assessed,Moderate,"Penicillin, NSAIDs, Codeine",,"Pantoprazole, Omeprazole, Fluticasone, Losartan",None,Asthma,Mandarin,caucasian,Active,25,RegistrationDB
2460,Aiden,,1987-07-20,Male,B+,aiden.clark@email.example.com,(354) 753-3144,Susan Rogers,(364) 224-4967,"{""line1"": ""6882 Magnolia Way"", ""apt"": """", ""city"": ""Austin"", ""state"": ""TX"", ""zip"": ""73301"", ""timezone"": ""America/New_York"", ""country"": ""USA"", ""neighborhood"": ""Southside""}",Married,Retail Associate,Nelson Corp,,,,144,2023-11-05,2026-03-12,167,70,25.1,Non-Smoker,Occasional,Codeine,Sleep Apnea,"Losartan, Omeprazole, Pantoprazole, Insulin glargine",None,Hypertension,English,White,Inactive,14,RegistrationDB
2461,Samuel,Young,01/15/1987,Male,A+,samuel.young@email.example.com,(891) 538-5951,Naomi Nelson,(753) 754-4779,"{""line1"": ""872 Lincoln Blvd"", ""apt"": """", ""city"": ""Los Angeles"", ""state"": ""CA"", ""zip"": ""90001"", ""street_type"": ""Blvd"", ""county"": ""Miami-Dade"", ""landmark"": ""Near City Hall""}",Married,Lawyer,Gutierrez Corp,Harvard Pilgrim,POL-362331,GRP-5686,293,2024-12-11,,184,83,24.5,Non-Smoker,None,"NSAIDs, None","Coronary Artery Disease, Type 2 Diabetes, Ulcerative Colitis, Irritable Bowel Syndrome",Prednisone,None,"Hypertension, Diabetes, None",Mandarin,White,Inactive,8,RegistrationDB
2466,Ezra,Rivera,1987-08-11,Male,A+,ezra.rivera@email.example.com,(874) 226-9509,Harold Baker,000-000-0000,"{""line1"": ""2142 Cedar Ln"", ""apt"": """", ""city"": ""Las Vegas"", ""state"": ""NV"", ""zip"": ""89101"", ""timezone"": ""America/Chicago"", ""county"": ""Miami-Dade"", ""street_type"": ""St""}",Widowed,Plumber,Moore Corp,Highmark,POL-541742,GRP-3855,57,2021-08-29,2023-10-04,172,104,35.2,Non-Smoker,None,Codeine,"Fibromyalgia, Osteoporosis, Hypothyroidism",Omeprazole,None,"Alzheimer's, Arthritis, Asthma",English,Two or More Races,Inactive,18,RegistrationDB
2467,Gabriel,Sullivan,2000-07-14,Male,A+,gabriel.sullivan@email.example.com,(236) 757-4036,Kyle Stewart,(861) 989-7512,"{""line1"": ""4078 River Rd"", ""apt"": """", ""city"": ""Oakland"", ""state"": ""CA"", ""zip"": ""94601""}",Married,Real Estate Agent,Owens Corp,Harvard Pilgrim,POL-689194,GRP-2274,186,2021-07-17,2021-12-25,176,88,28.4,Never Assessed,Heavy,"None, Sulfa, Pollen",,None,None,"Asthma, Alzheimer's, Diabetes",Spanish,Two or More Races,Deceased,1,RegistrationDB
2472,Joseph,Bailey,1954-06-03,Male,B+,joseph.bailey1@email.example.com,(720) 380-6673,Amy Martinez,(674) 938-4643,"{""line1"": ""3562 First St"", ""apt"": "", Suite 25"", ""city"": ""Fort Worth"", ""state"": ""TX"", ""zip"": ""76101"", ""country"": ""USA"", ""delivery_notes"": ""Gate code: #1234"", ""floor_number"": 2, ""county"": ""Maricopa""}",Married,Plumber,,Independence Blue Cross,POL-382427,GRP-9063,87,2021-08-25,2022-01-02,182,77,23.2,Non-Smoker,None,Peanuts,Chronic Kidney Disease,None,Cholecystectomy,"Arthritis, Stroke",English,White,Active,13,RegistrationDB
2477,Jacob,Woods,1998-02-18,Male,AB+,jacob.woods@email.example.com,(258) 459-6787,Zachary Gibson,(293) 712-3560,"{""line1"": ""8818 Lake Dr"", ""apt"": "", Unit 14"", ""city"": ""Columbus"", ""state"": ""OH"", ""zip"": ""43201"", ""latitude"": 26.126, ""street_type"": ""Way"", ""timezone"": ""America/New_York"", ""floor_number"": 3, ""landmark"": ""Near Hospital""}",married,Plumber,Sanders Corp,Bright Health,POL-ABC,GRP-5735,61,2024-05-03,2025-07-30,169,68,23.8,Non-Smoker,None,Latex,"Hypothyroidism, Hyperlipidemia, Coronary Artery Disease, Eczema",,None,"Stroke, Diabetes",English,Black or African American,Active,9,RegistrationDB
2486,Isaac,Kelly,2003-09-28,Male,A+,isaac.kelly@email.example.com,(958) 502-6342,Jacqueline Flores,(539) 924-8541,"{""line1"": ""2997 Sycamore Ave"", ""apt"": """", ""city"": ""Charlotte"", ""state"": ""NC"", ""zip"": ""28201"", ""longitude"": -117.4706}",Divorced,Accountant,Smith Corp,Aetna,POL-550105,GRP-9801,291,2018-09-17,2019-06-20,180,79,24.4,Current Smoker,Occasional,Pollen,Coronary Artery Disease,"Lisinopril, Apixaban, Tramadol",None,"None, Asthma, Arthritis",Spanish,Hispanic or Latino,Active,8,RegistrationDB
2488,,Hicks,1995-02-05,Female,o+,lisa.hicks@email.example.com,(423) 640-6003,Maria Roberts,(904) 933-9391,"{""line1"": ""4935 Park Blvd"", ""apt"": "", Apt 36"", ""city"": ""Tulsa"", ""state"": ""OK"", ""zip"": ""74101"", ""delivery_notes"": ""Call upon arrival""}",Married,Graphic Designer,Wells Corp,Cigna HealthCare,POL-951469,GRP-8686,111,2020-08-13,2023-02-14,150,85,37.8,Never Assessed,Moderate,"None, Shellfish, Pollen",COPD,"Furosemide, Amlodipine, Apixaban",None,"None, Cancer, Diabetes",English,White,Inactive,25,RegistrationDB
2490,Paisley,UNKNOWN,1979-12-31,Female,A+,paisley.bennett@email.example.com,(918) 677-5251,Douglas Crawford,(991) 896-8130,"{""line1"": ""3922 Fourth Ave"", ""apt"": """", ""city"": ""Milwaukee"", ""state"": ""WI"", ""zip"": ""53201"", ""floor_number"": 4, ""latitude"": 36.4767}",Single,Flight Attendant,N/A,Centene,POL-723630,,69,2021-03-24,2024-01-10,157,50,20.3,Never Assessed,Moderate,Sulfa,"Ulcerative Colitis, Congestive Heart Failure",Warfarin,None,Alzheimer's,Tagalog,White,Active,11,RegistrationDB
,Laura,Reyes,1957-12-28,Female,B-,laura.reyes@email.example.com,(385) 765-3222,Luke King,(623) 223-3491,"{""line1"": ""3356 Tenth Ave"", ""apt"": "", # 34"", ""city"": ""Fort Worth"", ""state"": ""TX"", ""zip"": ""76101"", ""county"": ""Queens""}",Single,Doctor,,,,,383,2022-11-03,2026-09-27,161,93,35.9,Current Smoker,Heavy,"None, Pollen, Peanuts",Depression,Levothyroxine,"Hysterectomy, Rotator cuff repair","Heart Disease, Stroke, Arthritis",English,White,Active,2,RegistrationDB
2494,Jonathan,###,1995-09-22,Male,A+,jonathan.moore@email.example.com,(303) 469-2577,Madelyn Hughes,(990) 363-4718,"{""line1"": ""5018 Ninth St"", ""apt"": """", ""city"": ""Houston"", ""state"": ""TX"", ""zip"": ""77001""}",Married ,Chef,Hall Corp,Highmark,POL-648122,GRP-8759,463,2018-06-15,,171,90,30.8,Non-Smoker,Occasional,"Pollen, Peanuts, None","Hypothyroidism, Rheumatoid Arthritis, Osteoarthritis","Montelukast, Prednisone, Jardiance, Celecoxib",None,Diabetes,Mandarin,Black or African American,Active,12,RegistrationDB
2499,12345,Gomez,1992-11-25,Male,A+,jason.gomez1@email.example.com,(762) 546-1981,Peter Bennett,(866) 525-4956,"{""line1"": ""7182 Lincoln Blvd"", ""apt"": """", ""city"": ""Charlotte"", ""state"": ""NC"", ""zip"": ""28201""}",,Real Estate Agent,Roberts Corp,Humana,POL-875629,GRP-1344,37,2018-04-26,2020-09-12,186,48,13.9,Current Smoker,Occasional,"Sulfa, Shellfish, Peanuts","Ulcerative Colitis, Psoriasis, Chronic Fatigue",!@#$%^&*(),None,Stroke,English,White,active,2,RegistrationDB
2503,Justin,Gomez,1990-03-05,Male,A+,justin.gomez@email.example.com,(602) 604-9234,Mark Brown,(582) 333-2537,"{""line1"": ""4486 Cypress Dr"", ""apt"": """", ""city"": ""Fort Worth"", ""state"": ""TX"", ""zip"": ""76101"", ""street_type"": ""Cir"", ""neighborhood"": ""Historic District"", ""county"": ""Orange"", ""latitude"": 39.7721}",Single,Scientist,Crawford Corp,Atena,POL-886909,GRP-1822,494,2021-03-06,2022-08-05,194,60,15.9,Non-Smoker,Heavy,"None, Dust","Atrial Fibrillation, Irritable Bowel Syndrome, Depression",Spironolactone,None,"Arthritis, Cancer, Hypertension",English,White,Active,18,RegistrationDB
2504,Walter,Morris,1956-07-26,Male,O+,walter.morris@email.example.com,(498) 975-8665,Julian Ortiz,(900) 464-5420,"{""line1"": ""1548 River Rd"", ""apt"": """", ""city"": ""Houston"", ""state"": ""TX"", ""zip"": ""77001"", ""street_type"": ""Pl""}",Married,Logistics Coordinator,N/A,Cigna HealthCare,POL-877328,GRP-7966,255,2018-03-03,2020-04-22,171,87,29.8,Smoker,Occasional,None,N/A,"Prednisone, Albuterol, Tramadol",None,Diabetes,Spanish,White,Active,5,RegistrationDB
2505,Miles,Ruiz,1965-08-07,Male,O+,miles.ruiz@email.example.com,(579) 511-1258,Kenneth Diaz,(595) 565-8655,"{""line1"": ""9528 Eighth Ave"", ""apt"": "", Suite 29"", ""city"": ""Las Vegas"", ""state"": ""NV"", ""zip"": ""89101""}",Married,Electrician,Perez Corp,Geisinger,POL-525814,GRP-7554,302,2018-10-15,2021-01-28,185,64,18.7,Non-Smoker,Moderate,"Peanuts, Penicillin, Codeine","Type 2 Diabetes, Osteoarthritis, Asthma",None,Carpal tunnel release,None,English,Hispanic or Latino,Active,13,RegistrationDB
2510,Lily,Richardson,1985-10-26,Female,O+,lily.richardson1@email.example.com,(477) 238-7656,Lisa Green,John Smith,"{""line1"": ""5753 College Ave"", ""apt"": """", ""city"": ""El Paso"", ""state"": ""TX"", ""zip"": ""79901"", ""latitude"": 47.6961, ""timezone"": ""America/Chicago""}",Divorced,Pharmacist,,UnitedHealthcare,POL-238558,GRP-5406,482,2024-03-10,2027-12-20,9999,124,55,Never Assessed,Heavy,"Dust, Sulfa, None","Coronary Artery Disease, COPD, Asthma","Sertraline, Acetaminophen, Loratadine, Cetirizine",None,"Heart Disease, Diabetes, Heart Disease",English,White,Active,19,RegistrationDB
2523,Scott,Mendoza,1968-06-03,Male,O+,scott.mendoza@email.example.com,(237) 248-6097,Skylar Sullivan,(597) 961-7788,"{""line1"": ""9497 Sunset Dr"", ""apt"": "", Apt 14"", ""city"": ""New Orleans"", ""state"": ""LA"", ""zip"": ""70112"", ""floor_number"": 11, ""country"": ""USA"", ""street_type"": ""Rd"", ""latitude"": 28.047, ""timezone"": ""America/Los_Angeles""}",Married,Construction Worker,,Anthem,POL-893556,GRP-9610,158,2021-02-05,2024-06-13,172,100,33.8,Non-Smoker,Heavy,"None, NSAIDs, Dust","Irritable Bowel Syndrome, Chronic Kidney Disease",None,None,,English,White,Active,20,RegistrationDB
2529,Ryan,Ford,1960-02-03,Male,O+,ryan.ford@email.example.com,(865) 453-7341,Carol Wallace,(483) 327-5850,"{""line1"": ""7427 Ash Ct"", ""apt"": """", ""city"": ""Oakland"", ""state"": ""CA"", ""zip"": ""94601""}",Married,Manager,,CareFirst,POL-727162,GRP-1164,479,2024-05-05,2027-03-27,187,88,25.2,Non-Smoker,None,Codeine,"Osteoporosis, Ulcerative Colitis",None,None,"Cancer, None",Cantonese,White,Active,15,RegistrationDB
2533,Kimberly,Lopez,2025-01-01,Female,O+,kimberly.lopez@email.example.com,(310) 912-4877,Rachel Porter,(890) 626-8146,"{""line1"": ""4871 Pine St"", ""apt"": "", Suite 42"", ""city"": ""Charlotte"", ""state"": ""NC"", ""zip"": ""28201"", ""county"": ""Maricopa"", ""country"": ""USA"", ""latitude"": 39.4766, ""timezone"": ""America/Chicago""}",Divorced,Social Worker,McDonald Corp,Aetna,POL-810082,GRP-3806,93,2020-12-01,2021-09-09,162,96,36.6,Never Assessed,Moderate,"Dust, Codeine","Depression, Atrial Fibrillation",Acetaminophen,None,None,English,Black or African American,Active,6,RegistrationDB
2537,Katherine,Freeman,1988-12-24,Female,O+,katherine.freeman@email.example.com,(616) 790-4763,Sarah Rodriguez,(673) 540-8796,"{""line1"": ""3944 Washington Ave"", ""apt"": "", Unit 40"", ""city"": ""Chicago"", ""state"": ""IL"", ""zip"": ""60601""}",Married,Mechanic,Richardson Corp,UnitedHealthcare,POL-186958,GRP-3481,420,2025-03-31,,163,71,26.7,Current Smoker,None,NSAIDs,"Osteoporosis, Osteoarthritis","Eliquis, Celecoxib, Omeprazole","Appendectomy 2018, Cholecystectomy 2020","None, Stroke",English,White,Inactive,11,RegistrationDB
2549,Stephen,Martinez,2000-06-07,Male,A-,stephen.martinez@email.example.com,(874) 708-9345,Patricia Baker,(860) 261-4783,"{""line1"": ""9533 Cedar Ln"", ""apt"": """", ""city"": ""Los Angeles"", ""state"": ""CA"", ""zip"": ""90001"", ""timezone"": ""America/Chicago"", ""neighborhood"": ""Downtown""}",Married,Teacher,,Tufts Health Plan,POL-880400,GRP-3899,116,2021-01-25,2024-12-03,169,79,27.7,Non-Smoker,None,"Peanuts, Shellfish, Pollen",Rheumatoid Arthritis,Jardiance,"Meniscectomy, Gastric bypass, Cholecystectomy","Hypertension, Asthma",English,Hispanic or Latino,Deceased,20,RegistrationDB
2552,Bruce,Hunter,not available,Male,O+,bruce.hunter@email.example.com,(219) 526-1469,Cynthia Rivera,(873) 956-5633,"{""line1"": ""7398 Aspen Ct"", ""apt"": """", ""city"": ""Sacramento"", ""state"": ""CA"", ""zip"": ""94201"", ""neighborhood"": ""Waterfront"", ""floor_number"": 22, ""longitude"": -117.3855, ""country"": ""USA""}",Married,Scientist,Ross Corp,,,,158,2019-02-20,2020-05-20,178,79,24.9,Non-Smoker,None,"Shellfish, Codeine, Latex","Osteoporosis, Coronary Artery Disease, Irritable Bowel Syndrome, Fibromyalgia","Gabapentin, Bupropion",None,"Stroke, Arthritis, Asthma",English,Two or More Races,Active,20,RegistrationDB
2554,Julie,Lee,1998-07-21,Female,O+,julie.lee@email.example.com,,Rebecca Patterson,(287) 413-7923,"{""line1"": ""4243 Maple Dr"", ""apt"": "", # 33"", ""city"": ""Philadelphia"", ""state"": ""PA"", ""zip"": ""19101"", ""country"": ""USA"", ""timezone"": ""America/Phoenix""}",Married,Flight Attendant,Rodriguez Corp,Centene,POL-655883,GRP-5760,29,2023-12-17,,161,69,normal,Never Assessed,Occasional,"None, Sulfa",,Furosemide,None,Cancer,English,Hispanic or Latino,Active,6,RegistrationDB
2556,Aurora,Butler,1991-10-02,Female,O+,aurora.butler@email.example.com,(229) 933-2287,Adam Crawford,(274) 467-7940,"{""line1"": ""6712 River Rd"", ""apt"": "", Apt 33"", ""city"": ""Philadelphia"", ""state"": ""PA"", ""zip"": ""19101"", ""timezone"": ""America/Los_Angeles"", ""landmark"": ""Behind Metro Station"", ""street_type"": ""Ave"", ""longitude"": -92.0348}",Married,Insurance Agent,Crawford Corp,Highmark,POL-245543,GRP-1845,17,01-01-2020,2023-02-08,153,98,41.9,Current Smoker,Moderate,None,", ",None,None,"Asthma, Diabetes, Stroke",English,White,Inactive,25,RegistrationDB
2558,Sharon,Turner,2004-01-01,Female,A+,sharon.turner@email.example.com,(744) 720-8080,Brandon Wright,(529) 841-5703,"{""line1"": ""6697 River Rd"", ""apt"": """", ""city"": ""Denver"", ""state"": ""CO"", ""zip"": ""80201"", ""country"": ""USA"", ""street_type"": ""St"", ""timezone"": ""America/Phoenix""}",Married,Manager,Baker Corp,Kaiser Permanente,POL-128863,GRP-3975,246,2021-05-30,2025-02-24,165,93,34.2,Never Assessed,None,None,,Jardiance,Cholecystectomy,"Stroke, Arthritis, Heart Disease",Mandarin,White,Inactive,14,RegistrationDB
2563,Melissa,Sullivan,1971-11-18,Female,B+,melissa.sullivan@email.example.com,(609) 230-1529,Avery Cruz,(451) 648-2384,"{""line1"": ""8851 Eighth Ave"", ""apt"": "", Apt 33"", ""city"": ""Kansas City"", ""state"": ""MO"", ""zip"": ""64101"", ""county"": ""Maricopa"", ""neighborhood"": ""Waterfront""}",Married,Librarian,Flores Corp,Independence Blue Cross,POL-601349,GRP-8048,351,2025-01-08,2028-03-18,161,67,25.8,Non-Smoker,Sometimes,"Latex, Penicillin, Dust",Psoriasis,,None,Cancer,English,Hispanic or Latino,Inactive,16,RegistrationDB
2573,Gary,Gibson,1979-10-25,Male,O+,gary.gibson@email.example.com,(453) 969-3233,,(669) 734-8473,"{""line1"": ""3434 Spring St"", ""apt"": """", ""city"": ""Minneapolis"", ""state"": ""MN"", ""zip"": ""55401""}",Widowed,Doctor,N/A,Cigna HealthCare,POL-530015,GRP-3508,396,2023-08-03,2024-01-17,182,60,18.1,Never Assessed,Occasional,None,,"Pantoprazole, Loratadine",None,"Asthma, Heart Disease",English,Black or African American,Active,1,RegistrationDB
2575,Helen,Wallace,1961-07-14,Female,A+,helen.wallace1@email.example.com,(777) 362-7323,Benjamin Scott,(668) 558-2690,"{""line1"": ""9089 Fifth St"", ""apt"": """", ""city"": ""Denver"", ""state"": ""CO"", ""zip"": ""80201"", ""county"": ""San Diego"", ""timezone"": ""America/New_York""}",Single,Business Owner,,Geisinger,POL-162905,GRP-9716,370,2024-06-21,2025-12-10,166,76,27.6,Non-Smoker,None,None,Osteoarthritis,"Eliquis, Sertraline, Clopidogrel",Sleeve gastrectomy,"None, Cancer, Alzheimer's",ENGLISH,Hispanic or Latino,Inactive,18,RegistrationDB
2578,Emma,Griffin,1955-02-05,Female,O+,emma.griffin@email.example.com,(615) 307-7826,Oliver Walker,(555) 849-5187,"{""line1"": ""5950 Second Ave"", ""apt"": "", Unit 39"", ""city"": ""Phoenix"", ""state"": ""AZ"", ""zip"": ""85001"", ""country"": ""USA"", ""street_type"": ""Dr"", ""longitude"": -117.305, ""landmark"": ""Opposite Central Park""}",Single,Nurse,Perry Corp,Tufts Health Plan,POL-117789,GRP-3171,109,2024-08-06,,168,72,25.5,Former Smoker,None,"Shellfish, NSAIDs, Codeine",,Lisinopril,None,Stroke,English,White,Inactive,2,RegistrationDB
2584,Dorothy,Cox,2003-07-29,Female,A+,dorothy.cox@email.example.com,(575) 411-6240,John Edwards,(925) 386-2232,"{""line1"": ""5746 Ash Ct"", ""apt"": """", ""city"": ""Phoenix"", ""state"": ""AZ"", ""zip"": ""85001"", ""landmark"": ""Near City Hall"", ""latitude"": 40.1866}",Married,Project Manager,,Blue Cross Blue Shield,POL-413759,GRP-4048,13,2020-04-01,2020-05-22,159,75,29.7,Non-Smoker,Moderate,"Dust, Shellfish, Penicillin","Anxiety Disorder, Anemia",None,"Tonsillectomy, Cataract surgery","Heart Disease, None, Cancer",Spanish,White,Deceased,13,RegistrationDB
2585,Naomi,Rivera,2000-05-28,Female,O+,naomi.rivera@email.example.com,(835) 443-7980,Micah Miller,(910) 471-9572,"{""line1"": ""5760 Lake Dr"", ""apt"": """", ""city"": ""Austin"", ""state"": ""TX"", ""zip"": ""73301"", ""neighborhood"": ""East Side"", ""latitude"": 47.9686, ""country"": ""USA""}",Married,Driver,Ellis Corp,Tufts Health Plan,POL-622277,GRP-7465,93,2025-02-11,2027-09-18,154,75,31.6,Non-Smoker,Moderate,None,"Chronic Fatigue, Coronary Artery Disease, Rheumatoid Arthritis, Asthma",unknown,None,"None, Diabetes, Heart Disease",Mandarin,Black or African American,Inactive,6,RegistrationDB
2592,Elizabeth,Davis,2003-08-19,Female,A+,elizabeth.davis@email.example.com,(337) 402-3162,Victoria Hamilton,(548) 329-6410,"{""line1"": ""331 Cedar Ln"", ""apt"": """", ""city"": ""Indianapolis"", ""state"": ""IN"", ""zip"": ""46201"", ""delivery_notes"": ""Leave at door""}",Married,,Bailey Corp,Bright Health,POL-824824,GRP-4238,338,,2023-06-01,156,89,36.6,Non-Smoker,Occasional,Codeine,,"Cyclobenzaprine, Warfarin, Meloxicam, Amlodipine","Appendectomy, Total hip replacement, Cataract surgery",None,English,White,Active,25,RegistrationDB
2598,Luna,Morales,2002-09-20,Female,O+,luna.morales@email.example.com,(218) 923-8132,Bruce Jones,(645) 758-9131,"{""line1"": ""6543 College Ave"", ""apt"": "", Suite 20"", ""city"": ""Raleigh"", ""state"": ""NC"", ""zip"": ""27601"", ""timezone"": ""America/New_York""}",Married,Plumber,Richardson Corp,Kaiser Permanente,POL-609172,GRP-4865,419,2023-07-30,2026-10-15,174,115,38.0,Non-Smoker,None,"Latex, NSAIDs, None","Osteoarthritis, GERD, Anemia",Tramadol,None,"Stroke, Heart Disease, Arthritis",English,White,Active,7,RegistrationDB
2601,Luna,Hughes,1994-08-24,Female,O+,luna.hughes2@email.example.com,(422) 984-7904,Gabriel Cooper,(406) 616-6093,"{""line1"": ""6465 Ninth St"", ""apt"": """", ""city"": ""New York"", ""state"": ""NY"", ""zip"": ""10001"", ""county"": ""San Diego"", ""neighborhood"": ""Uptown"", ""timezone"": ""America/New_York""}",Separated,Logistics Coordinator,Rivera Corp,Centene,POL-282894,GRP-7106,285,tomorrow,2021-03-02,158,103,41.3,Non-Smoker,Moderate,None,Congestive Heart Failure,Fluticasone,Laminectomy,None,Mandarin,White,Active,17,RegistrationDB
2609,Dennis,Gonzales,,Male,A+,dennis.gonzales1@email.example.com,(691) 950-8920,Lisa Porter,(461) 883-5069,"{""line1"": ""2415 Maple Dr"", ""apt"": """", ""city"": ""Columbus"", ""state"": ""OH"", ""zip"": ""43201"", ""longitude"": -106.4992}",Married,Data Analyst,,Independence Blue Cross,POL-336048,GRP-5024,75,2018-08-22,2019-02-16,174,68,22.5,Former Smoker,Occasional,Shellfish,,unknown,Hemorrhoidectomy,"Hypertension, Arthritis",English,Hispanic or Latino,Active,10,RegistrationDB
2610,Levi,Jordan,1983-05-12,Male,,levi.jordan@email.example.com,(752) 352-3201,Kelly Phillips,(867) 422-5661,"{""line1"": ""9495 View Blvd"", ""apt"": """", ""city"": ""Seattle"", ""state"": ""WA"", ""zip"": ""98101""}",Separated,Social Worker,AAAAAAAAAAAAAAAAAAAAAAAAAAAAAAAAAAAAAAAAAAAAAAAAAAAAAAAAAAAAAAAAAAAAAAAAAAAAAAAAAAAAAAAAAAAAAAAAAAAAAAAAAAAAAAAAAAAAAAAAAAAAAAAAAAAAAAAAAAAAAAAAAAAAAAAAAAAAAAAAAAAAAAAAAAAAAAAAAAAAAAAAAAAAAAAAAAAAAAAA,,,,201,2022-04-13,,173,59,19.7,Non-Smoker,Occasional,"Shellfish, None",,"Atorvastatin, Clopidogrel, Omeprazole, Gabapentin",Total knee replacement,Hypertension,English,Black or African American,Deceased,21,RegistrationDB
2611,Amy,West,1991-01-19,Female,O+,amy.west@email.example.com,(770) 882-2892,Andrea Ruiz,(590) 399-2697,"{""line1"": ""Unknown"", ""city"": ""Unknown"", ""state"": ""NA"", ""zip"": ""00000"", ""timezone"": ""America/New_York"", ""country"": ""USA""}",Divorced,Electrician,Bennett Corp,Aetna,POL-415609,GRP-5446,168,2020-11-17,2021-08-26,158,88,,Former Smoker,None,,"Asthma, Rheumatoid Arthritis",None,Hernia repair,"None, Hypertension",Tagalog,White,Active,21,RegistrationDB
2622,Joseph,Diaz,1992-04-24,Male,O+,joseph.diaz@email.example.com,(460) 379-9073,Gary Peterson,(304) 377-1078,"{""line1"": ""9305 Sycamore Ave"", ""apt"": """", ""city"": ""Long Beach"", ""state"": ""CA"", ""zip"": ""90801"", ""latitude"": 31.4513}",Married,Bank Teller,Diaz Corp,Centene,POL-108073,GRP-8109,325,2018-12-31,2021-06-04,tall,74,25.0,Non-Smoker,Former,"Codeine, Latex, Shellfish",,"Metformin, Lisinopril, Ozempic",None,"None, Hypertension",English,White,Active,12,RegistrationDB
2623,Dennis,Bryant,1972-12-26,Male,A+,dennis.bryant@email.example.com,(227) 633-2661,Theodore Washington,(721) 924-2935,"{""line1"": ""104 River Rd"", ""apt"": """", ""city"": ""Las Vegas"", ""state"": ""NV"", ""zip"": ""89101"", ""longitude"": -93.6991}",Married,Sales Representative,,Anthem,POL-828381,GRP-4974,261,2018-03-23,2022-04-26,184,75,22.2,Former Smoker,None,None,,None,"Thyroidectomy, Gastric bypass, Tonsillectomy","None, Asthma, Stroke",Spanish,White,Active,20,RegistrationDB
2629,Ryan,Campbell,2004-05-04,Male,A+,ryan.campbell@email.example.com,(371) 643-2771,Sarah Chavez,(826) 420-2140,,Married,Flight Attendant,Reynolds Corp,Humana,POL-143486,GRP-9604,416,2023-12-30,2025-09-08,168,88,31.2,Current Smoker,Occasional,"Sulfa, Shellfish",COPD,None,Carpal tunnel release,"Asthma, Alzheimer's",English,White,Active,21,RegistrationDB
2631,Nancy,Myers,2002-07-23,Female,A+,nancy.myers@email.example.com,(799) 233-5445,Megan Ellis,(427) 843-6668,"{""line1"": ""3560 Sixth Ave"", ""apt"": """", ""city"": ""Houston"", ""state"": ""TX"", ""zip"": ""77001"", ""longitude"": -96.8286, ""county"": ""San Diego"", ""country"": ""USA""}",Divorced,Scientist,,Geisinger,POL-605132,GRP-4442,165,2019-09-15,2022-01-25,169,88,30.8,Former Smoker,None,"Sulfa, Latex, Dust",Asthma,"Insulin glargine, Spironolactone, Warfarin, Acetaminophen",None,Heart Disease,English,White,Active,18,RegistrationDB
2633,Richard,Walker,2000-10-13,Male,O+,richard.walker@email.example.com,(678) 438-1102,Linda Jordan,(241) 441-7145,"{""line1"": ""9926 Union Ave"", ""apt"": "", Unit 38"", ""city"": ""Washington"", ""state"": ""DC"", ""zip"": ""20001"", ""longitude"": -101.5986, ""county"": ""King"", ""country"": ""USA""}",Married,Veterinarian,Long Corp,Molina Healthcare,POL-342775,GRP-8287,500,2023-05-17,2026-10-28,188,92,26.0,Non-Smoker,,None,,"Eliquis, Albuterol, Spironolactone",None,"Hypertension, Arthritis, Alzheimer's",English,Asian,Active,5,RegistrationDB
2637,Megan,Crawford,1991-04-20,Female,A+,megan.crawford@email.example.com,(603) 968-7068,Layla Ortiz,(620) 556-6071,"{""line1"": ""413 Seventh St"", ""apt"": """", ""city"": ""Colorado Springs"", ""state"": ""CO"", ""zip"": ""80901"", ""county"": ""Orange"", ""latitude"": 44.1528}",Separated,Chef,,CareFirst,POL-452876,GRP-7117,208,2025-02-14,2028-07-26,153,61,26.1,Non-Smoker,Occasional,"Pollen, None, Codeine","Ulcerative Colitis, Irritable Bowel Syndrome",None,Hemorrhoidectomy,"Arthritis, Alzheimer's",English,Black or African American,Active,1,RegistrationDB
2653,Janet,Watson,1963-03-11,Female,AB+,janet.watson@email.example.com,(852) 505-5644,John Adams,(541) 575-4959,"{""line1"": ""9880 Adams Way"", ""apt"": """", ""city"": ""Philadelphia"", ""state"": ""PA"", ""zip"": ""19101""}",Married,Doctor,Perry Corp,Humana,POL-754832,GRP-6197,499,2018-06-09,2019-02-05,164,63,23.4,Current Smoker,Moderate,NSAIDs,,None,,None,English,White,Active,15,RegistrationDB
2657,Dorothy,Brown,1992-05-22,,A+,dorothy.brown@email.example.com,(857) 991-2168,Jackson Baker,(903) 219-1799,"{""line1"": ""603 Franklin Blvd"", ""apt"": """", ""city"": ""Virginia Beach"", ""state"": ""VA"", ""zip"": ""23450"", ""floor_number"": 41, ""timezone"": ""America/New_York"", ""county"": ""Cook"", ""longitude"": -73.348}",Married,Bank Teller,Wells Corp,Cigna HealthCare,POL-962124,GRP-7467,353,2020-04-30,2023-03-15,161,43,16.6,Non-Smoker,Occasional,"NSAIDs, Latex",Anemia,Meloxicam,Sleeve gastrectomy,Heart Disease,Mandarin,White,Active,4,RegistrationDB
2663,Deborah,Harris,1800-01-01,Female,o+,deborah.harris@email.example.com,(589) 495-9732,Nathan Cox,(607) 981-5966,"{""line1"": ""2594 Franklin Blvd"", ""apt"": """", ""city"": ""Los Angeles"", ""state"": ""CA"", ""zip"": ""90001"", ""delivery_notes"": ""Deliver to reception"", ""latitude"": 40.5356, ""longitude"": -114.2079, ""floor_number"": 30, ""timezone"": ""America/Denver""}",Married,Physical Therapist,Wilson Corp,Kaiser Permanente,POL-795551,GRP-8552,315,2021-05-02,2021-10-13,181,50,15.3,Former Smoker,Moderate,None,,"Fluticasone, Spironolactone, Omeprazole",None,Diabetes,English,Hispanic or Latino,Active,18,RegistrationDB
2671,Aria,Wilson,1953-02-12,F,A+,aria.wilson@email.example.com,(818) 340-8360,Linda Hall,(743) 205-9801,"{""line1"": ""5444 Oak Ave"", ""apt"": """", ""city"": ""Dallas"", ""state"": ""TX"", ""zip"": ""75201""}",Widowed,,Owens Corp,Oscar Health,POL-102907,GRP-2548,199,2018-04-02,2021-11-10,tall,52,19.3,Current Smoker,None,"Peanuts, NSAIDs",,None,Total hip replacement,"Heart Disease, Alzheimer's",Arabic,White,Active,12,RegistrationDB
2673,Jacob,UNKNOWN,1979-03-26,Male,A+,jacob.murray1@email.example.com,2125550199,Kenneth Flores,(330) 220-7610,"{""line1"": ""4879 Spring St"", ""apt"": "", Suite 30"", ""city"": ""Austin"", ""state"": ""TX"", ""zip"": ""73301"", ""county"": ""Maricopa"", ""street_type"": ""Dr"", ""neighborhood"": ""Uptown"", ""longitude"": -75.6242}",Single,Social Worker,,Centene,POL-604440,GRP-5555,303,2025-11-29,,169,0,26.6,Current Smoker,Moderate,"Dust, None",,None,None,"Arthritis, Diabetes",English,White,Active,20,RegistrationDB
2676,Stephen,Richardson,2003-09-19,Mle,B-,stephen.richardson@email.example.com,(354) 213-5324,Stephen Wells,(724) 725-4482,"{""line1"": ""4621 Seventh St"", ""apt"": """", ""city"": ""Raleigh"", ""state"": ""NC"", ""zip"": ""27601"", ""county"": ""Cook"", ""street_type"": ""Way"", ""latitude"": 45.4762}",Widowed,Electrician,Lopez Corp,CareFirst,POL-350078,GRP-9739,185,2019-05-13,2019-05-30,163,98,36.9,Non-Smoker,Moderate,None,,Insulin glargine,None,None,English,White,Active,17,RegistrationDB
2678,Micah,Alexander,1968-12-22,Male,A+,micah.alexander@email.example.com,(931) 837-1264,Stella Marshall,(514) 891-5567,"{""line1"": ""8618 Washington Ave"", ""apt"": """", ""city"": ""Fresno"", ""state"": ""CA"", ""zip"": ""93701"", ""country"": ""USA""}",Married,Librarian,,UnitedHealthcare,POL-ABC,GRP-6280,223,2024-04-05,2028-03-02,158,82,150,Non-Smoker,Heavy,Sulfa,"Ulcerative Colitis, Rheumatoid Arthritis","Amlodipine, Cetirizine",None,"Hypertension, Stroke, Asthma",English,White,Active,14,RegistrationDB
2679,Skylar,Parker,1964-02-04,Female,O+,skylar.parker@email.example.com,(475) 316-9465,Emma Johnson,(429) 215-6556,"{""line1"": ""9261 Monroe Dr"", ""apt"": """", ""city"": ""Kansas City"", ""state"": ""MO"", ""zip"": ""64101"", ""neighborhood"": ""Northside""}",Divorced,Software Developer,Fisher Corp,Harvard Pilgrim,POL-960065,GRP-1147,404,2023-12-11,,158,56,22.4,Former Smoker,Moderate,"PENICILLIN, SULFA","Sleep Apnea, Hyperlipidemia",Pantoprazole,"Gastric bypass, Angioplasty with stent",Asthma,English,White,Active,4,RegistrationDB
2685,Margaret,Kim,not available,Female,A+,margaret.kim1@email.example.com,(857) 733-5450,Stephanie Graham,(663) 478-1246,"{""line1"": ""9801 Franklin Blvd"", ""apt"": """", ""city"": ""Omaha"", ""state"": ""NE"", ""zip"": ""68101""}",Married,Business Owner,Allen Corp,Atena,POL-899382,GRP-1938,112,2025-07-07,2027-08-24,164,71,26.4,Non-Smoker,None,"Latex, None, Sulfa",Fibromyalgia,"Aspirin, Prednisone, Losartan",None,"Cancer, Diabetes, Hypertension",Spanish,White,Active,13,RegistrationDB
2687,Elijah,Hernandez,1982-01-26,Male,O+,elijah.hernandez@email.example.com,(346) 263-5617,Kathleen Lee,(937) 945-1951,"{""line1"": ""7835 Cedar Ln"", ""apt"": """", ""city"": ""Memphis"", ""state"": ""TN"", ""zip"": ""38101"", ""country"": ""USA"", ""delivery_notes"": ""Gate code: #1234"", ""neighborhood"": ""Southside"", ""street_type"": ""Blvd""}",Married,Flight Attendant,,Independence Blue Cross,POL-419566,GRP-7358,86,2020-01-09,2022-08-12,172,56,18.9,Current Smoker,Moderate,"None, Shellfish, NSAIDs","Eczema, Chronic Kidney Disease, Psoriasis","Gabapentin, Hydrochlorothiazide",None,None,Spanish,White,Active,12,RegistrationDB
2698,Emily,Cruz,2005-02-14,Female,A+,emily.cruz@email.example.com,(819) 269-3411,Walter Bailey,(723) 245-7641,"{""line1"": ""3673 River Rd"", ""apt"": "", Suite 30"", ""city"": ""Albuquerque"", ""state"": ""NM"", ""zip"": ""87101"", ""country"": ""USA"", ""landmark"": ""Next to Mall"", ""county"": ""Maricopa"", ""longitude"": -73.4944}",Married,Nurse,Rogers Corp,Tufts Health Plan,POL-487507,GRP-8940,94,2021-01-26,2023-11-27,167,89,31.9,Non-Smoker,Occasional,Pollen,,"Insulin glargine, Celecoxib, Loratadine, Hydrochlorothiazide",None,Stroke,,White,Active,8,RegistrationDB
2700,Michelle,Perry,1980-06-01,Female,O+,michelle.perry@email.example.com,(513) 435-7130,Luna Nelson,(705) 464-3206,"{""line1"": ""5172 River Rd"", ""apt"": """", ""city"": ""Kansas City"", ""state"": ""MO"", ""zip"": ""64101"", ""county"": ""Harris""}",Married,Manager,Thomas Corp,Highmark,POL-552325,GRP-2189,180,2021-12-27,2025-05-11,156,100,41.1,Non-Smoker,Heavy,Sulfa,,"Hydrochlorothiazide, Sertraline",None,Hypertension,Mandarin,Black or African American,Active,19,RegistrationDB
2702,Carolyn,Patel,1960-11-11,Female,A+,carolyn.patel@email.example.com,(927) 987-3717,Aiden Watson,(471) 555-8777,"{""line1"": ""9946 River Rd"", ""apt"": """", ""city"": ""Omaha"", ""state"": ""NE"", ""zip"": ""68101"", ""country"": ""USA"", ""street_type"": ""Blvd"", ""latitude"": 31.1697}",Married,Librarian,Gonzalez Corp,,POL-868938,GRP-5009,269,2023-05-19,2025-01-12,152,95,41.1,Former Smoker,Moderate,"Dust, Penicillin, Shellfish","Atrial Fibrillation, Ulcerative Colitis",None,Total knee replacement,Asthma,Spanish,Hispanic or Latino,Active,8,RegistrationDB
2709,Kevin,Butler,1975-02-27,Male,A+,kevin.butler@email.example.com,(752) 791-4884,Helen Griffin,(862) 660-5693,"{""line1"": ""804 Eighth Ave"", ""apt"": "", Apt 42"", ""city"": ""Tucson"", ""state"": ""AZ"", ""zip"": ""85701"", ""country"": ""USA"", ""timezone"": ""America/Los_Angeles"", ""street_type"": ""Cir"", ""county"": ""King""}",Single,Doctor,Morris Corp,Anthem,POL-405735,GRP-1968,267,2021-09-05,2025-02-17,177,90,28.7,Non-Smoker,Occasional,"Dust, Sulfa, Peanuts","COPD, Type 2 Diabetes, Hypertension, Hyperlipidemia","Amlodipine, Clopidogrel, Ibuprofen",Total hip replacement,"Hypertension, Cancer, Stroke",English,White,Inactive,10,RegistrationDB
2713,Isaac,Anderson,1990-02-11,Male,O+,isaac.anderson@email.example.com,(903) 347-8745,Jason Sullivan,(332) 623-7931,"{""line1"": ""4061 Sunset Dr"", ""apt"": "", Apt 17"", ""city"": ""New York"", ""state"": ""NY"", ""zip"": ""10001""}",Divorced,Psychologist,Green Corp,Molina Healthcare,POL-920550,GRP-3451,161,2019-10-29,2020-06-06,186,77,22.3,Current Smoker,2 beers/week,"Dust, NSAIDs","Asthma, Hypertension, Sleep Apnea",None,"Cataract surgery, Total knee replacement",None,English,Hispanic or Latino,Active,24,RegistrationDB
2718,William,Jordan,2004-07-22,Male,O+,william.jordan@email.example.com,12345,Steven Simmons,(644) 994-9247,"{""line1"": ""5828 Seventh St"", ""apt"": "", Apt 44"", ""city"": ""Miami"", ""state"": ""FL"", ""zip"": ""33101"", ""street_type"": ""Ave""}",Single,Administrative Assistant,Gomez Corp,Oscar Health,POL-200073,GRP-6379,487,2021-04-08,2022-06-14,,72,24.6,Never Assessed,Occasional,Latex,,Amlodipine,None,"None, Alzheimer's, Diabetes",English,Asian,Active,14,RegistrationDB
2719,Victoria,Brooks,1988-03-07,F,A+,victoria.brooks@email.example.com,(467) 367-1071,Peter Cruz,(307) 276-9107,"{""line1"": ""3834 Sycamore Ave"", ""apt"": """", ""city"": ""Minneapolis"", ""state"": ""MN"", ""zip"": ""55401"", ""latitude"": 32.4435}",Single,Software Developer,Ross Corp,Humana,POL-315290,GRP-1587,496,2021-03-24,2023-06-14,157,68,27.6,Never Assessed,None,"None, Shellfish, NSAIDs",Hypertension,"Ibuprofen, Apixaban","Rotator cuff repair, Appendectomy","Cancer, Hypertension, Heart Disease",Vietnamese,Hispanic or Latino,Active,23,RegistrationDB
2720,Lauren,Collins,1964-06-04,Female,O+,lauren.collins@email.example.com,(843) 331-5147,Melissa Bryant,(326) 929-5540,"{""line1"": ""8494 Sycamore Ave"", ""apt"": """", ""city"": ""Fresno"", ""state"": ""CA"", ""zip"": ""93701"", ""county"": ""San Diego"", ""timezone"": ""America/Denver"", ""street_type"": ""Way""}",Married,Firefighter,AAAAAAAAAAAAAAAAAAAAAAAAAAAAAAAAAAAAAAAAAAAAAAAAAAAAAAAAAAAAAAAAAAAAAAAAAAAAAAAAAAAAAAAAAAAAAAAAAAAAAAAAAAAAAAAAAAAAAAAAAAAAAAAAAAAAAAAAAAAAAAAAAAAAAAAAAAAAAAAAAAAAAAAAAAAAAAAAAAAAAAAAAAAAAAAAAAAAAAAA,Oscar Health,POL-318390,GRP-5785,21,2021-05-15,2024-11-25,158,115,46.1,Non-Smoker,Moderate,Codeine,"Depression, Osteoporosis","Lisinopril, Losartan, Warfarin","C-section, Cataract surgery, Appendectomy","Arthritis, None, Heart Disease",Spanglish,,Active,12,RegistrationDB
2723,Bruce,Wood,1983-07-04,Non-Binary,B+,bruce.wood@email.example.com,(941) 914-5979,Jack Morgan,(395) 627-6026,"{""line1"": ""1386 Hickory St"", ""apt"": """", ""city"": ""Seattle"", ""state"": ""WA"", ""zip"": ""98101"", ""timezone"": ""America/Denver"", ""latitude"": 35.084}",Single,Bank Teller,Clark Corp,Molina Healthcare,POL-781620,GRP-4082,436,2021-11-06,2025-01-31,179,72,22.5,Former Smoker,2 beers/week,None,"Coronary Artery Disease, Ulcerative Colitis, Sleep Apnea, Atrial Fibrillation",Metoprolol,"Colectomy, Gastric bypass","None, Heart Disease",Russian,White,,24,RegistrationDB
2726,Mason,Marshall,1979-10-12,Male,B+,mason.marshall@email.example.com,(263) 602-1480,Bruce Perez,(833) 585-3518,"{""line1"": ""1450 Ash Ct"", ""apt"": """", ""city"": ""Austin"", ""state"": ""TX"", ""zip"": ""73301"", ""street_type"": ""Way"", ""timezone"": ""America/Denver""}",Single,Flight Attendant,Simpson Corp,MetLife,POL-175444,GRP-3963,146,2019-09-06,2022-01-12,176,83,26.8,Non-Smoker,Occasional,"NSAIDs, Latex",GERD,None,"Hysterectomy, Laminectomy, Coronary artery bypass grafting",None,Spanish,White,Active,13,RegistrationDB
2727,Deborah,Anderson,1961-01-11,Female,O+,,(869) 252-8458,Michelle Ward,(628) 758-2497,"{""line1"": ""2016 Jefferson Ave"", ""apt"": "", Apt 10"", ""city"": ""Mesa"", ""state"": ""AZ"", ""zip"": ""85201"", ""country"": ""USA"", ""landmark"": ""Near City Hall""}",Married,Firefighter,,Cigna,POL-321724,GRP-2702,433,2025-08-17,,158,58,23.2,Non-Smoker,None,None,Osteoarthritis,"Montelukast, Metoprolol, Ozempic",None,"Cancer, Alzheimer's, Heart Disease",Spanish,White,Active,7,RegistrationDB
2729,Sarah,Owens,1966-07-26,Female,A-,sarah.owens@email.example.com,(785) 279-3093,Jasper Chavez,(740) 650-6747,"{""line1"": ""7566 Pleasant St"", ""apt"": """", ""city"": ""Cleveland"", ""state"": ""OH"", ""zip"": ""44101"", ""street_type"": ""Ct"", ""timezone"": ""America/Denver""}",Single,Librarian,Rodriguez Corp,MetLife,POL-763360,GRP-2424,474,2020-01-16,2023-11-02,156,40,16.4,Current Smoker,Occasional,Dust,"Anxiety Disorder, Depression, Atrial Fibrillation, Hypothyroidism","Furosemide, Duloxetine, Atorvastatin",None,Diabetes,English,Asian,Active,7,RegistrationDB
2733,Stephanie,Freeman,2099-06-15,Female,A+,stephanie.freeman@email.example.com,(927) 805-4664,Joe Hernandez,(272) 781-5842,"{""line1"": ""5466 Second Ave"", ""apt"": """", ""city"": ""Virginia Beach"", ""state"": ""VA"", ""zip"": ""23450""}",Single,Plumber,Torres Corp,Molina Healthcare,POL-245272,GRP-9083,322,2022-11-02,2025-06-08,160,78,30.5,Non-Smoker,None,"Penicillin, Peanuts, Latex",Hypothyroidism,"Lisinopril, Ozempic, Meloxicam","C-section, Spinal fusion",None,Spanish,Hispanic or Latino,Active,10,RegistrationDB
2737,Ethan,Simpson,2004-06-26,Male,O+,ethan.simpson@email.example.com,(327) 339-6331,Scarlett Robinson,(932) 689-4568,"{""line1"": ""1204 Magnolia Way"", ""apt"": """", ""city"": ""Fresno"", ""state"": ""CA"", ""zip"": ""93701"", ""county"": ""Harris"", ""street_type"": ""Cir"", ""country"": ""USA"", ""timezone"": ""America/Chicago""}",Married,Accountant,Peterson Corp,Health Net,POL-748767,GRP-3404,432,2019-11-28,2023-01-31,179,82,25.6,Non-Smoker,None,"Dust, Peanuts, Penicillin","Anxiety Disorder, Eczema, Hypertension, Coronary Artery Disease",None,Gastric bypass,Heart Disease,Arabic,White,Inactive,18,RegistrationDB
2752,Sarah,Richardson,1992-10-17,F,O+,sarah.richardson@email.example.com,(758) 828-2736,Angela Woods,(675) 388-2347,"{""line1"": ""576 Eighth Ave"", ""apt"": "", # 4"", ""city"": ""Austin"", ""state"": ""TX"", ""zip"": ""73301"", ""county"": ""Queens"", ""delivery_notes"": ""Ring bell""}",Married,Retail Associate,Smith Corp,Cigna HealthCare,POL-472287,GRP-9091,176,2019-05-09,2020-05-08,168,80,28.3,Non-Smoker,Occasional,None,Coronary Artery Disease,Meloxicam,,"None, Diabetes, Hypertension",English,Black or African American,Active,12,RegistrationDB
2758,,Ortiz,1958-04-02,Female,A+,megan.ortiz@email.example.com,(296) 294-8244,Gabriel Griffin,(850) 586-9394,"{""line1"": ""123 Main St"", ""county"": ""Miami-Dade"", ""longitude"": -109.9866, ""floor_number"": 35}",Single,Project Manager,Rivera Corp,Geisinger,POL-851314,GRP-3557,388,2022-01-21,2024-11-26,180,92,28.4,Non-Smoker,Occasional,"Sulfa, Dust, Shellfish",,"Cetirizine, Omeprazole","Gastric bypass, Mastectomy",Cancer,English,White,Active,4,RegistrationDB
2766,Cynthia,Gomez,2005-09-30,Female,O-,cynthia.gomez@email.example.com,(910) 523-4406,Skylar Allen,(588) 656-7853,"{""line1"": ""1777 Park Blvd"", ""apt"": """", ""city"": ""San Antonio"", ""state"": ""TX"", ""zip"": ""78201"", ""street_type"": ""Blvd"", ""county"": ""Orange"", ""longitude"": -99.8581, ""timezone"": ""America/Phoenix"", ""neighborhood"": ""Midtown""}",Single,Veterinarian,Ortiz Corp,Oscar Health,POL-599043,GRP-8718,472,2021-04-01,2021-09-26,162,67,25.5,Non-Smoker,Moderate,"Latex, Penicillin, Shellfish",Migraine,Acetaminophen,None,Asthma,English,Asian,Active,15,RegistrationDB
2774,catherine,Fisher,1956-11-16,,A+,catherine.fisher@email.example.com,(880) 481-8544,Willie Gonzalez,(436) 705-2799,"{""line1"": ""9202 Pleasant St"", ""apt"": "", Unit 22"", ""city"": ""Tampa"", ""state"": ""FL"", ""zip"": ""33601"", ""country"": ""USA""}",Married,Business Owner,McDonald Corp,Centene,POL-129555,GRP-8803,287,2025-10-12,,156,51,21.0,Non-Smoker,Occasional,"NSAIDs, Codeine, Penicillin",Anemia,"Spironolactone, Albuterol, Losartan, Omeprazole",Appendectomy,Asthma,English,White,Active,5,RegistrationDB
2781,Eric,Hill,1952-09-05,Male,O+,eric.hill@email.example.com,(587) 630-9419,Victor Murphy,(387) 352-2763,"{""line1"": ""8241 Poplar St"", ""apt"": """", ""city"": ""San Diego"", ""state"": ""CA"", ""zip"": ""92101"", ""country"": ""USA""}",Married,Unemployed,Torres Corp,Independence Blue Cross,POL-648136,GRP-2712,235,2021-05-28,2024-05-29,172,97,32.8,Non-Smoker,None,"Dust, Peanuts, Codeine",Anxiety Disorder,"Insulin glargine, Furosemide, Lisinopril","Total knee replacement, Angioplasty with stent",None,Korean,Other,Active,2,RegistrationDB
2782,Lucas,Peterson,1991-03-31,Male,B+,lucas.peterson@email.example.com,(256) 537-2581,Nicole Porter,(557) 935-2157,"{""line1"": ""8797 Lincoln Blvd"", ""apt"": "", Apt 46"", ""city"": ""Raleigh"", ""state"": ""NC"", ""zip"": ""27601"", ""longitude"": -78.6518, ""timezone"": ""America/New_York"", ""county"": ""Sacramento"", ""street_type"": ""Way""}",Married,Manager,Jenkins Corp,Humana,POL-495853,GRP-2329,11,2024-08-26,2027-10-14,163,77,29.0,Former Smoker,Occasional,"Penicillin, Pollen","GERD, Depression, Chronic Kidney Disease, Type 2 Diabetes","Spironolactone, Furosemide, Sertraline, Tramadol",None,"Arthritis, Diabetes, Cancer",English,Other,Inactive,2,RegistrationDB
2797,Stephanie,Bailey,1952-10-02,Female,O+,stephanie.bailey@email.example.com,(743) 205-4152,Oliver Ross,(609) 568-6614,"{""line1"": ""7094 Broadway"", ""apt"": "", # 31"", ""city"": ""Oakland"", ""state"": ""CA"", ""zip"": ""94601"", ""timezone"": ""America/Los_Angeles""}",Married,Administrative Assistant,Hamilton Corp,UnitedHealthcare,POL-636900,GRP-5039,79,2022-01-30,2024-07-05,152,82,35.5,Non-Smoker,Occasional,None,"Osteoporosis, Asthma",Cetirizine,Tonsillectomy,"Heart Disease, Stroke",Korean,White,Active,18,RegistrationDB
2801,Avery,Richardson,,Female,B+,,(748) 934-9964,Aria Jenkins,(463) 882-1014,"{""line1"": ""160 Forest Ave"", ""apt"": "", Suite 42"", ""city"": ""Colorado Springs"", ""state"": ""CO"", ""zip"": ""80901"", ""country"": ""USA"", ""latitude"": 32.4487}",Married,Data Analyst,Marshall Corp,,,,86,2020-06-06,,157,84,34.1,Non-Smoker,Occasional,None,"Migraine, Congestive Heart Failure, Psoriasis, Atrial Fibrillation",Ozempic,None,"Heart Disease, Cancer, Diabetes",English,Two or More Races,Inactive,12,RegistrationDB
2802,Ellie,Morales,1984-05-14,Female,A-,ellie.morales@email.example.com,(973) 489-9099,Jacqueline Fisher,(903) 730-2435,"{""line1"": ""3814 Cedar Ln"", ""apt"": "", Apt 14"", ""city"": ""Oklahoma City"", ""state"": ""OK"", ""zip"": ""73101"", ""timezone"": ""America/Phoenix"", ""country"": ""USA"", ""longitude"": -119.6436, ""street_type"": ""Blvd""}",Single,Scientist,,Molina Healthcare,POL-417118,GRP-6396,85,2018-12-26,2021-04-30,161,85,32.8,Non-Smoker,Moderate,"NSAIDs, Shellfish, Dust","Depression, Psoriasis, Hypertension",None,None,"Cancer, Arthritis",English,Black or African American,Active,10,RegistrationDB
2806,Elizabeth,Wilson,1991-01-11,Female,o+,elizabeth.wilson@email.example.com,(346) 859-1138,Megan Price,(822) 877-7699,"{""line1"": ""595 Hickory St"", ""apt"": """", ""city"": ""Oakland"", ""state"": ""CA"", ""zip"": ""94601"", ""country"": ""USA"", ""county"": ""San Diego""}",Single,Nurse,,Tufts Health Plan,POL-611344,GRP-5448,372,2018-11-07,2020-02-22,169,71,24.9,Former Smoker,None,None,,None,None,None,Spanish,Black or African American,Active,13,RegistrationDB
2810,Debra,Perez,2000-01-22,Female,O+,debra.perez@email.example.com,(519) 703-4328,Sharon Rogers,(674) 565-8020,"{""line1"": ""2659 Sycamore Ave"", ""apt"": "", Unit 12"", ""city"": ""Austin"", ""state"": ""TX"", ""zip"": ""73301""}",Single,Artist,,Molina Healthcare,POL-400463,GRP-9668,486,2018-12-28,2023-01-26,150,116,51.6,Non-Smoker,None,"Dust, Latex, Peanuts",,"Sertraline, Gabapentin, Tramadol","Total hip replacement, ACL reconstruction","Hypertension, Alzheimer's, Stroke",English,Two or More Races,Active,13,RegistrationDB
2822,12345,Carter,1996-01-01,Male,A-,robert.carter@email.example.com,(364) 355-3885,Carolyn Ortiz,(827) 883-6189,"{""line1"": ""5120 Aspen Ct"", ""apt"": "", Suite 49"", ""city"": ""El Paso"", ""state"": ""TX"", ""zip"": ""79901"", ""latitude"": 40.3464, ""county"": ""Sacramento""}",Divorced,Mechanic,Clark Corp,Harvard Pilgrim,POL-796911,GRP-3333,106,2023-04-21,2024-06-05,176,72,23.2,Current Smoker,None,Codeine,"GERD, Anxiety Disorder, Coronary Artery Disease","Omeprazole, Lisinopril, Furosemide",None,"Cancer, Stroke, Heart Disease",Mandarin,White,Active,12,RegistrationDB
2828,Victoria,Hernandez,1999-07-04,Female,O-,victoria.hernandez@email.example.com,(347) 928-8756,Gabriel White,(211) 825-4469,"{""line1"": ""7406 First St"", ""apt"": "", Suite 40"", ""city"": ""Nashville"", ""state"": ""TN"", ""zip"": ""37201"", ""landmark"": ""Close to University""}",Married,Chef,,Centene,POL-396185,GRP-5578,418,2018-01-25,2019-07-28,163,88,33.1,Non-Smoker,None,"Latex, Shellfish, NSAIDs",,"Clopidogrel, Insulin glargine, Losartan, Montelukast",None,Arthritis,English,Asian,Active,22,RegistrationDB
2829,Diane,Harris,1991-04-24,Female,A+,diane.harris@email.example.com,(224) 368-8021,Douglas Miller,(831) 939-9255,"{""line1"": ""4509 Fourth Ave"", ""apt"": """", ""city"": ""Tampa"", ""state"": ""FL"", ""zip"": ""33601"", ""street_type"": ""Dr"", ""longitude"": -89.8268, ""timezone"": ""America/Los_Angeles"", ""neighborhood"": ""Midtown""}",Separated,HR Specialist,,Independence Blue Cross,POL-570188,GRP-9932,225,2025-04-21,2027-06-29,tall,75,26.9,Never Assessed,None,None,Psoriasis,"Omeprazole, Spironolactone, Albuterol, Jardiance","Angioplasty with stent, Total knee replacement, Mastectomy","Diabetes, Hypertension, Cancer",English,Hispanic or Latino,Active,19,RegistrationDB
2837,Scarlett,Carter,1956-06-22,Female,A+,scarlett.carter@email.example.com,(735) 506-5690,Roman Reyes,(248) 231-1087,"{""line1"": ""1472 Hamilton Ct"", ""apt"": """", ""city"": ""Philadelphia"", ""state"": ""PA"", ""zip"": ""19101""}",Separated,Pilot,Simmons Corp,Cigna HealthCare,POL-581785,GRP-5540,168,2022-02-03,,164,57,21.2,Former Smoker,Occasional,None,"COPD, Rheumatoid Arthritis","Warfarin, Duloxetine, Meloxicam, Metformin",Total knee replacement,None,Mandarin,Hispanic or Latino,Active,21,RegistrationDB
2839,Christina,Roberts,2002-07-19,Female,A+,christina.roberts@email.example.com,(366) 282-1627,Aurora Washington,(713) 325-4343,"{""line1"": ""6872 Pleasant St"", ""apt"": "", Unit 29"", ""city"": ""Baltimore"", ""state"": ""MD"", ""zip"": ""21201"", ""street_type"": ""Dr"", ""country"": ""USA"", ""longitude"": -92.5275, ""neighborhood"": ""Waterfront""}",Married,Driver,Evans Corp,CareFirst,POL-908649,GRP-8711,481,2019-01-01,2022-10-15,165,113,41.5,Non-Smoker,None,"NSAIDs, Shellfish, Peanuts",,"Levothyroxine, Ibuprofen, Atorvastatin",Total knee replacement,None,,Black or African American,Active,2,RegistrationDB
2841,Laura,Harris,1994-11-09,Female,O+,laura.harris@email.example.com,(550) 436-2304,Harrison Brooks,(551) 395-5838,"{""line1"": ""8756 Hamilton Ct"", ""apt"": """", ""city"": ""Fresno"", ""state"": ""CA"", ""zip"": ""93701"", ""neighborhood"": ""Midtown""}",Single,Pilot,Bryant Corp,,POL-583591,GRP-7259,58,2023-08-10,2026-12-26,157,61,24.7,Never Assessed,Occasional,Shellfish,,Ozempic,None,"Alzheimer's, Heart Disease",English,White,Deceased,2,RegistrationDB
2864,Dylan,Gomez,1980-02-14,Male,O+,dylan.gomez@email.example.com,(626) 437-8657,Jose Patel,(558) 345-1581,"{""line1"": ""7173 Seventh St"", ""apt"": "", Suite 16"", ""city"": ""Charlotte"", ""state"": ""NC"", ""zip"": ""28201""}",Married,Social Worker,,Health Net,POL-110974,GRP-9782,412,2019-04-17,,176,94,normal,Non-Smoker,2 beers/week,"Sulfa, Latex, NSAIDs",,!@#$%^&*(),None,Stroke,English,White,Deceased,2,RegistrationDB
2870,Hannah,Tucker,1982-07-10,Female,O+,hannah.tucker1@email.example.com,(421) 704-6258,Bruce Murray,(974) 310-4781,"{""line1"": ""3843 Union Ave"", ""apt"": """", ""city"": ""Dallas"", ""state"": ""TX"", ""zip"": ""75201"", ""delivery_notes"": ""Call upon arrival"", ""county"": ""Queens""}",Married,HR Specialist,,Cigna,POL-376371,GRP-8403,8,2024-06-25,,169,68,23.8,Never Assessed,None,"Pollen, Latex, Penicillin",,Loratadine,None,Cancer,English,White,Active,1,RegistrationDB
2871,Lauren,Perez,1970-09-23,Female,O+,lauren.perez@email.example.com,(319) 732-1965,Gary Adams,(686) 298-8942,"{""line1"": ""9814 Fifth St"", ""apt"": "", Suite 28"", ""city"": ""Portland"", ""state"": ""OR"", ""zip"": ""97201""}",Widowed,HR Specialist,Cox Corp,Highmark,POL-524931,GRP-2812,244,2023-05-31,,147,,35.2,Never Assessed,Occasional,Null,"Anxiety Disorder, Crohn's Disease",Ibuprofen,"Hemorrhoidectomy, Total hip replacement","Arthritis, Alzheimer's, None",English,White,,23,RegistrationDB
2893,Carolyn,Patel,1951-03-05,Female,O+,carolyn.patel1@email.example.com,(262) 737-8137,N/A,(907) 961-9411,"{""line1"": ""4938 Poplar St"", ""apt"": """", ""city"": ""Jacksonville"", ""state"": ""FL"", ""zip"": ""32201"", ""neighborhood"": ""Southside"", ""timezone"": ""America/New_York"", ""street_type"": ""Ln""}",Married,Sales Representative,Rodriguez Corp,Bright Health,POL-224443,GRP-3051,387,2021-04-18,,160,64,25,Former Smoker,None,"Latex, Pollen, Peanuts","Sleep Apnea, Ulcerative Colitis, Rheumatoid Arthritis, Anemia","Bupropion, Prednisone",Coronary artery bypass grafting,"Hypertension, Heart Disease",English,Black or African American,Active,17,RegistrationDB
2906,Robert,Patterson,1995-10-02,Male,A+,robert.patterson@email.example.com,(417) 216-5601,Stephanie Gomez,(715) 925-8725,"{""line1"": ""3064 Lincoln Blvd"", ""apt"": "", # 8"", ""city"": ""Charlotte"", ""state"": ""NC"", ""zip"": ""28201"", ""county"": ""Queens""}",Married,Business Owner,Gutierrez Corp,Humana,POL-917977,GRP-5886,456,2023-07-28,2026-06-04,187,59,16.9,Current Smoker,Occasional,"Shellfish, Penicillin",,"Sertraline, Ibuprofen, Bupropion",Total knee replacement,"Diabetes, Stroke",Russian,White,Active,12,RegistrationDB
2911,Abigail,Diaz,1985-04-20,Female,A-,abigail.diaz@email.example.com,(610) 795-6552,Randy Hughes,(964) 566-8033,"{""line1"": ""2656 College Ave"", ""apt"": """", ""city"": ""Tucson"", ""state"": ""AZ"", ""zip"": ""85701"", ""latitude"": 43.4257}",Married,Architect,Garcia Corp,Cigna HealthCare,POL-802612,GRP-9042,368,2025-06-12,2028-11-22,166,61,-5,Never Assessed,Heavy,"Dust, Peanuts, Latex",,"Bupropion, Duloxetine, Sertraline, Celecoxib",None,"Arthritis, Heart Disease",English,Hispanic or Latino,Active,23,RegistrationDB
2912,Oliver,Hunter,1968-03-01,Male,O-,oliver.hunter@email.example.com,(442) 521-9640,Mason Phillips,(880) 537-1927,"{""line1"": ""3135 Elm St"", ""apt"": """", ""city"": ""Minneapolis"", ""state"": ""MN"", ""zip"": ""55401"", ""neighborhood"": ""East Side""}",Single,Teacher,Morales Corp,Humana,POL-518870,GRP-7798,428,2020-05-13,2020-05-13,173,heavy,23.7,Current Smoker,Former,Peanuts,,None,None,"Heart Disease, Diabetes, Stroke",Mandarin,Hispanic or Latino,Active,23,RegistrationDB
2916,Richard,Griffin,1987-06-21,Male,o+,richard.griffin@email.example.com,(867) 590-7378,Adam Wells,(954) 939-4342,"{""line1"": ""4274 Madison St"", ""apt"": "", Unit 2"", ""city"": ""Long Beach"", ""state"": ""CA"", ""zip"": ""90801""}",Divorced,Software Developer,Gibson Corp,UnitedHealthcare,POL-218077,G1234,170,2018-05-17,2021-11-26,185,54,15.8,Current Smoker,Former,Pollen,,"Omeprazole, Eliquis, Warfarin",None,Heart Disease,Korean,White,Active,10,RegistrationDB
2920,Steven,Reyes,1951-11-15,Male,O+,steven.reyes@email.example.com,(829) 991-7871,Maria Jordan,(565) 478-1285,"{""line1"": ""6127 Lincoln Blvd"", ""apt"": "", Apt 36"", ""city"": ""Jacksonville"", ""state"": ""FL"", ""zip"": ""32201"", ""landmark"": ""Near City Hall""}",Widowed,Scientist,Jackson Corp,Harvard Pilgrim,POL-608605,GRP-3295,476,2024-04-30,2025-07-19,176,88,28.4,Non-Smoker,Occasional,None,,"Fluticasone, Aspirin, Lisinopril, Apixaban",Appendectomy,"None, Heart Disease",French,White,Active,19,RegistrationDB
2924,Victoria,Martin,1980-02-11,Female,A+,victoria.martin@email.example.com,(670) 699-9045,Donna Reyes,(529) 950-8914,"{""line1"": ""3299 Beechwood Ave"", ""apt"": "", # 30"", ""city"": ""Colorado Springs"", ""state"": ""CO"", ""zip"": ""80901""}",Single,Graphic Designer,AAAAAAAAAAAAAAAAAAAAAAAAAAAAAAAAAAAAAAAAAAAAAAAAAAAAAAAAAAAAAAAAAAAAAAAAAAAAAAAAAAAAAAAAAAAAAAAAAAAAAAAAAAAAAAAAAAAAAAAAAAAAAAAAAAAAAAAAAAAAAAAAAAAAAAAAAAAAAAAAAAAAAAAAAAAAAAAAAAAAAAAAAAAAAAAAAAAAAAAA,Cigna,POL-352999,GRP-8506,5,2019-01-09,2021-04-12,163,68,25.6,Never Assessed,None,"Sulfa, Peanuts, Latex","Sleep Apnea, Chronic Kidney Disease",Ozempic,None,"Heart Disease, Asthma, Diabetes",Spanish,,Active,3,RegistrationDB
2928,Ella,Freeman,1959-03-19,F,A+,ella.freeman@email.example.com,(255) 947-4577,Julie Hamilton,(639) 250-9000,"{""line1"": ""7792 Cypress Dr"", ""apt"": "", Unit 32"", ""city"": ""San Diego"", ""state"": ""CA"", ""zip"": ""92101"", ""street_type"": ""Way"", ""county"": ""Sacramento"", ""country"": ""USA"", ""latitude"": 38.4103}",Divorced,Doctor,Stevens Corp,Molina Healthcare,POL-572856,GRP-5651,64,2023-02-05,2023-05-07,164,70,26.0,Former Smoker,Moderate,"Pollen, Codeine, Latex","Chronic Kidney Disease, Coronary Artery Disease, Anemia","Omeprazole, Lisinopril","Laminectomy, Gastric bypass","Asthma, Hypertension, Diabetes",Tagalog,Hispanic or Latino,Active,21,RegistrationDB
2929,Lucas,Ruiz,not available,Male,O+,lucas.ruiz@email.example.com,(711) 902-3695,Savannah Castillo,(796) 719-9116,"{""line1"": ""227 Oak Ave"", ""apt"": """", ""city"": ""Sacramento"", ""state"": ""CA"", ""zip"": ""94201""}",Single,Real Estate Agent,Rodriguez Corp,UnitedHealthcare,POL-386926,GRP-5652,173,2023-12-23,2025-02-05,173,94,31.4,Non-Smoker,Heavy,"None, Latex","Chronic Kidney Disease, GERD","Clopidogrel, Losartan, Metoprolol, Cetirizine",None,None,English,Hispanic or Latino,Active,2,RegistrationDB
2931,Logan,Bailey,1995-04-15,Male,O-,logan.bailey@email.example.com,(796) 610-7455,William Martinez,(626) 413-2055,"{""line1"": ""818 Sycamore Ave"", ""apt"": "", # 3"", ""city"": ""Sacramento"", ""state"": ""CA"", ""zip"": ""94201"", ""country"": ""USA""}",Married,HR Specialist,Reyes Corp,Aetna,,GRP-3943,126,2018-06-23,2018-06-23,176,heavy,24.2,Former Smoker,Occasional,"Pollen, Codeine, Dust","Osteoporosis, Atrial Fibrillation","Apixaban, Albuterol",None,Diabetes,ENGLISH,White,Active,13,RegistrationDB
2937,Levi,Lee,1958-10-21,Male,O-,levi.lee@email.example.com,(816) 700-7821,Donald Phillips,(392) 656-4641,"{""line1"": ""2368 Walnut Ave"", ""apt"": """", ""city"": ""Las Vegas"", ""state"": ""NV"", ""zip"": ""89101"", ""timezone"": ""America/New_York"", ""landmark"": ""Behind Metro Station"", ""longitude"": -79.7883, ""country"": ""USA""}",Single,Teacher,Hall Corp,UnitedHealthcare,POL-485032,GRP-5750,51,2018-08-29,2019-07-20,183,85,25.4,Current Smoker,None,"Penicillin, NSAIDs, Sulfa",COPD,"Meloxicam, Apixaban",None,None,English,White,Active,8,RegistrationDB
2943,Michelle,Reynolds,1990-12-26,Female,B+,michelle.reynolds@email.example.com,(725) 428-2950,Olivia Fisher,(478) 253-9892,"{""line1"": ""4522 Center St"", ""apt"": """", ""city"": ""Virginia Beach"", ""state"": ""VA"", ""zip"": ""23450"", ""longitude"": -89.3894, ""landmark"": ""Close to University"", ""country"": ""USA"", ""street_type"": ""Pl""}",Separated,Police Officer,Bailey Corp,Geisinger,POL-748732,GRP-2609,394,2021-05-03,2024-06-23,155,88,36.6,Non-Smoker,Moderate,None,,"Acetaminophen, Losartan, Celecoxib, Levothyroxine",Cholecystectomy,Arthritis,Tagalog,White,Active,5,RegistrationDB
2944,Dylan,Ward,1997-06-30,Male,A+,dylan.ward@email.example.com,(997) 656-7506,Raymond Harrison,(869) 203-4645,"{""line1"": ""9086 Church St"", ""apt"": """", ""city"": ""Jacksonville"", ""state"": ""FL"", ""zip"": ""32201"", ""latitude"": 41.3157}",Separated,Military,,CareFirst,POL-ABC,GRP-2968,11,2021-12-12,2024-07-06,171,79,27.0,Non-Smoker,Moderate,None,"Rheumatoid Arthritis, Atrial Fibrillation, Hypertension","Fluticasone, Amlodipine, Bupropion",Cataract surgery,"Alzheimer's, None",English,White,Active,2,RegistrationDB
2946,Harold,Cruz,1956-05-16,Male,B+,harold.cruz@email.example.com,(673) 254-6410,Douglas Griffin,(846) 240-6776,"{""line1"": ""1873 Ninth St"", ""apt"": "", Unit 28"", ""city"": ""Tucson"", ""state"": ""AZ"", ""zip"": ""85701"", ""timezone"": ""America/Denver"", ""neighborhood"": ""Midtown"", ""street_type"": ""Ln""}",Married,Administrative Assistant,Porter Corp,Independence Blue Cross,POL-111292,GRP-8220,435,2023-03-08,2024-12-19,176,79,25.5,Non-Smoker,Occasional,None,"Ulcerative Colitis, Eczema, Crohn's Disease","Pantoprazole, Spironolactone","Total hip replacement, Total knee replacement, Colectomy",Arthritis,Spanish,White,Active,25,RegistrationDB
2947,Luke,Reynolds,1992-08-22,Male,A-,luke.reynolds@email.example.com,(916) 966-4914,Scott Thomas,(299) 627-5073,"{""line1"": ""7756 Aspen Ct"", ""apt"": """", ""city"": ""Washington"", ""state"": ""DC"", ""zip"": ""20001"", ""street_type"": ""Ln"", ""latitude"": 47.4749, ""landmark"": ""Behind Metro Station"", ""longitude"": -114.6494}",Single,Electrician,Jenkins Corp,Highmark,POL-242243,GRP-8391,325,2018-03-22,2021-10-02,186,80,23.1,Former Smoker,Moderate,Shellfish,,Bupropion,Appendectomy,"Alzheimer's, Cancer, Diabetes",Mandarin,Black or African American,Active,12,RegistrationDB
2948,Barbara,Thomas,1955-10-31,Female,O+,barbara.thomas@email.example.com,(299) 477-4795,Lucas Kim,(801) 217-4429,"{""line1"": ""611 Poplar St"", ""apt"": """", ""city"": ""Oakland"", ""state"": ""CA"", ""zip"": ""94601"", ""longitude"": -87.6855, ""neighborhood"": ""West Side"", ""timezone"": ""America/Phoenix"", ""country"": ""USA""}",Widowed,Business Owner,,Molina Healthcare,POL-985444,GRP-4191,176,2024-02-09,2025-04-17,160,78,30.5,never assessed,None,NSAIDs,Coronary Artery Disease,"Apixaban, Clopidogrel, Celecoxib",Thyroidectomy,Asthma,Mandarin,White,Inactive,12,RegistrationDB
2953,Robert,Hayes,not available,Male,A-,robert.hayes@email.example.com,(874) 386-1436,Luna Thompson,(635) 744-4140,"{""line1"": ""2440 Sunset Dr"", ""apt"": """", ""city"": ""Columbus"", ""state"": ""OH"", ""zip"": ""43201""}",Single,Writer,Foster Corp,UnitedHealthcare,POL-402390,GRP-9566,324,2024-05-26,,183,95,28.4,Non-Smoker,None,"NSAIDs, Sulfa","Coronary Artery Disease, Chronic Fatigue",Jardiance,None,"Arthritis, Cancer",Tagalog,White,Active,24,RegistrationDB
2955,,Flores,1990-03-24,Female,A+,samantha.flores@email.example.com,(317) 940-2027,Dorothy Cook,(414) 219-4272,"{""line1"": ""6466 Jefferson Ave"", ""apt"": "", Suite 13"", ""city"": ""San Diego"", ""state"": ""CA"", ""zip"": ""92101"", ""street_type"": ""Dr""}",Widowed,Project Manager,Reed Corp,UnitedHealthcare,POL-741730,GRP-6721,390,2020-01-16,,153,100,42.7,Never Assessed,Moderate,,"Anemia, Osteoarthritis, Atrial Fibrillation, Hypothyroidism",Sertraline,None,"Diabetes, Arthritis, Heart Disease",English,White,Active,8,RegistrationDB
2960,Brandon,Allen,2004-09-07,Male,O+,brandon.allen@email.example.com,(439) 864-9885,Miles Ross,(700) 256-5028,"{""line1"": ""2068 Lincoln Blvd"", ""apt"": """", ""city"": ""Long Beach"", ""state"": ""CA"", ""zip"": ""90801"", ""county"": ""Maricopa"", ""floor_number"": 23, ""country"": ""USA"", ""latitude"": 31.8633}",Single,Dental Hygienist,,Humana,POL-272970,GRP-8706,458,2018-04-24,2020-06-08,181,131,40.0,Non-Smoker,None,"PENICILLIN, SULFA",Psoriasis,None,Carpal tunnel release,None,Korean,Hispanic or Latino,Active,25,RegistrationDB
2965,Ruth,Hill,1951-03-10,Female,O+,ruth.hill@email.example.com,(510) 559-8001,Emily Hayes,(650) 315-2518,"{""line1"": ""2751 Second Ave"", ""apt"": """", ""city"": ""Louisville"", ""state"": ""KY"", ""zip"": ""40201""}",Single,Veterinarian,Taylor Corp,Blue Cross Blue Shield,POL-493010,GRP-6398,353,2025-13-01,2025-11-06,149,81,36.5,Non-Smoker,Occasional,"None, NSAIDs",Hypertension,"Sertraline, Atorvastatin, Apixaban, Lisinopril",Tonsillectomy,"Cancer, None, Diabetes",Vietnamese,Black or African American,Active,4,RegistrationDB
,Paisley,Long,1993-08-14,Female,AB+,paisley.long@email.example.com,(716) 220-8464,Amy Williams,(879) 861-6303,"{""line1"": ""7876 Adams Way"", ""apt"": """", ""city"": ""Albuquerque"", ""state"": ""NM"", ""zip"": ""87101"", ""county"": ""Orange"", ""country"": ""USA"", ""timezone"": ""America/Phoenix"", ""street_type"": ""St""}",Married,Dental Hygienist,Reed Corp,Cigna HealthCare,POL-813256,GRP-9731,2,2019-11-20,2023-02-01,154,650,29.1,Former Smoker,Occasional,"None, Sulfa, Codeine",N/A,"Meloxicam, Cetirizine, Spironolactone",Coronary artery bypass grafting,Diabetes,Spanish,White,Active,17,RegistrationDB
2979,Stephanie,Crawford,2000-10-09,Female,B+,stephanie.crawford@email.example.com,(612) 558-4212,Albert Fisher,(236) 492-9752,"{""line1"": ""5605 Sixth Ave"", ""apt"": """", ""city"": ""El Paso"", ""state"": ""TX"", ""zip"": ""79901""}",Single,Architect,Roberts Corp,Anthem,POL-959919,GRP-7931,105,2021-12-16,2022-12-02,170,77,26.6,Current Smoker,Heavy,None,"Sleep Apnea, Osteoarthritis","Loratadine, Montelukast, Bupropion",Hemorrhoidectomy,"Asthma, Alzheimer's",English,Hispanic or Latino,Inactive,10,RegistrationDB
2980,donna,Gray,2005-02-28,Female,O+,donna.gray@email.example.com,(797) 507-3619,,(584) 517-6591,"{""line1"": ""8587 Spring St"", ""apt"": """", ""city"": ""Nashville"", ""state"": ""TN"", ""zip"": ""37201"", ""longitude"": -97.3202}",Divorced,Flight Attendant,Cox Corp,Kaiser Permanente,,GRP-3939,163,2022-08-07,,166,87,31.6,Former Smoker,Moderate,"PENICILLIN, SULFA","Irritable Bowel Syndrome, Psoriasis","Celecoxib, Losartan, Eliquis, Acetaminophen","Appendectomy 2018, Cholecystectomy 2020",Alzheimer's,English,White,Active,7,RegistrationDB
2982,Aurora,Long,1994-10-02,Female,O+,aurora.long@email.example.com,(636) 512-3539,Stella Jackson,(382) 372-8089,"{""line1"": ""5165 Main St"", ""apt"": """", ""city"": ""Miami"", ""state"": ""FL"", ""zip"": ""33101"", ""landmark"": ""Next to Mall"", ""county"": ""San Diego""}",Married,Accountant,Richardson Corp,Blue Cross Blue Shield,POL-853246,GRP-1696,203,2025-11-08,2028-03-10,157,79,32.0,Never Assessed,None,"Sulfa, None, Peanuts","Type 2 Diabetes, COPD, GERD","Meloxicam, Cyclobenzaprine, Furosemide, Insulin glargine",None,,Tagalog,White,active,8,RegistrationDB
2984,Patrick,Gutierrez,1986-04-09,Male,A-,patrick.gutierrez@email.example.com,(348) 277-6837,Robert Johnson,(602) 326-1076,"{""line1"": ""8460 Hill St"", ""apt"": """", ""city"": ""New York"", ""state"": ""NY"", ""zip"": ""10001"", ""country"": ""USA"", ""timezone"": ""America/Denver"", ""longitude"": -101.529, ""street_type"": ""Way""}",Single,Driver,Campbell Corp,,,,242,2025-09-26,2027-09-28,174,heavy,18.2,Non-Smoker,None,"Shellfish, Sulfa, Latex","Anxiety Disorder, GERD",Loratadine,None,"None, Cancer",Cantonese,White,Active,19,RegistrationDB
2990,Carolyn,Diaz,1980-09-30,Female,A+,carolyn.diaz@email.example.com,(868) 356-8114,Deborah Cruz,(373) 532-8829,"{""line1"": ""8210 Cedar Ln"", ""apt"": """", ""city"": ""San Diego"", ""state"": ""CA"", ""zip"": ""92101"", ""longitude"": -118.7071, ""street_type"": ""Ave"", ""country"": ""USA"", ""timezone"": ""America/Los_Angeles""}",Married,HR Specialist,Reynolds Corp,Bright Health,POL-251125,GRP-3911,322,2021-03-14,2021-10-22,160,64,25,Former Smoker,Occasional,None,Hypertension,"Acetaminophen, Prednisone, Duloxetine, Cyclobenzaprine",Total hip replacement,Asthma,Vietnamese,Other,Active,10,RegistrationDB
2995,Joseph,Howard,1800-01-01,Male,O-,joseph.howard@email.example.com,(864) 463-4874,Christopher Johnson,(377) 345-5916,"{""line1"": ""3622 Walnut Ave"", ""apt"": "", Apt 49"", ""city"": ""Austin"", ""state"": ""TX"", ""zip"": ""73301""}",Married,Professor,Kelly Corp,,POL-996502,GRP-7939,341,2023-08-01,2026-12-12,181,111,33.9,Current Smoker,Former,"None, Dust, Peanuts","Depression, Fibromyalgia","Apixaban, Cyclobenzaprine, Insulin glargine",Gastric bypass,"Hypertension, Stroke, Cancer",Tagalog,White,Inactive,9,RegistrationDB
3002,Kelly,Chavez,1953-10-16,Mle,O-,kelly.chavez1@email.example.com,(888) 386-6282,Amanda Gray,(269) 712-6628,"{""line1"": ""8397 Monroe Dr"", ""apt"": "", Unit 4"", ""city"": ""Atlanta"", ""state"": ""GA"", ""zip"": ""30301"", ""timezone"": ""America/Los_Angeles""}",Married,Unemployed,,Kaiser Permanente,POL-454776,GRP-5628,292,2025-06-13,2028-02-05,161,66,25.5,Non-Smoker,Occasional,"Shellfish, NSAIDs","Anemia, Congestive Heart Failure, Psoriasis","Warfarin, Celecoxib",None,Arthritis,Tagalog,White,Active,14,RegistrationDB
3005,Carol,Woods,1972-12-09,Female,B+,carol.woods@email.example.com,(792) 835-2041,Jasper Collins,(482) 258-7230,"{""line1"": ""4178 Fourth Ave"", ""apt"": "", Apt 18"", ""city"": ""Oakland"", ""state"": ""CA"", ""zip"": ""94601"", ""street_type"": ""Ave"", ""neighborhood"": ""East Side"", ""latitude"": 31.9824, ""country"": ""USA""}",Married,Software Developer,Simpson Corp,Blue Cross,POL-308879,GRP-2259,246,2023-01-23,2024-04-09,168,heavy,41.5,Non-Smoker,None,"Dust, Sulfa",,"Prednisone, Jardiance, Metoprolol",None,None,English,Black or African American,Active,14,RegistrationDB
3013,Henry,Thompson,1955-01-06,Male,O+,henry.thompson@email.example.com,(887) 714-6358,Jerry Powell,(809) 553-1504,"{""line1"": ""9401 Market St"", ""apt"": """", ""city"": ""Albuquerque"", ""state"": ""NM"", ""zip"": ""87101"", ""neighborhood"": ""Suburbs""}",Married,Chef,Gibson Corp,Bright Health,POL-458917,GRP-5208,308,2024-12-09,2025-06-06,182,84,25.4,Non-Smoker,Former,Latex,"Type 2 Diabetes, Psoriasis, Hyperlipidemia","Cyclobenzaprine, Losartan","Hernia repair, Coronary artery bypass grafting",Alzheimer's,English,Hispanic or Latino,Active,1,RegistrationDB
3020,Thomas,White,1976-06-01,Male,O+,thomas.white@email.example.com,abc-def-ghij,Jasper Foster,(421) 298-2503,"{""line1"": ""2803 Broadway"", ""apt"": """", ""city"": ""San Jose"", ""state"": ""CA"", ""zip"": ""95101""}",Married,Chef,Gomez Corp,,,,357,2022-11-20,2025-11-13,185,68,19.9,Current Smoker,Former,"Latex, Penicillin, Peanuts","Type 2 Diabetes, Depression, Chronic Fatigue, Ulcerative Colitis","Acetaminophen, Aspirin","Colectomy, Coronary artery bypass grafting, Total hip replacement","Heart Disease, Hypertension",Tagalog,White,Active,2,RegistrationDB
3025,Penelope,Washington,1997-02-19,Female,A+,penelope.washington@email.example.com,(569) 536-1679,Justin Graham,(972) 258-9496,"{""line1"": ""4244 Market St"", ""apt"": """", ""city"": ""Dallas"", ""state"": ""TX"", ""zip"": ""75201"", ""timezone"": ""America/New_York"", ""longitude"": -103.6216}",Divorced,Dentist,Hamilton Corp,Molina Healthcare,POL-994244,GRP-2974,357,2018-04-20,2021-09-13,168,84,29.8,Non-Smoker,Occasional,"Penicillin, Shellfish",Hypothyroidism,"Furosemide, Metoprolol, Loratadine, Cyclobenzaprine","Angioplasty with stent, Coronary artery bypass grafting, Carpal tunnel release",None,Spanish,White,Active,2,RegistrationDB
3028,Genesis,Myers,2000-01-20,Female,AB+,genesis.myers@email.example.com,(748) 896-3078,Kelly Ford,(351) 633-8256,"{""line1"": ""9506 Poplar St"", ""apt"": "", Suite 8"", ""city"": ""San Diego"", ""state"": ""CA"", ""zip"": ""92101"", ""longitude"": -108.7108, ""latitude"": 27.2941}",Single,Engineer,Jenkins Corp,Kaiser Permanente,POL-141262,GRP-3903,256,2022-03-27,2025-08-06,155,79,32.9,Non-Smoker,None,None,,"Ozempic, Ibuprofen, Furosemide, Losartan",None,"Diabetes, Stroke",Spanglish,White,Inactive,9,RegistrationDB
3036,Donna,Price,1974-11-15,Female,O+,donna.price@email.example.com,(622) 734-4205,Susan Morgan,,"{""line1"": ""5095 View Blvd"", ""apt"": """", ""city"": ""Fort Worth"", ""state"": ""TX"", ""zip"": ""76101"", ""timezone"": ""America/New_York"", ""street_type"": ""Ct"", ""longitude"": -74.2962}",Single,Veterinarian,Bryant Corp,Aetna,POL-846748,G1234,107,2023-03-26,2023-08-05,tall,66,26.8,Never Assessed,Occasional,"Latex, Shellfish",,"Celecoxib, Furosemide",None,Hypertension,English,Black or African American,Active,20,RegistrationDB
3048,Ethan,Diaz,2003-01-25,Male,A+,ethan.diaz1@email.example.com,(593) 427-7304,Joyce Ortiz,(825) 350-6449,"{""line1"": ""6721 Elm St"", ""apt"": "", Unit 6"", ""city"": ""Seattle"", ""state"": ""WA"", ""zip"": ""98101"", ""country"": ""USA"", ""timezone"": ""America/Chicago"", ""longitude"": -115.4564}",Separated,---,Ward Corp,CareFirst,POL-775316,GRP-7274,145,2024-08-26,2025-06-09,176,102,32.9,never assessed,None,"Codeine, Sulfa",Depression,"Pantoprazole, Amlodipine, Duloxetine, Losartan",None,"Stroke, Arthritis",English,White,Active,9,RegistrationDB
3060,Megan,Lewis,1999-03-15,Female,A+,megan.lewis1@email.example.com,(607) 888-7198,Albert Nelson,(662) 854-5365,"{""line1"": ""4107 Seventh St"", ""apt"": """", ""city"": ""Minneapolis"", ""state"": ""MN"", ""zip"": ""55401"", ""street_type"": ""Blvd"", ""timezone"": ""America/New_York"", ""neighborhood"": ""Historic District""}",Single,Veterinarian,Rogers Corp,Cigna HealthCare,POL-873298,GRP-6843,135,2024-04-15,2028-01-28,161,70,27.0,Former Smoker,None,"None, Codeine, Penicillin",Crohn's Disease,None,None,Arthritis,Spanish,White,,25,RegistrationDB
3062,Avery,Alexander,1991-07-28,Female,A+,avery.alexander@email.example.com,(808) 375-2506,Nathan Garcia,(683) 241-9957,"{""line1"": ""1394 Center St"", ""apt"": """", ""city"": ""Austin"", ""state"": ""TX"", ""zip"": ""73301"", ""longitude"": -116.1632, ""country"": ""USA"", ""street_type"": ""Cir"", ""neighborhood"": ""Northside""}",Single,Police Officer,Price Corp,Aetna,POL-ABC,GRP-5806,38,2018-12-13,2019-09-19,168,82,29.1,Non-Smoker,Occasional,"NSAIDs, Peanuts, Latex","GERD, Coronary Artery Disease, Fibromyalgia, Chronic Kidney Disease","Lisinopril, Tramadol, Loratadine",None,Hypertension,Spanish,White,Active,19,RegistrationDB
3069,Zachary,Johnson,1985-10-08,Male,,zachary.johnson@email.example.com,(333) 714-9126,Shirley Nguyen,(351) 504-3313,"{""line1"": ""4808 Lake Dr"", ""apt"": """", ""city"": ""Raleigh"", ""state"": ""NC"", ""zip"": ""27601"", ""latitude"": 29.354, ""country"": ""USA"", ""street_type"": ""Dr"", ""county"": ""Miami-Dade""}",Separated,Accountant,,UnitedHealthcare,POL-735749,GRP-8942,442,2019-10-28,2022-11-02,173,92,30.7,Non-Smoker,Moderate,None,"Ulcerative Colitis, Hypothyroidism, Chronic Kidney Disease, Hyperlipidemia",None,C-section,"Diabetes, Asthma",English,White,Active,13,RegistrationDB
3074,,Gomez,1990-09-11,Female,B+,anna.gomez@email.example.com,(561) 345-9552,Jose Flores,(737) 266-8629,"{""line1"": ""3652 Sixth Ave"", ""apt"": """", ""city"": ""New Orleans"", ""state"": ""LA"", ""zip"": ""70112"", ""floor_number"": 29}",Single,Driver,,Health Net,POL-381581,GRP-9007,318,2019-12-03,2020-11-18,173,81,27.1,Smoker,Occasional,"Peanuts, Latex","Migraine, Hypertension, Ulcerative Colitis","Pantoprazole, Hydrochlorothiazide, Aspirin, Furosemide",Laminectomy,"Asthma, Cancer",English,White,Active,10,RegistrationDB
3079,Benjamin,Long,1997-02-14,Male,O+,benjamin.long@email.example.com,(856) 283-9658,Aria Miller,(631) 372-3533,"{""line1"": ""3278 Forest Ave"", ""apt"": """", ""city"": ""Austin"", ""state"": ""TX"", ""zip"": ""73301"", ""street_type"": ""Ave"", ""floor_number"": 9, ""longitude"": -92.457, ""county"": ""Dallas""}",Separated,,Marshall Corp,Oscar Health,POL-478618,GRP-5218,459,2019-09-26,2022-01-13,167,81,29.0,Never Assessed,Occasional,Sulfa,"Chronic Kidney Disease, Eczema","Tramadol, Duloxetine","Sleeve gastrectomy, Rotator cuff repair","Alzheimer's, Arthritis, Asthma",Vietnamese,White,Active,7,RegistrationDB
3093,John,Thomas,1992-10-04,Male,A+,john.thomas@email.example.com,(210) 309-6348,Zachary Woods,(604) 744-8957,"{""line1"": ""1066 Tenth Ave"", ""apt"": """", ""city"": ""Tucson"", ""state"": ""AZ"", ""zip"": ""85701"", ""neighborhood"": ""Historic District"", ""timezone"": ""America/New_York"", ""county"": ""San Diego"", ""street_type"": ""Cir""}",Single,Graphic Designer,Bennett Corp,UnitedHealthcare,POL-880690,GRP-5758,493,2024-09-02,2026-07-09,169,58,20.3,Current Smoker,None,"Latex, Dust, NSAIDs",,"Atorvastatin, Jardiance, Levothyroxine, Insulin glargine",Carpal tunnel release,Arthritis,Tagalog,White,Active,3,RegistrationDB
3099,Russell,Wallace,1984-06-20,Male,O+,russell.wallace@email.example.com,(687) 605-6328,Dennis Reyes,(512) 474-9438,"{""line1"": ""8803 Sycamore Ave"", ""apt"": "", Suite 20"", ""city"": ""Philadelphia"", ""state"": ""PA"", ""zip"": ""19101"", ""delivery_notes"": ""Ring bell"", ""longitude"": -120.9808, ""street_type"": ""Dr"", ""timezone"": ""America/New_York""}",Married,Artist,Taylor Corp,Kaiser Permanente,POL-549463,GRP-7233,195,2022-08-18,2026-08-28,171,80,27.4,Non-Smoker,None,"None, Shellfish, Penicillin","Eczema, Coronary Artery Disease",!@#$%^&*(),"Angioplasty with stent, Hysterectomy, Rotator cuff repair",Hypertension,Tagalog,White,Active,6,RegistrationDB
3102,Virginia,Gonzalez,2002-06-26,Female,A-,virginia.gonzalez@email.example.com,(566) 420-6449,Silas Ellis,(482) 200-2327,"{""line1"": ""1694 Monroe Dr"", ""apt"": """", ""city"": ""Washington"", ""state"": ""DC"", ""zip"": ""20001"", ""street_type"": ""Cir"", ""timezone"": ""America/New_York""}",Single,Driver,Jenkins Corp,Kaiser Permanente,POL-285140,GRP-6038,363,2024-08-02,,161,75,normal,Non-Smoker,None,"Latex, Codeine, None",,"Amlodipine, Clopidogrel, Atorvastatin",Coronary artery bypass grafting,,Spanish,White,Active,18,RegistrationDB
3108,Naomi,Patel,2004-04-10,Female,O+,naomi.patel@email.example.com,(598) 341-5287,Susan Bennett,(740) 776-9065,"{""line1"": ""3125 Elm St"", ""apt"": "", # 10"", ""city"": ""New York"", ""state"": ""NY"", ""zip"": ""10001"", ""county"": ""Harris"", ""floor_number"": 7, ""latitude"": 43.5448}",Separated,Flight Attendant,,Cigna,POL-521707,GRP-2284,390,2021-08-18,2022-11-25,163,93,35.0,Never Assessed,Heavy,"Shellfish, Dust","Eczema, Osteoarthritis","Duloxetine, Cyclobenzaprine, Spironolactone",None,None,Vietnamese,White,Active,8,RegistrationDB
3110,Barbara,Roberts,1965-01-16,Female,B-,barbara.roberts@email.example.com,(738) 932-7994,Willie Cruz,(209) 601-1720,"{""line1"": ""3148 Cypress Dr"", ""apt"": """", ""city"": ""Colorado Springs"", ""state"": ""CO"", ""zip"": ""80901"", ""country"": ""USA"", ""longitude"": -80.7866, ""street_type"": ""Rd""}",Separated,Pilot,Sanchez Corp,Independence Blue Cross,POL-253466,,337,2019-05-20,2019-07-23,162,62,23.6,Never Assessed,Heavy,"Dust, Peanuts",Sleep Apnea,"Jardiance, Cetirizine, Celecoxib","Mastectomy, Gastric bypass","Asthma, Arthritis",English,White,Active,11,RegistrationDB
3120,Donna,Ward,1981-01-19,Female,O-,donna.ward@email.example.com,(913) 679-6925,Naomi Gutierrez,(876) 725-1906,"{""line1"": ""1356 Sixth Ave"", ""apt"": "", # 44"", ""city"": ""Charlotte"", ""state"": ""NC"", ""zip"": ""28201"", ""timezone"": ""America/Los_Angeles"", ""neighborhood"": ""East Side"", ""street_type"": ""Dr"", ""delivery_notes"": ""Gate code: #1234"", ""country"": ""USA""}",Separated,Unemployed,Foster Corp,Oscar Health,POL-263509,GRP-9240,482,2018-11-26,2021-02-23,164,99,36.8,Never Assessed,Occasional,"Sulfa, Codeine",Irritable Bowel Syndrome,unknown,,None,English,White,Active,19,RegistrationDB
3122,Katherine,Murphy,2003-02-26,Female,O+,katherine.murphy@email.example.com,(377) 219-8525,Rachel Hall,(890) 440-5894,"{""line1"": ""8563 Center St"", ""apt"": "", # 14"", ""city"": ""Denver"", ""state"": ""CO"", ""zip"": ""80201"", ""landmark"": ""Opposite Central Park"", ""county"": ""San Diego"", ""latitude"": 34.1049}",Married,Doctor,,Blue Cross,POL-205442,GRP-6265,394,2022-11-26,2024-11-23,166,74,26.9,Non-Smoker,Moderate,None,,Ozempic,None,"Alzheimer's, Asthma",Spanish,Black or African American,Active,5,RegistrationDB
3127,,Jordan,1959-04-03,Non-Binary,A-,riley.jordan@email.example.com,(285) 637-5928,Larry Perry,(671) 337-4497,"{""line1"": ""9298 Aspen Ct"", ""apt"": "", Unit 4"", ""city"": ""Tulsa"", ""state"": ""OK"", ""zip"": ""74101"", ""timezone"": ""America/Los_Angeles"", ""latitude"": 47.3134, ""neighborhood"": ""Uptown""}",Divorced,Consultant,Anderson Corp,Harvard Pilgrim,POL-965008,GRP-5862,437,2023-07-14,2026-05-25,185,40,12,Former Smoker,Former,"PENICILLIN, SULFA","Eczema, Migraine","Celecoxib, Clopidogrel",Thyroidectomy,Diabetes,English,Hispanic or Latino,Active,12,RegistrationDB
3131,Aurora,Long,1977-12-21,Female,O+,aurora.long1@email.example.com,(311) 655-2210,Scarlett Foster,(664) 735-6513,"{""line1"": ""3195 Walnut Ave"", ""apt"": """", ""city"": ""Dallas"", ""state"": ""TX"", ""zip"": ""75201"", ""longitude"": -101.2445}",Single,Teacher,Hayes Corp,Bright Health,POL-455326,GRP-3767,223,2023-06-16,2024-02-18,157,94,-5,Non-Smoker,Occasional,Latex,,"Albuterol, Insulin glargine, Ozempic",Vasectomy,"Alzheimer's, Cancer",Tagalog,Hispanic or Latino,Active,14,RegistrationDB
3152,Timothy,Morales,1966-08-03,Male,A+,timothy.morales@email.example.com,(549) 853-2457,Barbara Ramos,(562) 570-9116,"{""line1"": ""1583 Hickory St"", ""apt"": """", ""city"": ""Charlotte"", ""state"": ""NC"", ""zip"": ""28201"", ""county"": ""Queens""}",Separated,Electrician,Flores Corp,Bright Health,POL-605606,GRP-5541,332,2025-13-01,2025-05-21,178,80,25.2,Never Assessed,Heavy,"None, Sulfa, Shellfish","Rheumatoid Arthritis, Congestive Heart Failure","Insulin glargine, Cetirizine, Jardiance, Omeprazole",Appendectomy,None,English,Hispanic or Latino,Active,2,RegistrationDB
3153,Oliver,Wallace,2003-01-27,Male,A+,oliver.wallace@email.example.com,2125550199,Donna Flores,(983) 864-6052,"{""line1"": ""4530 Jefferson Ave"", ""apt"": """", ""city"": ""San Antonio"", ""state"": ""TX"", ""zip"": ""78201"", ""longitude"": -74.322, ""neighborhood"": ""Uptown""}",Married,Architect,Mendoza Corp,CareFirst,POL-642461,GRP-7412,445,2025-12-11,2026-01-10,163,86,32.4,Non-Smoker,Moderate,"Latex, NSAIDs, None",Ulcerative Colitis,None,None,None,English,Hispanic or Latino,Active,16,RegistrationDB
3161,Betty,Brooks,2000-09-27,Female,A+,betty.brooks1@email.example.com,(517) 852-3765,Dylan Morales,(521) 563-7604,"{""line1"": ""4307 Cedar Ln"", ""apt"": """", ""city"": ""Atlanta"", ""state"": ""GA"", ""zip"": ""30301"", ""country"": ""USA"", ""street_type"": ""St"", ""landmark"": ""Near City Hall""}",Married,Chef,,Tufts Health Plan,POL-767648,GRP-9159,324,2022-07-25,2022-08-19,157,92,37.3,Former Smoker,Occasional,"Peanuts, Dust","Rheumatoid Arthritis, Congestive Heart Failure, Psoriasis","Spironolactone, Sertraline",none,None,Mandarin,White,Active,24,RegistrationDB
3165,Nancy,Allen,2003-08-15,Female,O+,nancy.allen@email.example.com,(412) 700-3348,Jackson Cruz,(565) 728-2774,"{""line1"": ""8866 Church St"", ""apt"": "", Apt 3"", ""city"": ""Los Angeles"", ""state"": ""CA"", ""zip"": ""90001"", ""neighborhood"": ""Uptown"", ""street_type"": ""Way"", ""county"": ""Harris""}",Married,Librarian,Ruiz Corp,Humana,,GRP-4152,32,2022-10-20,2023-02-12,170,73,25.3,Non-Smoker,Occasional,Null,,"Levothyroxine, Albuterol, Lisinopril, Bupropion",Thyroidectomy,None,Spanish,Hispanic or Latino,Active,22,RegistrationDB
3172,Scarlett,Gonzales,1989-05-16,Female,A+,scarlett.gonzales@email.example.com,(335) 741-8196,Genesis Bryant,(856) 215-7661,"{""line1"": ""5642 Lincoln Blvd"", ""apt"": "", Suite 35"", ""city"": ""Long Beach"", ""state"": ""CA"", ""zip"": ""90801""}",married,Business Owner,Diaz Corp,Health Net,POL-808662,GRP-7560,337,2019-07-16,2022-06-10,162,58,22.1,Non-Smoker,None,"NSAIDs, Shellfish, Codeine",,"Sertraline, Apixaban, Acetaminophen, Spironolactone",Mastectomy,Heart Disease,Spanish,Black or African American,active,11,RegistrationDB
3175,Randy,Campbell,1951-06-05,Male,O-,randy.campbell@email.example.com,,Brandon Foster,(303) 716-8488,"{""line1"": ""8477 Elm St"", ""apt"": """", ""city"": ""Kansas City"", ""state"": ""MO"", ""zip"": ""64101"", ""county"": ""Queens""}",Married,Firefighter,Allen Corp,Molina Healthcare,POL-963896,GRP-8898,224,2022-01-30,2023-09-16,185,73,21.3,Current Smoker,Heavy,"Pollen, NSAIDs, Codeine",Depression,None,None,Asthma,,Black or African American,Active,7,RegistrationDB
3178,Nicholas,Cruz,2003-04-09,Male,O+,nicholas.cruz@email.example.com,(219) 296-9575,Kathleen Reynolds,(279) 727-2096,"{""line1"": ""1122 Ash Ct"", ""apt"": "", Suite 32"", ""city"": ""New Orleans"", ""state"": ""LA"", ""zip"": ""70112"", ""latitude"": 39.9037, ""longitude"": -100.137, ""timezone"": ""America/New_York""}",Married,Flight Attendant,Wallace Corp,Kaiser Permanente,POL-819730,GRP-2707,151,2020-09-29,2021-08-15,160,,37.1,Non-Smoker,Moderate,"Sulfa, Peanuts, Dust",,"Tramadol, Omeprazole","Total hip replacement, Carpal tunnel release, ACL reconstruction","Hypertension, Alzheimer's",Cantonese,White,Active,16,RegistrationDB
3179,,Adams,1986-05-11,Male,O-,joe.adams@email.example.com,(861) 481-2578,Rachel Flores,(848) 930-3227,"{""line1"": ""1863 Forest Ave"", ""apt"": "", Unit 4"", ""city"": ""San Jose"", ""state"": ""CA"", ""zip"": ""95101"", ""delivery_notes"": ""Call upon arrival"", ""latitude"": 28.9597}",Married,Nurse,Reynolds Corp,,,,239,2021-07-01,2024-10-28,180,40,12.3,Non-Smoker,Moderate,"Shellfish, Peanuts, Sulfa",N/A,None,None,Diabetes,Mandarin,Asian,Active,12,RegistrationDB
3193,Naomi,Baker,1974-02-18,Female,O+,naomi.baker1@email.example.com,(886) 246-9388,Amy Roberts,(239) 909-8897,"{""line1"": ""2219 Birch St"", ""apt"": "", Suite 26"", ""city"": ""Charlotte"", ""state"": ""NC"", ""zip"": ""28201"", ""timezone"": ""America/New_York""}",Married,Bank Teller,Scott Corp,Cigna HealthCare,POL-502320,GRP-8806,120,2025-03-06,2026-09-13,171,73,25.0,Non-Smoker,Occasional,"Penicillin, Pollen",,"Eliquis, Clopidogrel, Metoprolol",None,None,Spanish,White,Active,2,RegistrationDB
3194,Luna,Gonzales,1995-04-26,Female,AB-,luna.gonzales@email.example.com,(605) 261-2662,Genesis Flores,(805) 321-3409,"{""line1"": ""4090 Second Ave"", ""apt"": "", Suite 46"", ""city"": ""Washington"", ""state"": ""DC"", ""zip"": ""20001""}",Married,Manager,Kim Corp,UnitedHealthcare,POL-599116,GRP-7913,230,2021-06-15,2022-12-13,171,66,22.6,Current Smoker,Occasional,"Dust, Peanuts, NSAIDs",,None,None,"None, Hypertension",English,Other,active,8,RegistrationDB
3197,Anthony,Gonzales,1987-12-04,Male,O-,anthony.gonzales1@email.example.com,(734) 370-4351,Adam Gray,(448) 707-1914,"{""line1"": ""5811 Magnolia Way"", ""apt"": """", ""city"": ""Fresno"", ""state"": ""CA"", ""zip"": ""93701"", ""street_type"": ""Way"", ""neighborhood"": ""Waterfront""}",Divorced,Dental Hygienist,Cole Corp,Tufts Health Plan,POL-932833,GRP-9416,417,2023-03-19,2025-03-07,179,54,16.9,Non-Smoker,None,"Sulfa, Dust","Osteoporosis, COPD, Atrial Fibrillation, Irritable Bowel Syndrome","Metoprolol, Celecoxib, Duloxetine, Pantoprazole",None,None,English,White,Active,14,RegistrationDB
3201,Michelle,Garcia,1988-04-13,Female,O+,michelle.garcia@email.example.com,12345,Madelyn Ramos,000-000-0000,"{""line1"": ""5209 Main St"", ""apt"": """", ""city"": ""Memphis"", ""state"": ""TN"", ""zip"": ""38101"", ""timezone"": ""America/Denver"", ""country"": ""USA"", ""county"": ""Harris"", ""neighborhood"": ""West Side""}",Single,Writer,Nguyen Corp,Highmark,POL-651376,,152,2021-02-14,2021-12-10,156,87,35.7,Current Smoker,Moderate,"Shellfish, NSAIDs, Latex",,None,"Meniscectomy, Cataract surgery","None, Cancer",English,Hispanic or Latino,Active,28,RegistrationDB
3203,Brenda,Stevens,2003-07-16,Female,A+,brenda.stevens@email.example.com,(975) 392-1271,Jonathan Gibson,(617) 770-2421,"{""line1"": ""4782 Seventh St"", ""apt"": "", Unit 24"", ""city"": ""San Francisco"", ""state"": ""CA"", ""zip"": ""94101"", ""timezone"": ""America/Phoenix"", ""neighborhood"": ""Southside"", ""landmark"": ""Near Hospital""}",Single,Engineer,Bailey Corp,Oscar Health,POL-468380,,310,2025-06-13,2025-11-30,159,76,30.1,Current Smoker,Occasional,None,"Anemia, Osteoporosis, Irritable Bowel Syndrome, Anemia, Osteoporosis, Irritable Bowel Syndrome","Acetaminophen, Levothyroxine",None,"Heart Disease, Diabetes, Arthritis",Korean,White,Active,15,RegistrationDB
3207,Michael,Martin,2004-10-22,Male,B-,michael.martin@email.example.com,(239) 895-8716,Margaret Williams,(948) 205-5290,"{""line1"": ""5354 Center St"", ""apt"": """", ""city"": ""Indianapolis"", ""state"": ""IN"", ""zip"": ""46201"", ""longitude"": -94.0718, ""neighborhood"": ""West Side""}",Single,Chef,Hayes Corp,Health Net,POL-782815,GRP-9801,417,2018-03-09,2019-06-22,174,88,29.1,Never Assessed,Moderate,"Penicillin, Latex, None","Eczema, Fibromyalgia, Ulcerative Colitis, Eczema, Fibromyalgia, Ulcerative Colitis",Amlodipine,None,Alzheimer's,English,Black or African American,Active,14,RegistrationDB
3209,Terry,Long,1952-01-12,Male,O+,terry.long@email.example.com,(892) 406-6189,Jasper Jones,(357) 362-9630,"{""line1"": ""5223 View Blvd"", ""apt"": "", Unit 8"", ""city"": ""San Jose"", ""state"": ""CA"", ""zip"": ""95101"", ""county"": ""Sacramento"", ""timezone"": ""America/Los_Angeles""}",Married,Electrician,Ross Corp,Centene,POL-796363,GRP-9353,273,2020-12-21,2022-06-16,180,74,22.8,Former Smoker,None,NSAIDs,,!@#$%^&*(),None,None,English,White,Active,11,RegistrationDB
3222,Ruth,Murphy,1986-12-22,Female,O-,ruth.murphy@email.example.com,(675) 836-7229,Brenda Jordan,(448) 241-9900,"{""line1"": ""9451 Hickory St"", ""apt"": "", # 24"", ""city"": ""Atlanta"", ""state"": ""GA"", ""zip"": ""30301"", ""landmark"": ""Behind Metro Station"", ""neighborhood"": ""Downtown"", ""timezone"": ""America/Chicago"", ""latitude"": 30.9773}",Single,Military,Hughes Corp,Health Net,POL-965793,GRP-2616,415,2020-02-20,2020-07-08,157,70,28.4,Non-Smoker,Former,Dust,COPD,"Amlodipine, Celecoxib, Jardiance, Montelukast",None,"Heart Disease, None, Cancer",Spanish,Hispanic or Latino,active,9,RegistrationDB
3235,Mateo,Scott,2001-01-18,Male,A+,user@.com,(911) 747-3144,Nicole Simpson,(917) 348-4068,"{""line1"": ""7169 Sixth Ave"", ""apt"": """", ""city"": ""San Antonio"", ""state"": ""TX"", ""zip"": ""78201""}",Single,Dentist,Kelly Corp,Harvard Pilgrim,POL-525355,GRP-7703,288,2022-08-05,2022-08-15,178,66,20.8,Current Smoker,Occasional,"Penicillin, NSAIDs, Sulfa","Depression, Asthma, GERD, Congestive Heart Failure",None,"C-section, Mastectomy",None,English,White,Inactive,15,RegistrationDB
3236,Justin,Russell,2000-09-26,Male,O+,justin.russell@email.example.com,(330) 735-9797,Sharon Alvarez,(923) 954-6612,"{""line1"": ""489 Sycamore Ave"", ""apt"": """", ""city"": ""Dallas"", ""state"": ""TX"", ""zip"": ""75201"", ""county"": ""San Diego"", ""neighborhood"": ""East Side"", ""timezone"": ""America/Phoenix""}",Single,Chef,,Cigna HealthCare,POL-846215,GRP-2261,165,2018-10-16,1900-01-01,174,87,28.7,Current Smoker,Moderate,"Latex, Peanuts",,"Spironolactone, Lisinopril, Ibuprofen",None,Hypertension,English,White,Active,18,RegistrationDB
3249,Barbara,Brown,1977-11-11,Female,AB,barbara.brown1@email.example.com,(356) 581-3571,Ethan Lewis,(354) 427-3323,"{""line1"": ""Unknown"", ""city"": ""Unknown"", ""state"": ""NA"", ""zip"": ""00000"", ""longitude"": -104.6263}",Widowed,Chef,Thomas Corp,Kaiser Permanente,POL-261525,GRP-6135,,2020-05-13,2023-11-23,168,65,23.0,Non-Smoker,None,,"Osteoporosis, Atrial Fibrillation, Migraine, Chronic Kidney Disease",Meloxicam,Meniscectomy,Hypertension,English,Hispanic or Latino,Inactive,,RegistrationDB
3256,Ellie,Myers,2005-11-30,Female,O-,ellie.myers@email.example.com,(803) 490-8755,Russell Long,(610) 524-2070,"{""line1"": ""1086 Fourth Ave"", ""apt"": """", ""city"": ""Denver"", ""state"": ""CO"", ""zip"": ""80201""}",Married,UnemPloyed,Ortiz Corp,Geisinger,POL-900067,GRP-5372,404,2023-05-22,2026-06-12,174,60,,Never Assessed,Occasional,"Latex, Penicillin",Asthma,unknown,None,"Arthritis, Stroke, Alzheimer's",Tagalog,Asian,Active,4,RegistrationDB
3263,Janet,Scott,2004-03-05,Female,B+,janet.scott@email.example.com,(427) 272-6933,Naomi Campbell,(881) 649-3327,"{""line1"": ""866 Cedar Ln"", ""apt"": "", Suite 24"", ""city"": ""Washington"", ""state"": ""DC"", ""zip"": ""20001"", ""county"": ""Sacramento"", ""longitude"": -75.2475, ""country"": ""USA"", ""latitude"": 41.6124}",,Construction Worker,Kelly Corp,Cigna,POL-833651,GRP-6542,276,2021-01-08,2024-09-28,160,73,28.5,Non-Smoker,Moderate,"Penicillin, Codeine",,"Bupropion, Jardiance",None,"Diabetes, Alzheimer's, Arthritis",Russian,Hispanic or Latino,Active,19,RegistrationDB
3275,,,1962-08-16,Male,AB,timothy.miller@email.example.com,(406) 836-8716,Kathleen Hunter,(278) 743-4737,"{""line1"": ""433 Washington Ave"", ""apt"": """", ""city"": ""New York"", ""state"": ""NY"", ""zip"": ""10001"", ""street_type"": ""Ct"", ""longitude"": -81.498, ""neighborhood"": ""Southside""}",Married,Psychologist,James Corp,Blue Cross Blue Shield,POL-507141,GRP-6058,102,2024-10-12,2028-11-07,180,75,23.1,Current Smoker,Occasional,None,Coronary Artery Disease,"Sertraline, Acetaminophen, Aspirin, Metformin","Appendectomy 2018, Cholecystectomy 2020","Asthma, Stroke",English,caucasian,Active,21,RegistrationDB
3277,Alexander,Harrison,1988-04-19,Male,A+,alexander.harrison@email.example.com,(203) 704-5816,Harold Marshall,(471) 554-3097,"{""line1"": ""8203 Maple Dr"", ""apt"": "", Suite 17"", ""city"": ""Los Angeles"", ""state"": ""CA"", ""zip"": ""90001""}",Separated,Teacher,Evans Corp,Cigna,POL-522555,GRP-8712,46,2018-12-02,2020-10-29,190,75,20.8,Non-Smoker,,"Peanuts, None, Dust","Hyperlipidemia, Hypothyroidism, Psoriasis","Duloxetine, Warfarin, Apixaban, Acetaminophen",Hernia repair,"Cancer, Stroke",English,White,Active,20,RegistrationDB
3279,Sharon,Rivera,1989-04-02,Female,O-,sharon.rivera@email.example.com,(624) 411-9463,Betty Hunter,(359) 540-1517,"{""line1"": ""9953 Fourth Ave"", ""apt"": "", # 8"", ""city"": ""Virginia Beach"", ""state"": ""VA"", ""zip"": ""23450""}",Divorced,Dentist,Hicks Corp,Aetna,POL-518478,GRP-5693,263,2024-07-20,2024-08-31,175,64,20.9,Former Smoker,Occasional,None,,"Ozempic, Cetirizine",None,"Arthritis, Cancer, Diabetes",English,White,Active,16,RegistrationDB
3282,Kyle,Gomez,1984-05-22,Male,A-,kyle.gomez@email.example.com,(724) 473-6425,Penelope Long,(440) 218-8227,"{""line1"": ""5130 Union Ave"", ""apt"": """", ""city"": ""Phoenix"", ""state"": ""AZ"", ""zip"": ""85001""}",Married,Lawyer,Martinez Corp,MetLife,POL-833793,GRP-7902,414,2022-12-17,2025-07-19,179,105,32.8,Never Assessed,Occasional,"Penicillin, Codeine",Anemia,Pantoprazole,Mastectomy,"Cancer, Diabetes",English,Black or African American,Inactive,8,RegistrationDB
3284,Henry,Hill,1990-02-01,Male,B+,henry.hill@email.example.com,(845) 675-5819,Randy Evans,(812) 936-7471,"{""line1"": ""8972 Elm St"", ""apt"": """", ""city"": ""Sacramento"", ""state"": ""CA"", ""zip"": ""94201"", ""street_type"": ""Rd""}",Married,Psychologist,Jones Corp,Blue Cross Blue Shield,POL-212704,GRP-4332,395,2018-04-24,1900-01-01,173,92,30.7,,Occasional,"Sulfa, Codeine",,"Metformin, Insulin glargine",None,Arthritis,English,White,Active,2,RegistrationDB
3292,Micah,Lee,2000-07-17,Male,A+,micah.lee@email.example.com,(275) 248-9951,Kathleen Richardson,(636) 758-1430,"{""line1"": ""1279 Washington Ave"", ""apt"": "", # 27"", ""city"": ""Virginia Beach"", ""state"": ""VA"", ""zip"": ""23450""}",Married,Project Manager,Brooks Corp,Highmark,POL-171728,GRP-7414,466,2024-05-02,2028-01-25,184,129,38.1,Former Smoker,None,None,Psoriasis,Hydrochlorothiazide,None,"None, Stroke, Alzheimer's",English,Hispanic or Latino,Active,3,RegistrationDB
3296,Paul,Stevens,1995-06-05,Male,A+,paul.stevens@email.example.com,(461) 626-7642,Sandra Wells,(662) 787-9539,"{""line1"": ""5660 Highland Ave"", ""apt"": """", ""city"": ""Minneapolis"", ""state"": ""MN"", ""zip"": ""55401"", ""longitude"": -87.2574}",Single,Nurse,Crawford Corp,Highmark,POL-962727,GRP-7253,432,2018-08-10,,175,63,20.6,Former Smoker,Moderate,Latex,,None,Cholecystectomy,"Hypertension, Asthma, Cancer",English,Black or African American,Inactive,18,RegistrationDB
3299,Roger,Hicks,2001-07-16,Male,A+,roger.hicks@email.example.com,abc-def-ghij,Rebecca Ramirez,(844) 516-3765,"{""line1"": ""2654 Magnolia Way"", ""apt"": """", ""city"": ""Jacksonville"", ""state"": ""FL"", ""zip"": ""32201"", ""longitude"": -105.3413, ""neighborhood"": ""Historic District"", ""street_type"": ""Cir""}",Married,Professor,Flores Corp,MetLife,POL-399258,GRP-9643,104,2022-10-09,2026-07-14,165,96,35.3,Non-Smoker,Occasional,"PENICILLIN, SULFA",Congestive Heart Failure,Celecoxib,Appendectomy,Arthritis,Spanish,White,Active,20,RegistrationDB
3302,Jerry,Edwards,1994-09-26,Male,B-,jerry.edwards@email.example.com,(702) 378-2773,Mark Chavez,(869) 821-3486,"{""line1"": ""550 Broadway"", ""apt"": """", ""city"": ""Cleveland"", ""state"": ""OH"", ""zip"": ""44101"", ""timezone"": ""America/Chicago"", ""neighborhood"": ""Suburbs""}",Married,Pharmacist,Hicks Corp,Health Net,POL-770120,GRP-7624,301,2018-10-31,2022-04-06,177,71,22.7,Current Smoker,None,NSAIDs,Anxiety Disorder,"Spironolactone, Lisinopril, Cetirizine",None,"Stroke, Asthma",English,Black or African American,Active,2,RegistrationDB
3303,Katherine,Cole,1996-11-17,Female,A+,katherine.cole@email.example.com,(243) 698-6676,Silas Murphy,(810) 622-9640,"{""line1"": ""3296 Third St"", ""apt"": """", ""city"": ""Fresno"", ""state"": ""CA"", ""zip"": ""93701"", ""latitude"": 28.2992, ""country"": ""USA""}",Separated,Accountant,Lewis Corp,Aetna,POL-274662,GRP-9646,237,2021-12-11,,163,66,24.8,Current Smoker,Occasional,"Codeine, Shellfish, Pollen",Irritable Bowel Syndrome,"Meloxicam, Lisinopril, Amlodipine",None,"Hypertension, Arthritis, Heart Disease",Tagalog,Hispanic or Latino,active,26,RegistrationDB
3317,Julie,Davis,1995-06-23,Female,A-,julie.davis1@email.example.com,(997) 563-5362,Cynthia Anderson,John Smith,"{""line1"": ""4957 Spring St"", ""apt"": "", Unit 25"", ""city"": ""Nashville"", ""state"": ""TN"", ""zip"": ""37201"", ""floor_number"": 45, ""longitude"": -112.3475, ""timezone"": ""America/Phoenix""}",Married,Professor,Cooper Corp,Cigna,POL-798496,GRP-4924,281,2022-04-17,1900-01-01,165,44,16.2,Former Smoker,Occasional,None,,Tramadol,None,"Diabetes, Cancer, Stroke",English,White,Active,12,RegistrationDB
3322,Theodore,Ford,2000-09-20,Male,O+,theodore.ford1@email.example.com,(880) 766-9573,Ryan Jenkins,(809) 853-3581,"{""line1"": ""6426 Spring St"", ""apt"": """", ""city"": ""Sacramento"", ""state"": ""CA"", ""zip"": ""94201"", ""street_type"": ""Pl"", ""country"": ""USA"", ""neighborhood"": ""Uptown""}",Separated,Data Analyst,,Tufts Health Plan,POL-147441,GRP-1152,439,2018-04-02,,176,53,17.1,Current Smoker,Occasional,"Codeine, Pollen, Penicillin","Hypertension, Crohn's Disease, Ulcerative Colitis",None,Hysterectomy,Stroke,English,Two or More Races,Active,17,RegistrationDB
3327,Timothy,Wallace,1995-12-15,Male,A+,timothy.wallace@email.example.com,(851) 222-3499,Levi Phillips,(335) 766-2064,"{""line1"": ""1848 First St"", ""apt"": """", ""city"": ""Philadelphia"", ""state"": ""PA"", ""zip"": ""19101"", ""timezone"": ""America/Los_Angeles"", ""floor_number"": 18, ""neighborhood"": ""West Side""}",Married,Psychologist,Walker Corp,Harvard Pilgrim,POL-873006,GRP-3725,295,tomorrow,2024-12-27,178,46,14.5,Non-Smoker,Occasional,"Pollen, Peanuts, Latex","Chronic Kidney Disease, COPD",Tramadol,None,Stroke,English,Black or African American,Active,2,RegistrationDB
3335,Brian,Sullivan,1995-01-11,Male,A+,brian.sullivan@email.example.com,(504) 249-8061,Eric Gomez,(786) 727-1820,"{""line1"": ""4602 Birch St"", ""apt"": """", ""city"": ""Baltimore"", ""state"": ""MD"", ""zip"": ""21201"", ""street_type"": ""Ct""}",Married,Pilot,Garcia Corp,Tufts Health Plan,POL-358650,,356,2021-02-26,2024-11-04,181,72,22.0,Non-Smoker,Moderate,"Codeine, Sulfa",,None,Rotator cuff repair,None,English,White,Active,5,RegistrationDB
3340,Samantha,Marshall,1996-07-15,Female,,samantha.marshall@email.example.com,(959) 680-7366,Susan Collins,(705) 255-3933,"{""line1"": ""3641 Sycamore Ave"", ""apt"": "", Unit 22"", ""city"": ""Omaha"", ""state"": ""NE"", ""zip"": ""68101"", ""latitude"": 44.9627, ""floor_number"": 29, ""longitude"": -113.5078, ""neighborhood"": ""Uptown""}",Married,Student,Graham Corp,Centene,POL-357859,GRP-8873,354,2022-10-12,2025-03-16,166,66,24.0,,None,"Sulfa, None, Codeine","Atrial Fibrillation, COPD","Clopidogrel, Metoprolol, Gabapentin","Total knee replacement, Meniscectomy","Alzheimer's, Stroke, Heart Disease",English,Asian,Inactive,25,RegistrationDB
3341,Jason,Sullivan,1994-10-02,Male,O+,jason.sullivan@email.example.com,(602) 391-2641,Linda Brooks,(979) 868-1818,"{""line1"": ""5755 Adams Way"", ""apt"": "", # 6"", ""city"": ""Washington"", ""state"": ""DC"", ""zip"": ""20001""}",Married,Consultant,,Cigna HealthCare,POL-196211,G1234,76,2022-05-07,2022-05-07,170,97,33.6,Smoker,Former,None,Crohn's Disease,None,None,,English,Hispanic or Latino,Active,6,RegistrationDB
3344,Abigail,Moore,2001-10-03,Female,B+,abigail.moore@email.example.com,(768) 379-5643,Laura Wright,(292) 700-8602,"{""line1"": ""6423 Park Blvd"", ""apt"": "", Apt 17"", ""city"": ""Raleigh"", ""state"": ""NC"", ""zip"": ""27601"", ""timezone"": ""America/New_York""}",Single,Teacher,Foster Corp,MetLife,POL-515585,G1234,168,2022-08-21,2023-04-30,156,99,40.7,Non-Smoker,Occasional,"Peanuts, Codeine, Penicillin",,Aspirin,None,"Diabetes, Hypertension, Heart Disease",English,White,Active,21,RegistrationDB
3345,Penelope,Peterson,1987-01-14,Female,AB,penelope.peterson@email.example.com,,Joseph Butler,(700) 815-4596,"{""line1"": ""369 Pine St"", ""apt"": """", ""city"": ""Baltimore"", ""state"": ""MD"", ""zip"": ""21201"", ""county"": ""Sacramento"", ""neighborhood"": ""East Side"", ""latitude"": 36.2499, ""street_type"": ""Ct"", ""longitude"": -104.5481}",Single,Flight Attendant,Graham Corp,Molina Healthcare,POL-505807,GRP-7354,406,2019-12-02,2021-06-06,167,86,30.8,Non-Smoker,None,"Latex, None",N/A,None,"Meniscectomy, Gastric bypass","Cancer, Alzheimer's, Hypertension",Spanish,Black or African American,Active,4,RegistrationDB
3348,Amanda,Lee,2099-06-15,Female,B+,amanda.lee@email.example.com,(762) 546-1981,Harold Murphy,(886) 335-1339,"{""line1"": ""6843 Ninth St"", ""apt"": "", Unit 8"", ""city"": ""Mesa"", ""state"": ""AZ"", ""zip"": ""85201"", ""landmark"": ""Near Hospital""}",Single,Plumber,Ramos Corp,,POL-539258,GRP-9901,380,2019-11-19,2021-05-27,-10,106,37.6,Non-Smoker,Heavy,None,"Chronic Kidney Disease, Crohn's Disease, Anemia, Migraine",Metformin,Hemorrhoidectomy,None,Spanish,White,Deceased,4,RegistrationDB
3352,Maxwell,Lewis,2003-11-23,Male,A+,maxwell.lewis1@email.example.com,,,(512) 378-5035,"{""line1"": ""5733 Ninth St"", ""apt"": """", ""city"": ""Houston"", ""state"": ""TX"", ""zip"": ""77001"", ""longitude"": -90.588}",,Architect,Cruz Corp,Kaiser Permanente,POL-968795,GRP-5002,205,2023-07-03,2024-09-29,169,69,24.2,Non-Smoker,None,"Shellfish, Sulfa",,"Tramadol, Prednisone, Ozempic",None,None,English,White,Active,9,RegistrationDB
3353,Mark,Adams,1974-01-31,Male,O-,mark.adams@email.example.com,(565) 714-7633,Stephen Stevens,(895) 797-6342,"{""line1"": ""4142 Jefferson Ave"", ""apt"": """", ""city"": ""Austin"", ""state"": ""TX"", ""zip"": ""73301"", ""latitude"": 32.0449}",Married,Retired,Webb Corp,Cigna HealthCare,POL-876312,GRP-8244,252,2021-01-21,2021-11-29,194,95,25.2,Non-Smoker,Occasional,None,N/A,None,Total knee replacement,"Arthritis, Cancer",English,White,Active,4,RegistrationDB
3356,Janet,Powell,1955-01-17,Female,A+,janet.powell@email.example.com,(371) 746-6364,Christopher Cruz,(698) 707-5673,"{""line1"": ""4865 Monroe Dr"", ""apt"": """", ""city"": ""Austin"", ""state"": ""TX"", ""zip"": ""73301""}",Widowed,Construction Worker,,Aetna,POL-767850,GRP-5720,411,2023-12-02,2027-08-09,167,81,29.0,Former Smoker,Occasional,Penicillin,Anemia,Sertraline,"Total hip replacement, Cholecystectomy","DM, HTN, CAD",English,White,Active,12,RegistrationDB
3358,Vincent,Gibson,1989-11-19,Male,A+,vincent.gibson@email.example.com,(783) 487-9166,Lincoln Wright,(915) 517-4029,"{""line1"": ""9879 First St"", ""apt"": """", ""city"": ""Indianapolis"", ""state"": ""IN"", ""zip"": ""46201"", ""country"": ""USA"", ""timezone"": ""America/Phoenix""}",Single,Nurse,McDonald Corp,Blue Cross,POL-800987,GRP-2295,234,2020-03-12,2022-02-23,171,52,17.8,Non-Smoker,2 beers/week,"Latex, Shellfish, Codeine",,Omeprazole,None,"Heart Disease, Asthma, Alzheimer's",English,Asian,Active,6,RegistrationDB
3377,Anna,McDonald,2005-09-17,Female,A+,anna.mcdonald@email.example.com,(222) 954-8723,Kathleen Mendoza,(565) 985-9801,"{""line1"": ""6373 Oak Ave"", ""apt"": """", ""city"": ""Columbus"", ""state"": ""OH"", ""zip"": ""43201"", ""landmark"": ""Adjacent to Library""}",Divorced,Construction Worker,Marshall Corp,Blue Cross,POL-405291,GRP-6141,2,2025-05-10,,171,79,27.0,Former Smoker,Moderate,Null,"Irritable Bowel Syndrome, GERD","Atorvastatin, Gabapentin, Sertraline",None,Heart Disease,English,White,,17,RegistrationDB
3384,Aiden,Sanchez,1994-09-12,Male,A+,aiden.sanchez@email.example.com,(980) 871-6515,Harrison West,(944) 278-8966,"{""line1"": ""5882 Monroe Dr"", ""apt"": "", Suite 28"", ""city"": ""Indianapolis"", ""state"": ""IN"", ""zip"": ""46201"", ""latitude"": 27.8896, ""neighborhood"": ""Historic District""}",Widowed,Flight Attendant,Sanchez Corp,Blue Cross,POL-386825,GRP-1390,480,2025-09-30,2026-05-02,165,68,25.0,Never Assessed,Heavy,"Latex, Dust, Sulfa",,None,None,None,Korean,White,Active,19,RegistrationDB
3387,Rebecca,Roberts,2025-01-01,Female,O+,rebecca.roberts@email.example.com,(537) 921-1960,Cynthia Marshall,(783) 514-8744,"{""line1"": ""119 Magnolia Way"", ""apt"": """", ""city"": ""Colorado Springs"", ""state"": ""CO"", ""zip"": ""80901"", ""country"": ""USA""}",Single,Writer,Taylor Corp,Blue Cross Blue Shield,POL-210425,GRP-9210,105,2018-06-08,2018-10-28,164,86,32.0,Non-Smoker,Occasional,None,,Eliquis,Thyroidectomy,"Cancer, Diabetes, Alzheimer's",English,White,Active,10,RegistrationDB
3388,Katherine,Hayes,1970-05-19,Female,A+,katherine.hayes@email.example.com,(238) 716-1551,Stella Perry,(232) 308-8863,"{""line1"": ""6755 Seventh St"", ""apt"": """", ""city"": ""Portland"", ""state"": ""OR"", ""zip"": ""97201"", ""county"": ""Maricopa"", ""country"": ""USA"", ""delivery_notes"": ""Gate code: #1234""}",Married,Graphic Designer,Webb Corp,Tufts Health Plan,POL-824177,GRP-1976,119,2018-01-07,2020-10-27,158,76,30.4,Non-Smoker,Occasional,"Latex, None",Sleep Apnea,"Loratadine, Aspirin, Furosemide, Tramadol",C-section,None,English,White,Active,2,RegistrationDB
3394,12345,Adams,not available,Female,O+,chloe.adams@email.example.com,(372) 696-7685,Pamela Diaz,John Smith,"{""line1"": ""251 Fourth Ave"", ""apt"": "", Suite 22"", ""city"": ""Los Angeles"", ""state"": ""CA"", ""zip"": ""90001"", ""street_type"": ""Ln"", ""county"": ""Queens"", ""country"": ""USA"", ""longitude"": -106.9224}",Separated,Insurance Agent,AAAAAAAAAAAAAAAAAAAAAAAAAAAAAAAAAAAAAAAAAAAAAAAAAAAAAAAAAAAAAAAAAAAAAAAAAAAAAAAAAAAAAAAAAAAAAAAAAAAAAAAAAAAAAAAAAAAAAAAAAAAAAAAAAAAAAAAAAAAAAAAAAAAAAAAAAAAAAAAAAAAAAAAAAAAAAAAAAAAAAAAAAAAAAAAAAAAAAAAA,Kaiser Permanente,POL-749399,G1234,146,2018-03-05,2021-09-13,168,85,30.1,Smoker,Occasional,"Pollen, Dust",,"Loratadine, Ozempic, Eliquis, Aspirin","Sleeve gastrectomy, Cataract surgery","Heart Disease, Stroke, Asthma",Spanish,Black or African American,Active,13,RegistrationDB
3397,Abigail,UNKNOWN,1995-09-17,Female,A+,abigail.hughes1@email.example.com,(681) 377-9042,Miles Alexander,(863) 895-8113,"{""line1"": ""7428 Elm St"", ""apt"": """", ""city"": ""Fort Worth"", ""state"": ""TX"", ""zip"": ""76101"", ""landmark"": ""Next to Mall"", ""street_type"": ""Dr""}",Divorced,Bank Teller,Owens Corp,Kaiser Permanente,POL-445761,GRP-9940,229,2021-10-10,,155,650,36.6,Non-Smoker,Former,"Latex, Sulfa",Fibromyalgia,Insulin glargine,,None,English,White,Active,7,RegistrationDB
,Evelyn,Torres,2000-05-23,Female,o+,not-an-email,(305) 710-9324,Jessica Turner,(227) 820-5987,"{""line1"": ""2669 Eighth Ave"", ""apt"": "", # 11"", ""city"": ""Dallas"", ""state"": ""TX"", ""zip"": ""75201""}",Separated,Architect,Butler Corp,UnitedHealthcare,POL-431763,GRP-2144,130,2024-10-08,2027-10-13,160,73,28.5,Former Smoker,Sometimes,"None, Codeine, Sulfa","Rheumatoid Arthritis, Hypertension, Atrial Fibrillation, COPD","Insulin glargine, Gabapentin, Cyclobenzaprine, Amlodipine",None,Asthma,English,White,Active,18,RegistrationDB
3403,,Ross,1953-12-06,Male,,mason.ross@email.example.com,(715) 669-2680,Nancy Owens,(643) 721-8380,"{""line1"": ""2967 Market St"", ""apt"": "", # 45"", ""city"": ""Boston"", ""state"": ""MA"", ""zip"": ""02101"", ""country"": ""USA"", ""timezone"": ""America/Los_Angeles"", ""neighborhood"": ""Midtown""}",Married,Retail Associate,Johnson Corp,Health Net,POL-824135,GRP-3960,438,2019-08-02,2023-03-05,193,46,12.3,Current Smoker,Heavy,"Dust, Penicillin, Pollen","Anxiety Disorder, Type 2 Diabetes",None,None,"Alzheimer's, Asthma, Heart Disease",English,Black or African American,Active,9,RegistrationDB
3404,Andrea,Kim,1981-02-09,Female,O+,andrea.kim1@email.example.com,(672) 695-5791,Stella Sullivan,(891) 520-9250,"{""line1"": ""1852 Highland Ave"", ""apt"": """", ""city"": ""Philadelphia"", ""state"": ""PA"", ""zip"": ""19101"", ""timezone"": ""America/Chicago""}",Separated,Lawyer,Patel Corp,Centene,POL-722862,GRP-4362,263,2025-10-06,2026-12-27,162,107,40.8,Non-Smoker,Heavy,"Latex, None","COPD, Anxiety Disorder, Crohn's Disease, COPD, Anxiety Disorder, Crohn's Disease",Eliquis,Total hip replacement,"Alzheimer's, Cancer, Hypertension",English,White,Active,16,RegistrationDB
3415,Lawrence,Gonzales,1985-10-06,Male,O+,lawrence.gonzales@email.example.com,(990) 869-1572,Laura Marshall,(512) 411-6811,"{""line1"": ""1206 Sunset Dr"", ""apt"": """", ""city"": ""Jacksonville"", ""state"": ""FL"", ""zip"": ""32201"", ""county"": ""Dallas"", ""timezone"": ""America/Denver""}",Widowed,Firefighter,Nelson Corp,Humana,POL-974303,GRP-9467,225,2019-01-31,2019-05-24,195,52,150,Non-Smoker,Moderate,"NSAIDs, Shellfish, Dust","Congestive Heart Failure, Crohn's Disease, Sleep Apnea","Metoprolol, Fluticasone, Insulin glargine",None,Arthritis,English,White,Active,19,RegistrationDB
3416,Amanda,Kelly,1984-07-27,Female,O+,amanda.kelly1@email.example.com,(348) 482-5815,Stephen Washington,(802) 487-4302,"{""line1"": ""6285 Hickory St"", ""apt"": "", Unit 39"", ""city"": ""San Jose"", ""state"": ""CA"", ""zip"": ""95101"", ""longitude"": -97.9373, ""country"": ""USA""}",Married,Insurance Agent,,Highmark,POL-503023,GRP-8592,244,2020-08-22,2024-01-15,164,128,47.6,Non-Smoker,Moderate,"Codeine, NSAIDs","Rheumatoid Arthritis, Crohn's Disease, Atrial Fibrillation, Migraine",None,None,Arthritis,English,Black or African American,Active,23,RegistrationDB
3419,George,Jackson,1995-11-01,Male,B+,george.jackson@email.example.com,(381) 213-9602,Heather Phillips,(964) 535-5151,"{""line1"": ""889 Pine St"", ""apt"": """", ""city"": ""Washington"", ""state"": ""DC"", ""zip"": ""20001"", ""county"": ""Dallas""}",Single,Pharmacist,Mendoza Corp,Cigna,POL-801050,GRP-2905,44,2018-03-07,2019-12-26,183,105,31.4,Never Assessed,Moderate,"Pollen, None, Dust",Ulcerative Colitis,Warfarin,"Appendectomy 2018, Cholecystectomy 2020","Alzheimer's, Hypertension",Vietnamese,White,Active,1,RegistrationDB
3423,Nora,Ramirez,1996-02-07,Female,A+,nora.ramirez1@email.example.com,(314) 772-5177,Jennifer Edwards,(486) 727-9157,"{""line1"": ""Unknown"", ""city"": ""Unknown"", ""state"": ""NA"", ""zip"": ""00000""}",Widowed,Pharmacist,Stewart Corp,Aetna,POL-551065,GRP-9102,168,2018-12-23,2021-08-28,tall,40,13.7,Current Smoker,None,"Peanuts, None, Pollen","Irritable Bowel Syndrome, Crohn's Disease, Irritable Bowel Syndrome, Crohn's Disease","Meloxicam, Acetaminophen, Losartan, Lisinopril",None,Hypertension,English,White,,21,RegistrationDB
3427,Lily,Ellis,2004-10-02,Female,O-,lily.ellis@email.example.com,(200) 355-8851,Catherine Kim,(371) 900-1267,"{""line1"": ""5372 Elm St"", ""apt"": "", # 21"", ""city"": ""Miami"", ""state"": ""FL"", ""zip"": ""33101"", ""longitude"": -83.4639, ""neighborhood"": ""Northside"", ""street_type"": ""Cir""}",Married,Social Worker,Ellis Corp,Anthem,POL-897625,GRP-8823,308,2021-04-21,2023-02-15,154,92,38.8,Non-Smoker,Heavy,Penicillin,,"Clopidogrel, Aspirin, Atorvastatin, Ibuprofen",Colectomy,"Alzheimer's, Heart Disease, Hypertension",English,White,Deceased,1,RegistrationDB
3429,Nancy,Castillo,1997-07-08,Female,AB-,nancy.castillo@email.example.com,(371) 848-9022,Walter Wood,(670) 538-5413,"{""line1"": ""6837 Union Ave"", ""apt"": """", ""city"": ""Portland"", ""state"": ""OR"", ""zip"": ""97201""}",Single,Retail Associate,Miller Corp,Anthem,POL-654461,GRP-5196,476,2025-03-08,2026-03-14,162,69,26.3,Former Smoker,Moderate,"Codeine, None, Shellfish",,"Cetirizine, Clopidogrel, Tramadol, Amlodipine",None,"Alzheimer's, Hypertension",English,Asian,Active,19,RegistrationDB
3444,Stephanie,Rodriguez,1984-01-22,Female,AB,stephanie.rodriguez@email.example.com,(355) 202-4840,Harold Jimenez,(921) 491-8360,"{""line1"": ""5658 Pleasant St"", ""apt"": """", ""city"": ""Los Angeles"", ""state"": ""CA"", ""zip"": ""90001"", ""country"": ""USA""}",Married,Graphic Designer,,Geisinger,POL-249769,GRP-9289,96,2018-05-21,2021-05-01,168,58,20.5,Former Smoker,Occasional,"NSAIDs, Pollen, Shellfish",,"Ozempic, Spironolactone, Lisinopril, Celecoxib",C-section,"Heart Disease, Alzheimer's",English,White,Active,22,RegistrationDB
3450,Penelope,Perry,1988-11-26,Female,O+,penelope.perry@email.example.com,(575) 382-2734,John Cox,(262) 456-8198,"{""line1"": ""8307 Hill St"", ""apt"": "", Apt 18"", ""city"": ""Kansas City"", ""state"": ""MO"", ""zip"": ""64101"", ""street_type"": ""Ct""}",Married,Artist,Kim Corp,UnitedHealthcare,POL-563603,GRP-1132,354,2025-13-01,2022-12-05,156,74,30.4,Non-Smoker,Occasional,"Peanuts, Sulfa, Dust",Type 2 Diabetes,Losartan,None,None,English,White,Inactive,25,RegistrationDB
3453,Victoria,Wright,2025-01-01,Female,O+,victoria.wright1@email.example.com,(864) 257-5629,999-999-9999,(510) 752-9504,"{""line1"": ""9634 Magnolia Way"", ""apt"": """", ""city"": ""Fort Worth"", ""state"": ""TX"", ""zip"": ""76101""}",Single,Teacher,Powell Corp,Oscar Health,POL-343385,GRP-1812,172,2020-12-04,2024-08-15,170,112,38.8,never assessed,None,None,,"Albuterol, Jardiance","Cholecystectomy, Vasectomy, Sleeve gastrectomy","Heart Disease, None",English,White,Active,25,RegistrationDB
3455,Kimberly,Gonzales,,Female,B+,kimberly.gonzales@email.example.com,(297) 366-6798,Micah Anderson,(300) 322-5264,,Single,Pilot,,,,,434,2019-02-07,2019-11-05,156,50,20.5,Non-Smoker,Moderate,Peanuts,Psoriasis,Albuterol,None,"Stroke, None, Arthritis",English,White,Active,1,RegistrationDB
3466,Anna,Powell,1974-09-04,Female,A+,anna.powell@email.example.com,(585) 738-8380,Skylar Allen,(365) 706-6683,"{""line1"": ""350 Tenth Ave"", ""apt"": "", Suite 11"", ""city"": ""Albuquerque"", ""state"": ""NM"", ""zip"": ""87101"", ""country"": ""USA"", ""latitude"": 28.409, ""longitude"": -77.0834, ""timezone"": ""America/Phoenix"", ""street_type"": ""Ln""}",Married ,Retired,,Anthem,POL-380532,GRP-9591,478,2024-08-28,2027-03-16,161,48,18.5,Never Assessed,Former,NSAIDs,Rheumatoid Arthritis,"Jardiance, Cyclobenzaprine",None,"Heart Disease, Alzheimer's",English,White,Inactive,9,RegistrationDB
3469,Steven,Morales,2004-06-19,Male,A+,steven.morales1@email.example.com,(645) 422-8145,Aria Sanders,(204) 591-9284,"{""line1"": ""7625 Sunset Dr"", ""apt"": """", ""city"": ""Columbus"", ""state"": ""OH"", ""zip"": ""43201""}",Single,Musician,Foster Corp,Bright Health,POL-202832,GRP-7874,21,2022-03-03,2023-07-15,167,84,30.1,Former Smoker,None,"NSAIDs, Pollen, Codeine",,None,None,"Alzheimer's, Heart Disease",English,White,Inactive,12,RegistrationDB
3472,Savannah,Campbell,1954-10-24,Female,o+,savannah.campbell@email.example.com,(932) 761-2120,Paul Myers,(968) 300-3166,"{""line1"": ""5483 First St"", ""apt"": """", ""city"": ""Phoenix"", ""state"": ""AZ"", ""zip"": ""85001"", ""timezone"": ""America/Phoenix"", ""street_type"": ""Ct"", ""county"": ""King"", ""latitude"": 46.3814}",Married,Accountant,,Blue Cross Blue Shield,POL-578449,GRP-3346,313,2018-11-30,2020-05-24,155,65,27.1,Former Smoker,Moderate,"None, Latex, Codeine","Irritable Bowel Syndrome, Osteoporosis",Warfarin,None,"None, Heart Disease",English,White,Active,9,RegistrationDB
3480,Riley,Baker,1991-12-13,Female,O+,riley.baker@email.example.com,(618) 623-8144,Jeremy Murphy,(518) 241-7960,"{""line1"": ""1594 College Ave"", ""apt"": "", # 32"", ""city"": ""Milwaukee"", ""state"": ""WI"", ""zip"": ""53201""}",Married,Dentist,,Cigna HealthCare,POL-749370,GRP-3458,442,2022-11-25,2026-09-08,159,650,36.0,Non-Smoker,None,"None, Sulfa, Latex",,Celecoxib,None,"None, Hypertension",Korean,Hispanic or Latino,Inactive,13,RegistrationDB
3492,Riley,Hunter,1988-03-23,Female,O+,riley.hunter@email.example.com,(569) 322-4668,Luke Thompson,(729) 805-6881,"{""line1"": ""818 Pine St"", ""apt"": "", Suite 41"", ""city"": ""Fort Worth"", ""state"": ""TX"", ""zip"": ""76101"", ""latitude"": 45.1883, ""timezone"": ""America/Phoenix"", ""longitude"": -85.4264, ""street_type"": ""St""}",Married,Professor,Ortiz Corp,Geisinger,POL-902892,GRP-7922,439,2020-11-19,2021-05-05,159,80,31.6,Non-Smoker,Occasional,"Dust, Shellfish","Irritable Bowel Syndrome, Osteoarthritis, Rheumatoid Arthritis, Irritable Bowel Syndrome, Osteoarthritis, Rheumatoid Arthritis",Warfarin,None,"Stroke, Alzheimer's, Diabetes",English,Human,Active,17,RegistrationDB
3494,Megan,Martin,1982-01-18,Female,A+,megan.martin@email.example.com,(911) 881-7237,Deborah Long,(219) 715-2269,"{""line1"": ""9707 Tenth Ave"", ""apt"": "", # 38"", ""city"": ""Oklahoma City"", ""state"": ""OK"", ""zip"": ""73101"", ""county"": ""Dallas"", ""timezone"": ""America/Los_Angeles"", ""latitude"": 25.8427}",Married,HR Specialist,Scott Corp,Humana,POL-672890,,19,2021-04-19,2023-10-15,150,97,43.1,Former Smoker,None,Peanuts,Asthma,None,None,Cancer,English,White,Inactive,14,RegistrationDB
3497,Nathan,Cruz,1994-03-09,Male,AB,nathan.cruz@email.example.com,(505) 798-3399,Lisa Lopez,(929) 979-8823,"{""line1"": ""1954 Hickory St"", ""apt"": """", ""city"": ""Colorado Springs"", ""state"": ""CO"", ""zip"": ""80901"", ""longitude"": -117.0964, ""latitude"": 30.8619, ""landmark"": ""Close to University"", ""timezone"": ""America/Denver"", ""street_type"": ""Way""}",Single,Chef,,Cigna HealthCare,POL-747839,GRP-1195,497,2025-08-24,2029-09-05,173,62,20.7,Never Assessed,Heavy,"Sulfa, NSAIDs, None","Type 2 Diabetes, Psoriasis, Congestive Heart Failure, Anemia","Duloxetine, Clopidogrel","Appendectomy, Tonsillectomy, Hernia repair","Diabetes, Stroke, Alzheimer's",English,Hispanic or Latino,Active,21,RegistrationDB
3504,Levi,Ramos,1952-12-10,Male,B-,levi.ramos@email.example.com,(250) 472-7288,,(283) 919-1659,"{""line1"": ""2237 Spring St"", ""apt"": """", ""city"": ""Austin"", ""state"": ""TX"", ""zip"": ""73301"", ""country"": ""USA"", ""timezone"": ""America/Denver"", ""county"": ""Dallas"", ""longitude"": -119.5798}",Married,Professor,,Independence Blue Cross,POL-862072,GRP-6786,314,2024-12-09,,tall,41,12.8,Never Assessed,None,"Latex, Penicillin, None","Coronary Artery Disease, Psoriasis, Congestive Heart Failure",None,None,"Alzheimer's, Cancer",English,White,Active,1,RegistrationDB
3509,Amanda,Cook,1992-02-29,Female,AB+,amanda.cook@email.example.com,,Pamela Owens,(450) 425-3603,"{""line1"": ""793 Sixth Ave"", ""apt"": "", Suite 6"", ""city"": ""Louisville"", ""state"": ""KY"", ""zip"": ""40201""}",Widowed,Musician,Jenkins Corp,Harvard Pilgrim,POL-965631,GRP-5826,2,2022-09-11,,164,78,29.0,Never Assessed,Occasional,NSAIDs,"Sleep Apnea, Osteoarthritis","Atorvastatin, Bupropion, Amlodipine, Ibuprofen",None,None,Arabic,Two or More Races,Active,17,RegistrationDB
3510,Russell,Porter,1995-06-14,Male,O+,russell.porter@email.example.com,(561) 733-3327,Ruth Diaz,(627) 286-1975,"{""line1"": ""Unknown"", ""city"": ""Unknown"", ""state"": ""NA"", ""zip"": ""00000"", ""latitude"": 30.1354, ""country"": ""USA"", ""county"": ""San Diego"", ""floor_number"": 18}",Single,Plumber,Myers Corp,Bright Health,POL-659433,GRP-5034,21,2025-13-01,2027-04-17,175,84,27.4,Non-Smoker,Moderate,"Penicillin, Latex, Shellfish","Eczema, Crohn's Disease, Osteoarthritis, Ulcerative Colitis","Loratadine, Montelukast, Eliquis, Tramadol","Hysterectomy, Coronary artery bypass grafting, Cholecystectomy",Hypertension,English,White,Inactive,12,RegistrationDB
3519,Christopher,Perez,1996-08-14,Male,A+,christopher.perez@email.example.com,(841) 825-1322,Tyler Perez,(313) 671-3266,"{""line1"": ""5913 View Blvd"", ""apt"": """", ""city"": ""Tampa"", ""state"": ""FL"", ""zip"": ""33601"", ""longitude"": -73.0364}",Single,Chef,,UnitedHealthcare,POL-185237,GRP-6258,100,2018-08-06,2020-03-10,162,100,38.1,Non-Smoker,Moderate,"None, Sulfa",Psoriasis,Loratadine,None,"Cancer, Alzheimer's, Hypertension",English,Black or African American,Active,5,RegistrationDB
3520,Victoria,Garcia,1983-01-29,Female,O+,victoria.garcia@email.example.com,(327) 826-5401,Michelle Thompson,(297) 310-8301,"{""line1"": ""3249 Ninth St"", ""apt"": "", Apt 37"", ""city"": ""Omaha"", ""state"": ""NE"", ""zip"": ""68101"", ""longitude"": -82.1118}",Single,Plumber,Kim Corp,Molina Healthcare,POL-639517,GRP-5371,223,2022-06-03,,157,89,36.1,Non-Smoker,None,NSAIDs,,"Warfarin, Spironolactone, Metformin, Duloxetine",None,Stroke,Spanish,Hispanic or Latino,Inactive,14,RegistrationDB
3542,Bruce,Stevens,1954-10-26,Male,A-,bruce.stevens@email.example.com,(388) 727-9643,Jackson Cruz,(547) 493-6787,"{""line1"": ""8908 Adams Way"", ""apt"": "", Suite 48"", ""city"": ""Fresno"", ""state"": ""CA"", ""zip"": ""93701"", ""latitude"": 32.8177}",Single,Social Worker,,Cigna,POL-532674,GRP-6462,416,2018-03-22,2021-01-14,170,80,27.7,Never Assessed,Former,None,Type 2 Diabetes,"Acetaminophen, Tramadol, Clopidogrel, Metformin",Gastric bypass,Asthma,Russian,White,Active,21,RegistrationDB
3547,James,Phillips,1963-12-22,Male,O+,james.phillips@email.example.com,(622) 265-3772,999-999-9999,(880) 574-9196,"{""line1"": ""5511 Beechwood Ave"", ""apt"": """", ""city"": ""Washington"", ""state"": ""DC"", ""zip"": ""20001"", ""timezone"": ""America/New_York""}",Married,Administrative Assistant,Stewart Corp,Aetna,POL-805060,GRP-3863,298,2025-02-12,2025-08-04,176,72,23.2,Never Assessed,Moderate,"Sulfa, Pollen","Depression, Hyperlipidemia","Meloxicam, Albuterol, Hydrochlorothiazide",None,"Stroke, Alzheimer's, Arthritis",Spanish,,Active,25,RegistrationDB
3551,Ethan,Patterson,1995-02-12,Mle,O-,ethan.patterson@email.example.com,(229) 526-3998,Kelly Torres,(457) 836-1339,"{""line1"": ""4406 Maple Dr"", ""apt"": """", ""city"": ""Sacramento"", ""state"": ""CA"", ""zip"": ""94201"", ""latitude"": 45.0496, ""street_type"": ""Blvd"", ""county"": ""San Diego""}",Widowed,Dentist,AAAAAAAAAAAAAAAAAAAAAAAAAAAAAAAAAAAAAAAAAAAAAAAAAAAAAAAAAAAAAAAAAAAAAAAAAAAAAAAAAAAAAAAAAAAAAAAAAAAAAAAAAAAAAAAAAAAAAAAAAAAAAAAAAAAAAAAAAAAAAAAAAAAAAAAAAAAAAAAAAAAAAAAAAAAAAAAAAAAAAAAAAAAAAAAAAAAAAAAA,Cigna,POL-386045,GRP-9848,267,2020-06-11,2020-09-19,-10,73,25.0,Never Assessed,Heavy,"Peanuts, Latex, None",,"Insulin glargine, Jardiance, Apixaban, Aspirin","Appendectomy 2018, Cholecystectomy 2020","Heart Disease, Stroke, Hypertension",Korean,White,Active,10,RegistrationDB
3552,Avery,Marshall,1997-10-06,Female,A+,avery.marshall@email.example.com,(997) 291-7239,Gabriel Ortiz,(380) 221-7538,"{""line1"": ""3383 First St"", ""apt"": """", ""city"": ""Philadelphia"", ""state"": ""PA"", ""zip"": ""19101""}",Married,Software Developer,,Cigna,POL-494737,GRP-2431,48,2022-03-15,2024-03-15,163,90,33.9,Former Smoker,Moderate,"Latex, Shellfish, NSAIDs","Hypothyroidism, Rheumatoid Arthritis, Migraine","Acetaminophen, Bupropion, Tramadol",None,"Cancer, Diabetes",Spanish,White,Active,23,RegistrationDB
3554,Timothy,Nguyen,1996-09-17,Male,O+,timothy.nguyen@email.example.com,(581) 848-2225,Paisley Jones,(910) 500-2057,"{""line1"": ""9387 Union Ave"", ""apt"": """", ""city"": ""Phoenix"", ""state"": ""AZ"", ""zip"": ""85001""}",Married,Administrative Assistant,Rogers Corp,Tufts Health Plan,POL-306713,GRP-3659,267,2018-09-02,2020-08-10,178,100,31.6,Smoker,Moderate,Sulfa,,Montelukast,None,None,English,White,Inactive,10,RegistrationDB
3557,Peter,Harrison,1995-05-31,Non-Binary,O-,peter.harrison@email.example.com,(694) 469-6158,Ezra Gutierrez,(223) 478-8142,"{""line1"": ""3155 Church St"", ""apt"": """", ""city"": ""Charlotte"", ""state"": ""NC"", ""zip"": ""28201"", ""neighborhood"": ""Suburbs"", ""county"": ""Cook"", ""latitude"": 43.1293, ""street_type"": ""Cir""}",Separated,Business Owner,,Kaiser Permanente,POL-626693,GRP-9583,400,2020-05-16,2024-03-09,170,71,24.6,Non-Smoker,Occasional,"None, Codeine","Anxiety Disorder, Asthma","Amlodipine, Cetirizine, Sertraline, Metformin","Hemorrhoidectomy, Total hip replacement, Laminectomy",None,English,White,Inactive,4,RegistrationDB
3571,Ethan,Chavez,1987-01-09,,B+,ethan.chavez@email.example.com,(390) 958-8580,Scott Stevens,(286) 680-1859,"{""line1"": ""3079 Walnut Ave"", ""apt"": """", ""city"": ""Virginia Beach"", ""state"": ""VA"", ""zip"": ""23450""}",Married,Chef,Cole Corp,Independence Blue Cross,POL-769584,GRP-2006,396,2018-10-12,2021-03-09,174,71,23.5,Non-Smoker,Heavy,"Peanuts, None, Sulfa",,Warfarin,None,None,Spanish,White,Inactive,1,RegistrationDB
3576,Samantha,Jimenez,2000-04-10,Non-Binary,O+,samantha.jimenez@email.example.com,(256) 452-9475,Rebecca Campbell,(218) 243-7526,"{""line1"": ""4458 Cherry Ln"", ""apt"": """", ""city"": ""Long Beach"", ""state"": ""CA"", ""zip"": ""90801"", ""street_type"": ""Rd"", ""county"": ""Miami-Dade""}",Single,Consultant,Stevens Corp,Centene,POL-639107,GRP-5498,358,2019-10-10,2019-10-10,174,56,18.5,Former Smoker,Occasional,"None, Penicillin","Hyperlipidemia, Fibromyalgia",!@#$%^&*(),None,None,ENGLISH,Two or More Races,Active,1,RegistrationDB
,Sarah,Flores,2001-05-05,Mle,A+,sarah.flores@email.example.com,(220) 496-1969,Silas Turner,(457) 682-9009,"{""line1"": ""8452 Sixth Ave"", ""apt"": """", ""city"": ""Tulsa"", ""state"": ""OK"", ""zip"": ""74101""}",Married,Musician,,Independence Blue Cross,POL-258458,GRP-2507,499,2021-06-07,,172,74,25.0,Former Smoker,Occasional,Peanuts,,Warfarin,Gastric bypass,"Alzheimer's, Diabetes, None",English,Hispanic or Latino,Active,15,RegistrationDB
3582,Elizabeth,Porter,1981-06-23,Female,AB+,elizabeth.porter1@email.example.com,(567) 922-6669,Miles Roberts,(429) 740-6812,"{""line1"": ""4139 Maple Dr"", ""apt"": "", Unit 36"", ""city"": ""New York"", ""state"": ""NY"", ""zip"": ""10001""}",Married,Military,,,POL-625719,GRP-1227,279,2021-03-06,2024-10-05,167,54,19.4,Never Assessed,Moderate,"Pollen, Penicillin, Codeine","Migraine, Congestive Heart Failure, Osteoarthritis","Montelukast, Sertraline, Levothyroxine, Celecoxib",None,Hypertension,English,White,Active,9,RegistrationDB
3584,Micah,Patel,1991-06-21,Male,A+,micah.patel@email.example.com,(613) 489-8230,Barbara Parker,(489) 819-8154,"{""line1"": ""9292 Ash Ct"", ""apt"": """", ""city"": ""Indianapolis"", ""state"": ""IN"", ""zip"": ""46201"", ""neighborhood"": ""West Side"", ""timezone"": ""America/Denver"", ""longitude"": -115.443}",Married,Construction Worker,,,,,41,2024-02-18,2026-12-01,174,52,17.2,Former Smoker,Heavy,"None, Penicillin","Anxiety Disorder, Asthma, Type 2 Diabetes, Coronary Artery Disease",None,"Rotator cuff repair, Laminectomy",None,Russian,White,Active,19,RegistrationDB
3589,,Reed,,Female,O+,samantha.reed@email.example.com,(761) 690-6244,Ashley Green,(806) 203-3368,"{""line1"": ""5964 Hamilton Ct"", ""apt"": """", ""city"": ""Jacksonville"", ""state"": ""FL"", ""zip"": ""32201""}",Married,Graphic Designer,Jones Corp,CareFirst,POL-209296,GRP-8949,272,2023-08-06,2025-07-10,163,96,36.1,Non-Smoker,Moderate,"Dust, None","Anxiety Disorder, Hypertension","Omeprazole, Ibuprofen",None,Stroke,English,Black or African American,Active,18,RegistrationDB
,Luna,Ross,1994-01-24,Female,O-,luna.ross@email.example.com,(696) 732-2490,N/A,(205) 704-5770,"{""line1"": ""8788 Pleasant St"", ""apt"": """", ""city"": ""Phoenix"", ""state"": ""AZ"", ""zip"": ""85001"", ""landmark"": ""Near Hospital"", ""street_type"": ""Ave"", ""timezone"": ""America/Los_Angeles""}",Married,Musician,,Cigna,POL-199639,GRP-2895,32,2024-06-24,,154,103,43.4,Never Assessed,Occasional,None,"Asthma, Congestive Heart Failure, Hypothyroidism","Celecoxib, Duloxetine, Ozempic, Cyclobenzaprine",None,"Asthma, Hypertension",English,White,Active,22,RegistrationDB
3601,Heather,Jenkins,2003-07-13,Female,,heather.jenkins@email.example.com,(455) 479-6293,Ezra Gomez,(427) 697-7650,"{""line1"": ""6662 Monroe Dr"", ""apt"": "", Suite 46"", ""city"": ""Omaha"", ""state"": ""NE"", ""zip"": ""68101"", ""neighborhood"": ""Uptown""}",Divorced,Software Developer,Hill Corp,Anthem,POL-165227,GRP-1372,63,2018-01-05,,171,82,28.0,Non-Smoker,Heavy,"None, Shellfish, Peanuts",,"Hydrochlorothiazide, Pantoprazole, Amlodipine",None,Heart Disease,Korean,Black or African American,Active,8,RegistrationDB
3606,Sarah,Young,2003-02-14,Female,O+,sarah.young@email.example.com,(773) 632-6650,Wesley Davis,(942) 307-6643,"{""line1"": ""4985 Eighth Ave"", ""apt"": """", ""city"": ""Phoenix"", ""state"": ""AZ"", ""zip"": ""85001"", ""floor_number"": 3}",Married,Scientist,Walker Corp,Molina Healthcare,POL-143214,GRP-9407,383,2018-09-02,2021-08-08,164,67,24.9,Former Smoker,None,"Sulfa, NSAIDs, Pollen","GERD, Osteoporosis, Migraine",Duloxetine,None,None,English,White,Active,2,RegistrationDB
3620,Cynthia,Johnson,1998-03-31,Female,AB+,cynthia.johnson@email.example.com,(952) 695-8418,Steven Harrison,(690) 886-1388,"{""line1"": ""5676 College Ave"", ""apt"": """", ""city"": ""Portland"", ""state"": ""OR"", ""zip"": ""97201"", ""country"": ""USA"", ""latitude"": 38.7844, ""landmark"": ""Opposite Central Park""}",Separated,Teacher,Moore Corp,Harvard Pilgrim,POL-722897,GRP-8905,111,2020-07-14,2021-05-02,166,77,27.9,Non-Smoker,Occasional,"NSAIDs, Pollen, Penicillin",COPD,"Cyclobenzaprine, Hydrochlorothiazide, Ibuprofen, Aspirin",None,None,English,White,Active,25,RegistrationDB
3621,Evelyn,Lewis,1972-09-05,Female,O+,evelyn.lewis1@email.example.com,(309) 665-4043,Peter Myers,(883) 296-8849,"{""line1"": ""5033 Ninth St"", ""apt"": """", ""city"": ""Portland"", ""state"": ""OR"", ""zip"": ""97201""}",Single,Retail Associate,Roberts Corp,Blue Cross,POL-230862,GRP-1931,178,2018-01-05,2020-08-29,150,106,47.1,Non-Smoker,None,"Pollen, Peanuts, NSAIDs","Asthma, Osteoarthritis",Duloxetine,None,Diabetes,English,Hispanic or Latino,Active,13,RegistrationDB
3630,Dennis,Simmons,1992-04-28,Male,O+,dennis.simmons@email.example.com,(834) 860-4280,Emily Butler,(565) 938-8218,"{""line1"": ""468 Fifth St"", ""apt"": "", Apt 14"", ""city"": ""Kansas City"", ""state"": ""MO"", ""zip"": ""64101"", ""latitude"": 26.9627, ""timezone"": ""America/Los_Angeles"", ""county"": ""King"", ""country"": ""USA"", ""landmark"": ""Close to University""}",Single,Professor,,Cigna HealthCare,POL-555342,GRP-5190,100,2023-02-21,2024-01-23,181,71,21.7,Current Smoker,Former,"Latex, None, Sulfa","Fibromyalgia, Rheumatoid Arthritis","Acetaminophen, Eliquis",None,"Heart Disease, Diabetes, Heart Disease",Mandarin,White,active,5,RegistrationDB
3633,Nicole,James,2000-01-07,Female,O-,nicole.james@email.example.com,(715) 247-3904,Larry Patel,(812) 468-7409,"{""line1"": ""Unknown"", ""city"": ""Unknown"", ""state"": ""NA"", ""zip"": ""00000"", ""delivery_notes"": ""Deliver to reception"", ""timezone"": ""America/Chicago""}",Separated,Psychologist,Fisher Corp,Tufts Health Plan,POL-966814,GRP-3201,442,2021-12-29,,153,74,-5,Never Assessed,Moderate,"Codeine, Sulfa, None",Osteoporosis,None,"Hemorrhoidectomy, Hysterectomy","None, Asthma",Spanish,White,Active,13,RegistrationDB
3635,Jerry,Clark,1970-11-04,Non-Binary,A+,jerry.clark1@email.example.com,(805) 330-9533,Kyle Hayes,(541) 400-2118,"{""line1"": ""3760 Market St"", ""apt"": """", ""city"": ""Jacksonville"", ""state"": ""FL"", ""zip"": ""32201"", ""county"": ""Cook"", ""country"": ""USA""}",Single,Engineer,,Aetna,POL-543587,GRP-6480,60,2018-12-06,2019-03-04,162,51,19.4,Former Smoker,None,"None, Peanuts, NSAIDs","Osteoporosis, Ulcerative Colitis",None,None,Arthritis,English,White,Active,22,RegistrationDB
3638,Stella,Cruz,1986-10-06,Female,O+,stella.cruz1@email.example.com,(485) 816-1295,Ronald Allen,(488) 661-4920,"{""line1"": ""2384 Lake Dr"", ""apt"": "", Suite 19"", ""city"": ""Chicago"", ""state"": ""IL"", ""zip"": ""60601"", ""latitude"": 30.2937, ""country"": ""USA"", ""delivery_notes"": ""Deliver to reception"", ""timezone"": ""America/Denver""}",Divorced,Veterinarian,,Oscar Health,POL-190578,GRP-1827,248,2024-12-06,2027-08-20,159,75,29.7,Current Smoker,Occasional,"Codeine, Dust, Penicillin",Osteoarthritis,"Metformin, Metoprolol, Montelukast, Prednisone",None,"Alzheimer's, Stroke, Cancer",Spanish,White,Active,19,RegistrationDB
,Virginia,Jenkins,1988-08-10,Female,A-,virginia.jenkins@email.example.com,(960) 412-3538,Kathleen Jackson,(561) 448-5658,"{""line1"": ""340 Broadway"", ""apt"": """", ""city"": ""Boston"", ""state"": ""MA"", ""zip"": ""02101"", ""county"": ""Maricopa"", ""timezone"": ""America/Los_Angeles""}",Married,Lawyer,Edwards Corp,Oscar Health,POL-881783,GRP-7525,392,2022-08-21,,168,91,150,Former Smoker,Moderate,"Latex, Dust, Pollen",,"Apixaban, Loratadine","Spinal fusion, Thyroidectomy",None,Cantonese,Hispanic or Latino,Active,1,RegistrationDB
3645,Isaac,Hill,1986-01-10,Male,A-,isaac.hill@email.example.com,(437) 887-2353,Nicole West,(655) 564-1838,"{""line1"": ""7821 Union Ave"", ""apt"": """", ""city"": ""Long Beach"", ""state"": ""CA"", ""zip"": ""90801""}",Single,Chef,Hicks Corp,Geisinger,POL-621285,GRP-4096,274,2025-07-30,2028-10-03,185,65,19.0,Non-Smoker,None,"Penicillin, Dust, Shellfish","GERD, Crohn's Disease, Depression",Furosemide,None,"Cancer, Asthma, None",Spanish,White,Active,11,RegistrationDB
3646,Kathleen,Ortiz,1975-07-10,Female,O+,kathleen.ortiz1@email.example.com,(649) 834-5357,Joyce Ross,(486) 387-2283,"{""line1"": ""5911 Highland Ave"", ""apt"": """", ""city"": ""Oklahoma City"", ""state"": ""OK"", ""zip"": ""73101"", ""landmark"": ""Near City Hall""}",Married,Sales Representative,Marshall Corp,Bright Health,POL-207200,GRP-3940,407,2023-05-11,,166,79,28.7,Non-Smoker,None,"Peanuts, NSAIDs",,Eliquis,"Total hip replacement, Thyroidectomy, Coronary artery bypass grafting",Stroke,English,White,Active,2,RegistrationDB
3650,Jack,###,2002-05-10,Male,O+,,(589) 898-2733,Aiden Collins,(303) 402-1472,"{""line1"": ""7783 Cherry Ln"", ""apt"": """", ""city"": ""Baltimore"", ""state"": ""MD"", ""zip"": ""21201"", ""country"": ""USA"", ""latitude"": 30.0433, ""longitude"": -101.8675, ""county"": ""Orange""}",Married,Retired,,,,,5,2021-04-12,,187,116,33.2,never assessed,Occasional,Shellfish,Irritable Bowel Syndrome,Montelukast,Total knee replacement,"Heart Disease, Hypertension, Asthma",Tagalog,White,Inactive,3,RegistrationDB
3652,Debra,Mendoza,1999-04-29,Female,A+,debra.mendoza@email.example.com,(829) 869-6035,Elijah West,(230) 793-4082,"{""line1"": ""3637 Broadway"", ""apt"": """", ""city"": ""New York"", ""state"": ""NY"", ""zip"": ""10001"", ""country"": ""USA""}",Single,Firefighter,,Independence Blue Cross,POL-641413,GRP-4022,70,2018-09-22,,154,99,41.7,Non-Smoker,None,"Shellfish, Latex, Dust",Hypertension,!@#$%^&*(),Thyroidectomy,Asthma,,White,Active,5,RegistrationDB
3655,Mateo,Cruz,not available,Male,O+,mateo.cruz@email.example.com,(434) 792-2831,Nathan Alvarez,(256) 262-5398,"{""line1"": ""3105 Hamilton Ct"", ""apt"": "", Unit 38"", ""city"": ""Tampa"", ""state"": ""FL"", ""zip"": ""33601""}",Married,Business Owner,Howard Corp,Geisinger,POL-375147,GRP-6904,478,01-01-2020,,173,74,24.7,Never Assessed,Moderate,"Pollen, Dust","Hypertension, Coronary Artery Disease","Metformin, Celecoxib, Clopidogrel, Pantoprazole","Gastric bypass, Cataract surgery","Stroke, Heart Disease, Cancer",English,White,Active,9,RegistrationDB
3656,Elijah,Ellis,2005-03-18,Male,A+,elijah.ellis@email.example.com,(503) 512-4256,Kyle Hughes,(573) 311-6101,"{""line1"": ""9323 Hill St"", ""apt"": """", ""city"": ""San Francisco"", ""state"": ""CA"", ""zip"": ""94101"", ""street_type"": ""Blvd"", ""country"": ""USA""}",Married,Musician,Gutierrez Corp,Oscar Health,POL-174440,GRP-2747,440,2018-06-22,2020-11-30,187,42,12.0,never assessed,Occasional,,"Type 2 Diabetes, Anxiety Disorder, Chronic Fatigue, Irritable Bowel Syndrome","Gabapentin, Cetirizine, Insulin glargine, Meloxicam",None,None,English,Black or African American,Active,15,RegistrationDB
3660,Christine,McDonald,1999-02-09,Female,A+,christine.mcdonald@email.example.com,(712) 208-9693,Lisa Morales,(633) 464-6261,"{""line1"": ""8319 Fourth Ave"", ""apt"": "", Apt 4"", ""city"": ""Houston"", ""state"": ""TX"", ""zip"": ""77001"", ""longitude"": -95.2513, ""timezone"": ""America/Chicago"", ""neighborhood"": ""Waterfront""}",Married,Scientist,Peterson Corp,,,,236,2023-09-17,2027-03-27,160,73,28.5,Non-Smoker,Occasional,"Shellfish, Peanuts",,"Eliquis, Gabapentin, Ibuprofen, Aspirin",None,"Asthma, Stroke, Heart Disease",English,Hispanic or Latino,Active,23,RegistrationDB
3665,Anna,Tucker,2001-12-02,Female,O+,anna.tucker1@email.example.com,(987) 497-3257,Carolyn Ortiz,(691) 780-3905,"{""line1"": ""9571 Birch St"", ""apt"": "", Apt 31"", ""city"": ""Dallas"", ""state"": ""TX"", ""zip"": ""75201""}",Married,Musician,Morales Corp,Geisinger,POL-163654,GRP-5306,3,2025-08-24,2028-02-12,157,65,26.4,Non-Smoker,Occasional,Pollen,Rheumatoid Arthritis,Amlodipine,None,,English,Black or African American,,8,RegistrationDB
3667,Kevin,Murphy,not available,Male,O-,kevin.murphy@email.example.com,(365) 981-5234,Christina Cook,(722) 327-3321,"{""line1"": ""7843 Fourth Ave"", ""apt"": "", Unit 24"", ""city"": ""Las Vegas"", ""state"": ""NV"", ""zip"": ""89101"", ""delivery_notes"": ""Ring bell"", ""latitude"": 34.0794, ""country"": ""USA"", ""timezone"": ""America/Chicago""}",Single,Veterinarian,Rogers Corp,MetLife,POL-347224,GRP-4284,301,2018-01-04,,193,57,15.3,Non-Smoker,Moderate,"Penicillin, Sulfa, Shellfish","Migraine, Irritable Bowel Syndrome",Losartan,None,Diabetes,Mandarin,White,Active,2,RegistrationDB
3669,Zoey,Cox,1981-08-19,Female,A+,zoey.cox@email.example.com,(352) 749-6518,Edward Diaz,(360) 247-6363,"{""line1"": ""865 Seventh St"", ""apt"": """", ""city"": ""Dallas"", ""state"": ""TX"", ""zip"": ""75201"", ""landmark"": ""Close to University"", ""timezone"": ""America/Los_Angeles""}",Widowed,Artist,Ellis Corp,UnitedHealthcare,POL-490677,GRP-1730,263,2019-09-25,,161,65,25.1,Never Assessed,None,"Latex, NSAIDs","Atrial Fibrillation, Rheumatoid Arthritis",None,"Angioplasty with stent, Mastectomy","Stroke, Cancer, Arthritis",English,White,Active,16,RegistrationDB
3670,Scarlett,King,01/15/1987,Female,B+,scarlett.king1@email.example.com,(580) 890-3270,Nathan Moore,(313) 965-1386,"{""line1"": ""1293 Beechwood Ave"", ""apt"": """", ""city"": ""Washington"", ""state"": ""DC"", ""zip"": ""20001"", ""timezone"": ""America/Phoenix"", ""street_type"": ""Ln"", ""floor_number"": 29, ""country"": ""USA""}",Married,Administrative Assistant,,Kaiser Permanente,POL-891384,GRP-6932,445,2018-02-14,2019-09-08,146,40,18.8,Former Smoker,Heavy,"Dust, Codeine, Peanuts",,"Amlodipine, Gabapentin, Furosemide",Laminectomy,None,Tagalog,White,Active,16,RegistrationDB
3678,Levi,Harrison,1972-08-05,Male,A-,levi.harrison@email.example.com,(453) 857-5307,Justin Reyes,(275) 424-1122,"{""line1"": ""173 Birch St"", ""apt"": """", ""city"": ""Sacramento"", ""state"": ""CA"", ""zip"": ""94201"", ""country"": ""USA"", ""landmark"": ""Near City Hall"", ""neighborhood"": ""Downtown""}",Married,---,Howard Corp,Oscar Health,POL-459194,GRP-1048,90,2025-03-22,2025-04-12,,40,12,Former Smoker,Moderate,Sulfa,,Levothyroxine,None,"Asthma, Heart Disease, Alzheimer's",English,White,Active,1,RegistrationDB
3680,Miles,Kim,1990-11-08,Male,O+,miles.kim@email.example.com,(509) 225-1776,Brandon Jordan,(817) 723-7782,"{""line1"": ""614 Maple Dr"", ""apt"": """", ""city"": ""Charlotte"", ""state"": ""NC"", ""zip"": ""28201"", ""floor_number"": 49, ""longitude"": -90.8128, ""timezone"": ""America/New_York"", ""country"": ""USA""}",Single,Librarian,,Harvard Pilgrim,POL-635987,GRP-4858,496,2023-04-30,2027-04-10,178,62,19.6,Non-Smoker,None,"Sulfa, Peanuts, None","Fibromyalgia, Type 2 Diabetes, Coronary Artery Disease","Aspirin, Insulin glargine, Loratadine, Celecoxib","Laminectomy, Hernia repair",Heart Disease,Mandarin,White,Inactive,23,RegistrationDB
3681,Paul,Jordan,1958-05-30,Male,B+,paul.jordan@email.example.com,(478) 914-3649,Albert Ortiz,(820) 767-7875,"{""line1"": ""566 Elm St"", ""apt"": """", ""city"": ""Columbus"", ""state"": ""OH"", ""zip"": ""43201"", ""neighborhood"": ""East Side"", ""timezone"": ""America/Denver"", ""longitude"": -113.3917}",Single,UnemPloyed,N/A,Anthem,POL-670808,GRP-4602,474,2024-11-10,2028-10-18,173,55,18.4,Non-Smoker,None,"Shellfish, Sulfa, Pollen","Fibromyalgia, Coronary Artery Disease, Type 2 Diabetes, Psoriasis",Insulin glargine,Gastric bypass,Heart Disease,Korean,Asian,Active,7,RegistrationDB
3685,Heather,Young,1957-03-03,Female,A-,heather.young@email.example.com,(920) 569-5217,Timothy Bailey,(454) 981-6605,"{""line1"": ""3867 Pine St"", ""apt"": """", ""city"": ""Columbus"", ""state"": ""OH"", ""zip"": ""43201"", ""country"": ""USA"", ""longitude"": -105.213, ""latitude"": 36.7541, ""county"": ""Queens""}",Single,Project Manager,Allen Corp,Bright Health,POL-865178,GRP-4067,188,2020-08-05,2023-03-05,-10,71,28.4,Former Smoker,None,None,,unknown,"Spinal fusion, Angioplasty with stent",None,Mandarin,Asian,Active,17,RegistrationDB
3686,Aurora,Ellis,1988-10-24,Female,O+,aurora.ellis@email.example.com,(574) 477-4197,999-999-9999,(591) 966-4918,"{""line1"": ""4420 Hamilton Ct"", ""apt"": "", Apt 5"", ""city"": ""San Antonio"", ""state"": ""TX"", ""zip"": ""78201"", ""street_type"": ""Cir"", ""country"": ""USA"", ""latitude"": 47.7294, ""timezone"": ""America/New_York""}",Separated,Student,Phillips Corp,CareFirst,POL-440122,GRP-6339,319,2024-04-20,2026-01-28,165,88,32.3,Non-Smoker,Occasional,None,"Hypothyroidism, Depression","Clopidogrel, Insulin glargine, Sertraline, Ibuprofen",None,Hypertension,English,White,Active,15,RegistrationDB
3690,Dorothy,Hernandez,2000-03-08,Female,O+,dorothy.hernandez@email.example.com,(872) 509-3362,Kenneth Ramos,(587) 873-2271,"{""line1"": ""3045 Birch St"", ""apt"": "", # 47"", ""city"": ""Portland"", ""state"": ""OR"", ""zip"": ""97201"", ""street_type"": ""St"", ""landmark"": ""Behind Metro Station"", ""timezone"": ""America/New_York"", ""county"": ""Dallas""}",Separated,Dental Hygienist,,Humana,POL-250016,GRP-4662,260,2025-06-20,,163,80,30.1,Non-Smoker,None,"Pollen, None",,"Prednisone, Montelukast","Hysterectomy, C-section, Carpal tunnel release",None,Spanish,Black or African American,Active,8,RegistrationDB
3691,Terry,Woods,2004-08-29,Male,O+,terry.woods@email.example.com,(403) 530-4750,Daniel Gray,(227) 610-1216,"{""line1"": ""4664 Walnut Ave"", ""apt"": """", ""city"": ""Tampa"", ""state"": ""FL"", ""zip"": ""33601""}",Single,Chef,Phillips Corp,Health Net,POL-169666,GRP-4153,131,2021-10-08,2023-12-13,177,111,35.4,Former Smoker,Occasional,"Penicillin, Shellfish, Peanuts","Psoriasis, Coronary Artery Disease",Hydrochlorothiazide,None,"Alzheimer's, Diabetes",Spanish,Black or African American,Active,2,RegistrationDB
3697,Julie,Moore,1950-01-21,Female,O+,julie.moore@email.example.com,(439) 616-7844,Rachel Carter,(379) 918-6330,"{""line1"": ""2892 First St"", ""apt"": """", ""city"": ""Albuquerque"", ""state"": ""NM"", ""zip"": ""87101"", ""latitude"": 46.4981, ""longitude"": -94.9862, ""neighborhood"": ""Midtown""}",Single,Social Worker,Johnson Corp,Cigna HealthCare,POL-294826,GRP-1753,296,2019-04-12,2020-04-19,155,91,37.9,Non-Smoker,None,"Dust, NSAIDs","Anemia, Crohn's Disease","Cyclobenzaprine, Tramadol, Prednisone, Bupropion",Angioplasty with stent,"Cancer, Diabetes, Heart Disease",Vietnamese,Black or African American,Active,4,RegistrationDB
3710,Julian,Morales,1954-09-07,Male,O+,julian.morales@email.example.com,(352) 341-3707,Peter Freeman,(961) 234-7195,"{""line1"": ""Unknown"", ""city"": ""Unknown"", ""state"": ""NA"", ""zip"": ""00000"", ""landmark"": ""Near City Hall"", ""county"": ""Queens""}",Married,Mechanic,Crawford Corp,Aetna,POL-630400,GRP-5534,161,2025-01-07,2029-02-02,178,79,24.9,Current Smoker,Former,"Dust, Pollen, Sulfa",,"Gabapentin, Loratadine, Omeprazole",None,"Cancer, Diabetes",Tagalog,White,Active,24,RegistrationDB
3713,Skylar,Campbell,1955-01-05,Female,O+,skylar.campbell@email.example.com,(374) 300-1017,Heather Jones,(652) 412-2345,"{""line1"": ""6424 Ash Ct"", ""apt"": """", ""city"": ""Tucson"", ""state"": ""AZ"", ""zip"": ""85701"", ""timezone"": ""America/Denver"", ""county"": ""Dallas""}",Married,Psychologist,Wallace Corp,Independence Blue Cross,POL-130407,GRP-5472,115,2024-07-25,2026-08-15,157,59,23.9,Former Smoker,None,"Sulfa, Codeine, Penicillin","Anxiety Disorder, Atrial Fibrillation, Sleep Apnea",Levothyroxine,None,None,English,White,Active,23,RegistrationDB
3714,Kelly,Foster,2001-03-13,Female,A+,kelly.foster@email.example.com,(993) 258-3159,Carol Wilson,(622) 901-1304,"{""line1"": ""493 Walnut Ave"", ""apt"": """", ""city"": ""El Paso"", ""state"": ""TX"", ""zip"": ""79901"", ""timezone"": ""America/Phoenix"", ""landmark"": ""Close to University""}",Married,Accountant,Ramirez Corp,Anthem,POL-745804,GRP-5173,136,2025-02-09,2026-12-23,164,85,31.6,Current Smoker,Moderate,"NSAIDs, Shellfish",,"Losartan, Cetirizine, Warfarin",None,"Heart Disease, Alzheimer's, Cancer",English,Black or African American,Inactive,6,RegistrationDB
3715,Donald,Lopez,2004-03-24,Male,O+,donald.lopez@email.example.com,(606) 390-1227,Christina Ellis,(535) 424-2201,"{""line1"": ""9307 River Rd"", ""apt"": "", Apt 25"", ""city"": ""Tucson"", ""state"": ""AZ"", ""zip"": ""85701""}",Single,Nurse,Martinez Corp,Blue Cross Blue Shield,POL-389713,GRP-9505,478,2020-12-21,2023-04-06,193,61,16.4,Never Assessed,Moderate,"Sulfa, NSAIDs, Dust","Sleep Apnea, Chronic Fatigue",None,Hemorrhoidectomy,Stroke,English,caucasian,Active,9,RegistrationDB
3716,Caleb,Richardson,1966-11-26,Male,O+,caleb.richardson@email.example.com,(857) 498-7368,Diane Simmons,(807) 778-8856,"{""line1"": ""3687 Cypress Dr"", ""apt"": """", ""city"": ""Colorado Springs"", ""state"": ""CO"", ""zip"": ""80901"", ""neighborhood"": ""Waterfront""}",Married,HR Specialist,Jackson Corp,UnitedHealthcare,POL-800649,GRP-2419,490,2018-07-15,2020-04-14,179,97,30.3,Former Smoker,Occasional,Peanuts,,Bupropion,"Appendectomy 2018, Cholecystectomy 2020",None,Arabic,Hispanic or Latino,Active,23,RegistrationDB
3721,Evelyn,West,01/15/1987,,A+,evelyn.west@email.example.com,(222) 300-8168,Julian Woods,(204) 725-6747,"{""line1"": ""1754 Seventh St"", ""apt"": """", ""city"": ""Indianapolis"", ""state"": ""IN"", ""zip"": ""46201""}",Married,Administrative Assistant,Johnson Corp,Highmark,POL-580727,GRP-2180,181,2021-07-04,2024-07-05,153,58,24.8,Non-Smoker,Heavy,"NSAIDs, None, Pollen",,Cyclobenzaprine,None,Stroke,Vietnamese,Hispanic or Latino,Active,13,RegistrationDB
3724,Anthony,Ramirez,1989-03-22,Male,O+,anthony.ramirez@email.example.com,(550) 248-4093,Avery Gomez,,"{""line1"": ""9414 Spring St"", ""apt"": """", ""city"": ""Indianapolis"", ""state"": ""IN"", ""zip"": ""46201"", ""floor_number"": 18}",Married,Teacher,Bailey Corp,Humana,POL-438590,GRP-9458,497,2023-07-31,2027-06-26,188,84,23.8,Current Smoker,Occasional,None,Rheumatoid Arthritis,Atorvastatin,"C-section, Meniscectomy",,Spanish,White,Inactive,21,RegistrationDB
3726,Gary,Clark,1973-04-25,Male,O+,gary.clark@email.example.com,(934) 597-5303,Wesley Campbell,(312) 374-1377,"{""line1"": ""6225 Eighth Ave"", ""apt"": """", ""city"": ""Boston"", ""state"": ""MA"", ""zip"": ""02101"", ""street_type"": ""Ct"", ""longitude"": -120.0537}",Single,Insurance Agent,Morris Corp,Oscar Health,POL-536843,GRP-6344,130,2020-03-12,2021-08-05,183,90,26.9,Non-Smoker,2 beers/week,"Shellfish, Pollen, Latex","Fibromyalgia, Psoriasis, Depression, Osteoporosis",None,None,"Diabetes, Cancer, Hypertension",English,Two or More Races,Active,18,RegistrationDB
3737,Madelyn,Harris,1994-09-10,Female,A+,madelyn.harris@email.example.com,(622) 552-7953,Carol Stewart,(924) 421-1306,"{""line1"": ""1443 Market St"", ""apt"": """", ""city"": ""Oklahoma City"", ""state"": ""OK"", ""zip"": ""73101"", ""county"": ""King""}",Single,Dentist,Cook Corp,Highmark,POL-799557,GRP-4611,445,2024-07-12,2027-03-09,161,50,19.3,Non-Smoker,Occasional,None,Fibromyalgia,None,None,Hypertension,Mandarin,White,Active,16,RegistrationDB
3740,Ellie,Lewis,1995-04-08,,A+,ellie.lewis@email.example.com,(457) 528-1024,Maxwell Perez,(575) 371-4958,"{""line1"": ""942 Sycamore Ave"", ""apt"": """", ""city"": ""Nashville"", ""state"": ""TN"", ""zip"": ""37201"", ""longitude"": -98.7414, ""street_type"": ""Rd"", ""country"": ""USA""}",Married,Pharmacist,,,,,238,2022-11-07,2023-10-07,158,91,36.5,Former Smoker,None,"Codeine, Peanuts, Penicillin",,"Cetirizine, Levothyroxine, Ibuprofen, Apixaban",None,None,English,White,Inactive,15,RegistrationDB
3747,Ellie,Martin,1994-10-05,Female,,ellie.martin@email.example.com,(575) 605-3672,Pamela Sanders,(514) 853-3856,"{""line1"": ""5447 Hickory St"", ""apt"": """", ""city"": ""San Francisco"", ""state"": ""CA"", ""zip"": ""94101"", ""country"": ""USA""}",Married,Insurance Agent,Ross Corp,Cigna HealthCare,POL-957391,GRP-4263,4,2025-12-04,2027-07-19,156,107,44.0,Non-Smoker,Occasional,"Penicillin, Dust, None","Sleep Apnea, Crohn's Disease, Asthma, Hypothyroidism","Spironolactone, Prednisone",Total knee replacement,"Hypertension, Stroke, Heart Disease",English,White,Active,1,RegistrationDB
3764,Jonathan,Ford,1951-06-02,Male,A+,jonathan.ford@email.example.com,(708) 802-3931,Peter Martin,(635) 689-2921,"{""line1"": ""5921 Tenth Ave"", ""apt"": """", ""city"": ""Seattle"", ""state"": ""WA"", ""zip"": ""98101"", ""neighborhood"": ""Northside"", ""timezone"": ""America/Chicago""}",Married,Scientist,Phillips Corp,Atena,POL-591936,GRP-6093,71,2023-09-11,2025-06-05,173,76,25.4,Former Smoker,Occasional,"NSAIDs, Codeine, Peanuts","Hyperlipidemia, Fibromyalgia, Type 2 Diabetes",None,"Cholecystectomy, Hemorrhoidectomy",None,Spanish,Black or African American,Active,21,RegistrationDB
3765,Aurora,Gibson,1983-11-28,Female,O+,aurora.gibson@email.example.com,(319) 892-2729,Layla Rogers,John Smith,"{""line1"": ""4216 Maple Dr"", ""apt"": """", ""city"": ""Houston"", ""state"": ""TX"", ""zip"": ""77001"", ""longitude"": -92.6518, ""neighborhood"": ""Downtown"", ""street_type"": ""Ct""}",Married,Data Analyst,,Molina Healthcare,POL-443423,GRP-7226,297,2022-12-16,2025-12-13,154,82,34.6,Former Smoker,None,None,"Rheumatoid Arthritis, Ulcerative Colitis, Coronary Artery Disease",Eliquis,None,"Heart Disease, Diabetes, Asthma",English,White,Active,14,RegistrationDB
3770,Theodore,Harrison,1993-03-27,Male,O+,theodore.harrison@email.example.com,(657) 988-3975,Grace Bennett,(893) 626-3641,"{""line1"": ""4631 Center St"", ""apt"": """", ""city"": ""Omaha"", ""state"": ""NE"", ""zip"": ""68101"", ""neighborhood"": ""Uptown"", ""delivery_notes"": ""Leave at door"", ""country"": ""USA"", ""latitude"": 31.7237}",Married,Project Manager,,Cigna HealthCare,POL-878598,GRP-5082,331,2021-11-22,2024-10-04,181,72,22.0,Non-Smoker,None,"None, Penicillin, Latex",COPD,Prednisone,Hemorrhoidectomy,"Heart Disease, None, Arthritis",English,White,Active,13,RegistrationDB
3786,Ryan,,2025-06-15,Male,O+,ryan.patterson@email.example.com,(639) 409-2522,Ezra Alexander,(500) 483-8697,"{""line1"": ""6029 Seventh St"", ""apt"": """", ""city"": ""Kansas City"", ""state"": ""MO"", ""zip"": ""64101"", ""neighborhood"": ""Historic District"", ""latitude"": 41.6886}",Single,Consultant,Foster Corp,Centene,POL-234750,GRP-5627,233,2021-09-12,2025-05-08,173,,24.4,Never Assessed,Occasional,"Latex, Sulfa, None",,None,None,None,Mandarin,White,Active,20,RegistrationDB
3789,Richard,Mitchell,1979-04-05,Male,,richard.mitchell@email.example.com,(892) 264-4241,Jose Lopez,(919) 297-5382,"{""line1"": ""2767 View Blvd"", ""apt"": "", Apt 38"", ""city"": ""Tampa"", ""state"": ""FL"", ""zip"": ""33601""}",Married,Retired,Reed Corp,Cigna HealthCare,POL-522627,GRP-8534,442,2025-09-27,2025-11-16,184,69,20.4,Non-Smoker,None,"Dust, Sulfa, Pollen",,Insulin glargine,None,Diabetes,English,White,Active,13,RegistrationDB
3797,12345,Bailey,2004-11-24,Female,O+,aria.bailey@email.example.com,(978) 935-3573,David Miller,(391) 468-1782,"{""line1"": ""559 Walnut Ave"", ""apt"": """", ""city"": ""Minneapolis"", ""state"": ""MN"", ""zip"": ""55401"", ""timezone"": ""America/Chicago"", ""neighborhood"": ""Historic District"", ""longitude"": -106.6338}",Single,Student,Lopez Corp,Humana,POL-524264,GRP-4319,453,2021-09-02,2025-08-08,166,82,29.8,Former Smoker,Former,"Pollen, Peanuts, Dust","Crohn's Disease, Anxiety Disorder",Celecoxib,None,"Diabetes, Hypertension, Stroke",Mandarin,White,Active,17,RegistrationDB
3800,Victoria,Nelson,1988-01-13,Female,O-,victoria.nelson@email.example.com,(901) 358-8439,Ryan Webb,(356) 826-7404,"{""line1"": ""1317 Poplar St"", ""apt"": """", ""city"": ""Jacksonville"", ""state"": ""FL"", ""zip"": ""32201""}",Married,Accountant,Jordan Corp,Cigna,POL-906309,GRP-1384,453,2018-06-16,2020-07-03,166,71,25.8,Current Smoker,Occasional,"Shellfish, None","Fibromyalgia, Rheumatoid Arthritis","Bupropion, Insulin glargine, Spironolactone",None,"None, Stroke",English,White,Active,17,RegistrationDB
,Amanda,Smith,1970-08-17,Female,O+,amanda.smith@email.example.com,(632) 700-5170,Luke Sanchez,(733) 269-2848,"{""line1"": ""1696 Church St"", ""apt"": """", ""city"": ""Minneapolis"", ""state"": ""MN"", ""zip"": ""55401"", ""longitude"": -106.6427, ""delivery_notes"": ""Deliver to reception""}",Single,Consultant,Parker Corp,,POL-150489,GRP-6812,377,2024-11-24,2026-05-24,166,44,16.0,Non-Smoker,Moderate,Pollen,Crohn's Disease,"Metoprolol, Spironolactone, Levothyroxine, Montelukast",None,None,,White,Active,15,RegistrationDB
3805,Patrick,Hughes,1800-01-01,Male,AB+,patrick.hughes@email.example.com,(492) 240-4144,Jason Roberts,(544) 729-5870,"{""line1"": ""7839 Poplar St"", ""apt"": "", # 4"", ""city"": ""San Antonio"", ""state"": ""TX"", ""zip"": ""78201""}",Divorced,Writer,,,,,434,2023-09-02,2025-07-29,178,97,normal,Current Smoker,Heavy,Codeine,Hypertension,Warfarin,None,"Cancer, None",English,White,Active,1,RegistrationDB
3815,Kathleen,Smith,1980-09-29,Female,O-,kathleen.smith@email.example.com,(429) 877-6437,Dylan Cruz,(508) 470-7597,"{""line1"": ""1273 Pleasant St"", ""apt"": "", Suite 8"", ""city"": ""Memphis"", ""state"": ""TN"", ""zip"": ""38101"", ""timezone"": ""America/New_York"", ""latitude"": 35.0497}",Married ,Scientist,James Corp,Geisinger,POL-726029,GRP-2397,474,2019-07-26,2021-05-26,164,104,-5,Non-Smoker,Occasional,,"Rheumatoid Arthritis, Rheumatoid Arthritis","Eliquis, Bupropion",Hemorrhoidectomy,Asthma,English,White,Active,7,RegistrationDB
3817,Jose,Webb,2002-08-11,Male,O+,jose.webb@email.example.com,(566) 514-1256,Lucas Richardson,(756) 614-4618,"{""line1"": ""8500 Main St"", ""apt"": "", Apt 15"", ""city"": ""Baltimore"", ""state"": ""MD"", ""zip"": ""21201"", ""timezone"": ""America/New_York"", ""county"": ""Orange""}",Married,Writer,Johnson Corp,Highmark,POL-302346,GRP-4053,32,2023-11-24,2024-09-12,164,67,24.9,Never Assessed,Occasional,"Shellfish, Codeine, NSAIDs",Ulcerative Colitis,"Albuterol, Jardiance, Acetaminophen, Metoprolol",None,Asthma,Cantonese,White,Active,22,RegistrationDB
3818,Albert,Gibson,1957-01-22,Male,O+,albert.gibson@email.example.com,(296) 931-5118,Julian Richardson,(288) 550-2093,"{""line1"": ""121 Pleasant St"", ""apt"": """", ""city"": ""Indianapolis"", ""state"": ""IN"", ""zip"": ""46201"", ""neighborhood"": ""Waterfront"", ""longitude"": -100.7246, ""delivery_notes"": ""Deliver to reception""}",Married,Student,Peterson Corp,Humana,POL-983800,GRP-5530,167,2018-04-28,2019-08-17,180,40,12.3,Never Assessed,Occasional,"Dust, Sulfa, None",,"Sertraline, Eliquis",None,Alzheimer's,English,Black or African American,Inactive,14,RegistrationDB
3820,12345,Hayes,1970-06-03,Female,O+,ellie.hayes@email.example.com,(962) 446-6667,Aiden Clark,(207) 737-3381,"{""line1"": ""1911 Sixth Ave"", ""apt"": """", ""city"": ""Portland"", ""state"": ""OR"", ""zip"": ""97201"", ""country"": ""USA"", ""longitude"": -99.6388, ""neighborhood"": ""Historic District""}",Married,Scientist,Hayes Corp,Aetna,POL-667339,GRP-4293,83,2022-07-13,2022-07-13,156,103,42.3,Never Assessed,Occasional,"Penicillin, Sulfa, Peanuts","Anemia, Eczema, Crohn's Disease",Ibuprofen,,"None, Hypertension",English,Human,Active,11,RegistrationDB
3828,Rachel,###,1989-06-26,Female,A+,rachel.phillips@email.example.com,(632) 383-8544,Kevin Patel,(524) 883-8663,"{""line1"": ""9078 Park Blvd"", ""apt"": "", Unit 40"", ""city"": ""Washington"", ""state"": ""DC"", ""zip"": ""20001"", ""longitude"": -112.12, ""timezone"": ""America/Denver"", ""country"": ""USA"", ""latitude"": 29.5385}",Married,Bank Teller,Perez Corp,Geisinger,POL-165982,GRP-2349,156,2019-12-26,2020-07-12,174,58,19.2,Former Smoker,Former,Shellfish,Sleep Apnea,"Insulin glargine, Prednisone",None,"Diabetes, Hypertension",,Asian,Active,20,RegistrationDB
3831,Deborah,Brooks,1975-07-27,Female,A+,deborah.brooks@email.example.com,(500) 928-2361,Lily Wilson,(718) 715-2004,"{""line1"": ""4782 Birch St"", ""apt"": """", ""city"": ""Seattle"", ""state"": ""WA"", ""zip"": ""98101"", ""county"": ""Orange""}",Married,Student,Baker Corp,Oscar Health,POL-648353,GRP-1481,154,2025-13-01,2026-07-20,158,73,29.2,Never Assessed,None,"Peanuts, Shellfish, None","Type 2 Diabetes, Eczema, Irritable Bowel Syndrome",Losartan,Gastric bypass,None,English,Asian,Active,17,RegistrationDB
3834,Gabriel,Reed,2000-04-22,Male,O+,gabriel.reed@email.example.com,(423) 901-2032,Edward Gomez,(245) 311-4555,"{""line1"": ""7038 Church St"", ""apt"": """", ""city"": ""Denver"", ""state"": ""CO"", ""zip"": ""80201"", ""county"": ""Sacramento"", ""latitude"": 33.6916, ""country"": ""USA"", ""street_type"": ""Ct""}",Single,Electrician,Sanders Corp,Aetna,POL-789307,GRP-3631,425,2021-06-07,2024-07-20,159,80,31.6,Never Assessed,None,Penicillin,Hypertension,"Gabapentin, Tramadol, Ozempic",None,"Arthritis, Asthma",Spanish,Black or African American,Active,25,RegistrationDB
3837,Kyle,Peterson,1966-02-10,Male,A-,kyle.peterson@email.example.com,(744) 781-9641,Cynthia Diaz,(616) 922-5059,"{""line1"": ""6045 Center St"", ""apt"": """", ""city"": ""San Francisco"", ""state"": ""CA"", ""zip"": ""94101"", ""street_type"": ""Way"", ""landmark"": ""Next to Mall"", ""county"": ""Sacramento""}",Single,Pilot,Diaz Corp,Bright Health,POL-302238,GRP-3923,39,2025-10-18,2026-11-19,175,56,18.3,,Heavy,None,Coronary Artery Disease,"Gabapentin, Jardiance, Metformin, Lisinopril",None,None,English,White,Active,17,RegistrationDB
3843,Rebecca,Alvarez,1958-02-25,Female,O+,rebecca.alvarez1@email.example.com,(984) 422-7861,Russell Watson,(800) 430-2999,"{""line1"": ""6762 Washington Ave"", ""apt"": """", ""city"": ""Mesa"", ""state"": ""AZ"", ""zip"": ""85201"", ""country"": ""USA"", ""county"": ""Cook"", ""street_type"": ""Ct""}",Single,HR Specialist,,Aetna,POL-995827,GRP-2680,309,2023-09-27,2025-08-14,153,86,36.7,Former Smoker,Moderate,"PENICILLIN, SULFA","Type 2 Diabetes, Coronary Artery Disease, Hyperlipidemia",None,"Sleeve gastrectomy, Spinal fusion","Heart Disease, Arthritis",French,White,Active,17,RegistrationDB
3845,Gary,Edwards,1977-08-14,Male,O+,gary.edwards@email.example.com,(251) 561-7030,Laura Howard,(869) 463-1515,"{""line1"": ""9839 Third St"", ""apt"": "", Suite 6"", ""city"": ""Cleveland"", ""state"": ""OH"", ""zip"": ""44101"", ""county"": ""Queens""}",Married,---,Anderson Corp,UnitedHealthcare,POL-126527,GRP-8218,188,2024-05-31,2025-10-14,167,70,25.1,Former Smoker,Occasional,"Peanuts, Dust, None",,"Eliquis, Losartan, Ibuprofen","Total hip replacement, Coronary artery bypass grafting",None,Spanish,White,Active,17,RegistrationDB
3849,Bruce,Roberts,1989-04-18,Male,A+,bruce.roberts@email.example.com,(825) 480-8476,Aiden Hughes,(674) 468-4447,"{""line1"": ""3320 Washington Ave"", ""apt"": "", Apt 3"", ""city"": ""Cleveland"", ""state"": ""OH"", ""zip"": ""44101""}",Married,Unemployed,Harrison Corp,Geisinger,POL-430049,GRP-1736,4,2020-05-04,,168,58,20.5,Never Assessed,Moderate,"NSAIDs, Shellfish, Penicillin",,"Amlodipine, Duloxetine",None,None,English,White,Active,1,RegistrationDB
3858,Heather,Phillips,1982-04-11,,B+,heather.phillips@email.example.com,(617) 704-1067,Kathleen Mendoza,John Smith,,Married,Administrative Assistant,,,,,58,2020-11-25,2022-07-29,163,92,34.6,Current Smoker,Occasional,None,"Psoriasis, Congestive Heart Failure",None,None,"Stroke, Hypertension, Cancer",English,Hispanic or Latino,Active,2,RegistrationDB
3860,Jessica,Morgan,1991-12-12,Female,,jessica.morgan@email.example.com,(643) 899-2785,Henry Robinson,(650) 510-1502,"{""line1"": ""2217 Hamilton Ct"", ""apt"": "", Apt 17"", ""city"": ""Houston"", ""state"": ""TX"", ""zip"": ""77001"", ""longitude"": -86.2601, ""country"": ""USA"", ""timezone"": ""America/Phoenix""}",Single,,Hunter Corp,Humana,POL-521087,GRP-7726,219,2021-11-13,2025-02-27,168,50,17.7,Non-Smoker,Occasional,None,,Cyclobenzaprine,Cataract surgery,None,English,Hispanic or Latino,Active,22,RegistrationDB
3862,Melissa,Ross,1978-11-04,Female,A+,melissa.ross@email.example.com,(438) 296-2119,Nicholas Taylor,(804) 659-3941,"{""line1"": ""1684 Ash Ct"", ""apt"": """", ""city"": ""San Diego"", ""state"": ""CA"", ""zip"": ""92101"", ""latitude"": 47.2281, ""street_type"": ""St"", ""country"": ""USA""}",Divorced,Musician,Porter Corp,Blue Cross Blue Shield,POL-888481,G1234,91,2024-08-15,2024-09-26,162,40,15.2,Non-Smoker,Occasional,None,"Chronic Kidney Disease, Crohn's Disease","Prednisone, Tramadol",None,"Heart Disease, None",English,Other,Active,6,RegistrationDB
3879,Luna,Richardson,2001-04-21,Female,A+,luna.richardson1@email.example.com,(771) 381-6178,Randy Bennett,(314) 725-4961,"{""line1"": ""3054 Walnut Ave"", ""apt"": "", Suite 27"", ""city"": ""Phoenix"", ""state"": ""AZ"", ""zip"": ""85001"", ""latitude"": 46.5161, ""floor_number"": 20, ""county"": ""Sacramento"", ""longitude"": -93.464}",Divorced,Psychologist,Patel Corp,Molina Healthcare,POL-459601,GRP-7245,428,2022-09-03,2022-09-03,169,91,31.9,Current Smoker,Occasional,None,"Atrial Fibrillation, Asthma, Anemia","Tramadol, Bupropion, Levothyroxine, Hydrochlorothiazide",Hernia repair,,Spanish,Black or African American,Active,23,RegistrationDB
3884,pamela,Howard,1995-10-30,Female,O+,pamela.howard@email.example.com,(588) 412-7811,Daniel Smith,(346) 572-3136,"{""line1"": ""5375 Fifth St"", ""apt"": "", # 42"", ""city"": ""San Jose"", ""state"": ""CA"", ""zip"": ""95101"", ""neighborhood"": ""Historic District"", ""country"": ""USA"", ""timezone"": ""America/Phoenix"", ""county"": ""Maricopa"", ""longitude"": -119.1522}",Single,Police Officer,Ford Corp,CareFirst,POL-993153,GRP-8756,259,2020-06-02,2024-01-01,176,72,23.2,Non-Smoker,None,"Peanuts, Penicillin","Osteoarthritis, Chronic Kidney Disease, Eczema","Spironolactone, Warfarin","Laminectomy, Cataract surgery","Arthritis, Asthma",English,White,Active,8,RegistrationDB
3885,John,Long,1993-03-25,Male,O+,john.long@email.example.com,(470) 419-3133,Dennis Brown,(429) 276-2224,"{""line1"": ""1610 Beechwood Ave"", ""apt"": """", ""city"": ""Jacksonville"", ""state"": ""FL"", ""zip"": ""32201"", ""county"": ""San Diego""}",Widowed,Retired,Mitchell Corp,Oscar Health,POL-825654,GRP-1076,232,2020-10-21,2021-10-20,173,94,150,Non-Smoker,None,"Latex, Peanuts, Pollen",,"Levothyroxine, Metoprolol, Cyclobenzaprine, Lisinopril",None,None,English,Asian,Active,18,RegistrationDB
3886,Nicholas,Murphy,2003-07-30,Male,A+,nicholas.murphy@email.example.com,(690) 451-1726,Lincoln Long,(952) 408-3980,"{""line1"": ""5220 Third St"", ""apt"": """", ""city"": ""Cleveland"", ""state"": ""OH"", ""zip"": ""44101"", ""latitude"": 43.377}",Single,HR Specialist,Morgan Corp,Molina Healthcare,POL-731840,GRP-7811,39,2022-06-23,2023-11-30,182,40,12.1,Former Smoker,Occasional,"None, Peanuts","Rheumatoid Arthritis, Osteoporosis, Depression","Tramadol, Aspirin, Metformin, Losartan",Colectomy,"Diabetes, Heart Disease",Vietnamese,Hispanic or Latino,Active,17,RegistrationDB
3890,Carol,Mendoza,1957-07-29,Female,O-,carol.mendoza@email.example.com,(772) 953-2975,Wesley Davis,(827) 678-3190,"{""line1"": ""7055 Fourth Ave"", ""apt"": "", Unit 18"", ""city"": ""Columbus"", ""state"": ""OH"", ""zip"": ""43201""}",Married,Pilot,Davis Corp,Blue Cross Blue Shield,POL-793890,GRP-2571,154,2018-01-18,2018-08-15,162,93,35.4,Former Smoker,Moderate,None,,None,None,None,Cantonese,White,Active,17,RegistrationDB
3892,Stephen,Martinez,2004-04-18,Male,A+,stephen.martinez1@email.example.com,(595) 210-8119,Ezra Wells,(376) 921-8549,"{""line1"": ""1486 Hickory St"", ""apt"": "", Unit 22"", ""city"": ""Miami"", ""state"": ""FL"", ""zip"": ""33101"", ""country"": ""USA"", ""county"": ""Orange"", ""neighborhood"": ""East Side""}",Married,Chef,,MetLife,POL-294798,GRP-1263,36,2025-13-01,2019-11-14,165,101,37.1,Current Smoker,Moderate,"Shellfish, Pollen, None","Chronic Fatigue, Hyperlipidemia, Ulcerative Colitis, Irritable Bowel Syndrome","Clopidogrel, Ozempic, Losartan, Gabapentin",Carpal tunnel release,"Cancer, Stroke, Hypertension",English,Asian,Active,23,RegistrationDB
3917,Ryan,UNKNOWN,1977-06-24,Male,O+,ryan.gray1@email.example.com,(997) 635-9707,Frank Johnson,000-000-0000,"{""line1"": ""816 Monroe Dr"", ""apt"": "", # 19"", ""city"": ""Denver"", ""state"": ""CO"", ""zip"": ""80201"", ""county"": ""San Diego""}",Separated,Psychologist,Allen Corp,Independence Blue Cross,POL-351654,GRP-6903,220,2022-11-19,,174,98,32.4,Current Smoker,None,Shellfish,"Asthma, Fibromyalgia, Hyperlipidemia","Prednisone, Acetaminophen, Sertraline",None,None,Mandarin,Human,Active,16,RegistrationDB
3918,Catherine,Powell,1982-03-19,,O+,catherine.powell@email.example.com,(964) 314-4506,Carolyn Diaz,(299) 846-4566,"{""line1"": ""9538 Union Ave"", ""apt"": """", ""city"": ""Louisville"", ""state"": ""KY"", ""zip"": ""40201"", ""street_type"": ""Ave""}",Single,Manager,Parker Corp,Oscar Health,POL-167076,GRP-4451,18,2023-08-04,2027-02-25,167,44,15.8,Current Smoker,2 beers/week,Sulfa,"Rheumatoid Arthritis, Eczema, Atrial Fibrillation","Cetirizine, Jardiance",Hemorrhoidectomy,Hypertension,Tagalog,White,Inactive,24,RegistrationDB
3920,Brandon,Davis,1970-05-23,Male,A+,brandon.davis1@email.example.com,(709) 463-2304,Peter Hayes,(289) 668-9833,"{""line1"": ""464 Adams Way"", ""apt"": """", ""city"": ""Seattle"", ""state"": ""WA"", ""zip"": ""98101"", ""neighborhood"": ""Uptown"", ""latitude"": 44.5488}",Married,Flight Attendant,Perez Corp,Oscar Health,POL-534544,GRP-6892,467,2021-01-27,2022-04-06,171,60,20.5,Never Assessed,None,"PENICILLIN, SULFA",,Clopidogrel,"Cholecystectomy, Hernia repair",None,Cantonese,White,Active,11,RegistrationDB
3926,Jonathan,Garcia,1955-03-20,Male,B+,jonathan.garcia@email.example.com,(427) 927-2274,Sandra Hicks,(545) 827-9064,"{""line1"": ""9970 Eighth Ave"", ""apt"": """", ""city"": ""San Jose"", ""state"": ""CA"", ""zip"": ""95101"", ""county"": ""Maricopa"", ""latitude"": 27.0504}",Separated,Retired,Gibson Corp,Cigna HealthCare,POL-840540,GRP-3438,64,2019-12-16,2020-11-01,191,66,18.1,Current Smoker,,"Peanuts, NSAIDs, Shellfish","Irritable Bowel Syndrome, Chronic Kidney Disease, Ulcerative Colitis",,None,None,English,White,Active,21,RegistrationDB
3929,Aaron,Parker,1997-12-19,Male,O+,aaron.parker@email.example.com,(378) 996-3062,999-999-9999,(371) 793-6046,"{""line1"": ""6569 Church St"", ""apt"": "", Unit 34"", ""city"": ""Boston"", ""state"": ""MA"", ""zip"": ""02101""}",Married,Unemployed,Tucker Corp,Tufts Health Plan,POL-483779,GRP-8586,253,2023-04-11,2023-04-11,186,61,17.6,Non-Smoker,Former,"Latex, Pollen",,"Hydrochlorothiazide, Ozempic",None,"None, Alzheimer's",Arabic,Human,Active,1,RegistrationDB
3933,Kevin,Chavez,1997-12-09,Male,A+,kevin.chavez@email.example.com,(225) 404-7585,Luke Peterson,(304) 926-1626,"{""line1"": ""4860 Lincoln Blvd"", ""apt"": """", ""city"": ""Washington"", ""state"": ""DC"", ""zip"": ""20001""}",Separated,Dentist,Alvarez Corp,,,,354,2022-01-21,2023-07-24,172,62,21.0,Non-Smoker,None,None,"Irritable Bowel Syndrome, Chronic Kidney Disease, Depression, Hypertension",None,None,"Asthma, Stroke",Spanish,White,Active,25,RegistrationDB
3936,David,Hicks,1996-02-10,Male,O+,david.hicks@email.example.com,(337) 395-4309,Mark Peterson,(910) 263-6617,"{""line1"": ""6213 Monroe Dr"", ""apt"": "", # 45"", ""city"": ""San Jose"", ""state"": ""CA"", ""zip"": ""95101"", ""latitude"": 27.371}",Married,Manager,Nguyen Corp,Cigna,POL-814982,GRP-6097,410,2025-12-24,2028-09-16,182,96,29.0,Non-Smoker,None,Sulfa,"Type 2 Diabetes, Hypertension, Fibromyalgia, GERD","Loratadine, Apixaban, Celecoxib, Omeprazole",None,Heart Disease,Spanish,Hispanic or Latino,Active,5,RegistrationDB
3938,Naomi,Jones,01/15/1987,Female,O+,not-an-email,(601) 828-4349,Lauren Watson,(771) 565-5062,"{""line1"": ""364 Fifth St"", ""apt"": "", Suite 13"", ""city"": ""Miami"", ""state"": ""FL"", ""zip"": ""33101"", ""longitude"": -80.9018, ""latitude"": 46.9684, ""neighborhood"": ""Suburbs""}",Single,Social Worker,Torres Corp,Humana,POL-162369,GRP-6462,439,2023-02-11,2023-02-11,173,86,28.7,Non-Smoker,None,"Codeine, Peanuts",Sleep Apnea,Warfarin,None,Hypertension,French,White,Inactive,17,RegistrationDB
3942,Naomi,Brown,2001-12-20,Female,O+,naomi.brown@email.example.com,(787) 837-7811,Joseph Thomas,(342) 927-1053,"{""line1"": ""1317 Hickory St"", ""apt"": """", ""city"": ""Fresno"", ""state"": ""CA"", ""zip"": ""93701"", ""timezone"": ""America/Phoenix"", ""longitude"": -89.8276}",Separated,Pharmacist,Turner Corp,Independence Blue Cross,POL-800805,GRP-3687,357,2025-08-31,2026-01-27,164,,43.9,Non-Smoker,Occasional,Null,,"Duloxetine, Hydrochlorothiazide",Colectomy,"Arthritis, Alzheimer's",Arabic,Asian,Active,2,RegistrationDB
3946,William,Foster,not available,Male,A+,william.foster@email.example.com,(747) 789-2497,Gary Parker,(829) 489-3856,"{""line1"": ""1592 Lincoln Blvd"", ""apt"": """", ""city"": ""Kansas City"", ""state"": ""MO"", ""zip"": ""64101"", ""street_type"": ""Rd"", ""latitude"": 26.4258, ""longitude"": -121.1961, ""floor_number"": 17, ""county"": ""Queens""}",Married,Chef,Gonzales Corp,Centene,POL-231404,GRP-3384,284,2018-05-06,2019-10-02,182,68,20.5,Former Smoker,Occasional,"NSAIDs, Pollen, Peanuts","Coronary Artery Disease, Type 2 Diabetes, Chronic Fatigue, Fibromyalgia","Sertraline, Loratadine, Albuterol",None,None,Spanglish,White,Active,23,RegistrationDB
3952,Skylar,###,1996-09-13,Female,A+,skylar.allen@email.example.com,(637) 771-8230,Steven Diaz,(377) 978-6464,"{""line1"": ""1233 Oak Ave"", ""apt"": """", ""city"": ""Albuquerque"", ""state"": ""NM"", ""zip"": ""87101"", ""country"": ""USA""}",Divorced,Consultant,,Humana,POL-296969,GRP-7317,192,2021-02-21,2021-10-07,164,53,19.7,Non-Smoker,None,"Pollen, Penicillin, Sulfa",Crohn's Disease,None,None,Diabetes,French,White,Active,22,RegistrationDB
3960,Christine,Wallace,1979-08-30,Female,A+,christine.wallace@email.example.com,(399) 853-5033,Dylan Fisher,(648) 853-4191,"{""line1"": ""6292 Walnut Ave"", ""apt"": "", # 25"", ""city"": ""Sacramento"", ""state"": ""CA"", ""zip"": ""94201"", ""country"": ""USA"", ""street_type"": ""Dr""}",Single,Physical Therapist,Hayes Corp,Cigna HealthCare,POL-159353,GRP-8303,228,2018-01-18,2021-09-05,163,81,30.5,Current Smoker,Occasional,"Codeine, Sulfa, NSAIDs",Osteoporosis,"Warfarin, Metformin, Atorvastatin",None,"Alzheimer's, Hypertension, Cancer",English,White,Inactive,2,RegistrationDB
3979,Elijah,Allen,1986-01-21,Male,B+,elijah.allen@email.example.com,12345,Virginia Thomas,(805) 902-1591,"{""line1"": ""9192 Cherry Ln"", ""apt"": """", ""city"": ""Long Beach"", ""state"": ""CA"", ""zip"": ""90801"", ""timezone"": ""America/Denver"", ""longitude"": -94.6452}",Married,Insurance Agent,Bennett Corp,MetLife,POL-932590,GRP-8797,427,2022-02-04,2022-02-28,200,76,19,Non-Smoker,Former,"Dust, Pollen",,Jardiance,None,"Alzheimer's, Hypertension",Spanish,White,Active,13,RegistrationDB
3985,Naomi,Ward,1998-02-27,Female,A+,naomi.ward@email.example.com,(651) 337-7963,Bruce Scott,(243) 252-9278,"{""line1"": ""8879 River Rd"", ""apt"": "", Unit 16"", ""city"": ""Boston"", ""state"": ""MA"", ""zip"": ""02101"", ""street_type"": ""St"", ""county"": ""King"", ""longitude"": -73.7069, ""delivery_notes"": ""Call upon arrival"", ""timezone"": ""America/Los_Angeles""}",Married,Musician,,Centene,POL-127226,GRP-4172,202,2025-03-09,2028-01-15,167,129,46.3,Former Smoker,Occasional,"Shellfish, Latex, Pollen","Rheumatoid Arthritis, Asthma, Migraine","Sertraline, Ozempic, Levothyroxine, Loratadine","C-section, Total hip replacement, Total knee replacement",Heart Disease,English,Hispanic or Latino,Active,8,RegistrationDB
3987,Lisa,West,1953-03-31,Female,O-,lisa.west1@email.example.com,(587) 627-7377,Timothy Lewis,(399) 524-8829,"{""line1"": ""6993 Beechwood Ave"", ""apt"": """", ""city"": ""Virginia Beach"", ""state"": ""VA"", ""zip"": ""23450"", ""county"": ""Miami-Dade"", ""landmark"": ""Close to University""}",Separated,Administrative Assistant,,Centene,POL-836492,GRP-2445,476,2022-11-21,2024-01-30,175,72,23.5,Former Smoker,Moderate,Codeine,Depression,None,Vasectomy,Stroke,Spanish,Black or African American,Active,19,RegistrationDB
3989,Nicole,Cook,1975-08-29,Female,AB,nicole.cook@email.example.com,(823) 911-4320,Anna Watson,(853) 702-5632,"{""line1"": ""362 College Ave"", ""apt"": "", Suite 14"", ""city"": ""Los Angeles"", ""state"": ""CA"", ""zip"": ""90001"", ""street_type"": ""Blvd""}",Married,Musician,Sanders Corp,Blue Cross Blue Shield,POL-516896,GRP-9657,100,2023-03-14,2025-01-14,170,90,31.1,Former Smoker,Moderate,Latex,"Eczema, Atrial Fibrillation, Irritable Bowel Syndrome",None,None,None,English,White,Active,5,RegistrationDB
3996,Ruth,Mendoza,1985-11-28,Female,O+,ruth.mendoza@email.example.com,(855) 204-6293,Lincoln Ortiz,(362) 617-6742,"{""line1"": ""6667 Park Blvd"", ""apt"": """", ""city"": ""Dallas"", ""state"": ""TX"", ""zip"": ""75201"", ""latitude"": 29.6541, ""timezone"": ""America/Phoenix"", ""longitude"": -94.1705}",Single,Artist,,CareFirst,POL-269709,GRP-4827,59,2018-09-01,2019-07-13,168,74,26.2,Never Assessed,Moderate,None,COPD,"Metoprolol, Montelukast, Gabapentin, Apixaban",None,"Asthma, Cancer",English,White,Inactive,8,RegistrationDB
3999,Alexander,Jordan,2003-04-06,Male,O+,alexander.jordan@email.example.com,12345,James Rogers,(909) 719-7744,"{""line1"": ""4867 Park Blvd"", ""apt"": """", ""city"": ""Raleigh"", ""state"": ""NC"", ""zip"": ""27601"", ""neighborhood"": ""Waterfront""}",Widowed,Musician,Hernandez Corp,Bright Health,POL-874829,GRP-6321,63,01-01-2020,2022-02-20,170,64,22.1,Never Assessed,None,"NSAIDs, None, Shellfish",,"Apixaban, Furosemide, Gabapentin, Meloxicam",None,None,English,White,Active,8,RegistrationDB
4001,Helen,Cole,1971-12-29,Female,A+,helen.cole@email.example.com,(631) 917-8443,Randy Washington,(745) 948-1538,"{""line1"": ""6770 Monroe Dr"", ""apt"": """", ""city"": ""Mesa"", ""state"": ""AZ"", ""zip"": ""85201"", ""floor_number"": 39, ""street_type"": ""Cir"", ""neighborhood"": ""Suburbs"", ""county"": ""Orange"", ""country"": ""USA""}",Married,Bank Teller,Hamilton Corp,Cigna HealthCare,POL-936111,GRP-6216,338,2023-10-08,2025-12-14,160,82,32.0,Non-Smoker,None,"NSAIDs, Pollen, Latex","Anemia, Osteoarthritis, Crohn's Disease","Insulin glargine, Hydrochlorothiazide",Coronary artery bypass grafting,"Hypertension, Cancer",English,White,Inactive,25,RegistrationDB
4007,Terry,Cox,2002-03-10,Male,O+,terry.cox@email.example.com,(215) 667-8958,Justin Patel,(490) 678-4128,"{""line1"": ""772 Pleasant St"", ""apt"": """", ""city"": ""Jacksonville"", ""state"": ""FL"", ""zip"": ""32201"", ""latitude"": 27.5568, ""street_type"": ""Rd""}",Married,Social Worker,Morris Corp,Molina Healthcare,POL-297866,GRP-1180,390,2023-02-09,2027-02-26,170,96,33.2,Non-Smoker,Heavy,"Sulfa, Shellfish, Peanuts","Asthma, Irritable Bowel Syndrome",Fluticasone,None,Cancer,Spanish,White,Active,8,RegistrationDB
,Mark,Collins,1966-12-09,Male,O+,mark.collins@email.example.com,(203) 567-2274,John Patel,(810) 800-2667,"{""line1"": ""Unknown"", ""city"": ""Unknown"", ""state"": ""NA"", ""zip"": ""00000"", ""latitude"": 46.1406}",Married,Accountant,Hughes Corp,CareFirst,POL-687056,GRP-2947,156,2020-05-18,2023-02-08,178,59,18.6,never assessed,None,"Dust, Penicillin",Osteoporosis,"Clopidogrel, Apixaban, Cyclobenzaprine, Spironolactone","Mastectomy, Vasectomy","Alzheimer's, Diabetes, Hypertension",Cantonese,Black or African American,Active,20,RegistrationDB
4012,Peter,###,1987-07-14,Male,O+,peter.hicks1@email.example.com,(735) 205-3505,Bobby Campbell,(660) 210-8945,"{""line1"": ""4583 Aspen Ct"", ""apt"": "", # 10"", ""city"": ""Columbus"", ""state"": ""OH"", ""zip"": ""43201"", ""floor_number"": 17, ""street_type"": ""Ave""}",Married,Doctor,Bennett Corp,Blue Cross Blue Shield,POL-942741,GRP-6644,301,2023-06-07,2026-11-15,179,75,23.4,Former Smoker,Occasional,"Dust, Pollen, NSAIDs",,"Furosemide, Albuterol, Amlodipine",None,"Diabetes, Alzheimer's",English,White,Active,2,RegistrationDB
4013,Scarlett,Diaz,2000-08-04,Female,B-,scarlett.diaz@email.example.com,(282) 756-4483,Robert Lewis,(968) 240-2008,"{""line1"": ""7420 Hickory St"", ""apt"": """", ""city"": ""Milwaukee"", ""state"": ""WI"", ""zip"": ""53201"", ""county"": ""Dallas"", ""street_type"": ""Ave"", ""latitude"": 42.3248, ""country"": ""USA""}",Single,HR Specialist,Owens Corp,Highmark,POL-826865,GRP-1445,64,2023-02-27,2026-12-28,155,112,46.6,Current Smoker,None,None,,None,None,"None, Diabetes, Alzheimer's",Korean,White,Inactive,21,RegistrationDB
4014,Raymond,Russell,1999-09-27,Male,A-,raymond.russell1@email.example.com,(442) 757-7660,Nathan Gibson,(944) 279-5851,"{""line1"": ""1649 Ninth St"", ""apt"": """", ""city"": ""Seattle"", ""state"": ""WA"", ""zip"": ""98101""}",Single,Mechanic,Sullivan Corp,Humana,POL-658312,GRP-9900,433,2020-03-01,2020-10-09,175,72,23.5,Never Assessed,Occasional,"Sulfa, Shellfish, Peanuts",Coronary Artery Disease,"Bupropion, Prednisone, Lisinopril, Acetaminophen",None,"None, Diabetes",Spanish,White,Active,7,RegistrationDB
4020,Kevin,Peterson,2000-02-06,Male,O+,kevin.peterson@email.example.com,(416) 729-1111,Carolyn Jimenez,(532) 323-7369,"{""line1"": ""2923 Forest Ave"", ""apt"": """", ""city"": ""Portland"", ""state"": ""OR"", ""zip"": ""97201"", ""street_type"": ""Cir""}",married,Manager,Morris Corp,CareFirst,POL-909378,GRP-8927,326,2019-02-28,2021-08-09,163,68,25.6,Non-Smoker,2 beers/week,"Dust, Latex, NSAIDs",COPD,"Fluticasone, Albuterol, Gabapentin",None,None,Spanish,Black or African American,Active,16,RegistrationDB
4022,Elijah,UNKNOWN,1989-05-11,Non-Binary,O-,elijah.long1@email.example.com,(708) 784-8601,Catherine Flores,(328) 538-6174,"{""line1"": ""9499 River Rd"", ""apt"": """", ""city"": ""New Orleans"", ""state"": ""LA"", ""zip"": ""70112"", ""latitude"": 34.6918}",Single,Psychologist,Marshall Corp,Kaiser Permanente,POL-307154,GRP-5363,355,2020-05-04,2024-01-15,172,62,21.0,Non-Smoker,Occasional,"None, Pollen, Peanuts","Fibromyalgia, Rheumatoid Arthritis, Migraine",None,None,"Heart Disease, Asthma, Hypertension",English,Hispanic or Latino,Deceased,10,RegistrationDB
4028,Jacob,Harris,1953-04-09,Male,O+,jacob.harris@email.example.com,(836) 691-8157,James Carter,(528) 490-6139,"{""line1"": ""2046 Franklin Blvd"", ""apt"": """", ""city"": ""Memphis"", ""state"": ""TN"", ""zip"": ""38101"", ""longitude"": -115.3662, ""timezone"": ""America/Chicago""}",Married,Firefighter,Davis Corp,Bright Health,POL-323658,GRP-4229,328,2021-11-30,2022-02-24,,83,31.2,Former Smoker,Moderate,"Dust, Peanuts",N/A,"Duloxetine, Prednisone, Atorvastatin, Ibuprofen","Laminectomy, Colectomy, C-section",None,English,White,Active,24,RegistrationDB
4035,Jeffrey,Ward,2003-02-27,Male,A-,jeffrey.ward@email.example.com,(859) 283-7385,Jessica Ruiz,(450) 933-6313,"{""line1"": ""803 Beechwood Ave"", ""apt"": "", Suite 27"", ""city"": ""Raleigh"", ""state"": ""NC"", ""zip"": ""27601"", ""neighborhood"": ""Downtown""}",Single,Consultant,Castillo Corp,Oscar Health,POL-614701,GRP-5838,443,2021-08-16,2023-04-21,179,104,32.5,Non-Smoker,None,"Peanuts, Dust, None",,Acetaminophen,"Meniscectomy, Laminectomy","Alzheimer's, Heart Disease, Hypertension",Spanish,White,Active,15,RegistrationDB
4042,Micah,Owens,1976-05-22,Male,A+,micah.owens@email.example.com,(608) 677-6976,Donna Castillo,(430) 234-6495,"{""line1"": ""380 Franklin Blvd"", ""apt"": """", ""city"": ""Tulsa"", ""state"": ""OK"", ""zip"": ""74101"", ""timezone"": ""America/Los_Angeles"", ""county"": ""San Diego"", ""latitude"": 41.1242, ""landmark"": ""Near Hospital"", ""neighborhood"": ""Uptown""}",Married,Student,Hayes Corp,Aetna,POL-923391,GRP-6194,259,2021-11-24,2023-02-15,197,112,28.9,Former Smoker,Heavy,"Sulfa, Dust, Shellfish","Osteoporosis, Asthma, Hypothyroidism, Eczema",None,None,"Cancer, Stroke, Arthritis",Spanish,Black or African American,Active,8,RegistrationDB
4050,Patrick,Rodriguez,1800-01-01,Male,A-,patrick.rodriguez@email.example.com,(336) 651-2416,,(505) 569-6975,"{""line1"": ""4525 Park Blvd"", ""apt"": "", Unit 41"", ""city"": ""Charlotte"", ""state"": ""NC"", ""zip"": ""28201""}",Married,Scientist,Ward Corp,Tufts Health Plan,POL-715411,GRP-4011,367,2018-06-10,,9999,45,15.9,Current Smoker,Occasional,None,,Levothyroxine,"Rotator cuff repair, Laminectomy","Heart Disease, Diabetes, Heart Disease",English,Two or More Races,Inactive,23,RegistrationDB
4052,Robert,###,1978-04-03,Male,A+,robert.griffin@email.example.com,(660) 331-2795,,(430) 601-8212,"{""line1"": ""3188 Fourth Ave"", ""apt"": """", ""city"": ""San Francisco"", ""state"": ""CA"", ""zip"": ""94101""}",Single,Librarian,Wright Corp,Geisinger,POL-600650,GRP-2715,4,2018-11-27,2021-06-11,176,96,31.0,Former Smoker,Occasional,NSAIDs,,Loratadine,"Total hip replacement, Meniscectomy, Total knee replacement",,Korean,White,Active,1,RegistrationDB
4053,Helen,Johnson,1993-04-30,Female,B+,helen.johnson@email.example.com,(374) 559-9860,Aria Rodriguez,(355) 638-5507,"{""line1"": ""4406 Seventh St"", ""apt"": """", ""city"": ""San Jose"", ""state"": ""CA"", ""zip"": ""95101"", ""longitude"": -88.8332, ""county"": ""Cook"", ""street_type"": ""Way"", ""country"": ""USA""}",Single,Engineer,AAAAAAAAAAAAAAAAAAAAAAAAAAAAAAAAAAAAAAAAAAAAAAAAAAAAAAAAAAAAAAAAAAAAAAAAAAAAAAAAAAAAAAAAAAAAAAAAAAAAAAAAAAAAAAAAAAAAAAAAAAAAAAAAAAAAAAAAAAAAAAAAAAAAAAAAAAAAAAAAAAAAAAAAAAAAAAAAAAAAAAAAAAAAAAAAAAAAAAAA,Geisinger,POL-563109,GRP-5674,491,2025-11-20,2026-08-14,167,48,17.2,Former Smoker,Occasional,"Pollen, Penicillin, Sulfa","Fibromyalgia, Asthma",None,None,Alzheimer's,Spanish,White,Inactive,13,RegistrationDB
4061,Amy,Smith,1990-01-16,Female,A+,amy.smith1@email.example.com,(432) 536-2595,N/A,(711) 219-5778,"{""line1"": ""2612 Hill St"", ""apt"": "", Suite 46"", ""city"": ""Dallas"", ""state"": ""TX"", ""zip"": ""75201"", ""longitude"": -118.5764}",Divorced,Lawyer,,Harvard Pilgrim,POL-325632,GRP-4807,33,2024-02-04,2025-04-09,153,650,29.0,Never Assessed,None,"NSAIDs, None, Penicillin",,Duloxetine,None,"Stroke, None, Arthritis",English,White,Active,1,RegistrationDB
4062,Jonathan,Carter,1999-12-02,Male,A+,jonathan.carter@email.example.com,(719) 523-1002,Jasper Ross,(220) 701-4009,"{""line1"": ""3243 Monroe Dr"", ""apt"": """", ""city"": ""Phoenix"", ""state"": ""AZ"", ""zip"": ""85001"", ""country"": ""USA"", ""neighborhood"": ""Historic District"", ""floor_number"": 33, ""longitude"": -84.2016, ""latitude"": 26.9789}",Married,Business Owner,Bennett Corp,Atena,POL-298976,,204,2019-03-28,2021-09-23,169,73,25.6,Non-Smoker,2 beers/week,"Codeine, Peanuts, NSAIDs","Sleep Apnea, Crohn's Disease, Anemia, Ulcerative Colitis",Amlodipine,None,Heart Disease,Spanish,White,Active,16,RegistrationDB
4064,Levi,Flores,1996-03-23,Male,A+,levi.flores@email.example.com,(877) 713-8013,Albert Phillips,(451) 867-6225,"{""line1"": ""2243 Lake Dr"", ""apt"": """", ""city"": ""Las Vegas"", ""state"": ""NV"", ""zip"": ""89101"", ""landmark"": ""Behind Metro Station"", ""timezone"": ""America/Los_Angeles"", ""street_type"": ""Way"", ""county"": ""Harris""}",Married,Social Worker,,UnitedHealthcare,POL-709392,GRP-1646,46,2021-09-20,2022-10-05,174,85,normal,Non-Smoker,Former,Penicillin,Coronary Artery Disease,Ozempic,None,None,Korean,White,Inactive,20,RegistrationDB
4067,Karen,Garcia,1974-06-12,Female,A+,karen.garcia@email.example.com,(450) 233-5422,Tyler Reed,000-000-0000,"{""line1"": ""3356 Hickory St"", ""apt"": "", Unit 31"", ""city"": ""Chicago"", ""state"": ""IL"", ""zip"": ""60601"", ""country"": ""USA"", ""county"": ""Cook"", ""longitude"": -73.2766}",Married,Retail Associate,Foster Corp,Molina Healthcare,POL-278974,GRP-4825,375,2018-03-03,2019-04-26,154,40,16.9,Former Smoker,None,"NSAIDs, Penicillin, Shellfish",,None,None,"None, Stroke, Hypertension",Mandarin,Hispanic or Latino,Active,1,RegistrationDB
4071,Aiden,Parker,1800-01-01,Male,A+,aiden.parker@email.example.com,(698) 469-2166,Barbara Castillo,(210) 287-5576,"{""line1"": ""632 Eighth Ave"", ""apt"": """", ""city"": ""New Orleans"", ""state"": ""LA"", ""zip"": ""70112"", ""neighborhood"": ""Southside"", ""street_type"": ""Cir"", ""longitude"": -106.2482}",Widowed,Artist,Johnson Corp,Harvard Pilgrim,POL-284853,GRP-6559,332,2020-05-17,2023-12-28,,84,27.1,Current Smoker,Occasional,Dust,"Fibromyalgia, GERD",None,None,"Stroke, Arthritis, Asthma",Spanish,White,,13,RegistrationDB
4073,Aurora,Foster,1976-03-08,,B+,aurora.foster@email.example.com,(649) 924-4817,Zoey Hicks,(554) 457-1289,"{""line1"": ""1127 Forest Ave"", ""apt"": """", ""city"": ""Oklahoma City"", ""state"": ""OK"", ""zip"": ""73101"", ""street_type"": ""Ln"", ""latitude"": 41.7538}",Married,Physical Therapist,Diaz Corp,Molina Healthcare,POL-880351,GRP-1030,106,tomorrow,2027-06-13,162,62,23.6,Non-Smoker,None,"None, NSAIDs",,"Duloxetine, Gabapentin, Furosemide, Atorvastatin",Spinal fusion,"Heart Disease, Cancer",Arabic,Hispanic or Latino,Active,12,RegistrationDB
4080,jerry,Watson,1968-02-22,,AB+,jerry.watson@email.example.com,(509) 511-6766,Roger Sanders,(629) 624-4278,"{""line1"": ""7382 Main St"", ""apt"": """", ""city"": ""San Antonio"", ""state"": ""TX"", ""zip"": ""78201"", ""neighborhood"": ""Uptown"", ""street_type"": ""Rd""}",Single,Accountant,Walker Corp,Atena,POL-697255,GRP-3268,192,2023-07-09,2024-10-02,169,48,16.8,Current Smoker,None,"Peanuts, Codeine",,!@#$%^&*(),None,"None, Cancer",English,White,Active,22,RegistrationDB
4081,Virginia,Patel,1996-11-19,Female,O-,virginia.patel@email.example.com,(857) 972-4093,Isaac Long,(431) 935-5616,"{""line1"": ""8836 Ninth St"", ""apt"": """", ""city"": ""Houston"", ""state"": ""TX"", ""zip"": ""77001"", ""longitude"": -93.2844}",,Project Manager,Griffin Corp,MetLife,POL-904450,GRP-6231,457,2023-08-12,2026-12-10,-10,56,23.0,Former Smoker,Occasional,None,,Duloxetine,None,"Heart Disease, Arthritis",English,Black or African American,Active,6,RegistrationDB
4086,Christina,Ramirez,1997-10-12,Female,A+,christina.ramirez@email.example.com,(495) 263-2001,Kelly Cole,(263) 601-3209,"{""line1"": ""9827 Magnolia Way"", ""apt"": "", Suite 19"", ""city"": ""Boston"", ""state"": ""MA"", ""zip"": ""02101"", ""neighborhood"": ""West Side"", ""delivery_notes"": ""Gate code: #1234"", ""longitude"": -104.3511, ""street_type"": ""Ave""}",Widowed,Pilot,,Cigna,POL-838073,GRP-9387,414,2021-03-19,,165,62,22.8,Current Smoker,Occasional,NSAIDs,"Crohn's Disease, Hypothyroidism, Type 2 Diabetes","Pantoprazole, Gabapentin",None,None,Spanish,White,Active,8,RegistrationDB
4087,Margaret,Cox,2004-05-20,Female,AB+,margaret.cox@email.example.com,(272) 534-5617,Amanda Evans,(456) 300-9909,"{""line1"": ""4150 Sunset Dr"", ""apt"": "", Suite 37"", ""city"": ""Raleigh"", ""state"": ""NC"", ""zip"": ""27601"", ""timezone"": ""America/Los_Angeles""}",Married,Data Analyst,West Corp,MetLife,POL-489796,GRP-5793,130,2021-12-01,2024-02-06,151,61,26.8,Former Smoker,Moderate,"None, Penicillin",,Celecoxib,,"Arthritis, Asthma, Stroke",English,White,Inactive,18,RegistrationDB
4088,Sharon,Sanchez,2003-10-09,Female,O+,sharon.sanchez@email.example.com,(244) 285-4249,Brian Taylor,(310) 316-4623,"{""line1"": ""4681 Magnolia Way"", ""apt"": """", ""city"": ""Cleveland"", ""state"": ""OH"", ""zip"": ""44101"", ""timezone"": ""America/New_York"", ""latitude"": 28.2517}",Married,Engineer,Rodriguez Corp,Bright Health,POL-150390,GRP-5219,118,2025-04-11,2029-03-23,159,88,34.8,Non-Smoker,Occasional,"Sulfa, Dust, Latex","Type 2 Diabetes, Hyperlipidemia",None,None,"Alzheimer's, Hypertension",ENGLISH,Hispanic or Latino,Active,20,RegistrationDB
4089,Lincoln,Myers,1970-10-25,Male,A+,lincoln.myers@email.example.com,(504) 302-7964,Lawrence Baker,(432) 253-6378,"{""line1"": ""4977 Adams Way"", ""apt"": "", Suite 35"", ""city"": ""Tampa"", ""state"": ""FL"", ""zip"": ""33601"", ""street_type"": ""St"", ""delivery_notes"": ""Deliver to reception"", ""county"": ""San Diego"", ""neighborhood"": ""Downtown""}",Single,Software Developer,,Tufts Health Plan,POL-910418,GRP-5837,62,2021-03-10,2022-07-07,183,40,12,Smoker,None,None,,Levothyroxine,Angioplasty with stent,Arthritis,English,White,Active,8,RegistrationDB
4097,Richard,Graham,2000-02-01,Male,O+,richard.graham@email.example.com,(782) 380-7798,Lucas Baker,(917) 628-9224,"{""line1"": ""4372 Eighth Ave"", ""apt"": "", Unit 44"", ""city"": ""Indianapolis"", ""state"": ""IN"", ""zip"": ""46201"", ""floor_number"": 50, ""country"": ""USA"", ""latitude"": 42.7966, ""street_type"": ""Ave""}",Divorced,Insurance Agent,Harris Corp,Atena,POL-443398,GRP-9277,200,2025-12-24,2028-03-05,-10,100,31.9,Current Smoker,Occasional,"Dust, Penicillin, Peanuts","Hyperlipidemia, Fibromyalgia",Bupropion,None,"Hypertension, Alzheimer's",English,Hispanic or Latino,Active,1,RegistrationDB
4101,Andrea,Hamilton,not available,Female,A+,andrea.hamilton@email.example.com,(669) 891-5968,George Butler,(559) 240-9796,"{""line1"": ""4725 Ash Ct"", ""apt"": """", ""city"": ""Nashville"", ""state"": ""TN"", ""zip"": ""37201"", ""street_type"": ""Way"", ""longitude"": -109.9966, ""country"": ""USA"", ""floor_number"": 15}",Single,Project Manager,,Humana,POL-318074,GRP-2052,264,2023-02-01,,164,100,37.2,Non-Smoker,Occasional,,"Eczema, Hypertension, Depression, Coronary Artery Disease","Cyclobenzaprine, Eliquis, Metoprolol, Levothyroxine",None,"Cancer, Heart Disease, Stroke",English,Other,Active,2,RegistrationDB
4104,Michael,Garcia,1957-10-16,Male,,michael.garcia1@email.example.com,(390) 637-6681,Andrea Kim,(206) 405-1691,"{""line1"": ""9259 Hamilton Ct"", ""apt"": """", ""city"": ""San Jose"", ""state"": ""CA"", ""zip"": ""95101""}",Single,Artist,Graham Corp,Tufts Health Plan,POL-185081,GRP-5773,322,2021-03-25,2023-11-21,159,61,24.1,Non-Smoker,None,"PENICILLIN, SULFA",Chronic Fatigue,"Apixaban, Eliquis",None,"Stroke, Hypertension, None",English,Asian,Active,10,RegistrationDB
4113,12345,Sullivan,1987-09-23,Male,O+,miles.sullivan@email.example.com,(850) 261-7608,Kelly Anderson,(549) 827-2652,"{""line1"": ""4786 Ninth St"", ""apt"": "", # 27"", ""city"": ""Memphis"", ""state"": ""TN"", ""zip"": ""38101"", ""neighborhood"": ""Northside"", ""landmark"": ""Opposite Central Park""}",Married,Retired,Turner Corp,Health Net,POL-684092,GRP-3929,305,2020-03-11,2021-02-01,175,69,22.5,Non-Smoker,2 beers/week,"Sulfa, Codeine",,None,None,"Diabetes, None",English,Hispanic or Latino,Active,2,RegistrationDB
4121,Savannah,Diaz,2003-12-16,Female,B-,savannah.diaz@email.example.com,(895) 358-1924,Levi Webb,(595) 516-2987,"{""line1"": ""7238 Tenth Ave"", ""apt"": """", ""city"": ""Colorado Springs"", ""state"": ""CO"", ""zip"": ""80901"", ""longitude"": -89.3999}",Married,Manager,Myers Corp,Aetna,POL-985033,GRP-6402,396,2025-05-09,2027-03-08,170,45,15.6,Non-Smoker,None,None,,Prednisone,Meniscectomy,"Alzheimer's, Asthma",English,Hispanic or Latino,Active,1,RegistrationDB
4123,Julian,Brooks,1996-01-16,Male,A+,julian.brooks@email.example.com,(448) 483-6938,Henry Cruz,(487) 292-2303,"{""line1"": ""9409 Cherry Ln"", ""apt"": "", Apt 47"", ""city"": ""Miami"", ""state"": ""FL"", ""zip"": ""33101""}",Single,Psychologist,Hall Corp,Molina Healthcare,POL-556564,GRP-5223,250,2019-03-30,2023-01-16,191,104,28.5,Never Assessed,None,Shellfish,,Aspirin,"Hysterectomy, Gastric bypass, Total knee replacement","Cancer, Heart Disease, Alzheimer's",English,White,Active,25,RegistrationDB
4126,Paisley,Garcia,1987-04-16,Female,O-,paisley.garcia@email.example.com,(309) 934-5296,Lisa Russell,(438) 825-9368,"{""line1"": ""2536 Park Blvd"", ""apt"": "", # 34"", ""city"": ""Omaha"", ""state"": ""NE"", ""zip"": ""68101"", ""latitude"": 43.9117, ""timezone"": ""America/Denver""}",Married,Consultant,Ford Corp,MetLife,POL-666156,GRP-4101,302,2023-12-23,2025-03-23,152,68,-5,Non-Smoker,None,"None, Dust, Sulfa",,"Warfarin, Tramadol, Loratadine, Gabapentin",None,"Asthma, Hypertension",English,Asian,Active,13,RegistrationDB
,Nathan,Gonzalez,2000-01-08,Male,O+,nathan.gonzalez@email.example.com,(686) 495-4015,Justin Freeman,(900) 675-7523,"{""line1"": ""9667 Hill St"", ""apt"": "", Unit 7"", ""city"": ""Chicago"", ""state"": ""IL"", ""zip"": ""60601"", ""landmark"": ""Near Hospital"", ""neighborhood"": ""Historic District""}",Widowed,Data Analyst,Murray Corp,Atena,POL-654780,GRP-5469,263,2025-06-01,2028-03-27,169,68,23.8,Non-Smoker,Occasional,None,"Hyperlipidemia, Fibromyalgia, Ulcerative Colitis",None,Hemorrhoidectomy,"Arthritis, Cancer",Spanish,Black or African American,Active,16,RegistrationDB
4135,,Moore,1994-06-25,Female,B+,andrea.moore@email.example.com,(446) 991-5239,Rachel Freeman,(647) 592-2257,"{""line1"": ""Unknown"", ""city"": ""Unknown"", ""state"": ""NA"", ""zip"": ""00000"", ""latitude"": 33.4437, ""neighborhood"": ""Northside"", ""county"": ""Miami-Dade""}",Married,Data Analyst,Evans Corp,,,,350,2022-02-10,2024-05-21,161,79,30.5,Never Assessed,Occasional,"Peanuts, Penicillin, Pollen",Type 2 Diabetes,None,Sleeve gastrectomy,"Arthritis, Hypertension, None",Cantonese,Other,Active,2,RegistrationDB
4138,Cynthia,Wells,1983-07-14,Female,O+,cynthia.wells@email.example.com,(779) 476-6071,999-999-9999,(687) 596-6353,"{""line1"": ""1507 Highland Ave"", ""apt"": "", Apt 26"", ""city"": ""San Antonio"", ""state"": ""TX"", ""zip"": ""78201""}",Married,Professor,Ward Corp,Aetna,POL-940850,GRP-8716,,2020-01-25,,153,62,26.5,Current Smoker,None,"Sulfa, None",,"Ibuprofen, Metoprolol",None,"Arthritis, Stroke, Hypertension",English,Hispanic or Latino,Active,,RegistrationDB
,Theodore,Cox,1978-01-07,Male,O+,theodore.cox@email.example.com,(945) 746-7684,Pamela Davis,(675) 210-7484,"{""line1"": ""1330 Church St"", ""apt"": """", ""city"": ""Mesa"", ""state"": ""AZ"", ""zip"": ""85201"", ""country"": ""USA"", ""landmark"": ""Near City Hall"", ""neighborhood"": ""Northside"", ""longitude"": -75.7681, ""timezone"": ""America/Phoenix""}",Single,Musician,Taylor Corp,MetLife,POL-ABC,GRP-9911,125,2024-02-08,,165,102,37.5,Non-Smoker,Heavy,NSAIDs,,Omeprazole,"Laminectomy, Gastric bypass",None,Korean,White,Active,4,RegistrationDB
,Gregory,Howard,1993-09-28,Male,A+,gregory.howard@email.example.com,(222) 554-1610,Stephen Cole,(887) 950-5601,"{""line1"": ""6290 Cherry Ln"", ""apt"": """", ""city"": ""San Antonio"", ""state"": ""TX"", ""zip"": ""78201"", ""neighborhood"": ""Midtown""}",Divorced,Pilot,Jenkins Corp,Cigna HealthCare,,GRP-2641,166,2019-03-01,2021-01-23,178,82,normal,Never Assessed,Moderate,None,Ulcerative Colitis,Celecoxib,None,None,English,Asian,Inactive,18,RegistrationDB
4154,Zachary,Clark,1991-04-12,Male,B+,zachary.clark@email.example.com,(703) 282-8450,Aurora Roberts,(541) 704-5531,"{""line1"": ""125 Ash Ct"", ""apt"": """", ""city"": ""Chicago"", ""state"": ""IL"", ""zip"": ""60601"", ""latitude"": 35.7921}",Married,Data Analyst,Anderson Corp,Aetna,POL-777657,GRP-2573,467,2018-08-20,2021-04-09,183,81,24.2,Non-Smoker,Sometimes,"Peanuts, Pollen, Shellfish",Osteoporosis,Meloxicam,None,"None, Asthma, Hypertension",Spanglish,Black or African American,Active,11,RegistrationDB
4159,Genesis,Watson,2004-01-10,Female,A+,genesis.watson@email.example.com,abc-def-ghij,Jessica Martin,(665) 504-5006,"{""line1"": ""6690 Lincoln Blvd"", ""apt"": "", Suite 44"", ""city"": ""Kansas City"", ""state"": ""MO"", ""zip"": ""64101"", ""timezone"": ""America/Los_Angeles"", ""landmark"": ""Next to Mall"", ""latitude"": 46.5092}",Single,Accountant,Allen Corp,Centene,POL-473242,GRP-7304,59,2019-05-17,2022-04-06,165,77,28.3,Non-Smoker,Moderate,"None, Penicillin, Dust","Rheumatoid Arthritis, Eczema","Eliquis, Montelukast, Loratadine, Metformin",Hernia repair,Cancer,ENGLISH,White,Active,8,RegistrationDB
4167,Sharon,Foster,not available,Female,B+,sharon.foster@email.example.com,(958) 525-1340,Luke Cox,(645) 760-2845,"{""line1"": ""917 Ash Ct"", ""apt"": """", ""city"": ""Philadelphia"", ""state"": ""PA"", ""zip"": ""19101"", ""neighborhood"": ""Waterfront"", ""county"": ""Sacramento"", ""longitude"": -96.3658}",Single,Doctor,,Highmark,POL-931555,GRP-3090,24,2023-11-23,2027-06-03,172,64,21.6,Non-Smoker,Moderate,Peanuts,,Fluticasone,"Angioplasty with stent, Carpal tunnel release, Hemorrhoidectomy",Asthma,Spanish,White,Deceased ,13,RegistrationDB
4170,Mark,Turner,1982-03-31,Male,A+,mark.turner@email.example.com,(912) 323-8342,Vincent Sanchez,(369) 926-5144,"{""line1"": ""298 Center St"", ""apt"": """", ""city"": ""Colorado Springs"", ""state"": ""CO"", ""zip"": ""80901"", ""longitude"": -95.916}",Married,Consultant,,Highmark,POL-492514,GRP-2256,83,2018-03-24,2020-06-09,174,70,23.1,Never Assessed,Moderate,Peanuts,,Sertraline,None,None,English,Human,Active,11,RegistrationDB
4181,Chloe,Cook,1986-04-13,Female,A+,chloe.cook@email.example.com,(654) 613-9785,Bruce Simpson,(337) 335-1341,"{""line1"": ""9123 Hill St"", ""apt"": "", # 37"", ""city"": ""Virginia Beach"", ""state"": ""VA"", ""zip"": ""23450"", ""country"": ""USA"", ""longitude"": -116.8517, ""neighborhood"": ""East Side"", ""latitude"": 37.2056}",Single,Lawyer,Roberts Corp,Cigna,POL-866338,GRP-4866,165,2022-11-04,1900-01-01,160,90,35.2,Former Smoker,Moderate,"Latex, Peanuts","Sleep Apnea, Atrial Fibrillation, Anemia, Congestive Heart Failure","Metformin, Metoprolol, Losartan, Furosemide",None,None,Mandarin,White,Inactive,18,RegistrationDB
4183,Mark,Chavez,1987-04-18,Male,O+,mark.chavez@email.example.com,(974) 459-3015,Stephanie Gonzalez,(835) 313-1944,"{""line1"": ""1328 Jefferson Ave"", ""apt"": """", ""city"": ""Denver"", ""state"": ""CO"", ""zip"": ""80201"", ""county"": ""Sacramento"", ""neighborhood"": ""Waterfront"", ""longitude"": -87.9068}",Married,Mechanic,,MetLife,POL-266897,GRP-1949,177,2024-08-26,2028-04-14,180,100,30.9,Non-Smoker,None,"Shellfish, Latex","Chronic Fatigue, GERD","Spironolactone, Warfarin, Sertraline, Hydrochlorothiazide",None,Arthritis,English,White,Deceased ,20,RegistrationDB
4184,Jose,Ramos,2002-03-04,Male,A-,jose.ramos@email.example.com,(296) 992-6136,Barbara Long,(402) 345-5272,"{""line1"": ""8455 Aspen Ct"", ""apt"": """", ""city"": ""Austin"", ""state"": ""TX"", ""zip"": ""73301"", ""timezone"": ""America/Denver"", ""landmark"": ""Next to Mall"", ""longitude"": -87.0968, ""neighborhood"": ""Southside""}",Married,Nurse,N/A,Centene,POL-534024,GRP-3837,16,2024-05-18,,193,71,19.1,Non-Smoker,None,"NSAIDs, Shellfish, None","Crohn's Disease, Hypothyroidism, Chronic Kidney Disease, Anemia",Levothyroxine,Tonsillectomy,"Diabetes, Hypertension",English,Hispanic or Latino,active,19,RegistrationDB
4187,Catherine,Miller,1964-05-03,Female,O+,catherine.miller1@email.example.com,(567) 588-5306,Margaret Torres,(216) 919-2268,"{""line1"": ""6983 Walnut Ave"", ""apt"": """", ""city"": ""Charlotte"", ""state"": ""NC"", ""zip"": ""28201""}",Separated,Lawyer,Wood Corp,,,,,2025-10-27,,158,81,32.4,Non-Smoker,Moderate,"Pollen, Shellfish, Sulfa",,Furosemide,None,"Hypertension, Cancer",Spanish,White,Active,,RegistrationDB
4196,Betty,###,2001-04-24,Female,B-,betty.davis1@email.example.com,(734) 827-6445,Brian Long,(297) 845-8219,"{""line1"": ""5909 Washington Ave"", ""apt"": """", ""city"": ""Virginia Beach"", ""state"": ""VA"", ""zip"": ""23450"", ""timezone"": ""America/Phoenix"", ""latitude"": 33.0493, ""longitude"": -84.2485}",Single,Sales Representative,Wells Corp,Centene,POL-889591,GRP-4928,358,2018-12-09,,158,57,22.8,Never Assessed,None,"None, Pollen",,"Lisinopril, Aspirin",None,"None, Arthritis",English,Black or African American,Inactive,1,RegistrationDB
4197,Joe,Stewart,1974-12-04,Male,B+,joe.stewart@email.example.com,(740) 407-2169,Layla Turner,(925) 602-4230,"{""line1"": ""4418 Adams Way"", ""apt"": "", # 14"", ""city"": ""Fresno"", ""state"": ""CA"", ""zip"": ""93701"", ""timezone"": ""America/Los_Angeles"", ""street_type"": ""Rd""}",Single,Logistics Coordinator,Hughes Corp,Humana,POL-781456,GRP-6443,237,2019-08-18,2021-11-08,-10,68,21.2,Former Smoker,None,None,Rheumatoid Arthritis,"Cetirizine, Sertraline",None,Hypertension,English,Asian,Active,13,RegistrationDB
4199,Savannah,Stevens,2003-01-16,Female,A+,,(405) 804-8254,Samuel Ramos,(902) 850-5318,"{""line1"": ""5141 Lincoln Blvd"", ""apt"": """", ""city"": ""New Orleans"", ""state"": ""LA"", ""zip"": ""70112"", ""longitude"": -75.7131}",Married ,Software Developer,Long Corp,Cigna HealthCare,POL-817912,GRP-4914,136,2021-01-08,2024-06-15,158,63,25.2,Non-Smoker,Occasional,NSAIDs,"Anemia, Congestive Heart Failure","Metoprolol, Celecoxib, Metformin",,None,Spanish,Black or African American,Active,6,RegistrationDB
4202,Edward,Parker,1986-08-21,Male,O-,edward.parker@email.example.com,(802) 848-7319,Elijah Watson,(921) 476-7487,"{""line1"": ""4376 Sycamore Ave"", ""apt"": "", # 14"", ""city"": ""Omaha"", ""state"": ""NE"", ""zip"": ""68101"", ""country"": ""USA"", ""timezone"": ""America/Denver"", ""neighborhood"": ""Waterfront""}",Married,Unemployed,Woods Corp,Blue Cross Blue Shield,POL-361521,GRP-6127,356,2025-10-11,2027-08-28,174,90,29.7,Current Smoker,Moderate,"Sulfa, None, Shellfish","Osteoarthritis, Anxiety Disorder","Lisinopril, Clopidogrel",Carpal tunnel release,Asthma,Spanish,Hispanic or Latino,Active,5,RegistrationDB
4204,John,Hill,2099-06-15,Male,A-,john.hill@email.example.com,(313) 956-7000,Karen Jackson,(839) 829-9494,"{""line1"": ""6614 Tenth Ave"", ""apt"": """", ""city"": ""Baltimore"", ""state"": ""MD"", ""zip"": ""21201"", ""longitude"": -103.5156, ""timezone"": ""America/Phoenix"", ""street_type"": ""Cir""}",Married,Project Manager,Walker Corp,Tufts Health Plan,POL-947037,GRP-7291,313,2018-01-07,2018-04-16,164,78,,Never Assessed,None,"None, Penicillin, Dust","Type 2 Diabetes, Crohn's Disease, Hyperlipidemia, Ulcerative Colitis",unknown,Total knee replacement,"Heart Disease, Alzheimer's",English,White,Active,6,RegistrationDB
4209,Mateo,Cook,2002-06-04,Male,O+,mateo.cook@email.example.com,(625) 335-5983,Michelle Robinson,(325) 808-6488,"{""line1"": ""872 Eighth Ave"", ""apt"": "", # 29"", ""city"": ""El Paso"", ""state"": ""TX"", ""zip"": ""79901"", ""country"": ""USA"", ""longitude"": -119.682}",Married,Data Analyst,,UnitedHealthcare,POL-454018,GRP-4232,148,2019-06-30,2020-01-25,176,74,23.9,Non-Smoker,None,None,Fibromyalgia,Amlodipine,None,Heart Disease,Russian,White,Active,15,RegistrationDB
4211,,Long,1998-03-25,Male,B-,aiden.long@email.example.com,(410) 542-8085,Sandra Parker,(929) 290-8127,"{""line1"": ""910 College Ave"", ""apt"": "", Unit 41"", ""city"": ""Raleigh"", ""state"": ""NC"", ""zip"": ""27601"", ""longitude"": -79.4193, ""street_type"": ""St""}",Single,Psychologist,,Health Net,POL-581203,G1234,166,2020-09-19,2021-03-09,-10,103,35.2,Non-Smoker,Former,"Latex, NSAIDs",,"Celecoxib, Hydrochlorothiazide",None,Hypertension,Spanish,White,Active,18,RegistrationDB
4225,Maxwell,UNKNOWN,,Male,O-,maxwell.johnson@email.example.com,(377) 508-1130,Olivia Jackson,(883) 405-9834,"{""line1"": ""7716 View Blvd"", ""apt"": """", ""city"": ""Columbus"", ""state"": ""OH"", ""zip"": ""43201"", ""landmark"": ""Behind Metro Station"", ""county"": ""King"", ""neighborhood"": ""West Side""}",Single,Business Owner,Clark Corp,Centene,POL-197583,GRP-8426,454,2020-06-03,2020-11-20,174,74,24.4,Never Assessed,Moderate,None,"Chronic Kidney Disease, Hypertension",unknown,Rotator cuff repair,"None, Stroke, Alzheimer's",English,Asian,Active,22,RegistrationDB
4227,Olivia,Flores,1971-11-14,Female,O+,olivia.flores@email.example.com,(830) 212-4746,Pamela Richardson,John Smith,"{""line1"": ""9650 Sunset Dr"", ""apt"": """", ""city"": ""Phoenix"", ""state"": ""AZ"", ""zip"": ""85001"", ""timezone"": ""America/Los_Angeles"", ""county"": ""Orange""}",Single,Pharmacist,Myers Corp,Humana,POL-122749,GRP-4330,273,2023-06-10,2025-02-21,167,69,24.7,Non-Smoker,Occasional,"NSAIDs, Peanuts","Osteoarthritis, Atrial Fibrillation, Anxiety Disorder, Hypertension",Amlodipine,None,Asthma,Spanish,White,Active,11,RegistrationDB
4228,Pamela,Morgan,1974-10-11,Female,B+,pamela.morgan1@email.example.com,(643) 724-1522,Lauren Webb,(269) 893-7260,"{""line1"": ""2804 Hamilton Ct"", ""apt"": "", Suite 19"", ""city"": ""Oklahoma City"", ""state"": ""OK"", ""zip"": ""73101"", ""timezone"": ""America/Los_Angeles"", ""neighborhood"": ""Suburbs"", ""street_type"": ""Pl"", ""longitude"": -119.1995}",Married,---,Kelly Corp,Bright Health,POL-355380,GRP-8940,439,2021-02-24,2022-02-27,9999,70,29.9,Former Smoker,None,"Dust, Pollen",Fibromyalgia,Warfarin,None,"Cancer, Hypertension, Alzheimer's",English,White,Inactive,17,RegistrationDB
4233,Christopher,Flores,1965-07-15,Male,B+,christopher.flores1@email.example.com,(403) 616-8109,Scott Clark,(289) 552-8116,"{""line1"": ""1612 River Rd"", ""apt"": "", Unit 44"", ""city"": ""Baltimore"", ""state"": ""MD"", ""zip"": ""21201""}",Married,Real Estate Agent,Morris Corp,Geisinger,POL-508944,GRP-4266,295,2019-05-17,2022-09-11,184,94,27.8,Current Smoker,Occasional,"Dust, Shellfish, Penicillin",,Ozempic,None,"DM, HTN, CAD",English,Hispanic or Latino,Active,2,RegistrationDB
4245,Ethan,Taylor,1995-05-29,F,A+,ethan.taylor@email.example.com,(372) 882-4827,Linda Castillo,(203) 849-4282,"{""line1"": ""8051 Pine St"", ""apt"": "", Unit 15"", ""city"": ""Minneapolis"", ""state"": ""MN"", ""zip"": ""55401"", ""county"": ""San Diego"", ""country"": ""USA"", ""timezone"": ""America/Chicago"", ""neighborhood"": ""Downtown""}",Married,Veterinarian,James Corp,Oscar Health,POL-370684,GRP-4742,8,2020-03-09,2023-08-13,184,64,18.9,Non-Smoker,Occasional,"None, Shellfish, Penicillin",Ulcerative Colitis,None,Total hip replacement,"Arthritis, Hypertension, Asthma",English,White,Active,1,RegistrationDB
4247,Jasper,Gutierrez,1982-06-28,Male,A-,jasper.gutierrez@email.example.com,(590) 873-5738,Zoey Reynolds,(921) 995-5744,"{""line1"": ""3785 River Rd"", ""apt"": "", Unit 49"", ""city"": ""Jacksonville"", ""state"": ""FL"", ""zip"": ""32201"", ""latitude"": 30.8094, ""longitude"": -99.9771}",Married,Insurance Agent,Rodriguez Corp,Cigna HealthCare,POL-726495,GRP-6386,23,2020-05-24,2024-01-01,183,heavy,13.7,Non-Smoker,Occasional,"Penicillin, None, NSAIDs","Ulcerative Colitis, Osteoporosis, Type 2 Diabetes","Celecoxib, Clopidogrel",None,None,English,White,,14,RegistrationDB
4248,Silas,Hamilton,1959-10-10,Male,A+,silas.hamilton1@email.example.com,2125550199,Jacqueline Webb,(366) 362-2467,"{""line1"": ""Unknown"", ""city"": ""Unknown"", ""state"": ""NA"", ""zip"": ""00000"", ""country"": ""USA"", ""county"": ""Sacramento"", ""landmark"": ""Behind Metro Station""}",Divorced,Retail Associate,AAAAAAAAAAAAAAAAAAAAAAAAAAAAAAAAAAAAAAAAAAAAAAAAAAAAAAAAAAAAAAAAAAAAAAAAAAAAAAAAAAAAAAAAAAAAAAAAAAAAAAAAAAAAAAAAAAAAAAAAAAAAAAAAAAAAAAAAAAAAAAAAAAAAAAAAAAAAAAAAAAAAAAAAAAAAAAAAAAAAAAAAAAAAAAAAAAAAAAAA,Molina Healthcare,POL-567615,GRP-8876,144,2021-02-23,2023-07-25,188,100,28.3,Never Assessed,Occasional,None,"Migraine, Psoriasis","Acetaminophen, Gabapentin",None,None,English,Asian,active,14,RegistrationDB
4256,Terry,Wilson,1989-02-05,Male,O+,terry.wilson@email.example.com,(997) 916-1050,Laura Gonzalez,(454) 503-1011,"{""line1"": ""3992 Cherry Ln"", ""apt"": "", Suite 41"", ""city"": ""Omaha"", ""state"": ""NE"", ""zip"": ""68101"", ""timezone"": ""America/New_York"", ""longitude"": -98.77}",married,Teacher,Ortiz Corp,Geisinger,POL-917720,GRP-4535,234,2024-12-31,2028-07-30,173,69,,Current Smoker,Moderate,"Sulfa, Shellfish, NSAIDs","Irritable Bowel Syndrome, Type 2 Diabetes","Celecoxib, Ozempic, Warfarin","Hemorrhoidectomy, Spinal fusion","Cancer, Asthma, Stroke",French,White,Active,6,RegistrationDB
4258,Roman,Wells,1956-04-29,Male,O+,roman.wells@email.example.com,(964) 314-4506,Alexander Griffin,(381) 373-7743,"{""line1"": ""8585 Union Ave"", ""apt"": "", # 40"", ""city"": ""Austin"", ""state"": ""TX"", ""zip"": ""73301"", ""county"": ""Miami-Dade"", ""longitude"": -111.3843}",Separated,Flight Attendant,Reynolds Corp,CareFirst,POL-250747,GRP-6085,387,2025-10-09,2026-11-15,180,86,26.5,Non-Smoker,Occasional,None,,Apixaban,none,None,Tagalog,Asian,Active,17,RegistrationDB
4260,Aria,Miller,1972-02-03,Female,O+,aria.miller@email.example.com,(471) 414-8482,999-999-9999,(273) 673-8846,"{""line1"": ""8057 Highland Ave"", ""apt"": """", ""city"": ""Nashville"", ""state"": ""TN"", ""zip"": ""37201"", ""timezone"": ""America/Denver"", ""longitude"": -77.682}",Married,Architect,Alvarez Corp,CareFirst,POL-312909,GRP-9080,461,2022-04-13,,157,61,24.7,Smoker,None,None,"Hyperlipidemia, Asthma",Sertraline,"Mastectomy, Tonsillectomy",Stroke,Spanish,Asian,Deceased,8,RegistrationDB
4264,Randy,Gonzalez,1990-05-02,Male,o+,randy.gonzalez@email.example.com,(537) 551-8631,Hannah Parker,(536) 492-7367,"{""line1"": ""386 Fourth Ave"", ""apt"": "", Suite 38"", ""city"": ""San Diego"", ""state"": ""CA"", ""zip"": ""92101"", ""neighborhood"": ""Historic District"", ""timezone"": ""America/New_York""}",Single,Artist,Clark Corp,,,,30,2020-03-04,2020-09-01,181,74,22.6,Never Assessed,None,"Codeine, Penicillin, Peanuts","Psoriasis, Depression, Rheumatoid Arthritis","Fluticasone, Acetaminophen, Gabapentin",None,Alzheimer's,English,caucasian,Active,17,RegistrationDB
4271,Dorothy,Wood,2002-02-09,Female,B+,dorothy.wood1@email.example.com,(743) 287-2993,Victoria Parker,000-000-0000,"{""line1"": ""5905 Sunset Dr"", ""apt"": """", ""city"": ""Houston"", ""state"": ""TX"", ""zip"": ""77001"", ""country"": ""USA""}",Married,Psychologist,Peterson Corp,CareFirst,POL-705479,GRP-2063,253,2024-08-14,2025-12-28,163,101,38.0,Never Assessed,Occasional,None,"Chronic Kidney Disease, Depression, Asthma","Acetaminophen, Apixaban, Cetirizine, Tramadol",None,Diabetes,Russian,White,Active,1,RegistrationDB
4272,Evelyn,Smith,1952-10-21,Female,O+,evelyn.smith@email.example.com,(551) 520-9789,Evelyn Ford,(225) 495-5985,"{""line1"": ""4518 Washington Ave"", ""apt"": """", ""city"": ""Fresno"", ""state"": ""CA"", ""zip"": ""93701""}",Single,Engineer,,Kaiser Permanente,POL-286222,GRP-8593,289,2018-06-06,2019-08-19,168,60,21.3,Former Smoker,Former,Latex,Type 2 Diabetes,"Amlodipine, Insulin glargine, Furosemide",Total hip replacement,"Hypertension, Asthma, Cancer",Tagalog,Black or African American,Active,11,RegistrationDB
4285,Christine,Roberts,1977-08-16,Female,B+,not-an-email,(566) 552-5522,Patricia Ford,(221) 646-2939,"{""line1"": ""3224 Sunset Dr"", ""apt"": """", ""city"": ""Denver"", ""state"": ""CO"", ""zip"": ""80201"", ""county"": ""Sacramento"", ""timezone"": ""America/Phoenix""}",Single,Military,Hernandez Corp,,POL-733892,GRP-5444,158,2019-05-26,2019-10-18,162,110,41.9,Former Smoker,None,"Latex, Pollen, Codeine",,"Eliquis, Cetirizine",Hysterectomy,"None, Heart Disease, Arthritis",Spanish,White,Active,20,RegistrationDB
4295,Lily,Edwards,1993-06-23,Female,A+,lily.edwards@email.example.com,(318) 801-1831,Donna McDonald,(637) 677-9405,"{""line1"": ""7446 Highland Ave"", ""apt"": "", Apt 4"", ""city"": ""Long Beach"", ""state"": ""CA"", ""zip"": ""90801"", ""neighborhood"": ""Historic District"", ""county"": ""Sacramento"", ""country"": ""USA""}",Divorced,Graphic Designer,Harrison Corp,Oscar Health,POL-264982,GRP-9480,212,2023-06-19,2024-02-02,165,90,33.1,Never Assessed,None,"Dust, Sulfa","Hypothyroidism, Rheumatoid Arthritis, Psoriasis",Metformin,Cholecystectomy,Arthritis,Spanish,White,active,11,RegistrationDB
4300,Jose,Hayes,1993-02-17,Male,O+,jose.hayes@email.example.com,(600) 381-3249,Aria Jimenez,(339) 916-3268,"{""line1"": ""8457 Jefferson Ave"", ""apt"": """", ""city"": ""Albuquerque"", ""state"": ""NM"", ""zip"": ""87101"", ""longitude"": -113.8544, ""floor_number"": 15}",Married,Librarian,Peterson Corp,Cigna,POL-853017,GRP-1463,96,2025-07-21,,170,60,20.8,Non-Smoker,Former,Latex,"Type 2 Diabetes, Crohn's Disease",None,None,None,English,White,Active,22,RegistrationDB
4303,Genesis,Martin,2000-11-02,Female,O-,genesis.martin@email.example.com,(608) 529-1400,Nora West,(511) 594-6529,"{""line1"": ""8025 Franklin Blvd"", ""apt"": "", Suite 10"", ""city"": ""Atlanta"", ""state"": ""GA"", ""zip"": ""30301"", ""country"": ""USA""}",Separated,Doctor,,Bright Health,POL-529347,GRP-5093,439,2019-03-27,1900-01-01,147,92,42.6,never assessed,Heavy,"Shellfish, Sulfa, Pollen",,Fluticasone,Gastric bypass,"Diabetes, Stroke",English,White,Active,17,RegistrationDB
4304,Karen,Anderson,2000-04-26,Female,O+,karen.anderson1@email.example.com,(819) 698-3334,Richard Taylor,(642) 859-5593,"{""line1"": ""8967 Madison St"", ""apt"": """", ""city"": ""Charlotte"", ""state"": ""NC"", ""zip"": ""28201"", ""latitude"": 42.9318, ""delivery_notes"": ""Gate code: #1234""}",Married,Physical Therapist,Evans Corp,Centene,POL-285256,GRP-5235,280,2022-08-28,2023-10-18,168,66,23.4,Non-Smoker,Occasional,Latex,"Chronic Fatigue, Anxiety Disorder","Tramadol, Jardiance, Metoprolol, Cyclobenzaprine",None,"None, Heart Disease",English,White,Active,23,RegistrationDB
4305,Diane,Richardson,2005-10-30,Female,O+,diane.richardson@email.example.com,(922) 915-3143,Roman Gibson,(928) 732-8125,"{""line1"": ""6767 Walnut Ave"", ""apt"": "", Apt 37"", ""city"": ""Washington"", ""state"": ""DC"", ""zip"": ""20001"", ""timezone"": ""America/Chicago"", ""county"": ""Cook"", ""country"": ""USA"", ""neighborhood"": ""Midtown""}",Single,Dental Hygienist,,Cigna HealthCare,POL-497040,GRP-7251,114,2022-09-11,2023-08-07,172,100,33.8,Non-Smoker,None,NSAIDs,,"Omeprazole, Cyclobenzaprine, Prednisone, Duloxetine",None,"Asthma, Hypertension",English,White,Active,19,RegistrationDB
4313,Lucas,Cruz,1999-01-09,Male,A+,lucas.cruz@email.example.com,(880) 354-9211,Caleb Scott,(499) 256-9612,"{""line1"": ""7526 Market St"", ""apt"": """", ""city"": ""Tucson"", ""state"": ""AZ"", ""zip"": ""85701"", ""neighborhood"": ""East Side"", ""latitude"": 44.6823, ""country"": ""USA"", ""timezone"": ""America/Denver""}",Married,Construction Worker,Taylor Corp,Anthem,POL-887133,GRP-2658,13,2022-12-01,2025-11-13,187,98,28.0,Non-Smoker,None,Null,,"Furosemide, Tramadol",None,"Hypertension, Cancer",French,White,Active,26,RegistrationDB
4314,Jack,UNKNOWN,1998-12-07,Male,O+,jack.martinez@email.example.com,(222) 215-1300,Mateo Edwards,John Smith,"{""line1"": ""8267 Center St"", ""apt"": """", ""city"": ""Colorado Springs"", ""state"": ""CO"", ""zip"": ""80901"", ""country"": ""USA"", ""street_type"": ""Ave"", ""county"": ""San Diego""}",Married,Mechanic,Brown Corp,MetLife,POL-457691,GRP-1537,234,2025-05-18,2026-12-21,184,77,22.7,Never Assessed,Moderate,None,,"Eliquis, Meloxicam",None,"Asthma, Cancer, Hypertension",Tagalog,White,,6,RegistrationDB
4316,Jeremy,Baker,2000-07-31,Male,o+,jeremy.baker@email.example.com,,Mason Jones,(290) 211-2398,"{""line1"": ""8799 Ash Ct"", ""apt"": "", Suite 24"", ""city"": ""Tulsa"", ""state"": ""OK"", ""zip"": ""74101"", ""county"": ""Queens"", ""neighborhood"": ""Midtown"", ""landmark"": ""Next to Mall"", ""timezone"": ""America/Denver""}",Married,Electrician,Lee Corp,,,,261,2025-10-08,2029-06-17,172,92,31.1,Non-Smoker,None,"Dust, Shellfish, NSAIDs",Type 2 Diabetes,"Sertraline, Aspirin, Losartan",None,"Cancer, Alzheimer's",Mandarin,Hispanic or Latino,Active,20,RegistrationDB
4319,Russell,Jimenez,1988-01-18,Male,O-,russell.jimenez@email.example.com,(953) 736-1853,Riley Taylor,(609) 468-9737,"{""line1"": ""4147 Cypress Dr"", ""apt"": """", ""city"": ""Louisville"", ""state"": ""KY"", ""zip"": ""40201""}",Single,Teacher,Hughes Corp,Kaiser Permanente,POL-238103,GRP-9289,81,2024-10-13,,176,103,33.3,Smoker,Occasional,"Pollen, Shellfish, Codeine",,None,None,Alzheimer's,English,White,Active,23,RegistrationDB
4320,Brenda,Mendoza,2003-12-29,Female,O+,brenda.mendoza@email.example.com,(208) 736-1889,Henry Myers,(962) 853-3339,"{""line1"": ""5813 Cypress Dr"", ""apt"": """", ""city"": ""Portland"", ""state"": ""OR"", ""zip"": ""97201""}",Single,Pharmacist,Hernandez Corp,Highmark,POL-123948,GRP-8030,317,01-01-2020,2027-03-10,173,70,23.4,Non-Smoker,None,,,"Hydrochlorothiazide, Prednisone, Spironolactone, Ozempic","Hysterectomy, Laminectomy, ACL reconstruction","Heart Disease, Hypertension",English,Hispanic or Latino,Active,24,RegistrationDB
4322,Genesis,Ortiz,1953-03-01,Female,A+,genesis.ortiz1@email.example.com,(780) 590-3570,Ella Murphy,(806) 378-4331,,Single,Administrative Assistant,Webb Corp,UnitedHealthcare,POL-929606,GRP-7505,497,2020-06-13,2024-04-12,167,86,30.8,Non-Smoker,Occasional,,"Chronic Kidney Disease, Hyperlipidemia, Eczema",Apixaban,None,"Arthritis, Stroke",English,White,Inactive,21,RegistrationDB
4325,Nora,Stewart,1989-04-03,Female,A+,nora.stewart@email.example.com,(483) 396-1113,Kyle Baker,(445) 808-2118,"{""line1"": ""1111 Madison St"", ""apt"": "", Unit 39"", ""city"": ""Seattle"", ""state"": ""WA"", ""zip"": ""98101"", ""county"": ""Queens"", ""longitude"": -88.0436, ""timezone"": ""America/Chicago""}",Married,Data Analyst,Ortiz Corp,Aetna,POL-346520,GRP-2285,2,2018-07-05,2018-12-26,160,79,30.9,Former Smoker,None,"Codeine, Penicillin, Peanuts","Osteoporosis, Crohn's Disease",Loratadine,Cholecystectomy,"DM, HTN, CAD",English,Black or African American,Active,17,RegistrationDB
4326,David,Johnson,2099-06-15,Male,O+,david.johnson@email.example.com,(724) 851-7025,Benjamin Alexander,(347) 463-8341,"{""line1"": ""5608 Highland Ave"", ""apt"": "", Apt 24"", ""city"": ""San Diego"", ""state"": ""CA"", ""zip"": ""92101"", ""county"": ""Cook"", ""timezone"": ""America/Chicago"", ""neighborhood"": ""West Side"", ""latitude"": 42.7639, ""country"": ""USA""}",Divorced,Administrative Assistant,,Geisinger,POL-373903,GRP-9858,470,2020-01-08,2021-03-17,187,96,27.5,Former Smoker,None,NSAIDs,Psoriasis,"Duloxetine, Meloxicam, Tramadol",Sleeve gastrectomy,"Hypertension, Alzheimer's",Vietnamese,Hispanic or Latino,Active,9,RegistrationDB
4327,Jason,Crawford,1961-03-15,Male,B+,jason.crawford@email.example.com,(676) 456-9658,Ronald Wells,(927) 771-2243,"{""line1"": ""2627 Walnut Ave"", ""apt"": "", Suite 30"", ""city"": ""Minneapolis"", ""state"": ""MN"", ""zip"": ""55401"", ""country"": ""USA"", ""delivery_notes"": ""Deliver to reception"", ""latitude"": 30.9225, ""timezone"": ""America/Los_Angeles""}",Divorced,Mechanic,Cole Corp,Health Net,POL-930265,GRP-5259,343,2023-12-20,2025-08-19,178,76,-5,Non-Smoker,Moderate,"Pollen, Peanuts, Dust",,"Cyclobenzaprine, Bupropion, Losartan, Gabapentin",None,None,English,White,Active,5,RegistrationDB
4329,Christina,West,2005-02-28,Female,O+,christina.west@email.example.com,(592) 894-5567,Kyle Cruz,,"{""line1"": ""3386 Sycamore Ave"", ""apt"": """", ""city"": ""Fresno"", ""state"": ""CA"", ""zip"": ""93701"", ""delivery_notes"": ""Gate code: #1234"", ""country"": ""USA""}",Married,Manager,Perez Corp,Blue Cross Blue Shield,POL-571465,GRP-1976,340,2019-09-12,2020-07-20,152,84,36.4,Non-Smoker,Occasional,"None, Sulfa, NSAIDs",Osteoporosis,"Acetaminophen, Albuterol","Appendectomy 2018, Cholecystectomy 2020",Arthritis,English,Hispanic or Latino,Active,17,RegistrationDB
4334,Sarah,Brown,2001-10-30,Female,AB+,sarah.brown@email.example.com,(848) 824-9315,Evelyn Edwards,(503) 232-9049,"{""line1"": ""7978 Walnut Ave"", ""apt"": """", ""city"": ""San Jose"", ""state"": ""CA"", ""zip"": ""95101"", ""neighborhood"": ""Northside""}",Single,Dental Hygienist,Castillo Corp,Independence Blue Cross,POL-400479,GRP-7556,487,2019-08-20,2021-08-14,157,61,24.7,Non-Smoker,Occasional,"Latex, Penicillin","Depression, Osteoarthritis, Sleep Apnea, Osteoporosis","Spironolactone, Bupropion, Tramadol, Celecoxib",None,Cancer,Mandarin,White,Active,14,RegistrationDB
4354,Julie,Porter,2001-08-21,Female,A+,julie.porter@email.example.com,(235) 701-1053,Samantha Simpson,(836) 654-4588,"{""line1"": ""2345 Cherry Ln"", ""apt"": "", # 3"", ""city"": ""New Orleans"", ""state"": ""LA"", ""zip"": ""70112"", ""latitude"": 37.6779, ""neighborhood"": ""Uptown"", ""county"": ""Maricopa"", ""street_type"": ""Rd""}",Married,Military,Wood Corp,Harvard Pilgrim,POL-917922,GRP-2417,303,2020-09-21,2022-09-07,177,76,24.3,Current Smoker,Occasional,"PENICILLIN, SULFA",,"Loratadine, Hydrochlorothiazide, Acetaminophen","Tonsillectomy, Spinal fusion","Arthritis, None",English,White,Inactive,20,RegistrationDB
4366,Samantha,Bryant,1988-09-03,Female,A+,samantha.bryant@email.example.com,(566) 347-6690,Joe Graham,(929) 784-3906,"{""line1"": ""4022 Elm St"", ""apt"": """", ""city"": ""New York"", ""state"": ""NY"", ""zip"": ""10001"", ""country"": ""USA"", ""street_type"": ""Way""}",Married,Physical Therapist,Rodriguez Corp,Independence Blue Cross,POL-447669,GRP-6748,381,2024-09-26,,160,66,25.8,Non-Smoker,None,"Penicillin, NSAIDs, Peanuts","Fibromyalgia, Depression, Irritable Bowel Syndrome",None,None,None,English,White,Deceased,11,RegistrationDB
4367,Chloe,Gutierrez,1964-10-28,Female,O+,chloe.gutierrez@email.example.com,(803) 691-9539,Micah Allen,(740) 954-2650,"{""line1"": ""4367 Hamilton Ct"", ""apt"": """", ""city"": ""Kansas City"", ""state"": ""MO"", ""zip"": ""64101"", ""street_type"": ""Way"", ""neighborhood"": ""West Side""}",Divorced,Business Owner,Simmons Corp,Health Net,POL-666905,GRP-9101,111,2020-07-13,2024-06-24,164,84,31.2,,Heavy,None,"Psoriasis, Osteoarthritis, Eczema, Rheumatoid Arthritis","Insulin glargine, Levothyroxine, Spironolactone",None,"Arthritis, Alzheimer's",Mandarin,White,Active,25,RegistrationDB
4371,Gabriel,Rogers,1991-06-05,Male,A-,gabriel.rogers@email.example.com,(828) 384-9134,Jonathan Moore,(631) 722-6698,"{""line1"": ""1858 Elm St"", ""apt"": "", Apt 4"", ""city"": ""Minneapolis"", ""state"": ""MN"", ""zip"": ""55401"", ""latitude"": 31.626}",Married,Graphic Designer,Jordan Corp,Anthem,POL-816851,GRP-3655,264,2018-04-02,2019-04-11,185,73,21.3,Former Smoker,Occasional,"Codeine, Latex",,None,Sleeve gastrectomy,Heart Disease,English,White,Active,2,RegistrationDB
4373,Patrick,Gomez,1978-09-12,Male,O+,patrick.gomez@email.example.com,2125550199,Russell Cruz,(943) 854-6169,"{""line1"": ""2653 Forest Ave"", ""apt"": """", ""city"": ""San Antonio"", ""state"": ""TX"", ""zip"": ""78201""}",Married,Business Owner,Ortiz Corp,Blue Cross Blue Shield,POL-826535,GRP-7512,277,2018-05-29,2021-06-29,166,105,38.1,Never Assessed,2 beers/week,"Dust, Penicillin","Chronic Fatigue, COPD",Lisinopril,"Hemorrhoidectomy, Sleeve gastrectomy",Asthma,Vietnamese,White,Active,20,RegistrationDB
4374,Ronald,Ward,1987-02-22,Male,AB+,ronald.ward@email.example.com,(534) 209-4153,Isaac Ross,(506) 466-4646,"{""line1"": ""9135 Franklin Blvd"", ""apt"": """", ""city"": ""Tulsa"", ""state"": ""OK"", ""zip"": ""74101"", ""country"": ""USA"", ""neighborhood"": ""Northside"", ""longitude"": -76.7987, ""street_type"": ""Ln""}",Divorced,HR Specialist,Long Corp,Tufts Health Plan,POL-222779,G1234,19,2018-12-14,2020-11-16,182,85,25.7,Current Smoker,None,"None, Pollen, Dust","COPD, Irritable Bowel Syndrome, Rheumatoid Arthritis, Anxiety Disorder",!@#$%^&*(),None,None,English,White,Deceased,14,RegistrationDB
4375,Evelyn,Wood,01/15/1987,Female,A+,evelyn.wood@email.example.com,(580) 596-1107,Aiden Williams,(621) 201-6646,"{""line1"": ""5108 Magnolia Way"", ""apt"": """", ""city"": ""Sacramento"", ""state"": ""CA"", ""zip"": ""94201"", ""timezone"": ""America/Phoenix"", ""country"": ""USA"", ""county"": ""Dallas"", ""street_type"": ""Blvd"", ""longitude"": -113.8766}",Married,Consultant,,Anthem,POL-107859,GRP-6768,357,2024-05-09,2025-05-21,170,96,33.2,Non-Smoker,None,"Penicillin, Codeine, NSAIDs",Anxiety Disorder,Insulin glargine,None,Stroke,Russian,Black or African American,Active,2,RegistrationDB
4376,Andrea,Lee,1994-10-28,Female,O+,andrea.lee@email.example.com,(624) 578-6907,Pamela White,(829) 374-3053,"{""line1"": ""9203 Tenth Ave"", ""apt"": """", ""city"": ""Tampa"", ""state"": ""FL"", ""zip"": ""33601""}",Married,Administrative Assistant,Roberts Corp,Tufts Health Plan,POL-138151,GRP-3347,360,2022-12-10,2026-02-20,163,94,35.4,Former Smoker,None,Sulfa,Anxiety Disorder,"Bupropion, Cetirizine, Ibuprofen",None,"Arthritis, None",English,White,Active,10,RegistrationDB
4377,deborah,Rivera,1983-02-16,Female,A-,not-an-email,(714) 871-7283,Henry Price,(743) 318-7807,"{""line1"": ""2662 Fourth Ave"", ""apt"": """", ""city"": ""Indianapolis"", ""state"": ""IN"", ""zip"": ""46201"", ""street_type"": ""Blvd""}",Divorced,Dental Hygienist,Ellis Corp,Geisinger,POL-354263,GRP-3259,100,2019-02-07,2023-03-01,159,43,17.0,Current Smoker,Former,Peanuts,"Osteoarthritis, Hypertension, Sleep Apnea, Crohn's Disease","Bupropion, Metformin, Furosemide, Insulin glargine",None,"Asthma, Stroke, None",English,White,Active,5,RegistrationDB
4381,Linda,Ortiz,2025-06-15,Female,O-,linda.ortiz1@email.example.com,(938) 424-7985,Emma Long,(460) 435-4209,"{""line1"": ""1975 College Ave"", ""apt"": """", ""city"": ""New York"", ""state"": ""NY"", ""zip"": ""10001"", ""floor_number"": 36, ""landmark"": ""Close to University"", ""longitude"": -110.1448, ""country"": ""USA""}",Married,Retired,Wallace Corp,,POL-497636,GRP-3596,363,2025-05-12,2026-03-07,9999,0,24.2,Never Assessed,Moderate,"Pollen, Codeine, Penicillin","Asthma, Rheumatoid Arthritis, Osteoporosis, Psoriasis",None,None,Diabetes,Mandarin,Black or African American,Active,18,RegistrationDB
,Nicholas,Morgan,1969-06-01,Male,B+,nicholas.morgan@email.example.com,(505) 360-5706,N/A,(239) 589-7208,"{""line1"": ""6607 Ash Ct"", ""apt"": """", ""city"": ""San Antonio"", ""state"": ""TX"", ""zip"": ""78201"", ""longitude"": -114.1013, ""street_type"": ""Rd"", ""delivery_notes"": ""Leave at door"", ""timezone"": ""America/Los_Angeles""}",Married,Teacher,Miller Corp,Health Net,POL-431177,GRP-6491,84,2020-05-28,2023-02-08,160,72,28.1,Former Smoker,Moderate,"Penicillin, Shellfish, Pollen","GERD, Chronic Kidney Disease, Depression",Metformin,None,"Arthritis, Heart Disease, Asthma",English,Asian,Active,21,RegistrationDB
4385,Michelle,Ross,1974-02-05,Female,B+,michelle.ross@email.example.com,(372) 487-1880,Ella Ortiz,(518) 691-6155,"{""line1"": ""6104 Seventh St"", ""apt"": """", ""city"": ""Seattle"", ""state"": ""WA"", ""zip"": ""98101"", ""street_type"": ""Ave""}",Divorced,Manager,Mitchell Corp,Geisinger,POL-563596,GRP-2077,231,2022-09-27,2024-01-29,170,73,25.3,Non-Smoker,Occasional,"Latex, Pollen, Shellfish",Congestive Heart Failure,"Aspirin, Losartan, Bupropion",C-section,"Diabetes, Heart Disease, Cancer",English,Black or African American,Active,3,RegistrationDB
4388,Wesley,Gonzalez,1967-05-16,Male,A+,wesley.gonzalez@email.example.com,(737) 920-8183,Vincent Tucker,(315) 669-1042,"{""line1"": ""4057 River Rd"", ""apt"": "", Apt 21"", ""city"": ""Philadelphia"", ""state"": ""PA"", ""zip"": ""19101"", ""neighborhood"": ""West Side""}",Married,Police Officer,,Atena,POL-705222,GRP-2667,346,2018-03-05,,182,70,21.1,Never Assessed,None,Dust,,"Omeprazole, Metoprolol, Bupropion, Duloxetine",Sleeve gastrectomy,Alzheimer's,Tagalog,White,Active,1,RegistrationDB
4389,Amanda,Howard,1983-02-17,Female,B+,amanda.howard1@email.example.com,(586) 411-2740,Walter Torres,(780) 987-7452,"{""line1"": ""4955 Sixth Ave"", ""apt"": "", Suite 17"", ""city"": ""Oklahoma City"", ""state"": ""OK"", ""zip"": ""73101"", ""street_type"": ""Way"", ""county"": ""Maricopa"", ""landmark"": ""Opposite Central Park"", ""neighborhood"": ""Historic District""}",Married,Plumber,,Blue Cross,POL-675380,GRP-9253,68,2021-07-26,2024-03-20,154,83,35.0,Non-Smoker,None,"NSAIDs, Penicillin, Latex","Crohn's Disease, GERD",Tramadol,C-section,Cancer,English,White,Active,28,RegistrationDB
4396,Michael,Hicks,1998-03-19,Male,A-,michael.hicks@email.example.com,(642) 930-9463,Peter Thomas,(260) 977-5063,"{""line1"": ""6282 Highland Ave"", ""apt"": "", # 18"", ""city"": ""Fort Worth"", ""state"": ""TX"", ""zip"": ""76101"", ""longitude"": -109.7415}",Married,Graphic Designer,Hunter Corp,CareFirst,POL-595186,GRP-3369,457,2018-10-31,2022-07-30,160,82,32.0,Non-Smoker,None,"NSAIDs, Shellfish",Irritable Bowel Syndrome,None,"Laminectomy, Mastectomy, Vasectomy",Diabetes,English,Two or More Races,Active,6,RegistrationDB
4400,Genesis,Cruz,2001-10-02,Female,o+,genesis.cruz@email.example.com,(507) 552-8114,Victoria Wilson,(581) 770-3277,"{""line1"": ""123 Main St"", ""street_type"": ""Ct""}",Married,Veterinarian,James Corp,Oscar Health,POL-466238,GRP-1110,271,2018-05-22,2020-08-08,154,74,31.2,Non-Smoker,Occasional,"Pollen, Peanuts, Codeine","Fibromyalgia, Osteoporosis, GERD, Depression","Insulin glargine, Ibuprofen, Omeprazole",None,Diabetes,English,Hispanic or Latino,Inactive,18,RegistrationDB
,Catherine,Martinez,1958-03-04,Female,O+,catherine.martinez@email.example.com,(989) 924-7508,Donald Russell,000-000-0000,"{""line1"": ""1713 Jefferson Ave"", ""apt"": """", ""city"": ""San Diego"", ""state"": ""CA"", ""zip"": ""92101"", ""longitude"": -121.3453}",Married,Mechanic,,Highmark,POL-355594,GRP-1932,431,2025-09-26,2026-03-19,157,51,20.7,Former Smoker,,Dust,"Migraine, Hypothyroidism, Fibromyalgia",Ozempic,Rotator cuff repair,None,Tagalog,White,Inactive,1,RegistrationDB
4409,Katherine,Lopez,1974-04-28,Female,B+,katherine.lopez1@email.example.com,(521) 262-4886,Paul Hernandez,(610) 773-3698,"{""line1"": ""7613 Fourth Ave"", ""apt"": """", ""city"": ""Nashville"", ""state"": ""TN"", ""zip"": ""37201"", ""street_type"": ""Ct"", ""timezone"": ""America/Chicago""}",Divorced,Manager,Reyes Corp,Independence Blue Cross,POL-940509,GRP-8287,274,2025-11-18,2029-07-20,tall,108,43.3,Non-Smoker,None,"Codeine, NSAIDs, Dust",Osteoporosis,None,None,Heart Disease,Mandarin,White,Active,11,RegistrationDB
4424,Amanda,Wilson,1966-04-18,Female,O+,amanda.wilson@email.example.com,(463) 937-9745,Julie Lee,(874) 488-5004,"{""line1"": ""2323 Sixth Ave"", ""apt"": """", ""city"": ""San Jose"", ""state"": ""CA"", ""zip"": ""95101"", ""neighborhood"": ""East Side"", ""latitude"": 39.0639}",Divorced,Doctor,Rivera Corp,,,,58,2020-12-28,2022-05-26,172,78,26.4,Non-Smoker,Occasional,"Shellfish, Latex, None",,"Gabapentin, Sertraline, Tramadol, Clopidogrel","Thyroidectomy, Laminectomy","Cancer, Alzheimer's",Mandarin,White,Inactive,2,RegistrationDB
4446,Rebecca,Baker,2002-08-19,Female,O+,rebecca.baker@email.example.com,(821) 722-3105,Linda Gibson,(995) 935-5277,"{""line1"": ""4221 Lincoln Blvd"", ""apt"": """", ""city"": ""Las Vegas"", ""state"": ""NV"", ""zip"": ""89101"", ""country"": ""USA"", ""street_type"": ""Cir"", ""longitude"": -91.5021, ""county"": ""Cook""}",Divorced,Pilot,Gomez Corp,Health Net,POL-ABC,GRP-7460,468,2024-09-07,2028-07-10,157,72,29.2,Never Assessed,None,"Codeine, Sulfa, NSAIDs",,,None,"Hypertension, Asthma",Spanish,Two or More Races,Active,1,RegistrationDB
4448,Barbara,Russell,1998-01-06,Female,A+,barbara.russell@email.example.com,(569) 306-3142,N/A,(415) 629-2160,"{""line1"": ""3145 Tenth Ave"", ""apt"": """", ""city"": ""Oakland"", ""state"": ""CA"", ""zip"": ""94601""}",Married,Chef,,Kaiser Permanente,POL-722411,GRP-4008,230,2019-09-06,2022-07-11,162,65,24.8,Never Assessed,None,None,Ulcerative Colitis,"Fluticasone, Loratadine",None,Arthritis,Arabic,White,Active,8,RegistrationDB
4452,Andrea,Gibson,2002-01-09,Non-Binary,A+,andrea.gibson@email.example.com,(706) 897-8772,Harrison Phillips,(432) 521-1819,"{""line1"": ""9704 Beechwood Ave"", ""apt"": """", ""city"": ""Charlotte"", ""state"": ""NC"", ""zip"": ""28201"", ""longitude"": -90.0553, ""latitude"": 46.907}",Married,Dental Hygienist,Reyes Corp,Cigna HealthCare,POL-860755,G1234,207,2021-04-08,2024-08-02,150,81,36,Non-Smoker,None,"Codeine, Latex, Pollen",Irritable Bowel Syndrome,Hydrochlorothiazide,Cataract surgery,"Cancer, Asthma",Mandarin,White,Inactive,2,RegistrationDB
4455,Larry,Castillo,1991-12-11,Male,AB,larry.castillo@email.example.com,(232) 852-2372,Scott Hall,(285) 598-8211,"{""line1"": ""1020 Willow Dr"", ""apt"": """", ""city"": ""Columbus"", ""state"": ""OH"", ""zip"": ""43201"", ""latitude"": 34.8614, ""neighborhood"": ""Uptown"", ""floor_number"": 1}",Single,Insurance Agent,Thompson Corp,Aetna,POL-948225,GRP-5696,122,2020-01-12,2023-05-25,186,89,25.7,Never Assessed,Former,"None, Shellfish","Chronic Kidney Disease, Osteoarthritis, Ulcerative Colitis",None,"Mastectomy, Meniscectomy, Hysterectomy",None,English,White,Active,6,RegistrationDB
4465,Laura,Taylor,1996-10-31,Female,A-,laura.taylor@email.example.com,(604) 901-7707,Grace Harrison,(829) 748-9692,"{""line1"": ""2927 Lincoln Blvd"", ""apt"": "", Unit 5"", ""city"": ""Chicago"", ""state"": ""IL"", ""zip"": ""60601""}",,Software Developer,Cook Corp,Health Net,POL-668415,GRP-2389,158,2023-12-11,,164,73,27.1,Non-Smoker,Heavy,None,N/A,Apixaban,None,None,Mandarin,White,Active,20,RegistrationDB
4467,Olivia,Lopez,1985-12-07,Female,A+,olivia.lopez@email.example.com,(537) 443-6303,Henry Johnson,(352) 269-7886,"{""line1"": ""3147 Seventh St"", ""apt"": "", Unit 20"", ""city"": ""Washington"", ""state"": ""DC"", ""zip"": ""20001"", ""timezone"": ""America/Los_Angeles"", ""latitude"": 41.75}",Married,Pharmacist,Hughes Corp,Kaiser Permanente,POL-404260,GRP-7560,223,2020-03-19,2023-11-26,164,80,29.7,Never Assessed,Occasional,"Penicillin, NSAIDs, None","Osteoarthritis, Eczema, Hypothyroidism, Fibromyalgia","Apixaban, Acetaminophen, Duloxetine",Hemorrhoidectomy,None,Mandarin,White,Inactive,14,RegistrationDB
4494,Jack,Wilson,1950-10-02,Male,A+,jack.wilson1@email.example.com,(533) 308-8273,Nancy Mitchell,(899) 312-4945,"{""line1"": ""4620 Cedar Ln"", ""apt"": """", ""city"": ""San Diego"", ""state"": ""CA"", ""zip"": ""92101"", ""neighborhood"": ""Southside""}",Widowed,Chef,Ortiz Corp,Anthem,POL-270865,GRP-6116,71,2019-04-30,2023-05-16,170,43,14.9,Non-Smoker,Former,"Latex, Penicillin, Peanuts","Chronic Fatigue, Hyperlipidemia","Fluticasone, Warfarin",None,None,Korean,White,Active,21,RegistrationDB
4508,Jonathan,Baker,1973-01-27,Male,O-,jonathan.baker@email.example.com,12345,Betty Williams,(372) 226-2180,"{""line1"": ""2640 College Ave"", ""apt"": """", ""city"": ""Sacramento"", ""state"": ""CA"", ""zip"": ""94201"", ""neighborhood"": ""Waterfront"", ""timezone"": ""America/Los_Angeles"", ""country"": ""USA"", ""county"": ""Miami-Dade""}",Married,Flight Attendant,Reyes Corp,Anthem,POL-166632,GRP-2635,384,2024-01-09,2024-12-11,177,47,15.0,Former Smoker,Former,"Shellfish, Sulfa, Dust","Depression, Rheumatoid Arthritis, Anemia","Cyclobenzaprine, Eliquis, Bupropion",None,"Alzheimer's, Hypertension, Heart Disease",Spanish,White,Active,13,RegistrationDB
4512,Olivia,Thompson,2001-08-20,Female,O+,olivia.thompson@email.example.com,(215) 460-9761,Levi Graham,(275) 655-6437,"{""line1"": ""7014 Second Ave"", ""apt"": """", ""city"": ""Houston"", ""state"": ""TX"", ""zip"": ""77001"", ""longitude"": -108.5599, ""latitude"": 47.9387, ""neighborhood"": ""West Side"", ""timezone"": ""America/Los_Angeles""}",Single,Musician,Hughes Corp,Health Net,POL-252564,GRP-1495,388,2021-07-21,2023-08-18,160,97,37.9,Non-Smoker,Occasional,"Latex, Shellfish",,"Spironolactone, Losartan",None,Asthma,Arabic,,Active,4,RegistrationDB
4522,Vincent,Cruz,1955-09-04,Male,A+,vincent.cruz@email.example.com,(482) 467-8389,Olivia James,(532) 341-4904,,Divorced,Insurance Agent,Kelly Corp,Kaiser Permanente,POL-495922,GRP-9602,447,2021-01-29,2023-02-23,173,90,30.1,Former Smoker,Occasional,"NSAIDs, Pollen, Peanuts",Psoriasis,"Gabapentin, Tramadol, Levothyroxine, Jardiance",Coronary artery bypass grafting,"Asthma, Heart Disease, None",English,White,,1,RegistrationDB
4524,Ethan,Porter,1975-06-25,Male,O-,ethan.porter@email.example.com,(486) 892-4162,Mary Morales,(553) 521-1080,"{""line1"": ""7575 Cypress Dr"", ""apt"": """", ""city"": ""Seattle"", ""state"": ""WA"", ""zip"": ""98101"", ""longitude"": -117.7663, ""country"": ""USA"", ""street_type"": ""Ct"", ""latitude"": 43.5157}",Single,Electrician,Stevens Corp,Blue Cross,POL-962026,GRP-1106,251,2018-01-16,,174,69,22.8,Non-Smoker,Occasional,Sulfa,,"Fluticasone, Pantoprazole, Ibuprofen",Mastectomy,,English,Other,Active,19,RegistrationDB
4526,Harrison,UNKNOWN,2005-11-29,Male,A-,harrison.alvarez@email.example.com,(395) 693-5424,Olivia Patterson,(343) 932-3067,"{""line1"": ""5161 Park Blvd"", ""apt"": "", Apt 23"", ""city"": ""Dallas"", ""state"": ""TX"", ""zip"": ""75201"", ""latitude"": 26.4482}",Married,Physical Therapist,Ramos Corp,Tufts Health Plan,POL-226474,GRP-9296,448,2021-08-16,2024-03-18,173,54,18.0,Non-Smoker,Heavy,NSAIDs,,Cetirizine,Carpal tunnel release,"None, Alzheimer's",English,White,Active,6,RegistrationDB
4528,Penelope,Diaz,1984-05-05,Female,O+,penelope.diaz@email.example.com,(383) 657-5583,Steven Baker,(797) 384-6178,"{""line1"": ""3327 Broadway"", ""apt"": """", ""city"": ""Houston"", ""state"": ""TX"", ""zip"": ""77001""}",Married,Writer,Stewart Corp,Centene,POL-429236,GRP-9040,375,2019-08-28,2021-01-17,160,79,30.9,Non-Smoker,None,None,,"Celecoxib, Losartan, Spironolactone, Furosemide",None,None,English,Black or African American,Active,1,RegistrationDB
4531,Kevin,Wood,1990-09-23,Male,A+,kevin.wood1@email.example.com,(531) 635-1634,Logan Ortiz,(801) 539-1600,"{""line1"": ""9725 Lake Dr"", ""apt"": """", ""city"": ""Philadelphia"", ""state"": ""PA"", ""zip"": ""19101"", ""county"": ""Dallas"", ""longitude"": -74.4526}",Married,Dentist,Jones Corp,Highmark,POL-726720,GRP-6105,24,2020-08-27,2023-11-10,172,90,30.4,Non-Smoker,Occasional,Pollen,"Atrial Fibrillation, Crohn's Disease","Celecoxib, Cyclobenzaprine, Tramadol, Spironolactone",None,None,French,White,Active,13,RegistrationDB
4539,Anna,Stevens,1958-06-07,Female,A+,anna.stevens1@email.example.com,(868) 782-7650,Ruth Johnson,(391) 271-3719,"{""line1"": ""3169 Willow Dr"", ""apt"": "", Unit 6"", ""city"": ""Philadelphia"", ""state"": ""PA"", ""zip"": ""19101"", ""county"": ""King"", ""delivery_notes"": ""Ring bell"", ""country"": ""USA""}",Single,Pilot,Rodriguez Corp,Highmark,POL-188719,GRP-6016,88,2024-08-09,2026-03-15,154,54,22.8,Never Assessed,Occasional,None,,"Meloxicam, Tramadol","Carpal tunnel release, Meniscectomy","Cancer, None",English,Black or African American,Inactive,19,RegistrationDB
4541,Lincoln,Simmons,1993-01-29,Male,A+,lincoln.simmons@email.example.com,(893) 516-1003,Jeffrey Anderson,(709) 977-8515,"{""line1"": ""2638 Tenth Ave"", ""apt"": """", ""city"": ""Oklahoma City"", ""state"": ""OK"", ""zip"": ""73101""}",Single,Retail Associate,AAAAAAAAAAAAAAAAAAAAAAAAAAAAAAAAAAAAAAAAAAAAAAAAAAAAAAAAAAAAAAAAAAAAAAAAAAAAAAAAAAAAAAAAAAAAAAAAAAAAAAAAAAAAAAAAAAAAAAAAAAAAAAAAAAAAAAAAAAAAAAAAAAAAAAAAAAAAAAAAAAAAAAAAAAAAAAAAAAAAAAAAAAAAAAAAAAAAAAAA,Aetna,POL-722446,GRP-1910,134,2024-02-27,2025-06-26,177,86,27.5,Non-Smoker,Occasional,"Pollen, Latex",Asthma,,"Spinal fusion, Laminectomy",None,English,Hispanic or Latino,Active,14,RegistrationDB
4545,Benjamin,Young,2001-11-18,Male,A+,benjamin.young@email.example.com,2125550199,Vincent Hall,,"{""line1"": ""9945 Ninth St"", ""apt"": """", ""city"": ""Denver"", ""state"": ""CO"", ""zip"": ""80201""}",Single,Librarian,Torres Corp,Oscar Health,POL-684859,GRP-9451,433,2025-13-01,2027-12-25,177,84,26.8,Never Assessed,None,"Codeine, Penicillin, Latex",,None,None,"Cancer, Stroke, Arthritis",Tagalog,White,Active,7,RegistrationDB
4550,Julian,Allen,2025-01-01,Male,A+,julian.allen@email.example.com,(989) 527-2281,999-999-9999,(296) 517-1854,"{""line1"": ""5777 Hamilton Ct"", ""apt"": """", ""city"": ""Omaha"", ""state"": ""NE"", ""zip"": ""68101"", ""longitude"": -79.1983}",Single,Dentist,Jenkins Corp,Tufts Health Plan,POL-916178,GRP-8306,113,2022-08-22,2024-03-31,177,69,22.0,Former Smoker,Occasional,"None, Peanuts","COPD, Ulcerative Colitis, Osteoarthritis",None,None,"None, Stroke, Arthritis",Mandarin,White,Active,13,RegistrationDB
4551,Susan,Porter,2000-03-31,Female,O+,susan.porter@email.example.com,(584) 434-2690,999-999-9999,(978) 265-8243,"{""line1"": ""3901 Highland Ave"", ""apt"": """", ""city"": ""Denver"", ""state"": ""CO"", ""zip"": ""80201"", ""longitude"": -101.4528, ""floor_number"": 16}",Married,Dental Hygienist,Murray Corp,,,,342,2018-01-29,2020-05-27,171,50,17.1,Non-Smoker,Moderate,"NSAIDs, Codeine, Latex",GERD,"Amlodipine, Acetaminophen, Spironolactone, Fluticasone",None,"Alzheimer's, Arthritis, Asthma",French,Asian,Active,4,RegistrationDB
4567,Silas,Baker,1994-10-17,Male,,silas.baker@email.example.com,(775) 878-1905,Olivia Perry,(429) 970-7877,"{""line1"": ""7027 Magnolia Way"", ""apt"": """", ""city"": ""Virginia Beach"", ""state"": ""VA"", ""zip"": ""23450""}",Married,Dental Hygienist,,Highmark,POL-306938,GRP-7469,460,2023-05-12,2026-01-16,169,87,30.5,Never Assessed,Occasional,"Latex, Pollen","Anxiety Disorder, Osteoporosis",Meloxicam,"Meniscectomy, Tonsillectomy",Arthritis,Spanish,White,Deceased ,15,RegistrationDB
4571,Naomi,Smith,1970-06-14,Female,B+,naomi.smith@email.example.com,(599) 775-2861,Robert Diaz,(908) 602-3111,"{""line1"": ""9858 Monroe Dr"", ""apt"": """", ""city"": ""Atlanta"", ""state"": ""GA"", ""zip"": ""30301"", ""county"": ""Dallas"", ""floor_number"": 5, ""timezone"": ""America/Chicago""}",Married,Police Officer,,UnitedHealthcare,POL-551852,GRP-8699,9,2022-05-24,2022-10-22,145,82,39.0,Current Smoker,,"Peanuts, Dust","Ulcerative Colitis, Congestive Heart Failure",Ozempic,"Mastectomy, Thyroidectomy, Cholecystectomy",None,Spanglish,White,Active,10,RegistrationDB
4575,Sarah,Taylor,2002-04-22,Female,O+,sarah.taylor@email.example.com,(305) 792-7029,Evelyn Thompson,(317) 559-9888,"{""line1"": ""2122 Walnut Ave"", ""apt"": "", Unit 22"", ""city"": ""Virginia Beach"", ""state"": ""VA"", ""zip"": ""23450"", ""landmark"": ""Close to University"", ""timezone"": ""America/Chicago"", ""neighborhood"": ""Downtown""}",Divorced,Chef,Rivera Corp,Health Net,POL-999645,GRP-3972,205,2025-02-27,2025-05-04,171,89,30.4,Non-Smoker,None,"Latex, Codeine, Penicillin",,unknown,Cholecystectomy,"Alzheimer's, Cancer",English,White,Active,9,RegistrationDB
,Riley,Ortiz,1983-07-27,F,B+,riley.ortiz1@email.example.com,(673) 897-3062,Layla Griffin,(571) 929-1469,"{""line1"": ""6067 Jefferson Ave"", ""apt"": """", ""city"": ""Virginia Beach"", ""state"": ""VA"", ""zip"": ""23450"", ""timezone"": ""America/Denver"", ""street_type"": ""Ln"", ""latitude"": 39.5021, ""neighborhood"": ""Southside"", ""county"": ""King""}",Divorced,Chef,Gomez Corp,UnitedHealthcare,POL-692880,GRP-2397,251,2024-10-24,2027-04-13,156,70,28.8,Non-Smoker,Heavy,"Codeine, NSAIDs, Shellfish",,"Hydrochlorothiazide, Celecoxib, Aspirin, Levothyroxine",Mastectomy,"Cancer, None, Alzheimer's",Spanish,White,Active,19,RegistrationDB
4595,Kelly,Mitchell,1968-01-08,Female,A+,kelly.mitchell@email.example.com,(627) 770-3360,Laura Perez,(567) 949-3571,"{""line1"": ""4931 View Blvd"", ""apt"": "", # 27"", ""city"": ""Philadelphia"", ""state"": ""PA"", ""zip"": ""19101"", ""street_type"": ""Ave"", ""latitude"": 36.2063, ""timezone"": ""America/Chicago""}",Married,UnemPloyed,West Corp,Kaiser Permanente,POL-922400,GRP-5614,417,2018-12-08,,167,81,29.0,Non-Smoker,None,"Peanuts, Codeine, NSAIDs",,None,None,"Heart Disease, Arthritis",Spanish,White,Active,14,RegistrationDB
4607,ellie,Myers,1998-02-09,Female,A+,ellie.myers1@email.example.com,(507) 259-9497,Kenneth Chavez,(751) 845-3006,"{""line1"": ""7090 Aspen Ct"", ""apt"": "", Apt 34"", ""city"": ""Jacksonville"", ""state"": ""FL"", ""zip"": ""32201"", ""latitude"": 32.8596, ""country"": ""USA"", ""county"": ""Dallas"", ""longitude"": -119.6583, ""timezone"": ""America/Los_Angeles""}",Married,Consultant,,,POL-851437,GRP-4242,154,2022-08-21,2023-03-23,175,88,28.7,Non-Smoker,None,"Peanuts, NSAIDs, Pollen","Sleep Apnea, Type 2 Diabetes, Psoriasis","Eliquis, Pantoprazole","Vasectomy, Cholecystectomy, Coronary artery bypass grafting",Stroke,English,Hispanic or Latino,Active,17,RegistrationDB
4618,William,Morales,1990-11-29,Male,O-,william.morales@email.example.com,(945) 454-3369,Pamela Porter,(914) 349-3908,"{""line1"": ""6278 Park Blvd"", ""apt"": """", ""city"": ""Colorado Springs"", ""state"": ""CO"", ""zip"": ""80901"", ""neighborhood"": ""Suburbs"", ""timezone"": ""America/Phoenix"", ""county"": ""Dallas""}",Married,Business Owner,Simpson Corp,Blue Cross Blue Shield,POL-876788,GRP-2236,159,2023-02-15,2024-07-25,182,88,26.6,Non-Smoker,Occasional,None,"Atrial Fibrillation, Sleep Apnea, Crohn's Disease",Jardiance,None,"Heart Disease, Hypertension, Stroke",English,White,Active,15,RegistrationDB
4625,Jackson,Cook,1994-08-01,Male,O+,jackson.cook1@email.example.com,(237) 557-1818,John Rogers,(881) 445-1597,"{""line1"": ""7436 Poplar St"", ""apt"": """", ""city"": ""Tampa"", ""state"": ""FL"", ""zip"": ""33601"", ""street_type"": ""Ct"", ""neighborhood"": ""Suburbs"", ""delivery_notes"": ""Ring bell"", ""county"": ""Queens""}",Married,Software Developer,,Health Net,POL-744908,GRP-6535,485,2018-11-20,,170,76,26.3,Former Smoker,Occasional,"Shellfish, Latex","Sleep Apnea, Atrial Fibrillation, COPD","Duloxetine, Ibuprofen, Apixaban, Jardiance",None,"None, Asthma",English,Asian,Active,23,RegistrationDB
4631,Donald,###,1958-07-01,Male,O+,donald.webb@email.example.com,(511) 586-3832,Lauren Alexander,(566) 666-2479,,Single,Retired,Phillips Corp,Atena,POL-165357,GRP-8115,410,2018-03-07,2020-12-25,181,73,22.3,Never Assessed,Moderate,Null,"Atrial Fibrillation, Anemia, Coronary Artery Disease, COPD",None,None,"Heart Disease, None",Mandarin,White,Active,5,RegistrationDB
4643,Ryan,Collins,1976-03-26,Male,O+,ryan.collins@email.example.com,(917) 664-3428,Ezra Wright,(277) 873-3174,"{""line1"": ""7656 River Rd"", ""apt"": """", ""city"": ""Minneapolis"", ""state"": ""MN"", ""zip"": ""55401"", ""floor_number"": 7, ""latitude"": 29.6537, ""delivery_notes"": ""Deliver to reception"", ""street_type"": ""Cir"", ""landmark"": ""Opposite Central Park""}",Married,Retail Associate,Nguyen Corp,Bright Health,POL-195099,GRP-2796,,2025-13-01,2023-02-24,182,75,22.6,Non-Smoker,Occasional,"Codeine, Dust","Sleep Apnea, Atrial Fibrillation",Meloxicam,C-section,"Diabetes, Cancer",Korean,White,Inactive,,RegistrationDB
4647,Peter,Ward,1997-11-30,Male,A+,peter.ward@email.example.com,(411) 556-6977,Jackson James,(897) 444-7241,"{""line1"": ""323 Seventh St"", ""apt"": "", Apt 25"", ""city"": ""Oklahoma City"", ""state"": ""OK"", ""zip"": ""73101"", ""timezone"": ""America/Phoenix"", ""longitude"": -107.2105}",Married,Driver,,Highmark,POL-993144,GRP-4790,199,2022-11-20,2023-08-19,178,119,37.6,Current Smoker,Occasional,Codeine,Ulcerative Colitis,"Aspirin, Eliquis",Total hip replacement,"None, Asthma, Arthritis",Mandarin,Asian,Deceased ,12,RegistrationDB
4648,Stephanie,Adams,1980-06-21,Female,A+,stephanie.adams@email.example.com,(596) 612-9979,Stephanie Gonzalez,(509) 356-1766,"{""line1"": ""1343 Highland Ave"", ""apt"": """", ""city"": ""Sacramento"", ""state"": ""CA"", ""zip"": ""94201"", ""latitude"": 46.52, ""timezone"": ""America/Los_Angeles"", ""county"": ""Harris""}",Divorced,Business Owner,,Independence Blue Cross,POL-408725,GRP-2785,335,2025-01-18,,162,45,17.1,Former Smoker,Occasional,"Penicillin, Shellfish, Pollen","Fibromyalgia, Hypothyroidism, Irritable Bowel Syndrome",None,None,None,Tagalog,White,Active,10,RegistrationDB
4671,Scott,Diaz,1999-01-15,Male,B-,scott.diaz@email.example.com,(721) 961-7888,999-999-9999,(710) 497-7914,"{""line1"": ""6864 Oak Ave"", ""apt"": """", ""city"": ""Phoenix"", ""state"": ""AZ"", ""zip"": ""85001"", ""country"": ""USA""}",Single,Military,Howard Corp,Centene,POL-602116,GRP-5142,410,2021-01-01,2024-08-24,183,80,23.9,Never Assessed,None,"Peanuts, NSAIDs, Dust",,None,None,"Asthma, Heart Disease, Stroke",English,White,Active,5,RegistrationDB
4673,Henry,Morgan,1976-06-03,Male,O+,henry.morgan@email.example.com,(563) 275-5868,Kathleen Ford,(634) 205-4352,"{""line1"": ""9271 Spring St"", ""apt"": """", ""city"": ""Las Vegas"", ""state"": ""NV"", ""zip"": ""89101"", ""country"": ""USA"", ""longitude"": -99.6945, ""delivery_notes"": ""Leave at door"", ""county"": ""Cook"", ""neighborhood"": ""Suburbs""}",Married,Manager,,Anthem,POL-401231,GRP-5265,482,2025-13-01,2023-02-15,164,70,150,Former Smoker,Occasional,"Pollen, None, Shellfish","Hyperlipidemia, Irritable Bowel Syndrome, Rheumatoid Arthritis","Metoprolol, Prednisone, Ozempic",,"Arthritis, Diabetes",English,Two or More Races,Inactive,19,RegistrationDB
4674,Aiden,Hayes,2025-06-15,Male,O+,aiden.hayes1@email.example.com,(485) 920-6023,Thomas Cruz,(799) 942-4514,"{""line1"": ""5336 Fourth Ave"", ""apt"": "", Unit 17"", ""city"": ""Sacramento"", ""state"": ""CA"", ""zip"": ""94201"", ""timezone"": ""America/Los_Angeles""}",Married,Data Analyst,,Kaiser Permanente,POL-779642,GRP-8230,15,2025-13-01,2024-01-27,176,61,19.7,Never Assessed,Former,"None, Dust, Penicillin","Migraine, Depression, Osteoporosis",None,Sleeve gastrectomy,"Arthritis, Cancer, Asthma",English,White,Active,18,RegistrationDB
4680,Kenneth,,1979-10-15,Male,O+,kenneth.simmons@email.example.com,(786) 234-1565,Maxwell Cooper,(244) 784-1634,"{""line1"": ""1665 Tenth Ave"", ""apt"": """", ""city"": ""Fresno"", ""state"": ""CA"", ""zip"": ""93701"", ""latitude"": 28.1494, ""timezone"": ""America/Denver""}",Married,Data Analyst,King Corp,Geisinger,POL-507919,GRP-6443,168,2021-10-24,,167,50,17.9,Non-Smoker,Occasional,"Codeine, NSAIDs, Pollen",,"Levothyroxine, Omeprazole, Tramadol",Coronary artery bypass grafting,"None, Alzheimer's",,White,Active,21,RegistrationDB
4683,Riley,Jackson,1990-06-07,Female,O+,riley.jackson@email.example.com,(805) 939-5419,Luke Russell,(838) 536-5378,"{""line1"": ""7403 River Rd"", ""apt"": "", Suite 17"", ""city"": ""New Orleans"", ""state"": ""LA"", ""zip"": ""70112"", ""timezone"": ""America/Phoenix""}",Separated,Bank Teller,Brown Corp,Anthem,POL-153744,GRP-8583,174,2020-07-15,2022-04-27,159,92,36.4,Non-Smoker,None,"Peanuts, Penicillin",,"Amlodipine, Celecoxib",None,None,Spanish,White,Active,9,RegistrationDB
4691,Heather,Ortiz,2004-07-13,Female,O+,heather.ortiz1@email.example.com,(447) 260-3240,Virginia Ortiz,(258) 357-7590,"{""line1"": ""6653 River Rd"", ""apt"": """", ""city"": ""Washington"", ""state"": ""DC"", ""zip"": ""20001"", ""neighborhood"": ""East Side""}",Married,Logistics Coordinator,Jordan Corp,UnitedHealthcare,POL-695845,GRP-8043,71,2022-04-14,2024-08-07,166,76,27.6,Non-Smoker,None,"Peanuts, Pollen",,None,"Laminectomy, Appendectomy, Total knee replacement","Heart Disease, Cancer",English,Black or African American,Inactive,21,RegistrationDB
4693,Jason,Alvarez,1964-05-26,Male,B+,jason.alvarez@email.example.com,(870) 895-9603,Stephanie Gray,(296) 439-7294,"{""line1"": ""8266 Poplar St"", ""apt"": """", ""city"": ""Tulsa"", ""state"": ""OK"", ""zip"": ""74101"", ""country"": ""USA"", ""neighborhood"": ""East Side""}",Single,Accountant,,Kaiser Permanente,POL-308578,GRP-5285,46,2025-13-01,2026-04-14,167,82,29.4,Non-Smoker,Moderate,NSAIDs,,None,"Hemorrhoidectomy, Total knee replacement, Tonsillectomy","Stroke, Alzheimer's",Tagalog,White,Active,20,RegistrationDB
4706,Evelyn,Jenkins,1990-06-08,Female,O+,evelyn.jenkins1@email.example.com,(421) 345-8677,Camila Butler,(993) 475-5216,"{""line1"": ""7541 Pleasant St"", ""apt"": """", ""city"": ""Charlotte"", ""state"": ""NC"", ""zip"": ""28201"", ""timezone"": ""America/New_York""}",Married,Chef,Griffin Corp,UnitedHealthcare,POL-664749,GRP-7714,425,2018-03-23,2020-07-11,167,96,34.4,Non-Smoker,Heavy,Latex,"Anxiety Disorder, Chronic Fatigue","Meloxicam, Gabapentin, Eliquis",None,"Cancer, None",English,Black or African American,Active,25,RegistrationDB
4707,Sharon,Ramirez,2005-08-09,Female,O+,sharon.ramirez@email.example.com,(315) 806-8510,Victoria Mitchell,(221) 858-4565,"{""line1"": ""2252 Birch St"", ""apt"": """", ""city"": ""Philadelphia"", ""state"": ""PA"", ""zip"": ""19101"", ""timezone"": ""America/New_York"", ""latitude"": 35.2994, ""county"": ""Cook""}",Married,Student,Wright Corp,UnitedHealthcare,POL-106691,GRP-9241,360,2020-05-30,2022-07-31,155,82,34.1,Non-Smoker,Heavy,"Latex, NSAIDs, Codeine","Depression, Sleep Apnea","Tramadol, Cyclobenzaprine, Metoprolol, Prednisone",Hysterectomy,"Hypertension, Cancer, Alzheimer's",English,White,Active,10,RegistrationDB
4713,Ryan,HUNTER,1985-11-09,Male,O+,ryan.hunter@email.example.com,(647) 769-9427,Susan Ortiz,(458) 521-4388,"{""line1"": ""4022 Tenth Ave"", ""apt"": """", ""city"": ""Miami"", ""state"": ""FL"", ""zip"": ""33101"", ""county"": ""Orange"", ""floor_number"": 28}",Married,Artist,,MetLife,POL-248295,GRP-5250,350,2025-01-18,2027-11-23,184,83,24.5,Current Smoker,Occasional,"Codeine, Peanuts, Penicillin",Congestive Heart Failure,!@#$%^&*(),Carpal tunnel release,Stroke,Cantonese,Hispanic or Latino,Active,2,RegistrationDB
4723,Russell,Chavez,1978-05-10,Male,A+,russell.chavez@email.example.com,(537) 670-4693,Jerry Torres,(616) 817-2270,"{""line1"": ""114 Monroe Dr"", ""apt"": """", ""city"": ""Miami"", ""state"": ""FL"", ""zip"": ""33101""}",Married,Physical Therapist,Sullivan Corp,Cigna HealthCare,POL-561173,GRP-4726,276,2025-08-20,2025-08-20,171,67,22.9,Non-Smoker,Occasional,None,"Anemia, Atrial Fibrillation, Coronary Artery Disease, Hypothyroidism","Celecoxib, Jardiance, Pantoprazole, Meloxicam",C-section,Hypertension,Mandarin,White,Deceased,19,RegistrationDB
4724,Skylar,Rivera,1987-09-18,Female,AB,skylar.rivera@email.example.com,(578) 870-2318,Isaac Wallace,(507) 299-5854,"{""line1"": ""6906 Sycamore Ave"", ""apt"": """", ""city"": ""Louisville"", ""state"": ""KY"", ""zip"": ""40201"", ""county"": ""Dallas""}",Single,Social Worker,,Atena,POL-141779,GRP-2927,131,2022-04-11,2025-09-24,-10,65,22.2,Non-Smoker,Former,Dust,"Osteoarthritis, Hyperlipidemia","Ozempic, Atorvastatin",None,"Asthma, Heart Disease",French,White,Active,2,RegistrationDB
4730,Luke,Nguyen,1973-01-13,Male,O+,luke.nguyen@email.example.com,(649) 879-5721,Kevin Ortiz,(368) 910-6890,"{""line1"": ""1416 Main St"", ""apt"": """", ""city"": ""Tulsa"", ""state"": ""OK"", ""zip"": ""74101""}",Married,Graphic Designer,Ross Corp,,,,,2019-03-10,,174,46,15.2,Never Assessed,None,"Sulfa, Latex, NSAIDs","Asthma, Anemia, Hypothyroidism, COPD",None,None,"Heart Disease, Arthritis",Cantonese,White,Inactive,,RegistrationDB
4733,Mateo,Kelly,2025-06-15,Male,A+,mateo.kelly@email.example.com,(877) 438-7968,Jeremy Cox,(372) 865-6887,"{""line1"": ""3555 Highland Ave"", ""apt"": """", ""city"": ""Fresno"", ""state"": ""CA"", ""zip"": ""93701"", ""timezone"": ""America/Chicago""}",Widowed,Pharmacist,Hicks Corp,Independence Blue Cross,POL-207652,GRP-6811,424,2023-09-12,2025-10-02,163,55,20.7,Current Smoker,None,"Peanuts, NSAIDs, Shellfish",,"Sertraline, Ozempic, Cetirizine, Eliquis","Coronary artery bypass grafting, Carpal tunnel release","Asthma, None, Cancer",English,White,Active,7,RegistrationDB
4737,Albert,Morgan,1979-03-02,Male,A+,albert.morgan1@email.example.com,(226) 501-4931,Ruth Cruz,(336) 449-1068,"{""line1"": ""9653 First St"", ""apt"": "", # 49"", ""city"": ""San Jose"", ""state"": ""CA"", ""zip"": ""95101"", ""county"": ""Harris"", ""street_type"": ""Ct"", ""country"": ""USA"", ""latitude"": 26.414}",Single,Dentist,Richardson Corp,Blue Cross Blue Shield,POL-144959,GRP-4209,252,2025-11-01,2027-07-26,175,heavy,29.1,Non-Smoker,None,"Codeine, Pollen, Sulfa",Atrial Fibrillation,"Spironolactone, Cetirizine, Tramadol, Jardiance",Total hip replacement,"Diabetes, Arthritis",Cantonese,Asian,Inactive,4,RegistrationDB
4742,Brandon,Morales,1992-02-16,Male,A+,brandon.morales1@email.example.com,(589) 963-3290,Elizabeth Garcia,(618) 928-5740,"{""line1"": ""5609 Market St"", ""apt"": "", # 43"", ""city"": ""New York"", ""state"": ""NY"", ""zip"": ""10001"", ""landmark"": ""Next to Mall""}",Single,Mechanic,Thomas Corp,Highmark,POL-796770,GRP-7313,382,2024-07-05,2025-11-17,167,40,14.3,Non-Smoker,None,Codeine,"Irritable Bowel Syndrome, Rheumatoid Arthritis",Bupropion,None,"Diabetes, Alzheimer's, Hypertension",Korean,Black or African American,Active,12,RegistrationDB
4750,Daniel,Reyes,2002-12-24,Male,A+,daniel.reyes@email.example.com,(507) 585-1721,Sharon Peterson,(785) 248-3965,"{""line1"": ""5984 Seventh St"", ""apt"": """", ""city"": ""Dallas"", ""state"": ""TX"", ""zip"": ""75201"", ""country"": ""USA"", ""neighborhood"": ""Historic District""}",Single,Nurse,,Centene,POL-697076,G1234,233,2018-03-05,2021-02-20,179,74,23.1,Non-Smoker,None,"Pollen, Peanuts, Sulfa",Psoriasis,"Lisinopril, Insulin glargine, Fluticasone","Total hip replacement, Angioplasty with stent, C-section","Diabetes, Asthma, Arthritis",English,White,Active,20,RegistrationDB
4766,Penelope,Owens,1988-05-18,Female,A+,penelope.owens@email.example.com,(714) 817-6780,Catherine Woods,(727) 653-9169,"{""line1"": ""7454 Main St"", ""apt"": """", ""city"": ""Portland"", ""state"": ""OR"", ""zip"": ""97201"", ""county"": ""Sacramento"", ""floor_number"": 45}",Married,Construction Worker,,Cigna,POL-734083,GRP-9207,283,2024-02-23,2026-10-09,161,101,39.0,Non-Smoker,Occasional,"Codeine, Shellfish, Sulfa",,Pantoprazole,"Hysterectomy, Mastectomy, Angioplasty with stent",None,Spanish,White,Deceased,4,RegistrationDB
4779,Genesis,,1951-11-05,Female,O-,genesis.thompson1@email.example.com,(306) 585-1227,Katherine Gonzalez,(909) 856-6717,"{""line1"": ""Unknown"", ""city"": ""Unknown"", ""state"": ""NA"", ""zip"": ""00000"", ""longitude"": -84.7187, ""timezone"": ""America/New_York""}",Married,UnemPloyed,Hayes Corp,Oscar Health,POL-114080,GRP-2083,389,2018-08-25,2018-10-14,157,103,41.8,Non-Smoker,Heavy,"NSAIDs, None, Peanuts",Type 2 Diabetes,"Loratadine, Bupropion",None,Asthma,English,Hispanic or Latino,Active,12,RegistrationDB
4781,Lauren,Webb,2001-08-29,Female,O+,lauren.webb@email.example.com,(593) 509-8979,Julie Watson,(980) 420-8167,"{""line1"": ""624 Willow Dr"", ""apt"": "", Suite 33"", ""city"": ""Virginia Beach"", ""state"": ""VA"", ""zip"": ""23450"", ""neighborhood"": ""Uptown"", ""street_type"": ""Ct"", ""longitude"": -94.5377, ""floor_number"": 23}",Divorced,Architect,Harris Corp,Humana,POL-600653,GRP-8076,220,2025-04-04,2028-10-28,162,80,,Non-Smoker,Moderate,Latex,,"Insulin glargine, Duloxetine","Gastric bypass, Hernia repair, Angioplasty with stent",None,English,Hispanic or Latino,Active,16,RegistrationDB
4782,Paisley,Mendoza,,Female,O+,paisley.mendoza1@email.example.com,(700) 525-5668,Daniel Wells,(854) 301-6875,"{""line1"": ""2776 College Ave"", ""apt"": """", ""city"": ""Portland"", ""state"": ""OR"", ""zip"": ""97201"", ""latitude"": 31.9148}",Divorced,Unemployed,Gomez Corp,Highmark,POL-301480,GRP-8181,460,2019-09-06,2023-05-13,162,65,24.8,Non-Smoker,Heavy,Latex,Type 2 Diabetes,"Jardiance, Meloxicam",Colectomy,"None, Asthma",Spanish,White,Active,15,RegistrationDB
4788,Lincoln,Morales,2005-12-24,Male,A+,lincoln.morales@email.example.com,(206) 954-2785,Bruce Baker,(696) 843-9686,"{""line1"": ""4715 Cypress Dr"", ""apt"": "", Apt 22"", ""city"": ""Colorado Springs"", ""state"": ""CO"", ""zip"": ""80901"", ""street_type"": ""Ave""}",Separated,Electrician,Brown Corp,Humana,POL-905158,GRP-2881,206,2021-08-27,2023-12-18,174,62,20.5,Former Smoker,Moderate,"Shellfish, Dust, Peanuts","Osteoporosis, Hypothyroidism",Duloxetine,Meniscectomy,Cancer,English,Black or African American,Active,21,RegistrationDB
4789,Roman,Wilson,1973-12-08,,O+,roman.wilson@email.example.com,(960) 391-5173,999-999-9999,(960) 310-4616,"{""line1"": ""5042 Walnut Ave"", ""apt"": """", ""city"": ""Jacksonville"", ""state"": ""FL"", ""zip"": ""32201"", ""longitude"": -83.2404}",Married,Musician,,Highmark,POL-845437,GRP-3663,468,2020-05-16,2022-07-31,165,77,28.3,Non-Smoker,None,"Latex, NSAIDs, None",,None,None,"Cancer, Stroke",English,Hispanic or Latino,Active,1,RegistrationDB
4795,Jessica,Alexander,1953-04-29,Female,O+,jessica.alexander@email.example.com,(460) 983-5951,David Anderson,(789) 432-5604,"{""line1"": ""3828 Cypress Dr"", ""apt"": """", ""city"": ""Los Angeles"", ""state"": ""CA"", ""zip"": ""90001"", ""timezone"": ""America/Chicago""}",Married,Engineer,Mendoza Corp,Oscar Health,POL-485009,GRP-2959,63,2024-11-17,2027-12-26,179,84,26.2,Never Assessed,None,"Codeine, Sulfa, Pollen",Osteoarthritis,"Amlodipine, Duloxetine, Lisinopril, Aspirin",Gastric bypass,None,English,White,Active,8,RegistrationDB
4799,,Reynolds,1964-09-15,Female,A+,penelope.reynolds1@email.example.com,(894) 256-8702,Kevin Anderson,(298) 329-9120,"{""line1"": ""3480 Washington Ave"", ""apt"": """", ""city"": ""Albuquerque"", ""state"": ""NM"", ""zip"": ""87101""}",Married,Plumber,Collins Corp,MetLife,POL-336605,GRP-5484,218,2021-01-12,2021-09-29,161,99,38.2,Non-Smoker,Occasional,"None, Peanuts, Codeine",,None,Sleeve gastrectomy,None,English,White,Active,24,RegistrationDB
4803,Julie,Collins,1978-06-20,Female,O+,julie.collins@email.example.com,(353) 366-1913,Diane Thompson,(747) 690-6456,"{""line1"": ""1149 Church St"", ""apt"": """", ""city"": ""Colorado Springs"", ""state"": ""CO"", ""zip"": ""80901""}",Single,Physical Therapist,Ford Corp,Tufts Health Plan,POL-574642,GRP-1885,374,2019-03-18,2019-05-21,154,89,37.5,Former Smoker,None,"Pollen, Latex",,"Celecoxib, Levothyroxine, Metoprolol",Appendectomy,,Russian,White,Active,18,RegistrationDB
,Stephanie,Crawford,1990-12-16,Female,O+,stephanie.crawford2@email.example.com,(571) 310-1962,Dorothy Gomez,(353) 326-8562,"{""line1"": ""9975 Madison St"", ""apt"": """", ""city"": ""San Antonio"", ""state"": ""TX"", ""zip"": ""78201""}",Married,Retired,N/A,Molina Healthcare,POL-850917,GRP-9255,499,2023-01-06,2026-10-14,172,92,31.1,Current Smoker,Heavy,"Penicillin, Pollen, Latex","Osteoarthritis, Asthma, Atrial Fibrillation",Cetirizine,None,"Asthma, Arthritis",ENGLISH,Human,Active,15,RegistrationDB
4812,Sandra,Brooks,1953-02-11,Female,O+,sandra.brooks@email.example.com,(826) 699-8383,Angela King,(394) 758-9646,"{""line1"": ""9453 First St"", ""apt"": """", ""city"": ""Long Beach"", ""state"": ""CA"", ""zip"": ""90801"", ""latitude"": 31.6494, ""street_type"": ""Cir"", ""county"": ""San Diego""}",Separated,Firefighter,,Tufts Health Plan,POL-924653,GRP-1671,471,2018-10-28,2021-09-28,165,56,20.6,Current Smoker,Former,"Codeine, NSAIDs, Latex","COPD, GERD","Bupropion, Levothyroxine, Hydrochlorothiazide, Sertraline","Appendectomy 2018, Cholecystectomy 2020","None, Arthritis, Cancer",Korean,White,Inactive,7,RegistrationDB
4816,Patricia,Sanders,1981-11-08,Female,B+,patricia.sanders@email.example.com,(883) 843-4789,,(260) 565-8228,"{""line1"": ""590 Jefferson Ave"", ""apt"": "", Apt 48"", ""city"": ""Charlotte"", ""state"": ""NC"", ""zip"": ""28201"", ""landmark"": ""Opposite Central Park"", ""longitude"": -110.0869, ""neighborhood"": ""Historic District""}",Separated,Pharmacist,Cox Corp,,,,231,2019-08-16,2019-09-04,170,79,27.3,Current Smoker,None,NSAIDs,"GERD, Congestive Heart Failure",Pantoprazole,None,"Arthritis, Asthma, Alzheimer's",Cantonese,Black or African American,Deceased ,3,RegistrationDB
4824,Christopher,Murphy,1975-03-27,Male,A+,christopher.murphy@email.example.com,(346) 375-2470,Nancy Ward,(984) 466-7981,"{""line1"": ""9021 Beechwood Ave"", ""apt"": "", # 5"", ""city"": ""El Paso"", ""state"": ""TX"", ""zip"": ""79901"", ""country"": ""USA"", ""neighborhood"": ""East Side"", ""latitude"": 25.4173}",Separated,Pilot,Russell Corp,Molina Healthcare,POL-209256,G1234,399,2019-02-22,2022-08-03,169,102,35.7,Non-Smoker,Occasional,"None, Pollen, NSAIDs",,"Gabapentin, Tramadol, Loratadine","Appendectomy, Rotator cuff repair","Heart Disease, Alzheimer's, Hypertension",English,White,Active,1,RegistrationDB
,Edward,Smith,1991-05-01,Male,O+,edward.smith1@email.example.com,(931) 877-5478,Grace Scott,(204) 979-2254,"{""line1"": ""2564 First St"", ""apt"": """", ""city"": ""New Orleans"", ""state"": ""LA"", ""zip"": ""70112""}",Single,Manager,,Tufts Health Plan,POL-876076,GRP-1207,445,2018-08-14,2019-11-18,182,87,26.3,Non-Smoker,2 beers/week,"Pollen, Peanuts, Penicillin","Migraine, Sleep Apnea, COPD, Depression","Meloxicam, Losartan, Amlodipine",Mastectomy,"Cancer, Arthritis",English,Human,Active,16,RegistrationDB
4832,Brian,Clark,1973-02-08,Male,O+,brian.clark@email.example.com,(976) 752-5354,Donald Hicks,(925) 209-7986,"{""line1"": ""8863 Madison St"", ""apt"": """", ""city"": ""Miami"", ""state"": ""FL"", ""zip"": ""33101""}",Married,Retail Associate,Cox Corp,Aetna,POL-917530,GRP-9433,274,2020-05-26,2020-08-14,178,95,30.0,Former Smoker,Occasional,"Sulfa, None",GERD,None,"C-section, Angioplasty with stent, Vasectomy",Diabetes,English,,Inactive,11,RegistrationDB
4840,Wesley,Gomez,1960-03-01,Male,O+,wesley.gomez1@email.example.com,(240) 714-7591,Benjamin Murray,(557) 808-2970,"{""line1"": ""3697 Birch St"", ""apt"": """", ""city"": ""Cleveland"", ""state"": ""OH"", ""zip"": ""44101"", ""county"": ""Queens"", ""latitude"": 42.4278, ""delivery_notes"": ""Ring bell"", ""country"": ""USA""}",Married,Dentist,,MetLife,POL-354730,GRP-6353,98,2023-04-11,2024-08-20,170,73,25.3,Current Smoker,Occasional,None,,"Jardiance, Prednisone, Omeprazole",None,None,Tagalog,White,Active,19,RegistrationDB
4844,Lucas,King,1993-11-17,Male,O-,lucas.king@email.example.com,(839) 584-9487,Vincent Hall,(918) 703-8748,"{""line1"": ""4355 Ninth St"", ""apt"": """", ""city"": ""Seattle"", ""state"": ""WA"", ""zip"": ""98101"", ""floor_number"": 19, ""neighborhood"": ""Waterfront"", ""street_type"": ""Ave""}",Single,Teacher,Stewart Corp,Independence Blue Cross,POL-828280,GRP-7891,335,2025-09-13,2029-05-24,173,91,30.4,Non-Smoker,Occasional,Codeine,"Irritable Bowel Syndrome, Coronary Artery Disease, COPD, Anxiety Disorder","Pantoprazole, Ozempic",Appendectomy,"None, Alzheimer's",English,White,Active,10,RegistrationDB
4845,,Rivera,1976-09-22,Female,O+,kimberly.rivera@email.example.com,(386) 457-7778,Sarah Wells,(724) 638-9499,"{""line1"": ""4573 Magnolia Way"", ""apt"": "", # 41"", ""city"": ""New Orleans"", ""state"": ""LA"", ""zip"": ""70112"", ""county"": ""King"", ""timezone"": ""America/Phoenix"", ""neighborhood"": ""Waterfront""}",Separated,Dental Hygienist,Powell Corp,Health Net,POL-753845,GRP-1166,143,2021-02-06,,161,81,31.2,Never Assessed,Occasional,"Penicillin, Latex, Codeine",,None,Coronary artery bypass grafting,"Hypertension, Alzheimer's",Spanish,Hispanic or Latino,Active,5,RegistrationDB
4856,Melissa,,1961-09-07,Female,O-,melissa.patterson@email.example.com,(289) 407-2359,Katherine Jordan,(788) 957-3507,"{""line1"": ""6947 Tenth Ave"", ""apt"": "", Apt 20"", ""city"": ""El Paso"", ""state"": ""TX"", ""zip"": ""79901"", ""longitude"": -111.165, ""country"": ""USA""}",Single,Project Manager,Hunter Corp,Cigna,POL-120075,GRP-7573,253,2022-11-15,2024-12-12,166,115,41.7,Never Assessed,Occasional,"Codeine, NSAIDs, Shellfish",,Insulin glargine,None,None,Spanish,White,Active,1,RegistrationDB
4858,Jennifer,Patel,2025-01-01,Female,O+,jennifer.patel@email.example.com,(397) 216-4715,Andrea Davis,(571) 717-1593,"{""line1"": ""8706 Third St"", ""apt"": """", ""city"": ""Chicago"", ""state"": ""IL"", ""zip"": ""60601"", ""county"": ""Dallas"", ""street_type"": ""Rd""}",Separated,Data Analyst,Brooks Corp,Humana,POL-952704,GRP-3305,44,2025-07-08,2027-06-12,171,46,15.7,Former Smoker,Occasional,Penicillin,Rheumatoid Arthritis,"Levothyroxine, Aspirin","Angioplasty with stent, Cholecystectomy",None,Spanish,Hispanic or Latino,Active,1,RegistrationDB
4863,Steven,Ramos,1989-01-12,Male,AB-,steven.ramos@email.example.com,(656) 809-7870,Kathleen Peterson,(796) 627-2635,"{""line1"": ""250 Hamilton Ct"", ""apt"": """", ""city"": ""Fresno"", ""state"": ""CA"", ""zip"": ""93701"", ""neighborhood"": ""Downtown"", ""street_type"": ""Way"", ""landmark"": ""Behind Metro Station""}",married,Pilot,,UnitedHealthcare,POL-700185,GRP-5078,243,2025-09-06,2028-09-30,tall,64,17.0,Never Assessed,Occasional,None,Congestive Heart Failure,Ozempic,None,"DM, HTN, CAD",Mandarin,White,Active,25,RegistrationDB
4866,Sharon,Stevens,1993-11-28,Female,O-,sharon.stevens@email.example.com,(509) 612-2659,Adam Cooper,(303) 707-2543,"{""line1"": ""6446 Franklin Blvd"", ""apt"": "", Apt 14"", ""city"": ""Denver"", ""state"": ""CO"", ""zip"": ""80201""}",Married,Graphic Designer,Brown Corp,Harvard Pilgrim,POL-553630,GRP-6018,86,2018-07-10,2020-07-09,164,76,28.3,Non-Smoker,None,"Codeine, Dust, Shellfish",Eczema,None,"Total hip replacement, Tonsillectomy",None,English,Other,Deceased,12,RegistrationDB
4867,Nicholas,Gutierrez,2002-01-11,Male,O+,nicholas.gutierrez@email.example.com,(434) 961-3669,Sharon Long,(259) 745-7408,"{""line1"": ""2938 Sixth Ave"", ""apt"": "", Apt 37"", ""city"": ""Dallas"", ""state"": ""TX"", ""zip"": ""75201"", ""delivery_notes"": ""Ring bell"", ""country"": ""USA"", ""street_type"": ""Cir""}",Married,Professor,Patterson Corp,Oscar Health,POL-859254,GRP-4935,211,2019-08-23,2022-06-06,171,69,23.6,Non-Smoker,Moderate,None,"Hypertension, Migraine",Losartan,"Appendectomy 2018, Cholecystectomy 2020","Stroke, Heart Disease",English,Hispanic or Latino,Active,21,RegistrationDB
4875,Ellie,Thomas,2001-07-03,Female,O+,ellie.thomas1@email.example.com,(356) 780-4286,N/A,(943) 573-1718,"{""line1"": ""4503 Hickory St"", ""apt"": """", ""city"": ""Long Beach"", ""state"": ""CA"", ""zip"": ""90801"", ""landmark"": ""Close to University"", ""timezone"": ""America/Phoenix""}",Single,Construction Worker,Freeman Corp,Bright Health,POL-190991,GRP-8751,138,2020-01-28,,161,93,35.9,Non-Smoker,Occasional,"Sulfa, Latex, Codeine","Crohn's Disease, Chronic Fatigue","Celecoxib, Ozempic, Metformin, Montelukast",None,"DM, HTN, CAD",English,White,Active,4,RegistrationDB
4878,Silas,BUTLER,1956-12-18,Male,A+,silas.butler@email.example.com,(650) 904-5270,Justin Hunter,(280) 849-8964,"{""line1"": ""942 Spring St"", ""apt"": "", Suite 38"", ""city"": ""Omaha"", ""state"": ""NE"", ""zip"": ""68101"", ""county"": ""San Diego"", ""country"": ""USA"", ""street_type"": ""Dr"", ""neighborhood"": ""West Side""}",Single,Mechanic,Baker Corp,Health Net,POL-297999,GRP-4213,457,2022-06-30,2023-06-26,178,111,35.0,Current Smoker,None,"Pollen, Dust, Latex","Psoriasis, Depression","Bupropion, Metformin, Jardiance",None,"Hypertension, Alzheimer's, Arthritis",Russian,White,Active,6,RegistrationDB
,Michael,Williams,1984-03-23,Male,B+,michael.williams@email.example.com,(783) 407-5512,Kathleen Morgan,,"{""line1"": ""5566 Willow Dr"", ""apt"": "", Unit 42"", ""city"": ""Portland"", ""state"": ""OR"", ""zip"": ""97201"", ""longitude"": -88.1913, ""timezone"": ""America/Denver"", ""street_type"": ""Ln"", ""latitude"": 34.035}",Divorced,Engineer,Myers Corp,,,,334,2025-03-30,2025-09-07,175,76,24.8,Never Assessed,Heavy,"Shellfish, NSAIDs, Peanuts","Hypothyroidism, Depression, Anxiety Disorder","Pantoprazole, Furosemide, Ibuprofen, Gabapentin",None,None,Tagalog,caucasian,Active,7,RegistrationDB
4890,Vincent,Myers,1986-04-17,Male,O-,vincent.myers1@email.example.com,(434) 803-6546,Joe Phillips,(725) 602-8145,"{""line1"": ""Unknown"", ""city"": ""Unknown"", ""state"": ""NA"", ""zip"": ""00000"", ""landmark"": ""Near City Hall""}",Single,Firefighter,,,,,133,2023-03-12,2025-09-30,193,63,16.9,Non-Smoker,None,Latex,,"Pantoprazole, Tramadol",Hernia repair,"Arthritis, Cancer",English,White,Active,1,RegistrationDB
4892,Ezra,,1981-12-02,Male,AB-,ezra.kelly@email.example.com,(302) 523-4859,Melissa Walker,(687) 504-6678,"{""line1"": ""677 Elm St"", ""apt"": "", Apt 22"", ""city"": ""Portland"", ""state"": ""OR"", ""zip"": ""97201"", ""street_type"": ""Ct"", ""country"": ""USA""}",Single,Artist,,CareFirst,POL-125367,GRP-4227,463,2022-07-14,2023-12-15,175,78,25.5,Non-Smoker,None,"Sulfa, NSAIDs, Codeine","GERD, Depression","Atorvastatin, Montelukast","C-section, Hernia repair",None,English,White,Active,12,RegistrationDB
4899,Ashley,Thompson,2003-12-08,Female,A-,ashley.thompson@email.example.com,(328) 378-1496,Riley Smith,(846) 918-6710,"{""line1"": ""7695 Broadway"", ""apt"": """", ""city"": ""Louisville"", ""state"": ""KY"", ""zip"": ""40201""}",Single,Police Officer,Graham Corp,Centene,POL-580011,GRP-7714,138,2023-12-07,2025-05-13,167,76,27.3,Non-Smoker,Heavy,None,"Migraine, Depression, Crohn's Disease","Ozempic, Clopidogrel, Omeprazole",None,"None, Alzheimer's, Diabetes",English,Human,Active,4,RegistrationDB
4905,Skylar,Russell,1977-03-06,Female,O+,skylar.russell@email.example.com,(297) 846-9950,Aiden Diaz,(974) 255-6428,"{""line1"": ""1933 Fifth St"", ""apt"": """", ""city"": ""San Antonio"", ""state"": ""TX"", ""zip"": ""78201"", ""street_type"": ""St"", ""timezone"": ""America/Phoenix""}",Married,Teacher,Foster Corp,Highmark,POL-459586,GRP-7768,495,2018-05-06,2021-08-19,164,116,43.1,Non-Smoker,Occasional,"Peanuts, Latex, Shellfish",Chronic Kidney Disease,"Omeprazole, Meloxicam, Pantoprazole",None,"Heart Disease, Alzheimer's",Cantonese,White,Active,21,RegistrationDB
4916,Sandra,Kelly,1963-07-20,Female,O+,sandra.kelly@email.example.com,(846) 830-4981,Susan Murray,(680) 254-6972,"{""line1"": ""5391 Monroe Dr"", ""apt"": """", ""city"": ""Austin"", ""state"": ""TX"", ""zip"": ""73301"", ""street_type"": ""Cir"", ""longitude"": -112.773, ""neighborhood"": ""Midtown""}",Married,Dentist,Alexander Corp,Tufts Health Plan,POL-561511,GRP-1772,312,2024-07-16,2027-02-03,158,57,22.8,Non-Smoker,Occasional,,,None,None,,Cantonese,,Active,22,RegistrationDB
4920,Linda,Harris,1983-10-24,F,A+,linda.harris@email.example.com,(980) 707-4379,Debra Castillo,(764) 945-6960,"{""line1"": ""2761 Seventh St"", ""apt"": """", ""city"": ""Phoenix"", ""state"": ""AZ"", ""zip"": ""85001"", ""county"": ""San Diego""}",Married,Psychologist,Wright Corp,Cigna HealthCare,POL-962449,GRP-3040,398,2018-12-08,2022-10-08,162,65,24.8,Smoker,Occasional,None,"Eczema, Chronic Kidney Disease","Sertraline, Furosemide, Metformin, Hydrochlorothiazide",None,Stroke,English,Asian,Inactive,23,RegistrationDB
4921,,Hughes,1974-03-09,Male,O+,theodore.hughes1@email.example.com,(268) 498-7434,Christina Wallace,(451) 925-5950,"{""line1"": ""2362 Ash Ct"", ""apt"": """", ""city"": ""Oklahoma City"", ""state"": ""OK"", ""zip"": ""73101""}",Single,Business Owner,,Kaiser Permanente,POL-750816,GRP-8566,407,2025-07-24,2025-09-09,176,46,14.9,Never Assessed,Heavy,"None, Peanuts, Pollen","Hyperlipidemia, Rheumatoid Arthritis, Migraine",Duloxetine,Rotator cuff repair,None,English,Black or African American,Deceased,2,RegistrationDB
4931,Anthony,Patterson,1950-09-22,Male,O+,anthony.patterson@email.example.com,(574) 217-8641,Mason Gomez,(586) 242-1168,"{""line1"": ""6393 Fifth St"", ""apt"": "", Apt 34"", ""city"": ""Jacksonville"", ""state"": ""FL"", ""zip"": ""32201"", ""county"": ""Harris"", ""longitude"": -120.1381, ""street_type"": ""Ct""}",Single,Construction Worker,Flores Corp,Anthem,POL-631917,GRP-1917,121,2018-10-12,2021-04-18,178,66,20.8,Non-Smoker,None,"Dust, Peanuts, Sulfa","Migraine, Hypothyroidism, COPD",None,None,None,Spanish,Hispanic or Latino,Active,25,RegistrationDB
4933,Riley,Williams,1988-09-21,Female,O+,riley.williams@email.example.com,(365) 628-4064,Catherine Davis,(366) 421-3022,"{""line1"": ""6566 First St"", ""apt"": """", ""city"": ""Indianapolis"", ""state"": ""IN"", ""zip"": ""46201"", ""floor_number"": 9}",Single,Logistics Coordinator,,Centene,POL-266340,GRP-9010,33,2020-08-11,2021-05-13,-10,77,27.9,Current Smoker,None,None,,Metoprolol,None,"Cancer, None, Diabetes",English,White,Active,1,RegistrationDB
4934,Eric,Russell,1974-09-24,Male,A+,eric.russell@email.example.com,(520) 379-3482,Elizabeth Cooper,(698) 884-4703,"{""line1"": ""1360 Sycamore Ave"", ""apt"": "", Apt 34"", ""city"": ""Nashville"", ""state"": ""TN"", ""zip"": ""37201"", ""timezone"": ""America/Denver"", ""street_type"": ""Dr"", ""longitude"": -102.8185, ""delivery_notes"": ""Ring bell""}",Married,Mechanic,,Health Net,POL-772214,GRP-1082,258,2018-03-22,,184,0,27.2,Non-Smoker,None,"None, Latex, Penicillin",Irritable Bowel Syndrome,None,Sleeve gastrectomy,"Asthma, None",English,White,Active,24,RegistrationDB
4935,Janet,Hughes,1983-09-04,Female,B+,janet.hughes@email.example.com,(540) 722-2059,Silas Harris,(538) 569-8295,"{""line1"": ""8855 Hill St"", ""apt"": """", ""city"": ""Boston"", ""state"": ""MA"", ""zip"": ""02101"", ""street_type"": ""Cir"", ""latitude"": 41.9959, ""floor_number"": 49, ""county"": ""Miami-Dade"", ""longitude"": -110.8451}",Single,Graphic Designer,Gutierrez Corp,Harvard Pilgrim,POL-555701,GRP-6053,,2023-04-13,2023-05-27,158,82,32.8,Non-Smoker,Moderate,None,,"Loratadine, Tramadol","Angioplasty with stent, Carpal tunnel release, Gastric bypass",None,English,White,Active,,RegistrationDB
4936,Patricia,Murphy,1989-10-13,Female,O+,patricia.murphy@email.example.com,(698) 726-2790,Christopher Simpson,(305) 849-3645,"{""line1"": ""123 Main St"", ""country"": ""USA""}",Married,Graphic Designer,,Harvard Pilgrim,POL-910514,GRP-5706,243,2020-01-16,2022-12-13,168,60,21.3,Non-Smoker,Occasional,None,"Anxiety Disorder, Osteoporosis, Chronic Kidney Disease, Coronary Artery Disease","Lisinopril, Levothyroxine, Loratadine",None,None,English,White,Active,25,RegistrationDB
4939,Aiden,Simpson,2004-04-19,Male,B+,aiden.simpson@email.example.com,(310) 731-4826,Janet Ward,(231) 683-8066,"{""line1"": ""3507 Willow Dr"", ""apt"": """", ""city"": ""Virginia Beach"", ""state"": ""VA"", ""zip"": ""23450""}",Single,Artist,,,,,345,2025-09-12,,175,82,26.8,Non-Smoker,Heavy,"Latex, Sulfa","GERD, Fibromyalgia, Chronic Kidney Disease",Acetaminophen,None,Heart Disease,Spanish,White,Active,21,RegistrationDB
4942,Barbara,Allen,2002-07-16,Female,B+,barbara.allen@email.example.com,(253) 776-4784,Grace Myers,(980) 216-3601,"{""line1"": ""2296 Ninth St"", ""apt"": """", ""city"": ""El Paso"", ""state"": ""TX"", ""zip"": ""79901""}",Married,Real Estate Agent,,,,,93,2025-08-14,2028-02-10,176,55,17.8,Non-Smoker,Moderate,Penicillin,,"Gabapentin, Ozempic, Duloxetine","Total hip replacement, Colectomy","Arthritis, Stroke",English,Black or African American,Active,6,RegistrationDB
4950,Jacqueline,Cruz,1974-05-24,Female,A+,jacqueline.cruz@email.example.com,(596) 861-7485,Amy Green,(988) 883-2681,"{""line1"": ""4566 Washington Ave"", ""apt"": "", # 46"", ""city"": ""Columbus"", ""state"": ""OH"", ""zip"": ""43201""}",,Bank Teller,Peterson Corp,Anthem,POL-547210,GRP-6926,20,2022-04-29,2023-02-01,160,75,-5,Non-Smoker,Occasional,"PENICILLIN, SULFA","Sleep Apnea, Rheumatoid Arthritis","Prednisone, Ozempic, Meloxicam",Gastric bypass,"Heart Disease, None",English,White,Active,23,RegistrationDB
4953,Abigail,Hernandez,1986-03-26,Female,AB+,abigail.hernandez@email.example.com,(422) 799-5882,Ruth Adams,(699) 980-3064,"{""line1"": ""2126 Walnut Ave"", ""apt"": "", Suite 41"", ""city"": ""Baltimore"", ""state"": ""MD"", ""zip"": ""21201"", ""neighborhood"": ""Waterfront"", ""longitude"": -101.9596}",Married,Librarian,Hicks Corp,Blue Cross Blue Shield,POL-750569,GRP-1485,151,2020-05-06,2021-05-03,156,58,23.8,Never Assessed,None,Pollen,"Depression, Fibromyalgia, Atrial Fibrillation",Metoprolol,None,"Asthma, Arthritis, Diabetes",English,White,Active,16,RegistrationDB
4955,Alexander,UNKNOWN,1960-10-16,Mle,AB+,alexander.mcdonald@email.example.com,(511) 783-3234,Scarlett Hayes,(898) 229-3318,"{""line1"": ""8122 Broadway"", ""apt"": "", Suite 2"", ""city"": ""Tampa"", ""state"": ""FL"", ""zip"": ""33601"", ""street_type"": ""St"", ""timezone"": ""America/Los_Angeles""}",Married,Pharmacist,,Cigna HealthCare,POL-316704,GRP-1598,427,2023-10-14,2026-11-15,176,40,12.9,Never Assessed,Former,"NSAIDs, Latex, Peanuts",N/A,"Meloxicam, Aspirin, Atorvastatin, Eliquis",None,"Alzheimer's, Diabetes, Cancer",English,White,Active,13,RegistrationDB
4967,Dorothy,Ortiz,1998-02-08,Female,A+,dorothy.ortiz@email.example.com,(515) 688-8864,Samantha Woods,(603) 621-4422,"{""line1"": ""2329 Fourth Ave"", ""apt"": """", ""city"": ""Washington"", ""state"": ""DC"", ""zip"": ""20001"", ""street_type"": ""Blvd"", ""neighborhood"": ""Northside""}",Married,Manager,Anderson Corp,Oscar Health,POL-953562,GRP-3267,379,2022-07-29,2024-06-24,165,58,21.3,Never Assessed,Heavy,Latex,Ulcerative Colitis,"Cetirizine, Celecoxib",None,None,English,White,Active,19,RegistrationDB
4970,Harold,Jordan,1979-10-25,Male,A+,harold.jordan@email.example.com,(460) 637-7139,Nicholas Diaz,(766) 472-6692,"{""line1"": ""2213 Oak Ave"", ""apt"": """", ""city"": ""Kansas City"", ""state"": ""MO"", ""zip"": ""64101"", ""floor_number"": 14}",Separated,Chef,,,,,367,2025-13-01,,159,0,17.4,Never Assessed,Former,"Sulfa, Shellfish, Latex",,!@#$%^&*(),None,None,,caucasian,Active,23,RegistrationDB
4971,Terry,Ramirez,1993-08-18,Male,A+,terry.ramirez1@email.example.com,(377) 555-4737,Janet Richardson,(571) 645-8685,"{""line1"": ""7419 Sixth Ave"", ""apt"": """", ""city"": ""Virginia Beach"", ""state"": ""VA"", ""zip"": ""23450"", ""street_type"": ""Rd"", ""country"": ""USA"", ""county"": ""King"", ""latitude"": 25.4067}",Separated,Construction Worker,Mendoza Corp,Health Net,POL-915362,GRP-9831,4,2018-06-19,2021-06-29,168,75,26.6,Never Assessed,Moderate,Shellfish,"Osteoporosis, Psoriasis","Sertraline, Eliquis, Aspirin","Mastectomy, Colectomy","Alzheimer's, Hypertension, Stroke",English,White,Active,1,RegistrationDB
4972,Pamela,UNKNOWN,2001-05-17,Female,O+,not-an-email,(395) 647-9769,Ruth Owens,(835) 272-4065,"{""line1"": ""8450 Market St"", ""apt"": "", Unit 1"", ""city"": ""Charlotte"", ""state"": ""NC"", ""zip"": ""28201"", ""floor_number"": 34}",Married,Insurance Agent,Sullivan Corp,,,,155,2024-10-07,2027-03-07,168,68,24.1,never assessed,Occasional,Shellfish,"Osteoarthritis, GERD","Cyclobenzaprine, Montelukast",None,"Hypertension, Stroke, Heart Disease",English,White,Active,12,RegistrationDB
4974,Kelly,Peterson,1999-08-02,Female,O+,kelly.peterson@email.example.com,(491) 672-2694,Wesley Cole,(644) 935-8559,"{""line1"": ""8408 Broadway"", ""apt"": "", Apt 25"", ""city"": ""Long Beach"", ""state"": ""CA"", ""zip"": ""90801"", ""street_type"": ""Ave"", ""neighborhood"": ""Northside""}",Married,Firefighter,Cook Corp,,,,139,2024-09-13,2025-03-14,166,heavy,30.1,Current Smoker,Occasional,"None, Latex, Pollen","Chronic Kidney Disease, Fibromyalgia, Irritable Bowel Syndrome, Psoriasis","Cetirizine, Warfarin, Atorvastatin",Thyroidectomy,"Heart Disease, Diabetes, Heart Disease",English,White,Active,13,RegistrationDB
4984,Gabriel,MARSHALL,1950-11-23,Male,O+,gabriel.marshall@email.example.com,(319) 905-1522,Ethan Davis,(383) 200-9858,"{""line1"": ""Unknown"", ""city"": ""Unknown"", ""state"": ""NA"", ""zip"": ""00000"", ""longitude"": -100.3331}",Married,Manager,Reed Corp,Bright Health,POL-620307,GRP-4254,309,2018-11-30,2018-11-30,191,64,17.5,Never Assessed,Moderate,"Penicillin, None, Dust","Anemia, Type 2 Diabetes, Irritable Bowel Syndrome","Furosemide, Warfarin",None,Diabetes,English,Black or African American,Active,17,RegistrationDB
4985,Ruth,Ramirez,1960-12-24,Female,A-,ruth.ramirez1@email.example.com,(742) 352-8827,Janet Patterson,(903) 243-3963,"{""line1"": ""491 Market St"", ""apt"": "", Suite 7"", ""city"": ""Dallas"", ""state"": ""TX"", ""zip"": ""75201""}",Divorced,Project Manager,Gray Corp,Aetna,POL-822713,GRP-9566,417,2020-01-02,2022-11-15,152,82,35.5,Former Smoker,None,None,Anemia,"Acetaminophen, Pantoprazole",Rotator cuff repair,Hypertension,English,Two or More Races,Active,14,RegistrationDB
4988,Ethan,Phillips,2004-03-28,Male,B+,ethan.phillips@email.example.com,(676) 690-6766,N/A,(592) 372-3771,"{""line1"": ""8742 Aspen Ct"", ""apt"": """", ""city"": ""San Antonio"", ""state"": ""TX"", ""zip"": ""78201""}",Single,,Simmons Corp,Humana,POL-255742,,154,2018-06-29,2022-04-04,188,51,14.4,Non-Smoker,,"Latex, Peanuts",Hypothyroidism,Celecoxib,None,"None, Hypertension",Mandarin,Asian,Active,17,RegistrationDB
4993,,PERRY,2005-06-26,Female,A+,carolyn.perry@email.example.com,(639) 788-5525,Julie Bennett,(522) 924-4189,"{""line1"": ""2853 Poplar St"", ""apt"": """", ""city"": ""Portland"", ""state"": ""OR"", ""zip"": ""97201"", ""county"": ""King"", ""country"": ""USA"", ""street_type"": ""Way""}",Married,Manager,Gomez Corp,UnitedHealthcare,POL-356299,GRP-4051,364,2023-03-24,2026-10-17,164,75,27.9,Non-Smoker,Moderate,"None, Dust, Latex",,"Celecoxib, Meloxicam",Colectomy,None,English,White,Inactive,12,RegistrationDB
4999,Ryan,Patel,2025-01-01,Male,O-,ryan.patel1@email.example.com,2125550199,Evelyn Adams,(236) 842-1585,"{""line1"": ""9646 Cypress Dr"", ""apt"": """", ""city"": ""Los Angeles"", ""state"": ""CA"", ""zip"": ""90001"", ""floor_number"": 35, ""county"": ""San Diego""}",Divorced,Project Manager,Diaz Corp,Bright Health,POL-494829,GRP-6220,403,2024-03-18,2025-08-25,187,94,26.9,Non-Smoker,Moderate,"Latex, Shellfish, Penicillin",,"Gabapentin, Celecoxib, Acetaminophen",None,"Hypertension, Cancer, None",Arabic,White,Active,12,RegistrationDB
5000,William,Hughes,1957-07-07,Male,O+,william.hughes@email.example.com,(732) 756-5506,Virginia Watson,(634) 670-4615,"{""line1"": ""7540 Spring St"", ""apt"": """", ""city"": ""Phoenix"", ""state"": ""AZ"", ""zip"": ""85001"", ""neighborhood"": ""Waterfront"", ""floor_number"": 22}",Divorced,Lawyer,Ortiz Corp,Aetna,POL-407564,GRP-2122,128,2019-12-06,2020-08-02,173,110,36.8,Non-Smoker,Heavy,"Dust, Shellfish, None","Type 2 Diabetes, Congestive Heart Failure, Fibromyalgia, Chronic Kidney Disease",Losartan,None,Diabetes,English,Hispanic or Latino,Active,5,RegistrationDB
5010,Aaro,Brown,1997-01-19,Male,O+,aaron.jackson@email.example.com,(817) 633-3831,Kenneth Cole,(433) 396-1654,"{""line1"": ""7693 Maple Dr"", ""apt"": """", ""city"": ""Louisville"", ""state"": ""KY"", ""zip"": ""40201"", ""county"": ""Miami-Dade"", ""country"": ""USA""}",Married,Engineer,,Centene,POL-829260,GRP-5296,417,2020-04-20,2022-09-26,185,72,21.0,Non-Smoker,None,None,,"Prednisone, Insulin glargine, Ozempic",None,Hypertension,ENGLISH,White,Active,14,RegistrationDB
5018,James,Foster,1991-01-13,Male,O+,james.foster.new@email.example.com,(686) 392-5672,Emily Carter,(898) 885-6927,"{""line1"": ""338 Elm Ave"", ""apt"": """", ""city"": ""Boston"", ""state"": ""MA"", ""zip"": ""15795""}",Divorced,Graphic Designer,Cruz Corp,Humana,POL-370184,GRP-6097,48,2025-11-26,2027-11-07,168,72,25.5,Never Assessed,Heavy,"Dust, Sulfa",,"Omeprazole, Hydrochlorothiazide, Pantoprazole, Sertraline",None,Sulfa,Spanish,Hispanic or Latino,Active,23,RegistrationDB
5020,Har,Hamilton,1968-06-27,Mle,AB+,har.hamilton@email.example.com,(207) 812-5039,Douglas Scott,(748) 918-9499,"{""line1"": ""6520 Elm Dr"", ""apt"": """", ""city"": ""Phoenix"", ""state"": ""AZ"", ""zip"": ""40454""}",Married,Artist,,Anthem,POL-737183,GRP-3616,482,2019-08-07,2022-06-10,189,47,13.2,Non-Smoker,Heavy,Arthritis,"Congestive Heart Failure, Anemia",None,None,Arthritis,Tagalog,Hispanic or Latino,Active,19,RegistrationDB
5024,Steven,Alexander,1978-09-17,Male,B+,steven.alexander.new@email.example.com,(623) 417-7795,Kelly Hunter,John Smith,"{""line1"": ""9295 Oak Dr"", ""apt"": """", ""city"": ""Tacoma"", ""state"": ""WA"", ""zip"": ""58734""}",Widowed,Electrician,,,POL-372570,GRP-5102,3,2018-02-01,2019-02-07,168,50,17.7,Current Smoker,Moderate,None,,None,Sulfa,"Heart Disease, None",English,White,Active,8,RegistrationDB
5025,Naemi,Stewara,1987-04-19,Female,O+,naemi.stewara@email.example.com,(813) 607-3702,Kenneth Reynolds,(667) 714-6816,"{""line1"": ""4589 Cedar Blvd"", ""apt"": """", ""city"": ""Indianapolis"", ""state"": ""IN"", ""zip"": ""65184""}",Single,Chef,None,Atena,POL-911139,GRP-5681,286,2020-07-10,,158,107,normal,Former Smoker,Heavy,"NSAIDs, Shellfish, None",Chronic Fatigue,,None,"Arthritis, Hypertension",Korean,White,Inactive,22,RegistrationDB
5028,Ellia,Webb,2004-11-26,Non-Binary,AB,ellia.webb@email.example.com,(350) 907-7759,Steven Nelson,(479) 278-6186,"{""line1"": ""6368 Pine St"", ""apt"": """", ""city"": ""Colorado Springs"", ""state"": ""CO"", ""zip"": ""33977""}",Married,Nurse,Health Systems Inc,MetLife,POL-947417,GRP-6248,238,2024-06-05,2024-09-03,174,84,27.7,Non-Smoker,Occasional,Codeine,Depression,None,None,None,English,Other,Active,15,RegistrationDB
5035,Laylo,Garcia,2004-12-31,Male,A+,laylo.garcia@email.example.com,(997) 474-8724,Luke Jordan,(929) 552-1186,"{""line1"": ""2622 Maple Rd"", ""apt"": """", ""city"": ""Augusta"", ""state"": ""GA"", ""zip"": ""55483""}",Married,Doctor,Flores Corp,Atena,POL-580950,GRP-9750,230,2018-01-23,2021-01-22,193,48,12.9,Former Smoker,Occasional,"None, Penicillin, Latex",Appendectomy,Codeine,None,Hypertension,Spanish,White,Active,8,RegistrationDB
5036,Will,Ortiz,2000-08-02,Female,B+,will.ortiz@email.example.com,(343) 288-6617,Dennis Harrison,(222) 882-6656,"{""line1"": ""4294 Oak Blvd"", ""apt"": """", ""city"": ""Cincinnati"", ""state"": ""OH"", ""zip"": ""96109""}",Divorced,Nurse,West Corp,Harvard Pilgrim,POL-143997,GRP-8676,190,2026-07-26,2027-07-22,172,84,28.4,Non-Smoker,Occasional,Hypertension,"Chronic Fatigue, Atrial Fibrillation, Congestive Heart Failure, Anemia",Loratadine,None,Hypertension,Spanish,White,Active,9,RegistrationDB
5038,Georgu,Peterson,1971-03-08,Male,A+,georgu.peterson@email.example.com,(587) 211-9628,Logan Jackson,(689) 369-9681,"{""line1"": ""3098 Maple Blvd"", ""apt"": """", ""city"": ""Sacramento"", ""state"": ""CA"", ""zip"": ""65259""}",Widowed,Librarian,Turner Corp,Kaiser Permanente,POL-575804,GRP-1524,12,2025-04-19,2027-02-04,188,119,33.7,Former Smoker,Moderate,Arthritis,"Anxiety Disorder, Sleep Apnea, Ulcerative Colitis, Chronic Kidney Disease",None,Heart Disease,None,Mandarin,White,Active,12,RegistrationDB
5042,Ellie,Williams,not available,Female,AB,ellie.williams.new@email.example.com,(528) 298-9825,Kimberly Edwards,(381) 725-3450,"{""line1"": ""7595 Cedar Rd"", ""apt"": """", ""city"": ""Washington"", ""state"": ""DC"", ""zip"": ""20827""}",Married,Flight Attendant,Johnson Corp,Blue Cross Blue Shield,POL-285712,GRP-6965,138,2023-07-05,2021-10-17,163,83,31.2,Non-Smoker,,"NSAIDs, Pollen",Codeine,None,None,None,Tagalog,Asian,Active,4,RegistrationDB
5045,Chloe,Wright,1991-12-12,Female,O+,chloe.wright.new@email.example.com,(637) 644-7683,Douglas Hill,(616) 477-9506,"{""line1"": ""4497 Pine Dr"", ""apt"": """", ""city"": ""Virginia Beach"", ""state"": ""VA"", ""zip"": ""20597""}",Single,Engineer,Russell Corp,Unknown Corp,POL-119242,GRP-2871,459,2020-06-14,2022-09-25,162,71,27.1,Current Smoker,Occasional,COPD,Anxiety Disorder,"Albuterol, Hydrochlorothiazide, Sertraline",None,None,Tagalog,Hispanic or Latino,Active,7,RegistrationDB
5047,Bobby,Turner,1987-05-11,Male,AB,bobby.turner.new@email.example.com,(432) 883-6402,Lily Jimenez,(636) 666-1511,"{""line1"": ""4867 Oak St"", ""apt"": """", ""city"": ""Fort Wayne"", ""state"": ""IN"", ""zip"": ""50580""}",Married,Engineer,Peterson Corp,Cigna HealthCare,POL-597659,GRP-2072,418,2019-08-30,2022-11-17,172,72,24.3,Non-Smoker,Moderate,"Sulfa, None, Latex",,COPD,None,None,Spanish,White,Transferred,22,RegistrationDB
5056,Poter,Scott,1997-09-21,Female,O+,peter.scott@email.example.com,(934) 911-2628,,(294) 745-1207,"{""line1"": ""9875 Elm Ave"", ""apt"": """", ""city"": ""Seattle"", ""state"": ""WA"", ""zip"": ""72713""}",Married,Chef,Kelly Corp,Harvard Pilgrim,POL-706830,GRP-4198,87,2020-12-02,2024-12-07,175,62,20.2,Former Smoker,Heavy,Asthma,None,Cyclobenzaprine,"Rotator cuff repair, Hysterectomy",None,Mandarin,Hispanic or Latino,Active,13,RegistrationDB
5057,Kareu,Richardson,1973-07-15,Female,,kareu.richardson@email.example.com,(576) 634-1115,Sarah Chavez,(727) 325-5918,"{""line1"": ""7364 Cedar Blvd"", ""apt"": """", ""city"": ""Tucson"", ""state"": ""AZ"", ""zip"": ""87634""}",Divorced,Nurse,Wright Corp,Cigna,POL-507239,GRP-1290,195,2020-07-26,2022-11-03,155,79,32.9,Non-Smoker,Occasional,Latex,COPD,Heart Disease,Diabetes,Hypertension,Spanish,White,Active,6,RegistrationDB
5067,Auroro,Davis,2002-11-30,Female,B-,auroro.davis@email.example.com,(589) 989-3597,William Butler,(924) 236-6400,"{""line1"": ""7397 Main Rd"", ""apt"": """", ""city"": ""Tulsa"", ""state"": ""OK"", ""zip"": ""82334""}",Single,Scientist,Williams Corp,Humana,POL-324018,GRP-9057,99,2026-06-10,2022-06-10,151,65,28.5,Non-Smoker,Occasional,Arthritis,COPD,None,Penicillin,None,Mandarin,Hispanic or Latino,Active,16,RegistrationDB
5069,Gaory,Hunter,1991-08-06,Male,A-,gary.hunter@email.example.com,(463) 836-2040,Scott Peterson,(362) 660-6810,"{""line1"": ""9391 Maple Rd"", ""apt"": """", ""city"": ""Oklahoma City"", ""state"": ""OK"", ""zip"": ""11146""}",Single,Nurse,,Aetna,POL-520764,GRP-8672,73,2022-03-23,2023-09-19,173,96,32.1,Current Smoker,Occasional,None,Heart Disease,None,None,Appendectomy,English,White,Active,14,RegistrationDB
5070,The,Diaz,1950-07-20,Male,O+,the.diaz@email.example.com,(301) 847-9619,Adam Ortiz,(453) 926-8655,"{""line1"": ""8893 Pine Rd"", ""apt"": """", ""city"": ""Atlanta"", ""state"": ""GA"", ""zip"": ""34002""}",Divorced,Artist,Self-employed,Cigna HealthCare,POL-688350,GRP-7278,87,2022-12-03,2024-11-18,172,78,26.4,Non-Smoker,Occasional,"Latex, Pollen, NSAIDs",,Hydrochlorothiazide,None,"Cancer, Stroke",English,White,Inactive,13,RegistrationDB
5072,Curl,Weub,1984-05-7,,B+,curl.weub@email.example.com,(587) 978-6374,Madelyn Washington,(244) 981-1561,"{""line1"": ""5108 Maple Ave"", ""apt"": """", ""city"": ""Cleveland"", ""state"": ""OH"", ""zip"": ""25572""}",Single,Manager,Richardson Corp,Health Net,POL-281048,GRP-8405,,2022-10-02,2027-04-21,189,77,21.6,Occasional,Sometimes,None,"Hypothyroidism, Chronic Fatigue, Osteoporosis, Hypertension",Appendectomy,None,"Asthma, Diabetes, None",Spanglish,Black or African American,Inactive,,RegistrationDB
5073,Paul,Thomas,1956-09-04,Male,O+,paul.thomas.new@email.example.com,(323) 856-5152,Deborah Rogers,(667) 223-5431,"{""line1"": ""3929 Cedar Dr"", ""apt"": """", ""city"": ""Seattle"", ""state"": ""WA"", ""zip"": ""83939""}",Divorced,Artist,Jordan Corp,Centene,POL-553895,GRP-2030,362,2022-11-07,2025-11-06,196,63,16.4,Occasional,None,"Peanuts, Pollen, Latex","Atrial Fibrillation, Chronic Kidney Disease",Asthma,None,None,Tagalog,Hispanic or Latino,Transferred,16,RegistrationDB
5079,1a345,Potel,2002-11-28,Male,AB+,1a345.potel@email.example.com,(529) 997-3631,Laura Miller,(793) 975-1779,"{""line1"": ""2551 Cedar Blvd"", ""apt"": """", ""city"": ""Washington"", ""state"": ""DC"", ""zip"": ""75476""}",Divorced,Insurance Agent,Davis Corp,Highmark,POL-116478,GRP-2033,478,2022-10-05,2026-07-05,171,104,35.6,Non-Smoker,Moderate,Arthritis,"Irritable Bowel Syndrome, Coronary Artery Disease, COPD, Hyperlipidemia",Penicillin,Heart Disease,Stroke,Vietnamese,White,Inactive,9,RegistrationDB
5082,Willii,Sanchez,1950-06-22,Male,A+,willii.sanchez@email.example.com,(758) 924-9627,Jennifer Wallace,(625) 320-6547,"{""line1"": ""6574 Main Ave"", ""apt"": """", ""city"": ""Buffalo"", ""state"": ""NY"", ""zip"": ""97159""}",Widowed,---,Ruiz Corp,Cigna,POL-678293,GRP-4174,,2021-08-05,2022-04-23,165,99,36.4,Occasional,None,"Sulfa, Penicillin, Shellfish","Hyperlipidemia, Depression",None,Hypertension,Hypertension,English,Hispanic or Latino,Active,,RegistrationDB
5083,Scarleto,Wright,2004-06-29,Female,A+,scarleto.wright@email.example.com,(683) 701-8450,Jack Richardson,(542) 450-3343,"{""line1"": ""9234 Maple St"", ""apt"": """", ""city"": ""Reno"", ""state"": ""NV"", ""zip"": ""96859""}",Divorced,Logistics Coordinator,Gray Corp,Cigna,POL-382373,GRP-7968,395,2025-01-20,2019-11-18,175,89,29.1,Non-Smoker,,"Dust, None, Codeine",Arthritis,Arthritis,Appendectomy,Asthma,Korean,Black or African American,Inactive,2,RegistrationDB
100,John,Smyth,1985-03-14,Female,O+,john.smyth@reg.com,(555) 999-1111,,,"{""line1"": ""3283 Cedar Dr"", ""apt"": """", ""city"": ""Memphis"", ""state"": ""TN"", ""zip"": ""49529""}",Single,Teacher,,Cigna,POL-636780,GRP-3023,382,2023-02-14,,166,88,32.5,Non-Smoker,Occasional,None,None,None,None,,English,Hispanic or Latino,Active,1,RegistrationDB
200,Marie,Garcia,1990-07-23,Female,O+,marie.g@reg.com,(555) 666-7777,,,"{""line1"": ""1236 Cedar Ave"", ""apt"": """", ""city"": ""San Antonio"", ""state"": ""TX"", ""zip"": ""41452""}",Single,Teacher,,Blue Cross Blue Shield,POL-482041,GRP-8353,266,2023-07-18,,167,62,23.9,Non-Smoker,Occasional,None,None,None,None,,English,Hispanic or Latino,Active,1,RegistrationDB
-50,Cross,Walker,1973-09-25,Male,A+,cross.walker@manual.org,(814) 389-6806,,,"{""line1"": ""2916 Cedar Blvd"", ""apt"": """", ""city"": ""Portland"", ""state"": ""OR"", ""zip"": ""64241""}",Married,Engineer,,Cigna,POL-668168,GRP-6899,542,2024-01-01,,171,82,32.2,Non-Smoker,Occasional,None,None,None,None,,English,White,Active,1,RegistrationDB
-60,Multi,Domain,1974-02-19,Female,O+,multi.domain@epic.com,(334) 450-3677,,,"{""line1"": ""971 Elm Blvd"", ""apt"": """", ""city"": ""Cleveland"", ""state"": ""OH"", ""zip"": ""60221""}",Single,Engineer,,Cigna,POL-175541,GRP-7967,184,2024-01-01,,172,98,24.1,Non-Smoker,Occasional,None,None,None,None,,English,Asian,Active,1,RegistrationDB
-70,Split,Identity,1992-02-06,Male,B+,split.identity@epic.com,(520) 806-3092,,,"{""line1"": ""1600 Cedar Ave"", ""apt"": """", ""city"": ""Reno"", ""state"": ""NV"", ""zip"": ""96059""}",Single,Teacher,,Unknown,POL-282431,GRP-3587,232,2024-01-01,,160,90,26.7,Non-Smoker,Occasional,None,None,None,None,,English,Asian,Active,1,RegistrationDB
-80,Phantom,Patient,1989-08-08,Female,O+,phantom.patient@cerner.com,(359) 585-6411,,,"{""line1"": ""8573 Elm Dr"", ""apt"": """", ""city"": ""Seattle"", ""state"": ""WA"", ""zip"": ""99161""}",Married,Teacher,,Aetna,POL-975976,GRP-5772,226,2024-01-01,,168,68,34.2,Non-Smoker,Occasional,None,None,None,None,,English,White,Active,1,RegistrationDB
-90,Ghost,Record,1970-05-12,Female,B+,ghost.record@manual.org,(463) 637-4255,,,"{""line1"": ""6757 Cedar St"", ""apt"": """", ""city"": ""Washington"", ""state"": ""DC"", ""zip"": ""85949""}",Single,Engineer,,Cigna,POL-992361,GRP-5491,216,2024-01-01,,156,72,27.9,Non-Smoker,Occasional,None,None,None,None,,English,Asian,Active,1,RegistrationDB
