patient_id,first_name,last_name,date_of_birth,gender,blood_type,email,phone_number,emergency_contact_name,emergency_contact_phone,address,marital_status,occupation,employer_name,insurance_provider,insurance_policy_number,insurance_group_number,primary_care_doctor_id,registration_date,last_visit_date,height_cm,weight_kg,bmi,smoking_status,alcohol_consumption,allergy_info,chronic_conditions,current_medications,previous_surgeries,family_medical_history,language_preference,ethnicity,patient_status,hospital_id,source_system
1,Anthony,Martin,1950-02-22,Male,AB+,anthony.martin@email.example.com,(934) 753-7843,Scott Morales,(930) 903-3539,"{""line1"": ""2708 Fourth Ave"", ""apt"": """", ""city"": ""Sacramento"", ""state"": ""CA"", ""zip"": ""94201"", ""longitude"": -75.3046, ""latitude"": 45.1397, ""country"": ""USA""}",Divorced,Nurse,Brooks Corp,,POL-214194,GRP-7366,45,2024-12-19,2028-08-07,173,95,31.7,Non-Smoker,Occasional,None,,"Clopidogrel, Ozempic",Hemorrhoidectomy,"Diabetes, Hypertension, Arthritis",ENGLISH,White,Active,10,EMR_Cerner
5,Bobby,Martinez,1979-04-25,Male,O+,bobby.martinez@email.example.com,(592) 746-3265,John Cole,(393) 685-1863,"{""line1"": ""9218 Cypress Dr"", ""apt"": """", ""city"": ""Minneapolis"", ""state"": ""MN"", ""zip"": ""55401""}",Single,Chef,Chavez Corp,Tufts Health Plan,POL-213590,GRP-7847,171,2019-09-20,2020-01-11,173,115,38.4,Never Assessed,Moderate,"Shellfish, Codeine",Asthma,"Cetirizine, Albuterol",,None,English,White,Active,12,EMR_Cerner
10,Randy,West,1995-06-06,Male,A+,randy.west@email.example.com,(480) 977-5535,Jacqueline Wells,(753) 635-6859,"{""line1"": ""9580 Monroe Dr"", ""apt"": """", ""city"": ""Colorado Springs"", ""state"": ""CO"", ""zip"": ""80901"", ""county"": ""Sacramento""}",Married,Construction Worker,,Molina Healthcare,POL-109775,GRP-6521,397,2018-11-06,2019-08-27,186,93,26.9,Current Smoker,Occasional,Peanuts,,"Fluticasone, Albuterol",None,None,Arabic,Hispanic or Latino,Inactive,9,EMR_Cerner
11,Joe,Smith,1993-08-14,Male,O+,joe.smith@email.example.com,(854) 827-3356,Steven Perez,(983) 382-3941,"{""line1"": ""7801 Hamilton Ct"", ""apt"": """", ""city"": ""San Jose"", ""state"": ""CA"", ""zip"": ""95101"", ""timezone"": ""America/Los_Angeles""}",Married,Manager,Parker Corp,Health Net,POL-345968,G1234,306,2022-09-19,2026-06-03,176,52,,Former Smoker,Occasional,"Shellfish, Codeine, None",Anemia,"Levothyroxine, Bupropion",Tonsillectomy,"Diabetes, Cancer",English,Black or African American,Active,25,EMR_Cerner
16,Sharon,Simpson,2004-10-28,Female,O+,sharon.simpson@email.example.com,(925) 709-1776,Wesley Turner,(484) 685-1807,"{""line1"": ""8811 Ash Ct"", ""apt"": """", ""city"": ""Las Vegas"", ""state"": ""NV"", ""zip"": ""89101"", ""longitude"": -92.5058, ""county"": ""Harris"", ""delivery_notes"": ""Gate code: #1234"", ""neighborhood"": ""West Side"", ""timezone"": ""America/Phoenix""}",Married,Lawyer,,Geisinger,POL-506443,GRP-3984,465,2023-11-27,2026-09-05,164,81,30.1,Former Smoker,Moderate,None,"Psoriasis, Depression","Metoprolol, Losartan, Fluticasone",None,"Hypertension, None",Vietnamese,Asian,Active,13,EMR_Cerner
21,Evelyn,Morris,1971-05-17,Female,O+,evelyn.morris@email.example.com,(471) 989-9889,Margaret Chavez,(925) 817-5287,"{""line1"": ""1106 Broadway"", ""apt"": """", ""city"": ""Tucson"", ""state"": ""AZ"", ""zip"": ""85701""}",Married,Bank Teller,Stewart Corp,Health Net,POL-627112,GRP-4462,411,2023-02-18,2024-03-17,162,103,39.2,Former Smoker,Occasional,"None, Penicillin, Latex",Atrial Fibrillation,None,None,"Diabetes, Alzheimer's",Spanish,Two or More Races,Active,12,EMR_Cerner
26,Levi,Butler,1989-08-11,Male,B+,levi.butler@email.example.com,(789) 507-4610,Lincoln Hall,(834) 469-2332,"{""line1"": ""9346 Ash Ct"", ""apt"": """", ""city"": ""Nashville"", ""state"": ""TN"", ""zip"": ""37201"", ""street_type"": ""Blvd""}",Married,Veterinarian,Hayes Corp,Independence Blue Cross,POL-100846,GRP-1299,331,2024-06-06,2027-11-16,185,64,18.7,Non-Smoker,Moderate,"Dust, Pollen, Sulfa",Anemia,Bupropion,None,"Heart Disease, Diabetes, None",English,White,Active,13,EMR_Cerner
29,Mateo,SANDERS,1958-07-08,Male,O+,mateo.sanders@email.example.com,(831) 495-6944,N/A,(205) 728-9860,"{""line1"": ""6423 Second Ave"", ""apt"": """", ""city"": ""Mesa"", ""state"": ""AZ"", ""zip"": ""85201"", ""longitude"": -102.4874}",Separated,Lawyer,Stevens Corp,Harvard Pilgrim,POL-561781,GRP-1000,456,2022-02-12,2025-08-21,168,60,21.3,Non-Smoker,None,None,Psoriasis,"Celecoxib, Aspirin",Appendectomy,,Spanish,White,Active,12,EMR_Cerner
36,Brian,Perez,1965-06-05,Male,AB,brian.perez@email.example.com,(214) 729-2021,Jack Price,(293) 690-7775,"{""line1"": ""2950 Park Blvd"", ""apt"": """", ""city"": ""New York"", ""state"": ""NY"", ""zip"": ""10001"", ""country"": ""USA"", ""street_type"": ""St"", ""neighborhood"": ""West Side""}",Divorced,Chef,Taylor Corp,Molina Healthcare,POL-950751,GRP-8885,172,2019-09-23,2023-03-17,165,76,27.9,Current Smoker,None,"Sulfa, Dust, Latex",,None,None,None,Mandarin,White,Active,25,EMR_Cerner
49,Samantha,Gomez,2003-04-19,Female,O-,samantha.gomez@email.example.com,(430) 218-4766,Oliver Ellis,(394) 264-9359,"{""line1"": ""2772 First St"", ""apt"": """", ""city"": ""Chicago"", ""state"": ""IL"", ""zip"": ""60601"", ""country"": ""USA"", ""latitude"": 32.7915, ""street_type"": ""Way""}",Married,Librarian,Alexander Corp,Cigna HealthCare,POL-650106,GRP-2189,323,2024-03-24,,155,68,28.3,Non-Smoker,Occasional,None,"GERD, Fibromyalgia, Hypothyroidism, Type 2 Diabetes","Meloxicam, Bupropion, Apixaban, Lisinopril",None,"Diabetes, Alzheimer's, Heart Disease",Spanish,Hispanic or Latino,Active,25,EMR_Cerner
52,Carol,###,2000-05-14,Female,A+,carol.ramirez@email.example.com,(860) 587-8544,Abigail Ortiz,(689) 621-2895,"{""line1"": ""8997 Seventh St"", ""apt"": "", Suite 25"", ""city"": ""Atlanta"", ""state"": ""GA"", ""zip"": ""30301"", ""neighborhood"": ""Midtown""}",Married,Pharmacist,Brooks Corp,Highmark,POL-966000,GRP-4146,275,2021-08-15,,172,88,normal,Current Smoker,Occasional,"Pollen, NSAIDs, Shellfish",Type 2 Diabetes,Montelukast,"Total knee replacement, Cholecystectomy, Colectomy",None,Tagalog,Asian,Active,11,EMR_Cerner
57,Aiden,Phillips,1994-10-17,Male,O-,aiden.phillips@email.example.com,(235) 442-3967,Bruce Ortiz,(608) 787-6335,"{""line1"": ""6327 Aspen Ct"", ""apt"": "", Apt 34"", ""city"": ""Austin"", ""state"": ""TX"", ""zip"": ""73301""}",Married,Accountant,Moore Corp,Cigna,POL-697135,GRP-4121,140,2019-11-24,2020-06-17,170,68,23.5,Non-Smoker,Occasional,None,"Osteoarthritis, Chronic Kidney Disease","Gabapentin, Prednisone",Cataract surgery,"Arthritis, Heart Disease",Mandarin,Hispanic or Latino,Active,21,EMR_Cerner
64,Patrick,Gray,2003-07-31,Male,A+,patrick.gray@email.example.com,(710) 608-2813,Nancy Kim,(919) 552-2575,"{""line1"": ""1052 Lake Dr"", ""apt"": """", ""city"": ""Colorado Springs"", ""state"": ""CO"", ""zip"": ""80901"", ""timezone"": ""America/Chicago"", ""street_type"": ""Blvd"", ""latitude"": 47.0499, ""landmark"": ""Next to Mall"", ""neighborhood"": ""Uptown""}",Married,Student,,Independence Blue Cross,POL-804022,GRP-6494,280,2020-02-26,1900-01-01,184,105,31.0,Never Assessed,Heavy,"Penicillin, Latex, Pollen","Anemia, GERD, Irritable Bowel Syndrome",None,None,None,English,White,active,23,EMR_Cerner
80,Angela,Marshall,2005-07-21,Female,O+,angela.marshall@email.example.com,(211) 382-4902,Jerry Washington,(557) 809-9191,"{""line1"": ""7826 Lincoln Blvd"", ""apt"": """", ""city"": ""Fresno"", ""state"": ""CA"", ""zip"": ""93701""}",Married,,Alvarez Corp,Health Net,POL-166383,GRP-8673,150,2018-02-17,2021-01-04,165,59,21.7,Non-Smoker,Occasional,"Peanuts, Pollen, NSAIDs","Coronary Artery Disease, Hypothyroidism, Anxiety Disorder","Levothyroxine, Insulin glargine, Aspirin, Ozempic",Carpal tunnel release,"Alzheimer's, Stroke",English,Hispanic or Latino,Active,5,EMR_Cerner
82,Victoria,Miller,1983-06-16,Female,A-,victoria.miller@email.example.com,(606) 367-3888,Levi Robinson,(815) 216-8705,"{""line1"": ""4637 First St"", ""apt"": """", ""city"": ""Memphis"", ""state"": ""TN"", ""zip"": ""38101"", ""latitude"": 32.4153}",Married,Teacher,,Kaiser Permanente,POL-220680,GRP-3203,274,2020-11-09,2024-05-28,9999,40,,Never Assessed,Moderate,None,"Chronic Kidney Disease, Hypertension, Hyperlipidemia","Pantoprazole, Furosemide",None,"DM, HTN, CAD",Spanish,White,Inactive,11,EMR_Cerner
83,Samuel,Reed,1985-08-26,Male,B-,samuel.reed@email.example.com,(745) 379-9322,Laura Diaz,(548) 489-7932,"{""line1"": ""Unknown"", ""city"": ""Unknown"", ""state"": ""NA"", ""zip"": ""00000"", ""floor_number"": 3}",Divorced,Construction Worker,Jordan Corp,Blue Cross,POL-163440,GRP-8528,265,2021-05-18,2021-10-23,151,102,44.7,Non-Smoker,Occasional,"Codeine, Pollen, None","Type 2 Diabetes, Chronic Kidney Disease, Anemia, GERD","Omeprazole, Clopidogrel, Atorvastatin",None,"Stroke, Hypertension",English,White,Active,21,EMR_Cerner
95,Justin,Cruz,1960-06-17,Male,O+,justin.cruz@email.example.com,(278) 906-7698,Naomi King,(671) 817-3844,"{""line1"": ""503 River Rd"", ""apt"": """", ""city"": ""Boston"", ""state"": ""MA"", ""zip"": ""02101""}",Married,Dentist,Webb Corp,Humana,POL-546952,GRP-1164,71,2018-11-08,2020-04-17,184,75,22.2,Never Assessed,Occasional,Latex,Hypertension,Metoprolol,None,None,English,White,Active,21,EMR_Cerner
100,Ronald,Sanchez,2001-06-28,Male,O+,ronald.sanchez@email.example.com,(498) 809-9210,Gabriel Gibson,000-000-0000,"{""line1"": ""1532 Cypress Dr"", ""apt"": """", ""city"": ""Atlanta"", ""state"": ""GA"", ""zip"": ""30301"", ""country"": ""USA"", ""delivery_notes"": ""Deliver to reception"", ""latitude"": 35.0178, ""timezone"": ""America/Denver""}",Single,Mechanic,,,,,125,2019-08-12,2023-07-26,176,97,31.3,Former Smoker,None,Peanuts,"COPD, Eczema, Hypertension, Chronic Kidney Disease",None,None,"Alzheimer's, Diabetes, None",English,Other,Active,4,EMR_Cerner
102,Laura,Porter,2099-06-15,Female,O+,laura.porter@email.example.com,(238) 532-8788,Logan Nguyen,(412) 650-9454,"{""line1"": ""3025 Washington Ave"", ""apt"": "", Apt 19"", ""city"": ""Denver"", ""state"": ""CO"", ""zip"": ""80201"", ""county"": ""San Diego"", ""country"": ""USA""}",Married,Chef,,Molina Healthcare,POL-159002,GRP-7484,23,2025-06-21,2025-06-25,155,110,45.8,Non-Smoker,Moderate,"Pollen, Dust",,Celecoxib,Tonsillectomy,None,Mandarin,White,Deceased ,14,EMR_Cerner
105,Kelly,Simmons,1984-08-01,Female,A+,kelly.simmons@email.example.com,(666) 770-1769,Ronald Wright,(795) 545-6018,"{""line1"": ""4941 Church St"", ""apt"": """", ""city"": ""Oklahoma City"", ""state"": ""OK"", ""zip"": ""73101"", ""county"": ""Maricopa""}",Married,Electrician,Brown Corp,,POL-790791,GRP-6443,457,2019-01-15,2022-06-05,157,55,22.3,Former Smoker,Occasional,"Latex, Pollen, None",,Hydrochlorothiazide,None,"Hypertension, Arthritis",Russian,Other,Active,6,EMR_Cerner
111,William,,1953-08-24,Male,O+,william.harris@email.example.com,(563) 621-8008,Paisley Wright,(873) 750-5329,"{""line1"": ""6775 Oak Ave"", ""apt"": """", ""city"": ""Milwaukee"", ""state"": ""WI"", ""zip"": ""53201"", ""neighborhood"": ""East Side"", ""street_type"": ""Cir"", ""latitude"": 32.8459, ""floor_number"": 45}",Separated,Real Estate Agent,Adams Corp,UnitedHealthcare,POL-161320,GRP-1738,415,2020-09-09,2022-08-09,180,98,30.2,Non-Smoker,None,None,COPD,"Hydrochlorothiazide, Pantoprazole, Duloxetine, Loratadine",Sleeve gastrectomy,Alzheimer's,English,White,Active,9,EMR_Cerner
113,Victoria,Simmons,1995-09-13,Female,A-,victoria.simmons@email.example.com,(604) 207-6823,Christina Mendoza,(946) 868-5581,"{""line1"": ""Unknown"", ""city"": ""Unknown"", ""state"": ""NA"", ""zip"": ""00000"", ""country"": ""USA"", ""neighborhood"": ""East Side"", ""floor_number"": 5, ""timezone"": ""America/Denver""}",Single,Engineer,Flores Corp,Cigna,POL-109559,GRP-7240,248,2019-09-07,2020-01-02,171,82,28.0,Former Smoker,None,"Dust, Latex, NSAIDs","Hypertension, Atrial Fibrillation","Warfarin, Cyclobenzaprine, Omeprazole, Aspirin",None,"Hypertension, Stroke, Asthma",Cantonese,White,Active,19,EMR_Cerner
115,Aurora,Martinez,2002-07-24,Female,A+,aurora.martinez@email.example.com,(856) 655-7676,,(279) 268-3498,"{""line1"": ""6114 Ninth St"", ""apt"": """", ""city"": ""Washington"", ""state"": ""DC"", ""zip"": ""20001"", ""country"": ""USA"", ""county"": ""King"", ""latitude"": 38.2314}",Married,Engineer,,Blue Cross,POL-703634,GRP-2928,132,2020-09-16,2022-08-23,157,66,26.8,Never Assessed,None,None,,Bupropion,None,None,English,White,Active,10,EMR_Cerner
121,Frank,Lopez,1983-01-30,Male,A+,frank.lopez@email.example.com,(744) 923-2494,Virginia Foster,(440) 437-5179,"{""line1"": ""1969 River Rd"", ""apt"": """", ""city"": ""San Antonio"", ""state"": ""TX"", ""zip"": ""78201"", ""country"": ""USA""}",Widowed,Insurance Agent,Myers Corp,Bright Health,,GRP-2161,460,2025-06-01,2028-01-09,187,78,22.3,Non-Smoker,Moderate,"NSAIDs, Shellfish","COPD, Eczema, Sleep Apnea",None,None,"Heart Disease, Asthma, Diabetes",English,Black or African American,Inactive,15,EMR_Cerner
123,Heather,Carter,2001-03-29,Female,B+,heather.carter@email.example.com,(508) 990-9872,Deborah Castillo,,"{""line1"": ""8073 Third St"", ""apt"": """", ""city"": ""Fort Worth"", ""state"": ""TX"", ""zip"": ""76101"", ""country"": ""USA"", ""landmark"": ""Opposite Central Park"", ""neighborhood"": ""Historic District""}",Widowed,Real Estate Agent,Woods Corp,Cigna HealthCare,POL-477864,GRP-9918,254,2022-09-14,2025-12-26,166,65,23.6,Never Assessed,Heavy,None,"Chronic Kidney Disease, Congestive Heart Failure, Coronary Artery Disease, Atrial Fibrillation","Cetirizine, Apixaban, Aspirin, Meloxicam","ACL reconstruction, Tonsillectomy",None,Spanish,White,Inactive,22,EMR_Cerner
124,Steven,Bennett,1987-08-08,Male,O+,steven.bennett@email.example.com,(888) 810-6673,George Scott,(492) 854-5834,"{""line1"": ""5772 Monroe Dr"", ""apt"": """", ""city"": ""San Jose"", ""state"": ""CA"", ""zip"": ""95101"", ""landmark"": ""Opposite Central Park"", ""county"": ""Maricopa"", ""country"": ""USA"", ""neighborhood"": ""Suburbs""}",Single,Military,Smith Corp,Harvard Pilgrim,POL-894133,GRP-2240,300,2023-07-08,2025-07-17,182,650,30.2,Non-Smoker,Former,"Codeine, Shellfish, Dust",,"Prednisone, Atorvastatin",None,"Hypertension, Asthma, Stroke",English,White,Active,20,EMR_Cerner
125,Margaret,Cole,1961-04-26,Female,O+,margaret.cole@email.example.com,(525) 248-8155,Roger Bennett,(501) 516-5617,"{""line1"": ""5559 Highland Ave"", ""apt"": "", Suite 23"", ""city"": ""Chicago"", ""state"": ""IL"", ""zip"": ""60601"", ""country"": ""USA"", ""county"": ""Queens""}",Single,Manager,,Health Net,POL-468641,GRP-2966,27,2025-04-30,2027-12-26,159,0,29.7,Never Assessed,Moderate,None,,"Spironolactone, Fluticasone",Thyroidectomy,None,Spanish,White,Active,23,EMR_Cerner
126,Scott,Parker,1959-03-13,Male,O+,scott.parker@email.example.com,(974) 505-2161,Dennis Owens,(623) 605-6295,"{""line1"": ""9180 Tenth Ave"", ""apt"": """", ""city"": ""Dallas"", ""state"": ""TX"", ""zip"": ""75201"", ""neighborhood"": ""West Side""}",Married,Physical Therapist,Parker Corp,Blue Cross Blue Shield,POL-459074,GRP-6294,236,2020-06-29,2023-02-07,180,71,21.9,Never Assessed,Moderate,"PENICILLIN, SULFA","COPD, Type 2 Diabetes, Rheumatoid Arthritis",Metformin,None,"Heart Disease, Hypertension",French,White,Active,23,EMR_Cerner
131,Zoey,PATEL,1979-08-11,Non-Binary,O-,zoey.patel@email.example.com,(476) 568-9369,Jerry Hamilton,(914) 345-3231,"{""line1"": ""6916 Lake Dr"", ""apt"": """", ""city"": ""Dallas"", ""state"": ""TX"", ""zip"": ""75201"", ""county"": ""Orange"", ""country"": ""USA""}",Married,Scientist,,Harvard Pilgrim,POL-377099,GRP-4002,421,2018-02-26,2021-09-26,151,86,37.7,Never Assessed,Heavy,"Codeine, Shellfish, Peanuts",,"Levothyroxine, Tramadol","Total hip replacement, Cholecystectomy","Asthma, Arthritis",Russian,Asian,Active,4,EMR_Cerner
132,Barbara,Butler,1971-01-27,Female,AB-,barbara.butler@email.example.com,abc-def-ghij,Evelyn Wright,(339) 509-9891,"{""line1"": ""4087 Church St"", ""apt"": "", Apt 1"", ""city"": ""Portland"", ""state"": ""OR"", ""zip"": ""97201"", ""county"": ""King""}",Divorced,,Myers Corp,Cigna HealthCare,POL-707362,GRP-7997,133,2024-10-17,2026-10-28,161,52,20.1,Current Smoker,Moderate,"Sulfa, Pollen",,"Albuterol, Ibuprofen, Bupropion","Coronary artery bypass grafting, ACL reconstruction",,Spanish,White,Active,1,EMR_Cerner
133,Lawrence,Jimenez,1992-05-30,Male,B+,lawrence.jimenez@email.example.com,(478) 201-9314,Virginia Parker,(378) 891-1091,"{""line1"": ""2517 Spring St"", ""apt"": """", ""city"": ""Jacksonville"", ""state"": ""FL"", ""zip"": ""32201"", ""neighborhood"": ""West Side"", ""country"": ""USA"", ""timezone"": ""America/Chicago"", ""latitude"": 35.0635}",married,Psychologist,Crawford Corp,UnitedHealthcare,POL-686504,GRP-9939,413,2019-06-23,2022-06-27,171,102,34.9,Former Smoker,Occasional,"Sulfa, NSAIDs",,Omeprazole,"Sleeve gastrectomy, Hemorrhoidectomy",None,Spanglish,White,Active,12,EMR_Cerner
140,Rebecca,UNKNOWN,1992-10-11,Female,O+,rebecca.wallace@email.example.com,(628) 850-8835,Linda Freeman,(747) 477-7043,"{""line1"": ""8595 Center St"", ""apt"": "", # 43"", ""city"": ""Milwaukee"", ""state"": ""WI"", ""zip"": ""53201"", ""latitude"": 44.96}",Married,Lawyer,Ramos Corp,Humana,POL-955365,GRP-9573,420,2025-11-18,2029-01-31,159,54,normal,Former Smoker,Occasional,None,"Hyperlipidemia, Anemia, Chronic Fatigue",unknown,None,"Stroke, None",Mandarin,White,Inactive,11,EMR_Cerner
144,Elizabeth,Jones,1985-03-15,Female,B+,elizabeth.jones@email.example.com,(924) 373-6081,Bruce Russell,(724) 859-4575,"{""line1"": ""Unknown"", ""city"": ""Unknown"", ""state"": ""NA"", ""zip"": ""00000""}",Married,,Miller Corp,Independence Blue Cross,POL-313828,GRP-4096,294,2023-08-24,2027-05-09,154,79,33.3,Non-Smoker,None,Sulfa,"Chronic Kidney Disease, Sleep Apnea, Anemia, Osteoporosis",Ozempic,"Appendectomy, ACL reconstruction",Arthritis,English,Black or African American,Active,13,EMR_Cerner
145,Emma,Mitchell,1980-05-19,Female,O+,emma.mitchell@email.example.com,(941) 837-2371,Dorothy Price,(915) 781-9374,"{""line1"": ""3742 Ash Ct"", ""apt"": "", Apt 33"", ""city"": ""Los Angeles"", ""state"": ""CA"", ""zip"": ""90001"", ""delivery_notes"": ""Leave at door"", ""latitude"": 38.9638}",Single,Police Officer,Hayes Corp,Independence Blue Cross,POL-973028,GRP-9617,362,2022-08-11,2023-08-01,174,89,29.4,Non-Smoker,None,"Shellfish, None, Peanuts",Chronic Fatigue,None,None,"Stroke, Heart Disease, Arthritis",English,Hispanic or Latino,Active,16,EMR_Cerner
146,Carl,Garcia,1980-04-27,Male,O+,carl.garcia@email.example.com,(961) 757-8913,Paul Miller,(506) 702-6694,,Single,Professor,Baker Corp,Geisinger,POL-959935,GRP-3949,332,,,180,71,21.9,Former Smoker,None,Penicillin,Ulcerative Colitis,"Furosemide, Atorvastatin, Spironolactone, Cyclobenzaprine","Angioplasty with stent, Carpal tunnel release",Asthma,Korean,White,Active,13,EMR_Cerner
158,Raymond,Sullivan,1982-09-01,Male,O+,raymond.sullivan@email.example.com,(420) 814-3523,Nora Moore,(605) 972-6339,"{""line1"": ""5335 Sycamore Ave"", ""apt"": "", Apt 28"", ""city"": ""Sacramento"", ""state"": ""CA"", ""zip"": ""94201""}",Divorced,HR Specialist,Castillo Corp,Independence Blue Cross,POL-801490,GRP-4363,446,2019-08-23,2023-01-11,186,72,,Former Smoker,Heavy,"Sulfa, Codeine, Peanuts",Hyperlipidemia,None,None,"Alzheimer's, Cancer, Heart Disease",Spanish,White,Active,16,EMR_Cerner
161,Ezra,Morgan,1963-03-05,Male,A-,ezra.morgan@email.example.com,(772) 844-4706,Micah Wilson,(525) 966-3594,"{""line1"": ""5160 Magnolia Way"", ""apt"": """", ""city"": ""San Jose"", ""state"": ""CA"", ""zip"": ""95101"", ""latitude"": 42.8102, ""county"": ""King""}",Married,Writer,,Centene,POL-472181,GRP-6481,259,2023-09-06,2027-05-04,157,76,30.8,Former Smoker,Occasional,"None, NSAIDs, Latex",Osteoporosis,"Bupropion, Warfarin, Spironolactone, Prednisone","Gastric bypass, Thyroidectomy",Arthritis,English,,Active,8,EMR_Cerner
162,Luna,Walker,1983-07-20,Female,O+,luna.walker@email.example.com,(425) 409-7512,Savannah Gomez,(732) 799-7958,"{""line1"": ""1933 View Blvd"", ""apt"": "", Suite 5"", ""city"": ""Dallas"", ""state"": ""TX"", ""zip"": ""75201"", ""street_type"": ""Way"", ""longitude"": -98.2089, ""floor_number"": 35}",Married,Graphic Designer,Marshall Corp,Health Net,POL-777435,GRP-1874,455,2019-11-29,2023-02-28,150,95,42.2,Non-Smoker,Moderate,"Shellfish, None, Peanuts","Hypertension, Anxiety Disorder, Rheumatoid Arthritis",None,Mastectomy,None,English,White,Active,12,EMR_Cerner
164,Logan,Reyes,1964-05-02,Male,O+,logan.reyes@email.example.com,(556) 709-5827,Larry Turner,(424) 282-1488,"{""line1"": ""1987 Ash Ct"", ""apt"": """", ""city"": ""Portland"", ""state"": ""OR"", ""zip"": ""97201"", ""county"": ""Dallas"", ""longitude"": -120.985, ""timezone"": ""America/Los_Angeles""}",Separated,Pilot,,Highmark,POL-551963,GRP-9788,298,2022-06-04,2025-01-06,180,74,22.8,Non-Smoker,None,"Shellfish, None, Codeine","Hypothyroidism, Migraine, GERD, Crohn's Disease","Cyclobenzaprine, Metoprolol, Metformin",None,None,English,White,Active,25,EMR_Cerner
181,Evelyn,Bailey,2004-03-13,Female,O+,evelyn.bailey@email.example.com,(291) 367-1345,Raymond Morales,(447) 575-9722,"{""line1"": ""4122 Sycamore Ave"", ""apt"": """", ""city"": ""Miami"", ""state"": ""FL"", ""zip"": ""33101""}",Separated,Architect,,Bright Health,POL-832850,GRP-3277,100,2020-02-03,2023-09-03,159,61,24.1,Non-Smoker,Occasional,NSAIDs,"Osteoporosis, Osteoporosis",None,None,"Alzheimer's, Heart Disease",Spanish,White,Active,5,EMR_Cerner
183,Ashley,West,2003-08-26,Female,A+,ashley.west@email.example.com,(304) 555-2828,Daniel Gonzalez,(695) 902-7331,"{""line1"": ""2163 View Blvd"", ""apt"": """", ""city"": ""Sacramento"", ""state"": ""CA"", ""zip"": ""94201"", ""longitude"": -83.42, ""street_type"": ""Dr""}",Single,Chef,Murphy Corp,,,,481,2018-05-06,2020-03-07,162,48,18.3,Former Smoker,Moderate,"NSAIDs, Peanuts",,Clopidogrel,None,None,Spanish,White,Active,2,EMR_Cerner
184,,Brooks,1997-07-07,Male,A+,not-an-email,(353) 399-2823,Hannah Graham,(971) 863-7344,"{""line1"": ""2505 Jefferson Ave"", ""apt"": """", ""city"": ""Tucson"", ""state"": ""AZ"", ""zip"": ""85701"", ""country"": ""USA"", ""neighborhood"": ""East Side"", ""timezone"": ""America/Los_Angeles"", ""street_type"": ""Ct"", ""county"": ""King""}",Married,Retail Associate,Alvarez Corp,,POL-267074,GRP-3090,409,2020-09-07,,-10,90,32.3,Non-Smoker,None,None,Fibromyalgia,"Insulin glargine, Jardiance",None,,Spanish,White,Inactive,19,EMR_Cerner
185,Aaron,Long,2001-02-05,Non-Binary,O+,aaron.long@email.example.com,(405) 662-7230,Sarah Lewis,(793) 405-1415,"{""line1"": ""5708 Main St"", ""apt"": """", ""city"": ""Louisville"", ""state"": ""KY"", ""zip"": ""40201"", ""street_type"": ""Ct""}",Married,Lawyer,Russell Corp,Highmark,POL-657295,GRP-8972,57,2023-08-25,,178,102,32.2,Former Smoker,Occasional,None,"Anxiety Disorder, Psoriasis, Coronary Artery Disease",None,None,Alzheimer's,Mandarin,Hispanic or Latino,Deceased,18,EMR_Cerner
190,Brandon,Jones,1965-03-06,Male,AB+,brandon.jones@email.example.com,(723) 433-3926,Debra Ward,(204) 962-1433,"{""line1"": ""1433 Ash Ct"", ""apt"": "", Unit 37"", ""city"": ""Louisville"", ""state"": ""KY"", ""zip"": ""40201"", ""latitude"": 47.2085, ""county"": ""San Diego""}",Single,Mechanic,,Oscar Health,POL-698958,GRP-2697,124,,2020-09-18,170,109,37.7,Current Smoker,Heavy,Peanuts,"Osteoporosis, Eczema","Ozempic, Gabapentin, Spironolactone, Lisinopril",None,"Heart Disease, Alzheimer's",English,White,Active,18,EMR_Cerner
194,David,Hughes,1982-10-08,Male,A+,david.hughes@email.example.com,(634) 332-7462,Gary Reed,(678) 671-4176,"{""line1"": ""213 Second Ave"", ""apt"": """", ""city"": ""Chicago"", ""state"": ""IL"", ""zip"": ""60601"", ""timezone"": ""America/New_York"", ""latitude"": 39.2377}",Married,Professor,Gonzales Corp,Blue Cross Blue Shield,POL-727345,GRP-8859,336,2019-11-13,2022-08-06,175,100,32.7,Non-Smoker,Heavy,"Peanuts, Shellfish, Latex",GERD,None,None,Asthma,English,White,Active,6,EMR_Cerner
202,Melissa,White,2003-09-04,Female,O+,melissa.white@email.example.com,(751) 690-7095,Janet Marshall,(414) 955-9274,"{""line1"": ""6907 Walnut Ave"", ""apt"": """", ""city"": ""San Diego"", ""state"": ""CA"", ""zip"": ""92101""}",Separated,Mechanic,Phillips Corp,,,,167,2022-02-26,2023-04-07,166,70,25.4,Non-Smoker,2 beers/week,"Peanuts, Latex, Sulfa","Migraine, Chronic Kidney Disease, Hypertension",None,None,"None, Asthma, Diabetes",English,White,Active,14,EMR_Cerner
205,Theodore,WEST,2002-04-21,Male,A+,theodore.west@email.example.com,(972) 900-3177,Harold Lopez,(480) 360-3387,"{""line1"": ""7595 Spring St"", ""apt"": """", ""city"": ""Louisville"", ""state"": ""KY"", ""zip"": ""40201"", ""street_type"": ""Rd"", ""county"": ""Dallas"", ""country"": ""USA"", ""neighborhood"": ""Uptown""}",Divorced,Scientist,Freeman Corp,Harvard Pilgrim,POL-214095,GRP-9147,116,2019-09-10,2019-10-30,168,,23.4,Former Smoker,,"Codeine, Peanuts","Crohn's Disease, Atrial Fibrillation, Coronary Artery Disease, Psoriasis","Cetirizine, Jardiance, Loratadine, Spironolactone",None,"Diabetes, Alzheimer's",English,White,Active,20,EMR_Cerner
207,Mary,Gutierrez,1993-07-06,Female,A+,mary.gutierrez@email.example.com,(228) 856-9135,,(930) 214-1379,"{""line1"": ""7664 Maple Dr"", ""apt"": "", # 48"", ""city"": ""San Diego"", ""state"": ""CA"", ""zip"": ""92101"", ""country"": ""USA""}",Married,Project Manager,Wright Corp,Aetna,POL-348840,GRP-5484,223,2024-11-22,2025-03-24,166,77,27.9,Non-Smoker,Sometimes,None,,"Acetaminophen, Albuterol, Cyclobenzaprine",None,"Stroke, Cancer, None",English,White,Active,14,EMR_Cerner
213,Scarlett,Ward,1963-04-24,Female,A+,,12345,Joseph Cruz,(209) 607-8587,"{""line1"": ""1205 Beechwood Ave"", ""apt"": """", ""city"": ""Colorado Springs"", ""state"": ""CO"", ""zip"": ""80901"", ""landmark"": ""Adjacent to Library"", ""country"": ""USA"", ""county"": ""Queens"", ""longitude"": -114.6297}",Single,Graphic Designer,Thompson Corp,Molina Healthcare,POL-454668,GRP-9510,63,2025-12-02,2027-04-24,157,69,28.0,Current Smoker,Occasional,"Codeine, Dust, Shellfish","Hyperlipidemia, Atrial Fibrillation","Levothyroxine, Ibuprofen, Metoprolol",None,"Hypertension, Alzheimer's",Spanish,White,Active,8,EMR_Cerner
214,Nicole,Long,1992-07-29,Female,O-,nicole.long@email.example.com,(478) 399-6196,Scott Gray,(641) 478-2804,"{""line1"": ""9041 Maple Dr"", ""apt"": """", ""city"": ""Washington"", ""state"": ""DC"", ""zip"": ""20001""}",Married,Military,White Corp,CareFirst,POL-751718,GRP-1731,442,2020-04-22,2023-12-06,171,67,22.9,Non-Smoker,None,"Shellfish, Peanuts, Pollen",COPD,"Montelukast, Hydrochlorothiazide, Meloxicam","Appendectomy, Carpal tunnel release, Coronary artery bypass grafting","None, Diabetes, Heart Disease",English,Black or African American,Active,13,EMR_Cerner
218,Miles,Robinson,1992-02-26,Male,B+,miles.robinson@email.example.com,abc-def-ghij,Carl Reynolds,(688) 859-8301,"{""line1"": ""989 Spring St"", ""apt"": """", ""city"": ""Washington"", ""state"": ""DC"", ""zip"": ""20001""}",Married,Driver,Kelly Corp,Centene,POL-379873,GRP-8778,480,2019-05-14,2021-09-24,162,56,21.3,Never Assessed,Occasional,"None, Dust, Penicillin",Osteoporosis,"Meloxicam, Bupropion",None,"None, Heart Disease",English,Two or More Races,Active,19,EMR_Cerner
223,Aaron,Green,1988-05-08,Male,O+,aaron.green@email.example.com,(712) 797-9396,Megan Campbell,John Smith,"{""line1"": ""1067 View Blvd"", ""apt"": """", ""city"": ""Indianapolis"", ""state"": ""IN"", ""zip"": ""46201"", ""longitude"": -87.8999, ""timezone"": ""America/Denver"", ""county"": ""Orange"", ""country"": ""USA""}",Single,Consultant,Gomez Corp,Molina Healthcare,POL-ABC,GRP-1155,106,2025-13-01,2028-09-08,172,72,-5,Non-Smoker,Occasional,"Codeine, Peanuts",,None,"Mastectomy, ACL reconstruction, Hemorrhoidectomy","None, Hypertension",Tagalog,White,Active,12,EMR_Cerner
224,Jason,Collins,1995-07-30,Male,O+,jason.collins@email.example.com,(649) 773-2483,Theodore Owens,(903) 595-3448,"{""line1"": ""6053 Cypress Dr"", ""apt"": "", Unit 28"", ""city"": ""San Antonio"", ""state"": ""TX"", ""zip"": ""78201"", ""timezone"": ""America/Los_Angeles"", ""longitude"": -120.936}",Married,HR Specialist,Sanchez Corp,,,,93,2024-02-20,,169,78,27.3,Non-Smoker,Moderate,"Penicillin, Codeine, None",Anemia,"Tramadol, Bupropion",Mastectomy,"Stroke, None, Asthma",Spanish,Hispanic or Latino,Active,6,EMR_Cerner
227,John,Jenkins,2001-01-24,Male,B+,john.jenkins@email.example.com,(458) 275-6762,Penelope Nguyen,(691) 232-7551,"{""line1"": ""8652 Cherry Ln"", ""apt"": "", Apt 45"", ""city"": ""Denver"", ""state"": ""CO"", ""zip"": ""80201""}",Married,Artist,Carter Corp,Oscar Health,POL-394246,GRP-5816,84,2023-08-25,2027-06-07,175,43,14.0,Non-Smoker,Heavy,None,"Osteoarthritis, Osteoarthritis",Amlodipine,None,None,English,White,Active,21,EMR_Cerner
231,Sharon,Simpson,1973-08-13,Female,AB-,sharon.simpson1@email.example.com,(636) 990-7720,Emily Wallace,(592) 375-4283,"{""line1"": ""3145 Fourth Ave"", ""apt"": """", ""city"": ""Tucson"", ""state"": ""AZ"", ""zip"": ""85701"", ""latitude"": 47.3015, ""street_type"": ""Rd""}",Married,Data Analyst,,UnitedHealthcare,POL-901722,GRP-7115,103,2022-10-09,2023-10-16,173,84,28.1,,Occasional,Dust,,"Lisinopril, Apixaban, Omeprazole, Sertraline",None,None,English,Hispanic or Latino,Active,30,EMR_Cerner
232,Justin,Moore,1995-01-14,Male,B+,justin.moore@email.example.com,(276) 246-4882,999-999-9999,(969) 652-9605,,Married,Electrician,Hill Corp,,POL-155406,GRP-4141,31,2021-03-12,2022-02-21,170,61,21.1,Current Smoker,Occasional,"None, Penicillin, Pollen",,"Metformin, Atorvastatin, Clopidogrel, Celecoxib",Colectomy,"Cancer, Hypertension",Spanish,White,,8,EMR_Cerner
237,Frank,Stewart,2000-02-25,Male,O-,frank.stewart@email.example.com,(988) 375-8595,Janet Castillo,(883) 931-7815,"{""line1"": ""4156 Franklin Blvd"", ""apt"": """", ""city"": ""Atlanta"", ""state"": ""GA"", ""zip"": ""30301"", ""county"": ""King""}",Separated,Plumber,Bryant Corp,Blue Cross Blue Shield,POL-378138,GRP-8941,106,2024-07-05,,186,72,20.8,Non-Smoker,None,"Dust, Peanuts, Shellfish","Hypothyroidism, Type 2 Diabetes, Migraine",None,"Gastric bypass, Hernia repair","Arthritis, Hypertension",English,White,Inactive,12,EMR_Cerner
242,Jose,Nguyen,1978-12-29,Male,A-,jose.nguyen@email.example.com,(882) 482-3287,Diane Campbell,(735) 748-7787,"{""line1"": ""9252 Highland Ave"", ""apt"": "", # 43"", ""city"": ""Oklahoma City"", ""state"": ""OK"", ""zip"": ""73101"", ""longitude"": -117.8238, ""latitude"": 29.022}",Single,Manager,Anderson Corp,Blue Cross Blue Shield,POL-697990,GRP-8228,206,2020-09-10,2022-08-14,173,80,26.7,Non-Smoker,Heavy,"Codeine, Pollen, None",,Montelukast,None,Asthma,English,Hispanic or Latino,Inactive,21,EMR_Cerner
245,Victor,Hayes,1951-05-24,Male,o+,victor.hayes@email.example.com,(296) 872-3486,Rebecca Ruiz,(912) 660-4705,"{""line1"": ""7505 Spring St"", ""apt"": """", ""city"": ""Fort Worth"", ""state"": ""TX"", ""zip"": ""76101"", ""timezone"": ""America/New_York""}",Widowed,Accountant,AAAAAAAAAAAAAAAAAAAAAAAAAAAAAAAAAAAAAAAAAAAAAAAAAAAAAAAAAAAAAAAAAAAAAAAAAAAAAAAAAAAAAAAAAAAAAAAAAAAAAAAAAAAAAAAAAAAAAAAAAAAAAAAAAAAAAAAAAAAAAAAAAAAAAAAAAAAAAAAAAAAAAAAAAAAAAAAAAAAAAAAAAAAAAAAAAAAAAAAA,,POL-328592,GRP-5652,57,2022-05-02,2022-06-11,178,74,23.4,Non-Smoker,None,None,Osteoarthritis,None,None,Heart Disease,Spanish,White,Active,18,EMR_Cerner
248,Jason,Ross,1978-08-14,Male,AB,jason.ross@email.example.com,(456) 960-9218,Lily Porter,(623) 816-7691,"{""line1"": ""5487 Jefferson Ave"", ""apt"": """", ""city"": ""Cleveland"", ""state"": ""OH"", ""zip"": ""44101"", ""neighborhood"": ""Midtown"", ""timezone"": ""America/Chicago"", ""street_type"": ""Rd""}",Married,Graphic Designer,Lewis Corp,Kaiser Permanente,POL-759647,GRP-3094,402,2020-08-19,2023-12-19,186,57,16.5,Former Smoker,Moderate,"Latex, Sulfa, NSAIDs",Atrial Fibrillation,None,ACL reconstruction,"Asthma, Stroke",Korean,White,Active,16,EMR_Cerner
,Megan,COOK,1975-05-15,Female,AB+,megan.cook@email.example.com,(799) 682-2724,Paul Ortiz,(462) 519-4967,"{""line1"": ""807 Union Ave"", ""apt"": """", ""city"": ""Raleigh"", ""state"": ""NC"", ""zip"": ""27601"", ""country"": ""USA"", ""street_type"": ""Dr""}",Married,---,,UnitedHealthcare,POL-387202,GRP-4145,459,2018-09-30,2019-06-04,164,56,20.8,Current Smoker,None,None,"Fibromyalgia, COPD",Levothyroxine,Appendectomy,"Heart Disease, Arthritis",Cantonese,Hispanic or Latino,Active,7,EMR_Cerner
252,Vincent,Flores,1995-10-26,Male,O-,vincent.flores@email.example.com,2125550199,David Turner,(589) 247-9044,"{""line1"": ""3614 Oak Ave"", ""apt"": "", Unit 27"", ""city"": ""Memphis"", ""state"": ""TN"", ""zip"": ""38101"", ""timezone"": ""America/Denver"", ""neighborhood"": ""Suburbs""}",Separated,Flight Attendant,Kim Corp,Cigna HealthCare,POL-752753,GRP-2804,216,2024-01-24,2027-08-31,169,84,29.4,Former Smoker,Former,"Latex, Dust, Codeine","Osteoarthritis, Chronic Kidney Disease",Duloxetine,None,None,English,White,Active,12,EMR_Cerner
257,Barbara,Castillo,1990-02-18,Female,A+,barbara.castillo@email.example.com,(686) 242-2595,Kenneth Hamilton,(456) 319-2742,"{""line1"": ""6902 Spring St"", ""apt"": """", ""city"": ""Denver"", ""state"": ""CO"", ""zip"": ""80201"", ""country"": ""USA""}",Married,Firefighter,,MetLife,POL-315279,GRP-9988,161,2018-01-30,2019-10-23,169,93,32.6,Non-Smoker,Former,"Latex, None, Shellfish",Chronic Fatigue,Albuterol,"Gastric bypass, C-section",None,English,White,Inactive,24,EMR_Cerner
260,Hannah,Wilson,1968-09-01,Female,A-,hannah.wilson@email.example.com,(493) 328-7640,Jacqueline James,(366) 804-4138,"{""line1"": ""Unknown"", ""city"": ""Unknown"", ""state"": ""NA"", ""zip"": ""00000"", ""timezone"": ""America/Chicago""}",Married,Plumber,Long Corp,Bright Health,,GRP-4799,332,2022-03-07,,170,80,27.7,Former Smoker,Moderate,"Codeine, Sulfa","Rheumatoid Arthritis, GERD, Depression, Osteoporosis","Duloxetine, Ibuprofen, Montelukast",Spinal fusion,None,English,White,Active,13,EMR_Cerner
265,Raymond,Thompson,2025-01-01,Male,A+,raymond.thompson@email.example.com,(664) 235-3505,Nora Wells,(734) 291-2166,"{""line1"": ""4407 Poplar St"", ""apt"": "", Apt 18"", ""city"": ""Minneapolis"", ""state"": ""MN"", ""zip"": ""55401""}",Married,Professor,Watson Corp,Molina Healthcare,POL-403605,GRP-9941,274,2019-02-12,2019-03-04,169,,25.9,Former Smoker,Moderate,"Peanuts, NSAIDs, Latex",Psoriasis,"Amlodipine, Montelukast, Jardiance",None,"Cancer, Arthritis, Stroke",Spanish,Hispanic or Latino,Active,11,EMR_Cerner
274,Joe,Martin,2025-06-15,Male,O+,joe.martin@email.example.com,(309) 273-5791,Samuel Ortiz,(542) 364-5842,"{""line1"": ""567 Ash Ct"", ""apt"": """", ""city"": ""El Paso"", ""state"": ""TX"", ""zip"": ""79901"", ""timezone"": ""America/Los_Angeles""}",Single,Psychologist,Price Corp,Bright Health,POL-130493,GRP-5061,462,tomorrow,2023-08-03,182,74,22.3,Non-Smoker,Occasional,"Pollen, Penicillin, NSAIDs","Irritable Bowel Syndrome, Hypothyroidism, Anemia",None,None,"Stroke, Asthma, Cancer",Spanish,Hispanic or Latino,Active,20,EMR_Cerner
282,Ruth,Gutierrez,2003-04-02,Female,A+,ruth.gutierrez@email.example.com,(425) 525-4139,Miles Jimenez,(885) 412-7301,"{""line1"": ""8411 Main St"", ""apt"": "", # 13"", ""city"": ""Tulsa"", ""state"": ""OK"", ""zip"": ""74101"", ""country"": ""USA"", ""neighborhood"": ""Uptown""}",Married,Chef,Lopez Corp,Blue Cross,POL-527404,GRP-5386,185,2023-12-07,2026-06-11,155,77,32.0,Non-Smoker,Occasional,"NSAIDs, Shellfish, Latex","Psoriasis, Osteoarthritis, Sleep Apnea",None,None,"Alzheimer's, None, Diabetes",English,White,Deceased,17,EMR_Cerner
297,Tyler,Garcia,1958-03-31,Mle,o+,tyler.garcia@email.example.com,(829) 476-1332,Nora Campbell,(850) 410-4971,"{""line1"": ""6361 Spring St"", ""apt"": "", Unit 46"", ""city"": ""Nashville"", ""state"": ""TN"", ""zip"": ""37201""}",,Veterinarian,Alvarez Corp,Harvard Pilgrim,POL-306397,GRP-5198,483,2023-06-10,2026-01-11,181,62,-5,Current Smoker,Occasional,None,"Asthma, Hypertension, Ulcerative Colitis","Albuterol, Aspirin",None,"Cancer, Alzheimer's",English,Hispanic or Latino,Active,12,EMR_Cerner
298,Kenneth,Roberts,1962-04-07,Male,A-,kenneth.roberts@email.example.com,(921) 835-7099,Luke Scott,(716) 919-6252,"{""line1"": ""251 Park Blvd"", ""apt"": """", ""city"": ""San Francisco"", ""state"": ""CA"", ""zip"": ""94101"", ""longitude"": -114.3958, ""county"": ""Harris"", ""floor_number"": 26, ""neighborhood"": ""Uptown""}",Divorced,Chef,,Oscar Health,POL-362480,GRP-9235,420,2022-05-06,2025-03-06,169,63,22.1,Non-Smoker,None,"Sulfa, Latex",Osteoarthritis,"Apixaban, Tramadol, Gabapentin, Aspirin",None,Alzheimer's,Cantonese,White,Active,11,EMR_Cerner
302,Nora,Chavez,1990-03-23,Female,O-,nora.chavez@email.example.com,(788) 811-2137,Paul Long,(994) 351-7782,"{""line1"": ""665 Main St"", ""apt"": "", Apt 30"", ""city"": ""Virginia Beach"", ""state"": ""VA"", ""zip"": ""23450"", ""neighborhood"": ""Downtown"", ""county"": ""Cook"", ""longitude"": -112.3603, ""street_type"": ""St""}",Married,Retail Associate,Myers Corp,,,,214,2024-12-05,2025-12-02,173,91,30.4,Never Assessed,,"NSAIDs, Sulfa, None",,"Hydrochlorothiazide, Acetaminophen",Hemorrhoidectomy,None,English,White,Active,19,EMR_Cerner
304,Anna,Owens,1974-07-26,Female,O+,anna.owens@email.example.com,(526) 725-4144,Jessica Patel,(888) 700-7596,"{""line1"": ""7461 Ninth St"", ""apt"": """", ""city"": ""Portland"", ""state"": ""OR"", ""zip"": ""97201"", ""street_type"": ""Pl"", ""county"": ""San Diego""}",Divorced,Chef,Ward Corp,Molina Healthcare,POL-139381,GRP-9195,275,2019-04-09,2022-03-27,164,80,29.7,Current Smoker,Moderate,None,Chronic Kidney Disease,"Albuterol, Amlodipine, Cyclobenzaprine, Meloxicam",None,None,English,White,Active,11,EMR_Cerner
309,Justin,Cooper,1963-12-26,Male,A+,justin.cooper@email.example.com,(885) 929-7236,Dorothy Griffin,(458) 410-7081,"{""line1"": ""792 Fourth Ave"", ""apt"": """", ""city"": ""Nashville"", ""state"": ""TN"", ""zip"": ""37201"", ""landmark"": ""Next to Mall"", ""neighborhood"": ""Southside"", ""latitude"": 33.6053, ""timezone"": ""America/Chicago"", ""county"": ""Sacramento""}",Married,UnemPloyed,Webb Corp,Anthem,POL-815304,GRP-7652,202,2022-12-06,2025-02-25,178,66,20.8,Never Assessed,Occasional,"Shellfish, Penicillin, None",Eczema,None,None,None,Tagalog,Hispanic or Latino,Active,8,EMR_Cerner
317,Sarah,Gonzales,1990-11-08,Female,AB+,sarah.gonzales@email.example.com,(579) 342-4987,Kimberly Rodriguez,(481) 241-5574,"{""line1"": ""4090 Monroe Dr"", ""apt"": """", ""city"": ""Omaha"", ""state"": ""NE"", ""zip"": ""68101"", ""street_type"": ""Ave"", ""longitude"": -79.1383, ""delivery_notes"": ""Gate code: #1234"", ""county"": ""Miami-Dade""}",Single,---,,Humana,POL-141123,GRP-7384,493,2021-01-19,2021-11-09,155,0,35.0,Never Assessed,None,None,Asthma,Levothyroxine,Sleeve gastrectomy,"Hypertension, Alzheimer's, Arthritis",English,Black or African American,Active,3,EMR_Cerner
319,Barbara,Wallace,1973-09-25,Female,A+,barbara.wallace@email.example.com,(475) 966-9927,Anthony Price,(958) 225-3317,"{""line1"": ""328 Oak Ave"", ""apt"": """", ""city"": ""New Orleans"", ""state"": ""LA"", ""zip"": ""70112"", ""latitude"": 43.1309}",Single,Military,Diaz Corp,Cigna HealthCare,POL-920807,GRP-4749,217,2022-06-19,2024-11-30,152,122,52.8,Former Smoker,Occasional,None,"Anxiety Disorder, Hypertension","Ozempic, Clopidogrel, Cetirizine, Sertraline",None,"Asthma, Alzheimer's",English,White,Active,18,EMR_Cerner
320,Willie,Sanchez,1950-06-22,Male,A+,not-an-email,(758) 924-9627,Jennifer Wallace,(625) 320-6547,"{""line1"": ""2542 Broadway"", ""apt"": """", ""city"": ""Denver"", ""state"": ""CO"", ""zip"": ""80201"", ""latitude"": 33.9896, ""county"": ""Miami-Dade"", ""timezone"": ""America/New_York"", ""longitude"": -96.6814}",Married,---,Ruiz Corp,UnitedHealthcare,POL-678293,GRP-4174,,2021-08-05,2022-04-23,9999,102,,never assessed,None,"Sulfa, Penicillin, Shellfish","Hyperlipidemia, Depression",None,Colectomy,"Cancer, Hypertension",English,White,Active,,EMR_Cerner
321,Ronald,Cox,1973-12-08,Male,O+,ronald.cox@email.example.com,(327) 437-7909,Terry Patel,(531) 413-5336,"{""line1"": ""4303 Fifth St"", ""apt"": """", ""city"": ""Las Vegas"", ""state"": ""NV"", ""zip"": ""89101"", ""country"": ""USA"", ""street_type"": ""Ct"", ""neighborhood"": ""Northside"", ""timezone"": ""America/New_York""}",Married,Business Owner,,Anthem,POL-595348,G1234,498,2024-11-08,2027-11-17,176,74,23.9,Non-Smoker,Moderate,None,Congestive Heart Failure,Prednisone,None,None,English,Hispanic or Latino,Active,15,EMR_Cerner
325,Jonathan,Jordan,1979-01-29,Male,A+,jonathan.jordan@email.example.com,(732) 261-4662,Jonathan Cole,(709) 397-5951,"{""line1"": ""5786 Franklin Blvd"", ""apt"": """", ""city"": ""Philadelphia"", ""state"": ""PA"", ""zip"": ""19101"", ""country"": ""USA""}",Married,Dental Hygienist,N/A,Highmark,POL-579849,GRP-2310,495,2024-08-23,2027-10-27,170,96,33.2,Non-Smoker,Moderate,Codeine,,"Lisinopril, Amlodipine, Clopidogrel, Metoprolol",None,"None, Alzheimer's",Spanish,White,Active,21,EMR_Cerner
327,Cynthia,Powell,1993-12-29,Female,A+,cynthia.powell@email.example.com,(815) 868-9709,Benjamin Hill,(824) 522-1912,"{""line1"": ""961 Washington Ave"", ""apt"": """", ""city"": ""Memphis"", ""state"": ""TN"", ""zip"": ""38101"", ""landmark"": ""Opposite Central Park"", ""county"": ""King"", ""longitude"": -77.803, ""country"": ""USA""}",Divorced,Social Worker,Butler Corp,Health Net,POL-754340,GRP-9656,442,2025-12-08,2029-09-06,165,100,36.7,Former Smoker,Occasional,"Sulfa, Peanuts, Dust",,"Hydrochlorothiazide, Levothyroxine",None,Diabetes,Spanish,Human,Active,13,EMR_Cerner
328,Walter,Roberts,1984-05-24,Male,O+,walter.roberts@email.example.com,(236) 559-6281,Virginia Peterson,(592) 832-4056,"{""line1"": ""229 Highland Ave"", ""apt"": "", Unit 25"", ""city"": ""San Antonio"", ""state"": ""TX"", ""zip"": ""78201""}",Single,Sales Representative,Alvarez Corp,Health Net,POL-549524,GRP-7005,274,2024-02-24,2027-12-16,173,71,23.7,Non-Smoker,Sometimes,"Dust, Shellfish, Sulfa",,Insulin glargine,None,Hypertension,English,Other,Active,11,EMR_Cerner
333,Alexander,Gray,1993-11-29,Male,O-,alexander.gray@email.example.com,(809) 828-8964,Jeffrey Patel,(462) 648-1463,"{""line1"": ""9338 First St"", ""apt"": """", ""city"": ""El Paso"", ""state"": ""TX"", ""zip"": ""79901"", ""latitude"": 42.5469, ""floor_number"": 9, ""timezone"": ""America/Chicago"", ""landmark"": ""Behind Metro Station""}",Single,Unemployed,Woods Corp,Cigna,POL-753620,GRP-1489,360,2019-11-06,2020-05-30,164,49,18.2,Current Smoker,Heavy,"Penicillin, Sulfa, Pollen",,"Eliquis, Duloxetine, Prednisone",Coronary artery bypass grafting,"Cancer, Arthritis",Spanish,Two or More Races,Active,10,EMR_Cerner
335,Eric,Taylor,2001-12-06,Male,O+,eric.taylor@email.example.com,(467) 446-2087,Mary Freeman,John Smith,"{""line1"": ""602 College Ave"", ""apt"": """", ""city"": ""Raleigh"", ""state"": ""NC"", ""zip"": ""27601"", ""neighborhood"": ""Historic District"", ""timezone"": ""America/New_York"", ""country"": ""USA""}",Separated,Mechanic,,Highmark,POL-343935,GRP-2507,438,2019-09-24,,169,87,30.5,Former Smoker,Heavy,Codeine,"Irritable Bowel Syndrome, Hypertension, Chronic Fatigue, Anemia","Cetirizine, Acetaminophen",None,"Diabetes, None",Spanish,White,Active,9,EMR_Cerner
342,Robert,Howard,1997-10-23,Male,A+,robert.howard@email.example.com,(210) 710-3847,Mark Wright,(293) 252-2424,"{""line1"": ""7449 Broadway"", ""apt"": """", ""city"": ""Mesa"", ""state"": ""AZ"", ""zip"": ""85201"", ""landmark"": ""Opposite Central Park"", ""timezone"": ""America/Denver"", ""neighborhood"": ""West Side""}",Married,Librarian,Campbell Corp,,,,499,2025-10-31,,171,69,23.6,Non-Smoker,None,Shellfish,"Hyperlipidemia, Asthma","Montelukast, Spironolactone, Amlodipine, Celecoxib",Thyroidectomy,Stroke,Spanish,White,Active,15,EMR_Cerner
343,Zachary,Reynolds,1998-08-20,Male,O-,zachary.reynolds@email.example.com,abc-def-ghij,Jonathan Harrison,(655) 454-8873,"{""line1"": ""7254 Madison St"", ""apt"": """", ""city"": ""Fresno"", ""state"": ""CA"", ""zip"": ""93701""}",Married,Manager,Adams Corp,Humana,POL-906036,GRP-9286,349,2019-03-25,2019-12-05,186,61,17.6,Current Smoker,Occasional,"None, Penicillin, Peanuts",Type 2 Diabetes,None,"Tonsillectomy, Total hip replacement, C-section",None,English,White,Active,20,EMR_Cerner
351,Julian,Martinez,1800-01-01,,o+,julian.martinez@email.example.com,(565) 739-2789,Ezra Bailey,(224) 929-3925,"{""line1"": ""682 Pine St"", ""apt"": """", ""city"": ""Seattle"", ""state"": ""WA"", ""zip"": ""98101"", ""timezone"": ""America/Los_Angeles""}",Single,Chef,Ramirez Corp,Blue Cross Blue Shield,POL-521951,GRP-9450,274,2025-02-04,2026-10-16,173,116,38.8,Never Assessed,Moderate,"Latex, Penicillin, Shellfish",,unknown,Hernia repair,"DM, HTN, CAD",English,White,Active,11,EMR_Cerner
353,Shirley,Carter,1990-09-25,Female,O+,shirley.carter@email.example.com,(245) 570-2965,Hannah Rivera,(415) 292-3182,"{""line1"": ""6791 Market St"", ""apt"": """", ""city"": ""Nashville"", ""state"": ""TN"", ""zip"": ""37201"", ""neighborhood"": ""West Side"", ""country"": ""USA""}",Single,Software Developer,Long Corp,Aetna,POL-859398,GRP-8828,47,2019-10-07,2020-12-05,164,60,22.3,Non-Smoker,Occasional,Dust,,"Ozempic, Lisinopril",None,"Cancer, Stroke",Mandarin,White,Active,19,EMR_Cerner
359,Kevin,Harris,2002-06-18,Male,A+,kevin.harris@email.example.com,(757) 898-5900,Kyle Reyes,(851) 520-3031,"{""line1"": ""2821 Sunset Dr"", ""apt"": """", ""city"": ""Washington"", ""state"": ""DC"", ""zip"": ""20001"", ""longitude"": -92.1259}",Single,Police Officer,Allen Corp,,,,233,2022-02-04,2023-10-13,171,67,22.9,Current Smoker,Moderate,"Codeine, Penicillin","GERD, Eczema, Atrial Fibrillation, Type 2 Diabetes",Pantoprazole,Colectomy,"None, Diabetes",English,Hispanic or Latino,Active,20,EMR_Cerner
360,Kyle,Robinson,,Male,O+,kyle.robinson@email.example.com,(244) 431-9277,Amy Ortiz,(835) 461-6592,"{""line1"": ""7915 View Blvd"", ""apt"": """", ""city"": ""Louisville"", ""state"": ""KY"", ""zip"": ""40201"", ""timezone"": ""America/Phoenix"", ""street_type"": ""Dr""}",Separated,---,Ford Corp,Harvard Pilgrim,POL-675259,GRP-3945,127,2020-07-17,2024-07-30,-10,69,21.5,Never Assessed,Moderate,"Penicillin, Pollen","Anemia, Migraine, COPD","Lisinopril, Loratadine, Warfarin","Hemorrhoidectomy, Rotator cuff repair",,English,White,Active,24,EMR_Cerner
361,Patrick,Cruz,2003-08-19,Male,O+,patrick.cruz@email.example.com,(764) 756-6042,Ezra Murphy,(775) 879-6586,"{""line1"": ""4909 Beechwood Ave"", ""apt"": "", Unit 43"", ""city"": ""Virginia Beach"", ""state"": ""VA"", ""zip"": ""23450"", ""timezone"": ""America/Denver"", ""country"": ""USA"", ""street_type"": ""Pl"", ""longitude"": -75.5064}",Married,---,Simpson Corp,Cigna,POL-894772,GRP-7042,424,2024-01-21,2025-09-17,164,71,26.4,Non-Smoker,None,"Penicillin, Codeine, Dust",Sleep Apnea,Metformin,"Angioplasty with stent, Cataract surgery",None,English,Black or African American,Active,7,EMR_Cerner
364,Katherine,TORRES,1992-03-01,Female,B+,katherine.torres@email.example.com,(804) 496-1356,Scarlett Allen,(399) 330-7249,"{""line1"": ""2674 Pleasant St"", ""apt"": """", ""city"": ""Oklahoma City"", ""state"": ""OK"", ""zip"": ""73101"", ""neighborhood"": ""West Side"", ""timezone"": ""America/Chicago"", ""country"": ""USA"", ""delivery_notes"": ""Call upon arrival""}",Married,Real Estate Agent,Flores Corp,Kaiser Permanente,POL-550521,GRP-3253,192,2024-04-27,2026-02-12,164,76,28.3,Non-Smoker,Occasional,Dust,"Hypertension, COPD, Coronary Artery Disease, Fibromyalgia","Albuterol, Bupropion",Total hip replacement,"Stroke, Diabetes",English,White,Active,22,EMR_Cerner
370,Jennifer,Tucker,2002-07-06,Female,A+,jennifer.tucker@email.example.com,(317) 890-3455,Dorothy Harrison,(520) 806-8243,"{""line1"": ""3714 Highland Ave"", ""apt"": """", ""city"": ""San Jose"", ""state"": ""CA"", ""zip"": ""95101"", ""neighborhood"": ""Waterfront"", ""latitude"": 30.9324, ""longitude"": -92.9668, ""country"": ""USA""}",Married,Project Manager,,CareFirst,POL-695916,GRP-9598,27,2020-07-31,2024-04-13,157,50,20.3,Non-Smoker,Occasional,"Codeine, Shellfish, Peanuts",,Tramadol,"Carpal tunnel release, Total hip replacement","Hypertension, Arthritis",English,Black or African American,Active,23,EMR_Cerner
380,Lucas,Evans,1992-06-27,Male,A+,lucas.evans@email.example.com,(401) 988-9937,Lauren Phillips,(680) 874-8352,"{""line1"": ""6930 Center St"", ""apt"": "", Suite 4"", ""city"": ""Miami"", ""state"": ""FL"", ""zip"": ""33101""}",Single,HR Specialist,,Independence Blue Cross,POL-153927,GRP-6738,119,2025-08-13,,187,81,23.2,Non-Smoker,None,"Latex, None, Penicillin","GERD, Chronic Kidney Disease, Rheumatoid Arthritis","Ibuprofen, Clopidogrel, Metformin, Lisinopril",Gastric bypass,"Diabetes, Stroke",Arabic,White,Active,2,EMR_Cerner
384,Lauren,Clark,1975-07-30,Female,A+,lauren.clark@email.example.com,(819) 442-9694,Walter Kelly,(346) 754-8363,"{""line1"": ""461 Sunset Dr"", ""apt"": """", ""city"": ""Austin"", ""state"": ""TX"", ""zip"": ""73301"", ""longitude"": -114.0424, ""timezone"": ""America/New_York"", ""country"": ""USA""}",Widowed,Writer,Harrison Corp,Atena,POL-216587,GRP-9482,214,2020-11-24,2022-12-31,163,43,16.2,Former Smoker,,"Latex, Sulfa, Peanuts",,"Apixaban, Omeprazole, Prednisone",None,None,English,White,Active,19,EMR_Cerner
386,William,Cook,2025-06-15,Male,A+,william.cook@email.example.com,(305) 596-8261,Samuel Watson,(234) 665-6547,"{""line1"": ""2166 Third St"", ""apt"": """", ""city"": ""Portland"", ""state"": ""OR"", ""zip"": ""97201"", ""street_type"": ""Way"", ""county"": ""Dallas"", ""longitude"": -97.1938}",Married,Data Analyst,Mitchell Corp,CareFirst,POL-251130,GRP-5103,497,2022-05-31,2025-05-10,171,81,27.7,Non-Smoker,Occasional,"PENICILLIN, SULFA","Chronic Kidney Disease, GERD","Duloxetine, Gabapentin",Thyroidectomy,None,Cantonese,Asian,Active,21,EMR_Cerner
391,Skylar,Wilson,1970-11-13,Female,O+,skylar.wilson@email.example.com,(324) 883-7764,Maria Murphy,(848) 925-1277,"{""line1"": ""8628 Second Ave"", ""apt"": "", Suite 6"", ""city"": ""Seattle"", ""state"": ""WA"", ""zip"": ""98101"", ""latitude"": 37.5122, ""timezone"": ""America/Denver"", ""neighborhood"": ""Downtown"", ""county"": ""Miami-Dade""}",Married,Pharmacist,,Bright Health,POL-261526,GRP-8178,397,2020-07-14,,165,44,16.2,Former Smoker,Occasional,"None, Peanuts, Penicillin",Irritable Bowel Syndrome,"Prednisone, Tramadol, Insulin glargine, Meloxicam",None,"Alzheimer's, Hypertension, None",English,White,Active,9,EMR_Cerner
394,Laura,Johnson,1960-10-07,Female,O-,laura.johnson@email.example.com,(288) 479-9450,Paul Adams,(606) 669-3313,"{""line1"": ""6771 Ninth St"", ""apt"": """", ""city"": ""Charlotte"", ""state"": ""NC"", ""zip"": ""28201"", ""county"": ""Maricopa""}",Married ,Retired,Ellis Corp,Molina Healthcare,POL-801846,GRP-2102,86,2020-10-24,2022-02-26,160,61,23.8,Non-Smoker,Occasional,"Shellfish, Dust, Latex","Osteoporosis, Eczema, Anemia",Amlodipine,None,"Cancer, Stroke",Mandarin,White,Active,12,EMR_Cerner
397,Dorothy,Chavez,1978-02-11,Female,A-,dorothy.chavez@email.example.com,(939) 432-5278,Kathleen Jenkins,(874) 855-5090,"{""line1"": ""4878 Washington Ave"", ""apt"": """", ""city"": ""Omaha"", ""state"": ""NE"", ""zip"": ""68101""}",Separated,Graphic Designer,Gonzales Corp,Independence Blue Cross,POL-759797,GRP-7347,451,2025-11-11,2026-11-09,164,95,35.3,Non-Smoker,Moderate,"Latex, Shellfish, Pollen",", ",None,none,"Asthma, Heart Disease, Alzheimer's",,Hispanic or Latino,Active,25,EMR_Cerner
399,Joe,Ramos,1994-12-07,Male,A+,joe.ramos@email.example.com,(389) 961-7213,Skylar Green,(769) 250-4979,"{""line1"": ""5288 Aspen Ct"", ""apt"": """", ""city"": ""Tampa"", ""state"": ""FL"", ""zip"": ""33601"", ""latitude"": 32.7129, ""county"": ""Queens""}",Single,Plumber,N/A,Tufts Health Plan,POL-619069,GRP-1383,396,2021-09-27,2022-01-02,185,88,25.7,Non-Smoker,Moderate,None,"Hypertension, Atrial Fibrillation","Clopidogrel, Bupropion, Montelukast, Spironolactone",Appendectomy,None,Mandarin,White,Active,1,EMR_Cerner
400,Jacqueline,Gonzalez,1996-11-08,Female,O+,jacqueline.gonzalez@email.example.com,(447) 569-7480,Anna Crawford,(974) 519-9579,"{""line1"": ""4228 Cherry Ln"", ""apt"": "", Apt 8"", ""city"": ""Indianapolis"", ""state"": ""IN"", ""zip"": ""46201"", ""neighborhood"": ""East Side""}",Divorced,---,Peterson Corp,CareFirst,POL-196940,GRP-3870,257,2019-05-25,2020-12-01,171,41,14.0,Never Assessed,Moderate,Pollen,,"Atorvastatin, Hydrochlorothiazide, Aspirin",None,"Diabetes, Cancer, Arthritis",Arabic,White,Inactive,12,EMR_Cerner
401,Harrison,Walker,1997-01-23,Male,A+,harrison.walker@email.example.com,(324) 269-3780,Albert Reed,(425) 497-5420,"{""line1"": ""8294 Magnolia Way"", ""apt"": """", ""city"": ""Portland"", ""state"": ""OR"", ""zip"": ""97201""}",Single,Military,Gray Corp,Humana,POL-890192,GRP-6981,241,2019-04-29,,165,87,32.0,Current Smoker,None,None,,"Metoprolol, Insulin glargine, Gabapentin, Hydrochlorothiazide",,"Alzheimer's, Cancer",Korean,White,Active,10,EMR_Cerner
406,Russell,Myers,2025-06-15,Male,A+,russell.myers@email.example.com,(379) 331-2375,Skylar Cole,(852) 583-9284,"{""line1"": ""9939 Monroe Dr"", ""apt"": "", Suite 21"", ""city"": ""Raleigh"", ""state"": ""NC"", ""zip"": ""27601"", ""latitude"": 47.7495}",Single,Artist,Adams Corp,,,,242,2020-09-18,2024-10-18,180,102,31.5,Non-Smoker,Occasional,"None, Penicillin, Shellfish","Asthma, Coronary Artery Disease","Acetaminophen, Cetirizine",None,None,English,White,Deceased,19,EMR_Cerner
408,Debra,Flores,1990-12-02,Female,AB-,debra.flores@email.example.com,(945) 922-8561,Donna Sanchez,(654) 768-5889,,Divorced,Retail Associate,Foster Corp,Oscar Health,POL-913456,GRP-4956,443,2023-03-23,2025-03-24,160,68,26.6,Non-Smoker,Moderate,"None, Latex","Irritable Bowel Syndrome, Ulcerative Colitis, Asthma",None,"Rotator cuff repair, Appendectomy","Stroke, Arthritis",Spanish,White,Active,15,EMR_Cerner
414,Michelle,Murphy,1986-05-23,Female,O+,michelle.murphy@email.example.com,(720) 762-8571,Donna Kelly,(200) 301-5407,"{""line1"": ""8875 Pine St"", ""apt"": """", ""city"": ""Portland"", ""state"": ""OR"", ""zip"": ""97201"", ""neighborhood"": ""Northside"", ""latitude"": 26.0632, ""delivery_notes"": ""Deliver to reception""}",Separated,Scientist,Perez Corp,MetLife,POL-884647,GRP-7830,497,2020-06-08,2023-03-31,168,73,25.9,Non-Smoker,Sometimes,"Shellfish, None, Latex","Type 2 Diabetes, Sleep Apnea, Osteoporosis, Coronary Artery Disease","Bupropion, Insulin glargine, Metformin",None,Alzheimer's,Spanish,Black or African American,Active,21,EMR_Cerner
424,Emma,,2004-08-25,Female,O+,emma.hicks@email.example.com,(749) 763-7717,Harrison Marshall,(555) 255-5311,"{""line1"": ""8056 Main St"", ""apt"": """", ""city"": ""Milwaukee"", ""state"": ""WI"", ""zip"": ""53201"", ""county"": ""Dallas"", ""street_type"": ""St"", ""latitude"": 25.0082, ""country"": ""USA""}",Single,Writer,Woods Corp,Blue Cross Blue Shield,POL-770598,GRP-5050,179,2022-05-18,,163,120,45.2,Non-Smoker,None,"Latex, Peanuts, None","Eczema, Rheumatoid Arthritis, Ulcerative Colitis, Chronic Fatigue","Pantoprazole, Metformin",None,"Arthritis, Cancer",Spanish,Asian,Active,12,EMR_Cerner
425,Willie,Marshall,1968-05-09,Male,AB+,willie.marshall@email.example.com,(635) 960-4141,Albert Adams,(799) 973-9528,"{""line1"": ""692 Broadway"", ""apt"": """", ""city"": ""Indianapolis"", ""state"": ""IN"", ""zip"": ""46201""}",Married,Electrician,Wood Corp,CareFirst,POL-588437,GRP-4596,476,2020-08-15,2021-11-27,9999,53,17.5,Non-Smoker,Heavy,"Penicillin, Sulfa",Ulcerative Colitis,"Bupropion, Hydrochlorothiazide, Omeprazole, Albuterol",None,None,Vietnamese,,Inactive,19,EMR_Cerner
,Gabriel,Brooks,1981-07-12,Male,O+,gabriel.brooks@email.example.com,(638) 962-3916,William Jimenez,(528) 217-3115,"{""line1"": ""9605 Jefferson Ave"", ""apt"": """", ""city"": ""San Francisco"", ""state"": ""CA"", ""zip"": ""94101"", ""street_type"": ""Ct"", ""timezone"": ""America/Chicago""}",,Administrative Assistant,Simpson Corp,Aetna,POL-445897,GRP-5715,61,2022-10-06,2023-07-03,189,0,31.9,Former Smoker,None,"NSAIDs, Shellfish, Dust","Chronic Kidney Disease, Crohn's Disease","Ibuprofen, Lisinopril",None,None,ENGLISH,White,Active,9,EMR_Cerner
433,Ryan,Reynolds,1961-11-07,Male,A-,ryan.reynolds@email.example.com,(573) 212-9931,Jeffrey Reynolds,(605) 655-1247,"{""line1"": ""288 Seventh St"", ""apt"": "", Suite 24"", ""city"": ""Milwaukee"", ""state"": ""WI"", ""zip"": ""53201"", ""country"": ""USA""}",Widowed,Retail Associate,Powell Corp,Oscar Health,POL-758701,GRP-3496,205,2021-02-26,,184,76,22.4,Non-Smoker,Occasional,"Dust, Shellfish, NSAIDs","Sleep Apnea, Atrial Fibrillation, Hypertension","Losartan, Lisinopril, Celecoxib, Levothyroxine",None,None,English,Hispanic or Latino,Inactive,9,EMR_Cerner
448,Hannah,Thompson,1957-01-17,Female,O+,hannah.thompson@email.example.com,(203) 846-7185,Dorothy Gomez,(919) 347-6562,"{""line1"": ""5759 Main St"", ""apt"": """", ""city"": ""San Francisco"", ""state"": ""CA"", ""zip"": ""94101"", ""county"": ""Sacramento""}",Married,Dental Hygienist,Allen Corp,Anthem,POL-636980,GRP-6112,21,2022-07-26,2024-09-17,159,53,21.0,Former Smoker,Occasional,"NSAIDs, Peanuts, Dust","Type 2 Diabetes, COPD, Anemia, Atrial Fibrillation",Meloxicam,Meniscectomy,None,English,Hispanic or Latino,Active,12,EMR_Cerner
456,Avery,Gutierrez,1993-12-15,Female,A+,avery.gutierrez@email.example.com,(414) 285-3697,Alexander Baker,(409) 941-3251,"{""line1"": ""4529 Birch St"", ""apt"": """", ""city"": ""Dallas"", ""state"": ""TX"", ""zip"": ""75201"", ""county"": ""San Diego"", ""longitude"": -102.9802}",Single,HR Specialist,West Corp,Harvard Pilgrim,POL-200791,GRP-7163,257,2020-08-05,,161,64,24.7,Former Smoker,None,None,Osteoarthritis,"Celecoxib, Gabapentin, Aspirin, Metformin",None,Stroke,Mandarin,White,Active,12,EMR_Cerner
457,Susan,###,1976-06-23,Female,A+,susan.ortiz@email.example.com,(235) 725-3343,Jose Martinez,(961) 900-7946,"{""line1"": ""8819 Fifth St"", ""apt"": "", Suite 21"", ""city"": ""Albuquerque"", ""state"": ""NM"", ""zip"": ""87101"", ""latitude"": 41.0529, ""county"": ""Orange"", ""neighborhood"": ""Waterfront""}",Single,Data Analyst,Washington Corp,Oscar Health,POL-444313,GRP-2493,423,2022-12-30,2027-01-14,164,89,33.1,Smoker,Occasional,"Latex, Dust",Eczema,"Levothyroxine, Bupropion",None,None,Mandarin,White,Active,13,EMR_Cerner
462,Gary,Morris,,Male,O+,gary.morris@email.example.com,(706) 429-2787,Elizabeth White,(677) 624-6610,"{""line1"": ""9440 Magnolia Way"", ""apt"": """", ""city"": ""Philadelphia"", ""state"": ""PA"", ""zip"": ""19101""}",Single,Lawyer,Hughes Corp,Anthem,POL-487987,GRP-4158,444,2019-10-14,2023-08-06,182,64,19.3,Non-Smoker,Heavy,"Latex, Dust, Codeine","Chronic Fatigue, Irritable Bowel Syndrome, Hypothyroidism",None,"Mastectomy, Colectomy",None,Mandarin,Black or African American,Active,4,EMR_Cerner
463,John,,2001-05-04,Male,O+,john.morris@email.example.com,(987) 664-7330,Jackson Martinez,(446) 758-9241,"{""line1"": ""2145 Maple Dr"", ""apt"": "", Suite 47"", ""city"": ""Oklahoma City"", ""state"": ""OK"", ""zip"": ""73101"", ""timezone"": ""America/Los_Angeles"", ""street_type"": ""Rd"", ""longitude"": -88.1134}",Divorced,Plumber,Fisher Corp,Molina Healthcare,POL-383049,GRP-9034,242,2021-06-19,2025-07-05,180,70,21.6,Non-Smoker,2 beers/week,"Sulfa, Pollen, Codeine",", ","Omeprazole, Spironolactone, Metformin, Ibuprofen",None,"Asthma, Alzheimer's, Cancer",English,White,Active,19,EMR_Cerner
464,Nicholas,Alvarez,1992-04-13,Male,O+,nicholas.alvarez@email.example.com,(538) 903-2855,Timothy Torres,(727) 677-8289,"{""line1"": ""4354 Cherry Ln"", ""apt"": "", # 30"", ""city"": ""Philadelphia"", ""state"": ""PA"", ""zip"": ""19101""}",Married,Retired,Martin Corp,Health Net,POL-257691,GRP-6667,107,2019-02-01,2021-10-28,169,74,25.9,Non-Smoker,Former,"None, Dust, Codeine",,Duloxetine,None,Alzheimer's,English,White,Active,20,EMR_Cerner
474,Skylar,Rodriguez,2005-04-05,Female,B+,skylar.rodriguez@email.example.com,(336) 938-2039,Emma Russell,(723) 507-4836,"{""line1"": ""3155 Spring St"", ""apt"": "", # 16"", ""city"": ""Indianapolis"", ""state"": ""IN"", ""zip"": ""46201"", ""county"": ""Queens""}",Married,Business Owner,,Bright Health,POL-754055,GRP-7511,202,2020-03-16,2021-02-22,160,107,41.8,Former Smoker,Heavy,"Shellfish, None","Fibromyalgia, Ulcerative Colitis, Crohn's Disease",None,None,Stroke,Mandarin,White,Active,8,EMR_Cerner
477,Bobby,Sanders,2004-09-27,Non-Binary,A+,bobby.sanders@email.example.com,(884) 618-5891,Dylan Baker,(537) 390-2657,"{""line1"": ""753 Sunset Dr"", ""apt"": "", Apt 46"", ""city"": ""Louisville"", ""state"": ""KY"", ""zip"": ""40201"", ""longitude"": -112.9392, ""country"": ""USA""}",Married,Chef,,Cigna,POL-837412,GRP-8338,196,2025-10-25,2029-10-15,,96,38.0,Non-Smoker,Moderate,"Pollen, None, Codeine",,Losartan,None,"Cancer, None",Arabic,White,Active,10,EMR_Cerner
485,Anthony,Foster,1970-01-28,Male,A+,anthony.foster@email.example.com,(476) 915-8313,Luke Sanders,(940) 301-6185,"{""line1"": ""326 Cypress Dr"", ""apt"": """", ""city"": ""Minneapolis"", ""state"": ""MN"", ""zip"": ""55401""}",Single,Chef,,Atena,POL-711106,GRP-5893,267,2018-02-28,2022-02-27,188,105,29.7,Never Assessed,Occasional,"None, Shellfish, Pollen","Sleep Apnea, Ulcerative Colitis, Anxiety Disorder, Type 2 Diabetes",Aspirin,None,"Stroke, Cancer",Cantonese,Black or African American,Active,10,EMR_Cerner
488,Virginia,Gonzales,1800-01-01,Female,O+,virginia.gonzales@email.example.com,(981) 346-3982,Savannah Taylor,(378) 378-1091,"{""line1"": ""4238 Forest Ave"", ""apt"": "", Unit 17"", ""city"": ""Dallas"", ""state"": ""TX"", ""zip"": ""75201""}",Single,Nurse,Diaz Corp,Kaiser Permanente,POL-555165,GRP-7934,299,2018-06-20,2019-10-12,163,79,29.7,Former Smoker,Sometimes,"Penicillin, Codeine",,None,None,None,Spanish,White,Active,1,EMR_Cerner
489,Savannah,Morgan,1963-08-21,Female,O+,savannah.morgan@email.example.com,(629) 758-7355,Raymond White,(967) 476-1578,"{""line1"": ""8249 Second Ave"", ""apt"": """", ""city"": ""Cleveland"", ""state"": ""OH"", ""zip"": ""44101"", ""neighborhood"": ""Historic District""}",Married,Doctor,Taylor Corp,MetLife,POL-101276,GRP-3488,33,,2024-05-09,158,64,25.6,Non-Smoker,Moderate,"Codeine, Latex, Penicillin","Eczema, Type 2 Diabetes",Prednisone,None,None,French,White,Active,1,EMR_Cerner
490,Deborah,Fisher,1989-03-27,Female,O+,deborah.fisher@email.example.com,(578) 669-3577,Rebecca Allen,(558) 668-4874,"{""line1"": ""2446 Magnolia Way"", ""apt"": """", ""city"": ""Boston"", ""state"": ""MA"", ""zip"": ""02101"", ""timezone"": ""America/Chicago"", ""neighborhood"": ""Suburbs"", ""delivery_notes"": ""Ring bell"", ""county"": ""Harris""}",Widowed,Dental Hygienist,Reynolds Corp,Independence Blue Cross,POL-718763,GRP-4747,356,2020-05-01,2020-10-29,162,44,16.8,Non-Smoker,Occasional,None,"Atrial Fibrillation, Ulcerative Colitis","Amlodipine, Atorvastatin, Aspirin, Sertraline",None,Hypertension,French,White,Active,5,EMR_Cerner
495,Robert,Patel,2001-03-08,Male,O+,robert.patel1@email.example.com,(925) 786-8573,Heather Gutierrez,(255) 644-2154,"{""line1"": ""4691 Maple Dr"", ""apt"": """", ""city"": ""Austin"", ""state"": ""TX"", ""zip"": ""73301"", ""country"": ""USA"", ""county"": ""Harris"", ""timezone"": ""America/Phoenix""}",Married,Driver,Sanders Corp,Humana,POL-866605,GRP-1577,213,tomorrow,2024-12-27,172,77,26.0,Non-Smoker,None,None,,"Metformin, Montelukast, Duloxetine, Omeprazole",None,"Arthritis, Stroke",Spanish,Black or African American,Active,15,EMR_Cerner
498,Nicholas,Morris,1987-07-23,Male,A+,nicholas.morris@email.example.com,(556) 709-5827,Andrea Alvarez,(840) 242-5663,"{""line1"": ""7925 Fourth Ave"", ""apt"": "", Apt 44"", ""city"": ""San Francisco"", ""state"": ""CA"", ""zip"": ""94101"", ""country"": ""USA"", ""landmark"": ""Near City Hall""}",Married,Social Worker,,,,,101,2020-05-17,2021-09-10,185,87,-5,Former Smoker,Moderate,None,"Hypertension, Osteoarthritis, Sleep Apnea",None,None,"Cancer, None",Tagalog,Asian,Active,19,EMR_Cerner
513,Sarah,Rogers,1970-07-16,Female,B+,sarah.rogers@email.example.com,(360) 869-8444,Dorothy Fisher,(861) 941-8032,"{""line1"": ""9769 Park Blvd"", ""apt"": """", ""city"": ""Cleveland"", ""state"": ""OH"", ""zip"": ""44101"", ""street_type"": ""Ln"", ""country"": ""USA"", ""timezone"": ""America/Phoenix""}",Single,Nurse,,Bright Health,POL-832621,GRP-1777,336,2023-12-31,2027-11-17,160,76,29.7,Former Smoker,Former,"Codeine, Sulfa, Peanuts",N/A,"Metoprolol, Levothyroxine, Prednisone",none,"Stroke, Heart Disease",Spanish,White,Active,6,EMR_Cerner
514,Justin,Rodriguez,1990-12-23,Male,A+,justin.rodriguez@email.example.com,(336) 482-7887,Helen Ortiz,(581) 473-1265,"{""line1"": ""5427 Sycamore Ave"", ""apt"": "", Apt 8"", ""city"": ""Austin"", ""state"": ""TX"", ""zip"": ""73301"", ""timezone"": ""America/Denver"", ""longitude"": -112.0808, ""neighborhood"": ""West Side""}",Single,Chef,Parker Corp,Oscar Health,POL-936954,GRP-3221,457,2018-05-08,2022-04-27,177,77,24.6,Never Assessed,Heavy,"Sulfa, Peanuts, None","Type 2 Diabetes, Migraine, Rheumatoid Arthritis, Osteoarthritis",Hydrochlorothiazide,"Appendectomy 2018, Cholecystectomy 2020","Heart Disease, Cancer",Vietnamese,White,Active,6,EMR_Cerner
522,Lucas,Woods,2002-04-30,Male,O+,lucas.woods@email.example.com,(242) 743-6158,Brenda Phillips,(323) 545-3360,"{""line1"": ""8235 Walnut Ave"", ""apt"": """", ""city"": ""Louisville"", ""state"": ""KY"", ""zip"": ""40201"", ""landmark"": ""Behind Metro Station"", ""street_type"": ""Way"", ""timezone"": ""America/Phoenix""}",married,Mechanic,,UnitedHealthcare,POL-677683,GRP-6938,292,2024-07-22,2027-12-30,188,73,20.7,Non-Smoker,Former,None,"Type 2 Diabetes, Hypertension, Chronic Fatigue, GERD, Type 2 Diabetes, Hypertension, Chronic Fatigue, GERD",Jardiance,None,"Arthritis, Heart Disease, Stroke",English,Black or African American,Active,14,EMR_Cerner
523,Virginia,Sanchez,2003-03-06,Female,A+,virginia.sanchez@email.example.com,(679) 362-6165,Lucas Thomas,(442) 878-3343,"{""line1"": ""Unknown"", ""city"": ""Unknown"", ""state"": ""NA"", ""zip"": ""00000"", ""latitude"": 26.8575, ""country"": ""USA"", ""longitude"": -118.6357}",Married,Retail Associate,Webb Corp,Geisinger,POL-666678,GRP-8655,118,2022-12-29,2023-05-22,165,47,17.3,Non-Smoker,Occasional,Pollen,"Osteoporosis, Anxiety Disorder","Clopidogrel, Metformin","Appendectomy 2018, Cholecystectomy 2020","Heart Disease, None, Hypertension",Spanish,White,Active,20,EMR_Cerner
526,Theodore,Castillo,1980-05-27,Male,O+,theodore.castillo@email.example.com,(805) 374-7053,Jose Russell,(410) 251-9189,"{""line1"": ""5208 Lincoln Blvd"", ""apt"": "", Suite 15"", ""city"": ""Colorado Springs"", ""state"": ""CO"", ""zip"": ""80901"", ""county"": ""Orange""}",Separated,Accountant,,Oscar Health,POL-205199,GRP-3996,348,2021-12-14,2025-05-31,182,89,26.9,Former Smoker,None,"Peanuts, Latex, None","Eczema, COPD, Crohn's Disease, Atrial Fibrillation","Acetaminophen, Insulin glargine, Ozempic",Tonsillectomy,Diabetes,English,Black or African American,Active,18,EMR_Cerner
527,Silas,Collins,1999-12-23,Male,A+,silas.collins@email.example.com,(805) 374-7053,Isaac Bennett,(926) 511-3915,"{""line1"": ""5160 Market St"", ""apt"": """", ""city"": ""Las Vegas"", ""state"": ""NV"", ""zip"": ""89101"", ""longitude"": -81.6443, ""street_type"": ""Rd"", ""latitude"": 36.6391}",Divorced,Social Worker,Cooper Corp,Blue Cross Blue Shield,POL-212773,GRP-3921,484,2019-10-30,2022-06-21,172,75,25.4,Non-Smoker,Occasional,"PENICILLIN, SULFA",COPD,"Amlodipine, Atorvastatin, Montelukast, Loratadine","Hemorrhoidectomy, Thyroidectomy","Diabetes, Heart Disease, Alzheimer's",English,Hispanic or Latino,Deceased,25,EMR_Cerner
530,Mary,Brown,,F,O+,mary.brown@email.example.com,(430) 224-4417,Paul Patel,(927) 664-2733,"{""line1"": ""2796 Birch St"", ""apt"": "", Apt 11"", ""city"": ""Sacramento"", ""state"": ""CA"", ""zip"": ""94201"", ""latitude"": 37.8242, ""delivery_notes"": ""Deliver to reception""}",Married ,Electrician,Gonzales Corp,MetLife,,GRP-7190,382,2019-02-26,2022-01-18,169,101,35.4,Non-Smoker,None,"NSAIDs, None",Osteoporosis,"Aspirin, Ibuprofen, Insulin glargine","Colectomy, Spinal fusion","Diabetes, Hypertension",Tagalog,White,Inactive,12,EMR_Cerner
531,Betty,Jones,1990-06-01,Mle,A+,betty.jones@email.example.com,(276) 809-5896,George Cruz,(918) 208-6710,"{""line1"": ""4953 Broadway"", ""apt"": """", ""city"": ""Cleveland"", ""state"": ""OH"", ""zip"": ""44101"", ""neighborhood"": ""Downtown"", ""country"": ""USA"", ""longitude"": -118.0267, ""street_type"": ""St""}",Single,Artist,AAAAAAAAAAAAAAAAAAAAAAAAAAAAAAAAAAAAAAAAAAAAAAAAAAAAAAAAAAAAAAAAAAAAAAAAAAAAAAAAAAAAAAAAAAAAAAAAAAAAAAAAAAAAAAAAAAAAAAAAAAAAAAAAAAAAAAAAAAAAAAAAAAAAAAAAAAAAAAAAAAAAAAAAAAAAAAAAAAAAAAAAAAAAAAAAAAAAAAAA,Blue Cross Blue Shield,POL-856513,GRP-6238,155,2025-01-07,2025-07-02,175,95,31.0,Non-Smoker,Heavy,Penicillin,"Anxiety Disorder, Hypothyroidism",Ozempic,"Mastectomy, Laminectomy","Hypertension, Heart Disease, Asthma",English,White,Inactive,12,EMR_Cerner
532,Kathleen,Murphy,1961-07-07,Female,B+,kathleen.murphy@email.example.com,(817) 633-3831,Zachary Cooper,(229) 452-5418,"{""line1"": ""8275 Ash Ct"", ""apt"": "", # 27"", ""city"": ""Colorado Springs"", ""state"": ""CO"", ""zip"": ""80901"", ""neighborhood"": ""Uptown""}",Single,---,Clark Corp,Highmark,POL-784201,GRP-8994,359,2025-05-31,2027-11-04,165,40,14.7,Current Smoker,Heavy,"NSAIDs, Peanuts, Latex","Ulcerative Colitis, Atrial Fibrillation, Anxiety Disorder","Bupropion, Albuterol, Spironolactone, Cetirizine",None,"Stroke, Cancer",English,White,Active,12,EMR_Cerner
535,Donna,Cruz,1996-01-18,Female,A+,donna.cruz@email.example.com,(704) 939-5338,Timothy Watson,(924) 717-5928,"{""line1"": ""6135 Fifth St"", ""apt"": "", Suite 3"", ""city"": ""Las Vegas"", ""state"": ""NV"", ""zip"": ""89101"", ""latitude"": 29.1941, ""country"": ""USA""}",,Dental Hygienist,Ramirez Corp,Kaiser Permanente,POL-818494,GRP-7410,119,2025-06-11,2025-10-27,166,83,30.1,Non-Smoker,Occasional,Peanuts,"Hypothyroidism, Crohn's Disease","Bupropion, Metformin, Montelukast, Ozempic",None,None,English,Black or African American,Active,2,EMR_Cerner
537,Harold,White,2001-05-15,Male,O+,harold.white@email.example.com,(557) 386-2211,Carol Adams,(894) 457-2269,"{""line1"": ""469 Oak Ave"", ""apt"": """", ""city"": ""Sacramento"", ""state"": ""CA"", ""zip"": ""94201"", ""street_type"": ""Way"", ""neighborhood"": ""Historic District""}",Separated,Professor,Lopez Corp,Kaiser Permanente,,GRP-2071,318,2021-04-12,2023-12-15,188,75,21.2,Never Assessed,Occasional,"Dust, Latex, Codeine",,None,Laminectomy,None,Korean,White,Active,10,EMR_Cerner
540,Pamela,Hunter,2002-06-05,Female,O+,pamela.hunter@email.example.com,(437) 504-4288,Abigail Gonzales,(846) 460-3377,"{""line1"": ""4984 Hickory St"", ""apt"": """", ""city"": ""Memphis"", ""state"": ""TN"", ""zip"": ""38101"", ""latitude"": 41.4062, ""neighborhood"": ""Northside""}",Single,Bank Teller,,Centene,POL-697724,GRP-3626,138,2022-10-28,2023-05-20,156,56,23.0,Current Smoker,None,"NSAIDs, Sulfa",Anxiety Disorder,"Eliquis, Celecoxib","Total knee replacement, Sleeve gastrectomy","Hypertension, Stroke",Tagalog,White,Active,4,EMR_Cerner
542,Nathan,Foster,1973-12-12,Male,AB-,nathan.foster@email.example.com,(545) 255-4295,Caleb Mitchell,(720) 741-1276,"{""line1"": ""3851 Church St"", ""apt"": """", ""city"": ""Louisville"", ""state"": ""KY"", ""zip"": ""40201"", ""neighborhood"": ""Uptown"", ""country"": ""USA"", ""longitude"": -102.9213}",Married,Pilot,,Aetna,POL-628478,GRP-6563,495,2023-11-17,2026-04-20,171,90,30.8,Former Smoker,Occasional,"Codeine, Penicillin, Pollen",,"Celecoxib, Amlodipine","Total hip replacement, C-section","Diabetes, Alzheimer's",Arabic,Other,Active,21,EMR_Cerner
543,Daniel,Patel,1996-12-08,Male,B-,daniel.patel@email.example.com,(602) 471-7493,Sandra Bennett,(788) 926-9215,"{""line1"": ""2900 Adams Way"", ""apt"": """", ""city"": ""Philadelphia"", ""state"": ""PA"", ""zip"": ""19101"", ""street_type"": ""Cir"", ""longitude"": -76.5967, ""country"": ""USA"", ""timezone"": ""America/Chicago""}",Divorced,Doctor,Carter Corp,,,,105,2022-04-22,2023-06-05,177,106,33.8,Former Smoker,Moderate,"Pollen, None, NSAIDs",,"Duloxetine, Eliquis",None,Arthritis,Spanish,Hispanic or Latino,Active,10,EMR_Cerner
552,Timothy,Roberts,1993-02-12,Male,O+,timothy.roberts@email.example.com,(686) 787-1509,Catherine Washington,(222) 515-1803,"{""line1"": ""5906 Hickory St"", ""apt"": """", ""city"": ""Sacramento"", ""state"": ""CA"", ""zip"": ""94201"", ""neighborhood"": ""East Side"", ""country"": ""USA"", ""county"": ""Dallas"", ""longitude"": -87.8886, ""latitude"": 26.8417}",Married,Sales Representative,,Cigna,POL-807685,GRP-8464,73,2021-11-17,2022-09-20,171,93,31.8,Non-Smoker,None,"Sulfa, Pollen, Latex","Type 2 Diabetes, Hyperlipidemia, GERD, Coronary Artery Disease",Celecoxib,"Sleeve gastrectomy, Meniscectomy","Diabetes, Stroke, Hypertension",English,White,Active,14,EMR_Cerner
553,Walter,Taylor,1999-10-03,Male,A+,walter.taylor@email.example.com,(931) 988-4457,Nathan Brooks,000-000-0000,"{""line1"": ""630 Jefferson Ave"", ""apt"": """", ""city"": ""Albuquerque"", ""state"": ""NM"", ""zip"": ""87101"", ""country"": ""USA"", ""county"": ""King"", ""longitude"": -98.0194, ""neighborhood"": ""East Side""}",Single,Administrative Assistant,Cook Corp,Oscar Health,POL-700374,GRP-2052,66,2022-09-15,2026-06-10,189,85,23.8,Current Smoker,Occasional,None,Ulcerative Colitis,"Lisinopril, Omeprazole, Jardiance",None,Hypertension,Spanish,Black or African American,Active,15,EMR_Cerner
564,Julie,Sanchez,2004-02-12,F,O+,julie.sanchez@email.example.com,(674) 316-6674,Joyce Robinson,(481) 244-4536,"{""line1"": ""5834 Seventh St"", ""apt"": "", # 46"", ""city"": ""Tampa"", ""state"": ""FL"", ""zip"": ""33601""}",Married,Military,Jackson Corp,Anthem,POL-127767,GRP-9453,427,2020-11-09,2023-07-10,166,64,23.2,,Heavy,"Latex, Sulfa, None","Psoriasis, COPD, Hyperlipidemia, Osteoarthritis","Metformin, Warfarin, Loratadine",None,"Arthritis, Asthma, Diabetes",English,Hispanic or Latino,Inactive,13,EMR_Cerner
567,Patricia,Foster,1996-06-11,Female,O+,patricia.foster@email.example.com,(507) 258-3718,Jacob Gibson,(412) 956-2882,"{""line1"": ""715 Magnolia Way"", ""apt"": """", ""city"": ""San Francisco"", ""state"": ""CA"", ""zip"": ""94101""}",Single,Pharmacist,Cruz Corp,Independence Blue Cross,POL-631666,GRP-8278,346,2021-03-30,2025-03-29,152,110,47.6,Non-Smoker,None,None,"Hypertension, Irritable Bowel Syndrome, Type 2 Diabetes",Omeprazole,None,Hypertension,Cantonese,Other,Inactive,1,EMR_Cerner
568,Nathan,Flores,1978-03-31,Male,O+,nathan.flores@email.example.com,(345) 780-1141,Catherine Garcia,(793) 494-8946,"{""line1"": ""4642 Ninth St"", ""apt"": """", ""city"": ""Dallas"", ""state"": ""TX"", ""zip"": ""75201"", ""neighborhood"": ""Midtown"", ""longitude"": -102.0147, ""country"": ""USA"", ""street_type"": ""Blvd""}",Separated,Social Worker,Freeman Corp,Blue Cross Blue Shield,POL-890481,GRP-1291,370,2023-10-28,2024-03-26,176,83,26.8,Non-Smoker,Occasional,"Dust, None",,None,Hemorrhoidectomy,Alzheimer's,English,,Active,18,EMR_Cerner
569,Stella,Marshall,1961-05-18,Female,AB,stella.marshall@email.example.com,(314) 840-8925,Mary Campbell,(324) 437-9415,"{""line1"": ""8899 Monroe Dr"", ""apt"": "", Suite 43"", ""city"": ""Omaha"", ""state"": ""NE"", ""zip"": ""68101"", ""latitude"": 27.2001, ""county"": ""Harris""}",Married,Veterinarian,Hill Corp,Cigna,POL-617052,GRP-9442,74,2019-07-05,2023-03-30,162,69,26.3,Former Smoker,Moderate,"Latex, NSAIDs, Sulfa","Crohn's Disease, Chronic Fatigue, Migraine, Depression","Spironolactone, Sertraline, Ibuprofen, Losartan","Vasectomy, Laminectomy",Cancer,Tagalog,White,Active,24,EMR_Cerner
571,Camila,Thompson,1982-07-14,Female,A+,camila.thompson@email.example.com,(444) 842-4941,Caleb Smith,John Smith,"{""line1"": ""1151 Cypress Dr"", ""apt"": """", ""city"": ""San Antonio"", ""state"": ""TX"", ""zip"": ""78201"", ""neighborhood"": ""West Side"", ""latitude"": 45.3752, ""county"": ""Queens""}",Married,Real Estate Agent,,Geisinger,POL-939261,GRP-1171,378,2019-07-27,2021-06-04,163,103,38.8,Never Assessed,Occasional,None,Hypothyroidism,!@#$%^&*(),Laminectomy,"Hypertension, Stroke",Spanish,White,Active,8,EMR_Cerner
572,Mason,Carter,1992-12-10,Male,A+,mason.carter@email.example.com,(903) 306-5895,Bruce Jordan,(807) 374-2220,"{""line1"": ""2519 Sixth Ave"", ""apt"": "", # 16"", ""city"": ""Long Beach"", ""state"": ""CA"", ""zip"": ""90801""}",Widowed,Artist,Torres Corp,Anthem,POL-993868,GRP-7754,191,2024-08-25,2024-10-05,179,76,23.7,Never Assessed,Heavy,"NSAIDs, Peanuts, Pollen",Osteoporosis,"Metformin, Levothyroxine",None,"Heart Disease, Arthritis, Asthma",English,White,Deceased,25,EMR_Cerner
574,Ella,McDonald,1973-03-13,Female,A+,ella.mcdonald@email.example.com,(226) 306-5386,Riley Brooks,(914) 985-5462,"{""line1"": ""4052 Oak Ave"", ""apt"": """", ""city"": ""Las Vegas"", ""state"": ""NV"", ""zip"": ""89101"", ""timezone"": ""America/Denver"", ""neighborhood"": ""Uptown"", ""longitude"": -121.9377}",Married,Physical Therapist,Moore Corp,,,,188,2020-12-04,2022-06-16,163,83,31.2,Never Assessed,Occasional,"Penicillin, Dust, NSAIDs",Atrial Fibrillation,None,None,Asthma,English,Hispanic or Latino,Active,17,EMR_Cerner
578,James,Cole,1993-03-07,Male,O+,james.cole@email.example.com,(996) 991-3208,Dylan Owens,(823) 892-5205,"{""line1"": ""7403 First St"", ""apt"": "", Apt 8"", ""city"": ""Raleigh"", ""state"": ""NC"", ""zip"": ""27601"", ""neighborhood"": ""West Side"", ""latitude"": 29.9541, ""county"": ""Maricopa""}",Married,Consultant,Lopez Corp,Blue Cross Blue Shield,POL-928890,GRP-8623,362,2024-09-28,2028-08-12,168,64,22.7,Never Assessed,None,"Pollen, Latex",,None,None,None,Spanish,White,Active,16,EMR_Cerner
579,Kimberly,Brown,1951-06-28,Female,O+,kimberly.brown@email.example.com,(717) 889-4277,Avery Diaz,(410) 834-3629,"{""line1"": ""1868 Forest Ave"", ""apt"": """", ""city"": ""Mesa"", ""state"": ""AZ"", ""zip"": ""85201"", ""neighborhood"": ""West Side"", ""country"": ""USA""}",Married,Military,Owens Corp,Highmark,POL-406455,GRP-3230,244,2022-07-31,2025-09-17,161,79,30.5,,None,None,"Type 2 Diabetes, Crohn's Disease","Gabapentin, Cyclobenzaprine, Amlodipine",None,None,Spanish,White,Active,23,EMR_Cerner
584,Anthony,Rivera,1969-03-21,Male,O+,anthony.rivera@email.example.com,(401) 567-8417,Gary Hunter,(308) 947-7404,"{""line1"": ""6142 Washington Ave"", ""apt"": """", ""city"": ""New York"", ""state"": ""NY"", ""zip"": ""10001"", ""country"": ""USA"", ""neighborhood"": ""Historic District""}",Divorced,Insurance Agent,Bennett Corp,Aetna,POL-568967,GRP-3940,365,2019-11-25,2019-12-01,176,79,25.5,Current Smoker,Moderate,"Peanuts, Shellfish, None","Osteoporosis, Crohn's Disease, Coronary Artery Disease","Levothyroxine, Jardiance, Hydrochlorothiazide, Fluticasone","Appendectomy 2018, Cholecystectomy 2020","Alzheimer's, Diabetes, Stroke",English,Hispanic or Latino,Active,24,EMR_Cerner
596,Julian,Evans,1993-07-03,Male,O+,user@.com,(944) 967-3446,Luna Nelson,(805) 468-5219,"{""line1"": ""7447 Beechwood Ave"", ""apt"": """", ""city"": ""Memphis"", ""state"": ""TN"", ""zip"": ""38101"", ""latitude"": 47.1346, ""county"": ""Dallas"", ""neighborhood"": ""East Side""}",Divorced,HR Specialist,Peterson Corp,UnitedHealthcare,POL-893731,GRP-5010,133,2018-03-15,,190,77,21.3,Never Assessed,None,"Dust, NSAIDs, Latex","Anemia, Osteoarthritis, Atrial Fibrillation",Warfarin,"Total hip replacement, Gastric bypass",Alzheimer's,English,Asian,Active,1,EMR_Cerner
598,Steven,Peterson,1982-04-25,Male,O+,steven.peterson@email.example.com,(442) 278-8101,Riley Thompson,(676) 994-6378,,Married,Dentist,,Centene,POL-289808,GRP-8941,407,2018-02-16,2021-08-16,185,72,21.0,Non-Smoker,Moderate,"NSAIDs, Sulfa, Penicillin",N/A,"Apixaban, Fluticasone, Cetirizine, Duloxetine",None,Cancer,Spanish,caucasian,Active,2,EMR_Cerner
599,Kathleen,Torres,1993-11-04,Female,B+,kathleen.torres@email.example.com,(391) 753-6480,999-999-9999,(594) 769-2318,"{""line1"": ""1857 Main St"", ""apt"": """", ""city"": ""Philadelphia"", ""state"": ""PA"", ""zip"": ""19101"", ""timezone"": ""America/Phoenix""}",Married,Chef,Ross Corp,Anthem,POL-822134,GRP-6582,119,2021-03-07,2022-06-14,160,112,43.8,Never Assessed,None,None,Anxiety Disorder,Duloxetine,None,,Tagalog,White,Active,2,EMR_Cerner
618,Scott,PEREZ,01/15/1987,Male,O+,scott.perez@email.example.com,(895) 331-5057,Heather Wright,(835) 796-6181,"{""line1"": ""5201 Sycamore Ave"", ""apt"": """", ""city"": ""Houston"", ""state"": ""TX"", ""zip"": ""77001"", ""timezone"": ""America/New_York"", ""latitude"": 39.288, ""street_type"": ""Dr""}",Divorced,Doctor,Perry Corp,Bright Health,POL-715970,GRP-6477,246,2025-05-04,2025-10-03,9999,106,34.6,Former Smoker,Heavy,Penicillin,"Anemia, Crohn's Disease, Hypothyroidism","Meloxicam, Ibuprofen",None,,English,Black or African American,Active,14,EMR_Cerner
619,Bruce,Cruz,2003-06-27,Male,A+,bruce.cruz@email.example.com,(791) 995-7872,Jennifer Jimenez,(904) 696-5235,"{""line1"": ""4114 Hickory St"", ""apt"": """", ""city"": ""San Antonio"", ""state"": ""TX"", ""zip"": ""78201"", ""neighborhood"": ""Downtown""}",Single,Unemployed,Gonzales Corp,,,,255,2021-08-11,2023-11-29,186,52,normal,Non-Smoker,None,"Codeine, NSAIDs, Latex",,None,None,None,Spanish,Black or African American,Active,5,EMR_Cerner
629,Scarlett,Roberts,1997-12-10,Female,A+,scarlett.roberts1@email.example.com,(204) 856-5319,Nicholas Bryant,(444) 842-4098,"{""line1"": ""7655 Union Ave"", ""apt"": "", Suite 2"", ""city"": ""Columbus"", ""state"": ""OH"", ""zip"": ""43201""}",Divorced,Business Owner,Davis Corp,MetLife,POL-954949,G1234,71,2021-01-18,2024-08-11,157,86,34.9,Former Smoker,None,"Latex, Dust, Shellfish","Depression, Congestive Heart Failure","Aspirin, Gabapentin, Celecoxib, Fluticasone",Spinal fusion,"Diabetes, Alzheimer's, Asthma",English,White,Inactive,21,EMR_Cerner
631,Olivia,Torres,2003-04-12,Female,O+,olivia.torres@email.example.com,(941) 766-5104,Tyler Bryant,(403) 623-4690,"{""line1"": ""1885 Eighth Ave"", ""apt"": """", ""city"": ""Sacramento"", ""state"": ""CA"", ""zip"": ""94201"", ""latitude"": 42.144, ""county"": ""San Diego"", ""landmark"": ""Near Hospital"", ""street_type"": ""Ct""}",Married,Software Developer,Mendoza Corp,Blue Cross,POL-468927,GRP-7688,127,2019-06-26,2020-11-06,152,100,43.3,never assessed,Occasional,"Codeine, NSAIDs","Anxiety Disorder, Chronic Kidney Disease, Fibromyalgia, Migraine","Gabapentin, Metoprolol, Meloxicam",Total knee replacement,None,English,White,Active,24,EMR_Cerner
635,Camila,Murphy,1998-09-29,Female,O-,camila.murphy@email.example.com,(729) 648-4606,Heather Ramos,(304) 360-6609,,Married,HR Specialist,,,,,438,2018-03-05,2021-05-11,156,105,43.1,Non-Smoker,Moderate,"Sulfa, Codeine, Peanuts","Hyperlipidemia, Atrial Fibrillation, Coronary Artery Disease, GERD","Lisinopril, Atorvastatin",None,"Hypertension, Cancer",Spanish,White,Active,9,EMR_Cerner
642,Angela,Long,2003-07-19,Female,A+,user@.com,(974) 237-7077,Dylan Hall,(700) 650-8916,"{""line1"": ""5352 Hamilton Ct"", ""apt"": "", Unit 3"", ""city"": ""Chicago"", ""state"": ""IL"", ""zip"": ""60601"", ""longitude"": -88.6176, ""neighborhood"": ""Northside"", ""county"": ""Miami-Dade""}",Married,Librarian,Graham Corp,MetLife,POL-361951,GRP-3339,88,2023-01-10,2023-03-29,163,93,35.0,Never Assessed,Moderate,"Latex, Sulfa, Penicillin",Hypothyroidism,Meloxicam,None,None,English,White,Deceased,19,EMR_Cerner
644,Jeffrey,Cruz,1973-11-07,Male,A+,jeffrey.cruz@email.example.com,(600) 499-4919,Rachel Garcia,(400) 615-6372,"{""line1"": ""6507 River Rd"", ""apt"": """", ""city"": ""San Antonio"", ""state"": ""TX"", ""zip"": ""78201""}",Single,Electrician,Scott Corp,Independence Blue Cross,POL-313874,GRP-9634,441,2022-08-03,2025-09-06,170,83,28.7,Non-Smoker,None,"Shellfish, Sulfa",,"Cyclobenzaprine, Insulin glargine, Pantoprazole",None,"Diabetes, Arthritis, Stroke",English,White,Active,2,EMR_Cerner
662,Bobby,Long,1970-08-01,Male,A+,bobby.long@email.example.com,(544) 792-1836,Lisa Ross,(892) 585-5880,"{""line1"": ""2611 Sycamore Ave"", ""apt"": """", ""city"": ""Baltimore"", ""state"": ""MD"", ""zip"": ""21201"", ""longitude"": -96.0522, ""street_type"": ""Ln"", ""latitude"": 42.6124}",Single,Scientist,Price Corp,Independence Blue Cross,POL-895011,GRP-2451,447,2022-06-30,2022-06-30,176,83,26.8,Non-Smoker,Occasional,"Sulfa, Codeine","Rheumatoid Arthritis, Sleep Apnea","Levothyroxine, Pantoprazole, Warfarin",None,,English,Black or African American,Active,1,EMR_Cerner
665,Amy,Foster,1973-07-20,Female,O+,amy.foster@email.example.com,(480) 282-1458,Victor Rodriguez,(930) 725-7878,"{""line1"": ""6605 Birch St"", ""apt"": """", ""city"": ""El Paso"", ""state"": ""TX"", ""zip"": ""79901"", ""latitude"": 28.3423}",Separated,Construction Worker,Evans Corp,Blue Cross Blue Shield,POL-655501,GRP-7759,264,2021-11-22,2024-09-10,174,102,33.7,Non-Smoker,Occasional,Pollen,GERD,None,None,"Alzheimer's, Arthritis",Mandarin,Two or More Races,Active,2,EMR_Cerner
669,Miles,Bailey,1983-04-01,Male,A-,miles.bailey@email.example.com,(674) 884-8625,Samuel Robinson,(557) 912-1051,"{""line1"": ""4324 Hamilton Ct"", ""apt"": "", Unit 9"", ""city"": ""Memphis"", ""state"": ""TN"", ""zip"": ""38101"", ""landmark"": ""Close to University"", ""neighborhood"": ""Downtown"", ""county"": ""San Diego""}",Married,Project Manager,,Cigna HealthCare,POL-328798,G1234,495,2024-03-16,2028-01-20,180,86,-5,Non-Smoker,Heavy,Codeine,"Congestive Heart Failure, Ulcerative Colitis","Loratadine, Cyclobenzaprine",None,"Asthma, Cancer, Heart Disease",English,White,Active,21,EMR_Cerner
673,Aaron,Stevens,1999-07-13,Male,A+,aaron.stevens@email.example.com,(431) 949-4006,Bobby Washington,(480) 427-1946,"{""line1"": ""3949 Beechwood Ave"", ""apt"": "", Suite 5"", ""city"": ""Atlanta"", ""state"": ""GA"", ""zip"": ""30301"", ""longitude"": -92.8927}",married,Police Officer,,Bright Health,POL-637472,GRP-9010,256,2023-06-04,2023-07-14,175,125,40.8,Never Assessed,Occasional,"NSAIDs, Codeine, Sulfa","Chronic Fatigue, Anemia, Rheumatoid Arthritis, Hypothyroidism",Gabapentin,C-section,Arthritis,English,Asian,Active,9,EMR_Cerner
676,Kelly,Castillo,1998-04-07,Female,A+,kelly.castillo@email.example.com,(258) 974-5937,Ellie Graham,(543) 932-5355,"{""line1"": ""3648 Hamilton Ct"", ""apt"": """", ""city"": ""Fort Worth"", ""state"": ""TX"", ""zip"": ""76101"", ""latitude"": 42.3146, ""county"": ""Queens"", ""street_type"": ""Way""}",Married,Psychologist,Rodriguez Corp,,,,466,2022-07-09,2024-09-09,166,97,35.2,Non-Smoker,Heavy,NSAIDs,Hypertension,,None,"Diabetes, Stroke",English,White,Deceased,3,EMR_Cerner
679,Jerry,Clark,1974-06-15,Male,A+,jerry.clark@email.example.com,(521) 668-4381,Caleb Wallace,(298) 422-7570,"{""line1"": ""9031 Seventh St"", ""apt"": """", ""city"": ""Fresno"", ""state"": ""CA"", ""zip"": ""93701"", ""country"": ""USA""}",Single,Architect,Patterson Corp,Blue Cross Blue Shield,POL-630586,GRP-1334,488,2021-07-16,2025-01-13,179,90,28.1,Former Smoker,Occasional,None,"Hypothyroidism, GERD, Hypertension",Clopidogrel,None,"Cancer, Diabetes, Alzheimer's",Spanish,White,Active,11,EMR_Cerner
680,Aria,Hunter,1974-12-02,Female,O+,aria.hunter@email.example.com,(576) 379-3202,Roger Gibson,(557) 597-5979,"{""line1"": ""9783 Adams Way"", ""apt"": """", ""city"": ""Portland"", ""state"": ""OR"", ""zip"": ""97201"", ""county"": ""King"", ""country"": ""USA""}",Single,Nurse,Castillo Corp,Health Net,POL-570855,GRP-5402,430,2021-11-20,2023-10-19,165,62,22.8,Non-Smoker,None,Penicillin,"Type 2 Diabetes, Chronic Fatigue, Osteoporosis","Furosemide, Atorvastatin",Total hip replacement,None,Cantonese,White,Inactive,16,EMR_Cerner
681,Jack,Carter,1997-10-05,Male,B+,jack.carter@email.example.com,(264) 853-8360,Chloe Cruz,(309) 409-2954,"{""line1"": ""5763 Spring St"", ""apt"": "", # 44"", ""city"": ""Raleigh"", ""state"": ""NC"", ""zip"": ""27601"", ""country"": ""USA"", ""county"": ""Miami-Dade"", ""latitude"": 30.817, ""timezone"": ""America/Phoenix""}",Married,Psychologist,Brown Corp,UnitedHealthcare,POL-164889,GRP-8333,90,2021-01-14,2022-07-28,169,76,26.6,Non-Smoker,Moderate,"Dust, Peanuts, Sulfa",,None,"ACL reconstruction, Laminectomy",None,Spanish,Hispanic or Latino,Active,1,EMR_Cerner
686,Logan,Lewis,1968-08-30,Male,O-,logan.lewis@email.example.com,(973) 789-3367,Walter Robinson,(598) 554-3652,"{""line1"": ""1039 Adams Way"", ""apt"": """", ""city"": ""San Francisco"", ""state"": ""CA"", ""zip"": ""94101""}",Married,Firefighter,Lewis Corp,Oscar Health,POL-342987,GRP-9438,398,2023-05-14,2027-01-10,171,100,34.2,Non-Smoker,Occasional,None,,"Jardiance, Albuterol, Furosemide, Meloxicam",None,"Hypertension, Asthma",Spanish,White,Active,23,EMR_Cerner
692,Susan,Reyes,2002-11-05,Female,O+,susan.reyes@email.example.com,(578) 747-4277,George Edwards,(529) 681-4795,"{""line1"": ""5752 Beechwood Ave"", ""apt"": """", ""city"": ""Raleigh"", ""state"": ""NC"", ""zip"": ""27601"", ""delivery_notes"": ""Deliver to reception"", ""country"": ""USA""}",Single,Business Owner,Harrison Corp,Anthem,POL-126937,GRP-6623,49,2023-07-18,2024-07-16,166,69,25.0,Former Smoker,Heavy,"Penicillin, Codeine, Sulfa","Anxiety Disorder, Sleep Apnea, Chronic Kidney Disease, Ulcerative Colitis","Ibuprofen, Furosemide, Aspirin","Cholecystectomy, Total hip replacement",Asthma,Tagalog,White,Active,13,EMR_Cerner
695,,Myers,1953-03-09,Female,O+,maria.myers@email.example.com,(436) 844-9196,Jack Ortiz,(598) 622-5338,"{""line1"": ""2375 Poplar St"", ""apt"": """", ""city"": ""Memphis"", ""state"": ""TN"", ""zip"": ""38101"", ""longitude"": -119.0805, ""street_type"": ""Ct""}",Married,Pharmacist,Roberts Corp,Kaiser Permanente,POL-477596,GRP-4074,385,2021-01-11,2023-08-15,170,82,28.4,Non-Smoker,Heavy,"NSAIDs, Latex, Sulfa","Psoriasis, Chronic Fatigue","Fluticasone, Apixaban, Aspirin",Cataract surgery,"Stroke, Asthma",Tagalog,Black or African American,Active,6,EMR_Cerner
715,Angela,Hernandez,1998-07-10,Female,O+,angela.hernandez@email.example.com,(722) 736-9826,Carolyn Stevens,(843) 957-9309,"{""line1"": ""4164 Lake Dr"", ""apt"": """", ""city"": ""Tucson"", ""state"": ""AZ"", ""zip"": ""85701"", ""neighborhood"": ""Midtown"", ""timezone"": ""America/New_York"", ""county"": ""King""}",Married,Retired,Stevens Corp,Anthem,POL-750049,,49,2018-07-12,2020-05-05,164,90,33.5,Non-Smoker,Former,"Dust, None, Latex",,"Acetaminophen, Celecoxib, Cetirizine",Gastric bypass,"Alzheimer's, Arthritis, Asthma",Tagalog,White,Active,13,EMR_Cerner
715,Kelly,Williams,2005-12-03,Female,O+,kelly.williams@email.example.com,(526) 589-7088,Lawrence Kim,(938) 621-6889,"{""line1"": ""4010 Poplar St"", ""apt"": """", ""city"": ""Denver"", ""state"": ""CO"", ""zip"": ""80201"", ""longitude"": -100.0368, ""latitude"": 42.8288, ""country"": ""USA""}",Separated,Chef,Cook Corp,Molina Healthcare,POL-499707,GRP-5379,3,2024-10-24,2027-06-09,164,83,30.9,Non-Smoker,Moderate,"NSAIDs, Sulfa, Shellfish","Asthma, Hyperlipidemia, Anemia, Eczema","Cyclobenzaprine, Spironolactone, Cetirizine, Warfarin",None,None,English,White,Active,8,EMR_Cerner
719,Mateo,Price,2004-02-06,Male,O+,mateo.price@email.example.com,(584) 845-8320,Gabriel Ward,(331) 685-9957,"{""line1"": ""771 Main St"", ""apt"": """", ""city"": ""Cleveland"", ""state"": ""OH"", ""zip"": ""44101"", ""neighborhood"": ""Uptown""}",married,Driver,Diaz Corp,Tufts Health Plan,POL-242161,GRP-4036,160,2018-11-29,2018-12-12,166,80,29.0,Former Smoker,None,"Peanuts, NSAIDs",N/A,Clopidogrel,None,Diabetes,English,Asian,Active,11,EMR_Cerner
723,Skylar,Walker,2000-09-27,Female,B-,skylar.walker@email.example.com,(206) 362-4496,Kevin Ross,(490) 503-2104,"{""line1"": ""7660 Cypress Dr"", ""apt"": """", ""city"": ""New Orleans"", ""state"": ""LA"", ""zip"": ""70112"", ""county"": ""Cook"", ""country"": ""USA""}",Single,Librarian,Turner Corp,CareFirst,POL-171080,GRP-1125,267,2025-05-04,2025-10-20,153,68,29.0,Former Smoker,Occasional,"None, NSAIDs, Pollen","Asthma, Hypertension","Metformin, Losartan, Spironolactone",None,"None, Asthma",Tagalog,White,Active,10,EMR_Cerner
724,Harrison,Morris,1983-11-29,Male,O+,harrison.morris@email.example.com,(716) 625-3855,Nora West,(640) 480-8843,"{""line1"": ""2355 Lake Dr"", ""apt"": """", ""city"": ""Philadelphia"", ""state"": ""PA"", ""zip"": ""19101"", ""timezone"": ""America/Phoenix"", ""delivery_notes"": ""Leave at door"", ""neighborhood"": ""Suburbs""}",Married,Retail Associate,,,,,265,,2023-11-20,169,70,24.5,Non-Smoker,None,"Penicillin, Sulfa, None",Sleep Apnea,Eliquis,None,None,Mandarin,Hispanic or Latino,Active,21,EMR_Cerner
725,Stephanie,Collins,1973-11-08,F,B+,stephanie.collins@email.example.com,(393) 803-6344,Helen Cox,(749) 526-1357,"{""line1"": ""9620 Hill St"", ""apt"": """", ""city"": ""Minneapolis"", ""state"": ""MN"", ""zip"": ""55401"", ""longitude"": -105.708}",Divorced,Plumber,AAAAAAAAAAAAAAAAAAAAAAAAAAAAAAAAAAAAAAAAAAAAAAAAAAAAAAAAAAAAAAAAAAAAAAAAAAAAAAAAAAAAAAAAAAAAAAAAAAAAAAAAAAAAAAAAAAAAAAAAAAAAAAAAAAAAAAAAAAAAAAAAAAAAAAAAAAAAAAAAAAAAAAAAAAAAAAAAAAAAAAAAAAAAAAAAAAAAAAAA,Humana,POL-990146,GRP-4268,189,2024-01-18,2025-06-19,158,108,43.3,Former Smoker,Heavy,"Shellfish, None, Sulfa","Coronary Artery Disease, Atrial Fibrillation",Montelukast,None,Heart Disease,English,Two or More Races,Inactive,29,EMR_Cerner
732,Christopher,Cooper,2002-11-10,Male,B-,christopher.cooper@email.example.com,(579) 200-4290,Kevin Smith,(320) 307-1753,"{""line1"": ""7343 Jefferson Ave"", ""apt"": """", ""city"": ""Albuquerque"", ""state"": ""NM"", ""zip"": ""87101"", ""country"": ""USA"", ""county"": ""Dallas"", ""street_type"": ""Ave"", ""timezone"": ""America/New_York"", ""latitude"": 38.4684}",Divorced,Chef,Bryant Corp,Harvard Pilgrim,POL-783049,GRP-3492,201,2022-11-14,2022-12-14,204,0,20.2,Former Smoker,Occasional,"None, Codeine, Sulfa",,Fluticasone,Carpal tunnel release,None,Mandarin,White,Active,21,EMR_Cerner
734,Aria,Morales,1987-01-19,Female,AB+,aria.morales@email.example.com,12345,Bruce White,(477) 936-9496,"{""line1"": ""8987 Main St"", ""apt"": "", Apt 31"", ""city"": ""Washington"", ""state"": ""DC"", ""zip"": ""20001"", ""street_type"": ""St"", ""country"": ""USA"", ""latitude"": 31.2263, ""timezone"": ""America/Chicago""}",Single,Chef,Martin Corp,Independence Blue Cross,POL-587478,GRP-2137,368,2025-04-24,2027-12-10,162,84,32.0,Non-Smoker,None,"Latex, Peanuts","Asthma, Osteoarthritis",None,Hysterectomy,None,English,Asian,Active,23,EMR_Cerner
738,Melissa,Simmons,2005-10-14,Female,A+,melissa.simmons@email.example.com,(784) 572-5755,Bobby Harris,(872) 674-5517,"{""line1"": ""982 Church St"", ""apt"": """", ""city"": ""Fresno"", ""state"": ""CA"", ""zip"": ""93701"", ""country"": ""USA"", ""street_type"": ""Way""}",Separated,Dental Hygienist,Moore Corp,Geisinger,POL-222368,GRP-1505,79,2021-09-11,2021-09-11,169,80,28.0,Non-Smoker,Former,"NSAIDs, Codeine, Pollen",Asthma,None,None,None,Arabic,caucasian,Active,18,EMR_Cerner
742,Gary,Ellis,2002-12-26,Male,O+,gary.ellis@email.example.com,(478) 399-6196,Joe Allen,(273) 853-1534,"{""line1"": ""5927 Sixth Ave"", ""apt"": "", Suite 4"", ""city"": ""Jacksonville"", ""state"": ""FL"", ""zip"": ""32201"", ""street_type"": ""Ave"", ""country"": ""USA"", ""landmark"": ""Next to Mall"", ""longitude"": -78.9001}",Separated,Plumber,Wright Corp,Independence Blue Cross,POL-539773,GRP-1711,329,2018-01-22,2019-01-25,189,96,26.9,Former Smoker,None,Latex,Anemia,!@#$%^&*(),None,"Diabetes, Hypertension, Arthritis",English,Hispanic or Latino,Active,2,EMR_Cerner
745,Brian,White,1973-01-01,Male,O+,brian.white@email.example.com,(442) 473-9802,Diane Anderson,(250) 657-3502,"{""line1"": ""7721 Ninth St"", ""apt"": """", ""city"": ""Austin"", ""state"": ""TX"", ""zip"": ""73301"", ""floor_number"": 14, ""neighborhood"": ""Uptown"", ""county"": ""Maricopa"", ""delivery_notes"": ""Call upon arrival"", ""country"": ""USA""}",Single,Manager,Rodriguez Corp,Blue Cross Blue Shield,POL-211765,GRP-5572,229,2024-03-03,2026-03-30,167,77,27.6,Non-Smoker,Occasional,"Dust, Codeine, Shellfish",,Bupropion,Sleeve gastrectomy,Stroke,Arabic,White,active,7,EMR_Cerner
751,Elijah,Porter,1982-03-09,Male,A-,elijah.porter@email.example.com,(714) 914-4034,Albert Walker,(238) 239-4743,"{""line1"": ""2791 Second Ave"", ""apt"": """", ""city"": ""Sacramento"", ""state"": ""CA"", ""zip"": ""94201"", ""county"": ""Harris"", ""timezone"": ""America/New_York"", ""neighborhood"": ""West Side""}",Married,Architect,Hicks Corp,MetLife,POL-129290,GRP-9693,238,2019-12-06,2020-10-04,169,heavy,31.9,Current Smoker,Moderate,"Sulfa, None, NSAIDs","Chronic Kidney Disease, Ulcerative Colitis",None,None,Asthma,Spanish,White,Inactive,15,EMR_Cerner
754,Luna,Gomez,1981-07-15,Female,O-,luna.gomez@email.example.com,(890) 202-7944,Stephen Allen,(782) 982-2733,"{""line1"": ""7249 Market St"", ""apt"": """", ""city"": ""Chicago"", ""state"": ""IL"", ""zip"": ""60601"", ""neighborhood"": ""Uptown""}",Married,Professor,Hunter Corp,Cigna,,GRP-2760,473,2018-12-21,2020-10-18,169,75,26.3,Non-Smoker,Sometimes,"Dust, Pollen, Peanuts",,None,None,None,English,White,Active,22,EMR_Cerner
756,Douglas,Parker,1993-11-14,Male,O-,douglas.parker@email.example.com,(273) 840-4086,Sarah Marshall,(469) 338-8480,"{""line1"": ""109 Adams Way"", ""apt"": "", Suite 39"", ""city"": ""San Diego"", ""state"": ""CA"", ""zip"": ""92101"", ""street_type"": ""Dr"", ""neighborhood"": ""Midtown"", ""longitude"": -119.4785}",Married ,Driver,,Cigna,POL-601567,GRP-9716,288,2020-12-13,2023-03-13,182,102,30.8,Never Assessed,None,Null,"Coronary Artery Disease, Crohn's Disease","Montelukast, Eliquis",None,None,Spanish,Hispanic or Latino,Active,15,EMR_Cerner
759,Linda,Castillo,2000-10-07,Female,B+,linda.castillo@email.example.com,(988) 531-3514,Luke Simpson,(820) 784-9366,"{""line1"": ""3921 Cedar Ln"", ""apt"": "", Unit 36"", ""city"": ""Miami"", ""state"": ""FL"", ""zip"": ""33101"", ""neighborhood"": ""Downtown"", ""country"": ""USA"", ""county"": ""Maricopa""}",Separated,Consultant,Anderson Corp,Kaiser Permanente,POL-742872,GRP-5685,295,2019-05-30,2020-12-07,157,88,35.7,Never Assessed,None,"Peanuts, Penicillin, Latex",Anxiety Disorder,"Albuterol, Omeprazole, Apixaban, Furosemide",None,"Heart Disease, Diabetes, Heart Disease",English,Black or African American,Deceased ,27,EMR_Cerner
762,Genesis,James,1962-06-05,Female,O+,genesis.james@email.example.com,(960) 261-1863,Grace Ramirez,(211) 500-2734,"{""line1"": ""4429 Elm St"", ""apt"": "", Apt 28"", ""city"": ""Fort Worth"", ""state"": ""TX"", ""zip"": ""76101"", ""country"": ""USA""}",Single,Insurance Agent,Bailey Corp,Cigna,POL-956895,GRP-3778,233,2022-11-07,2026-12-05,-10,79,31.6,Former Smoker,None,NSAIDs,Anxiety Disorder,Spironolactone,"Hernia repair, Mastectomy","Cancer, Stroke",English,Black or African American,Inactive,20,EMR_Cerner
763,Tyler,Edwards,1986-01-29,Male,A+,tyler.edwards@email.example.com,(415) 959-1873,Christine Jimenez,(543) 431-2224,"{""line1"": ""2314 Center St"", ""apt"": """", ""city"": ""Tulsa"", ""state"": ""OK"", ""zip"": ""74101"", ""county"": ""Maricopa"", ""latitude"": 39.7565}",Divorced,Pilot,,Aetna,POL-221640,GRP-4908,48,2023-10-19,2024-03-12,174,47,15.5,Never Assessed,None,None,,"Meloxicam, Ibuprofen, Aspirin","Laminectomy, C-section","Cancer, Stroke, Hypertension",English,Hispanic or Latino,Active,23,EMR_Cerner
765,Brian,Taylor,2001-06-15,Male,B+,brian.taylor@email.example.com,(232) 845-7535,Donald Lewis,(602) 630-7755,"{""line1"": ""157 Main St"", ""apt"": """", ""city"": ""Austin"", ""state"": ""TX"", ""zip"": ""73301"", ""neighborhood"": ""Southside"", ""street_type"": ""Blvd""}",Married,Dental Hygienist,Lopez Corp,Cigna HealthCare,POL-839230,GRP-4760,203,2018-11-03,,179,110,34.3,Never Assessed,Moderate,"Peanuts, NSAIDs, Pollen","Anemia, Asthma","Cyclobenzaprine, Apixaban",Cholecystectomy,"Alzheimer's, Cancer, Arthritis",Mandarin,Human,Deceased ,8,EMR_Cerner
768,Anna,Tucker,2025-01-01,Female,AB+,anna.tucker@email.example.com,(501) 659-9918,Dorothy Davis,(963) 747-1820,"{""line1"": ""899 Fifth St"", ""apt"": """", ""city"": ""Virginia Beach"", ""state"": ""VA"", ""zip"": ""23450"", ""latitude"": 47.7748, ""delivery_notes"": ""Deliver to reception"", ""longitude"": -101.2806}",Widowed,Student,Ramos Corp,UnitedHealthcare,POL-721320,GRP-1999,274,2025-02-05,,168,50,17.7,Former Smoker,None,None,"Asthma, Fibromyalgia",None,None,None,Spanish,White,Active,11,EMR_Cerner
771,Stella,Marshall,1985-03-13,Female,O+,stella.marshall1@email.example.com,(608) 348-4500,Aiden Phillips,(234) 485-1007,"{""line1"": ""464 Franklin Blvd"", ""apt"": """", ""city"": ""Louisville"", ""state"": ""KY"", ""zip"": ""40201"", ""landmark"": ""Behind Metro Station"", ""country"": ""USA"", ""timezone"": ""America/Phoenix"", ""longitude"": -121.0808, ""county"": ""Harris""}",Married,Retail Associate,,Kaiser Permanente,POL-484276,GRP-7258,282,2025-09-18,2028-05-25,156,93,38.2,Non-Smoker,Occasional,"Sulfa, Latex, Codeine","Crohn's Disease, COPD",Prednisone,"Appendectomy, Spinal fusion","Heart Disease, None, Cancer",English,White,Active,18,EMR_Cerner
777,Paisley,Thomas,1975-11-05,Female,B+,user@.com,(274) 513-8205,Shirley Martinez,(840) 759-1334,"{""line1"": ""6271 Pine St"", ""apt"": """", ""city"": ""Mesa"", ""state"": ""AZ"", ""zip"": ""85201"", ""country"": ""USA"", ""county"": ""Maricopa"", ""longitude"": -107.9389, ""timezone"": ""America/New_York""}",Single,Artist,Reynolds Corp,Atena,POL-ABC,GRP-9644,63,2025-01-04,2025-11-25,166,60,21.8,Non-Smoker,Heavy,"Penicillin, Sulfa, Shellfish","Asthma, Chronic Fatigue, Anemia, Osteoporosis",Acetaminophen,None,None,English,White,Active,8,EMR_Cerner
,Alexander,Roberts,1992-07-31,Male,O+,alexander.roberts@email.example.com,(593) 610-4088,Lincoln Powell,(284) 397-1834,"{""line1"": ""4467 Pleasant St"", ""apt"": """", ""city"": ""Fresno"", ""state"": ""CA"", ""zip"": ""93701"", ""timezone"": ""America/Los_Angeles""}",Married,Architect,,Centene,POL-657650,GRP-5866,314,2023-03-23,2025-04-11,189,107,30.0,Non-Smoker,2 beers/week,Dust,,"Montelukast, Metformin, Aspirin",None,"Cancer, Alzheimer's",English,White,Active,1,EMR_Cerner
793,Steven,Hughes,1991-02-17,Male,O+,steven.hughes@email.example.com,(339) 602-2976,Raymond Peterson,(897) 885-9598,"{""line1"": ""4676 Jefferson Ave"", ""apt"": "", Suite 42"", ""city"": ""San Francisco"", ""state"": ""CA"", ""zip"": ""94101"", ""timezone"": ""America/New_York"", ""neighborhood"": ""Midtown"", ""street_type"": ""Way"", ""latitude"": 32.0442}",Married,Flight Attendant,Foster Corp,Kaiser Permanente,POL-761984,GRP-6683,234,2019-02-04,2021-10-26,178,63,19.9,Non-Smoker,Heavy,Shellfish,Psoriasis,"Loratadine, Hydrochlorothiazide, Metformin",Vasectomy,"Diabetes, Alzheimer's",English,Black or African American,Active,6,EMR_Cerner
796,Aria,Davis,1985-10-03,Female,A+,aria.davis@email.example.com,(858) 657-8447,Julian Butler,(573) 446-6055,"{""line1"": ""4864 Cypress Dr"", ""apt"": """", ""city"": ""Omaha"", ""state"": ""NE"", ""zip"": ""68101"", ""street_type"": ""Blvd"", ""county"": ""Sacramento""}",Single,---,,,,,351,2018-06-15,,153,67,normal,Former Smoker,Occasional,"Latex, NSAIDs","Hypertension, Hyperlipidemia, Anxiety Disorder, Rheumatoid Arthritis",Bupropion,None,"Arthritis, Alzheimer's",English,Asian,Active,16,EMR_Cerner
803,Bruce,Carter,1987-01-07,Male,O-,bruce.carter@email.example.com,(988) 549-3328,Margaret Flores,(921) 440-6352,"{""line1"": ""7122 Church St"", ""apt"": """", ""city"": ""Austin"", ""state"": ""TX"", ""zip"": ""73301""}",Single,Pharmacist,Sanchez Corp,,,,317,2018-09-11,2020-02-23,178,46,14.5,Non-Smoker,None,"NSAIDs, Codeine, Latex","Osteoporosis, Crohn's Disease, Irritable Bowel Syndrome, Atrial Fibrillation","Bupropion, Montelukast, Warfarin",None,None,Mandarin,Hispanic or Latino,Active,24,EMR_Cerner
809,Angela,Ross,1961-07-26,Female,O+,angela.ross@email.example.com,(853) 204-9864,Oliver Kelly,(820) 537-1145,"{""line1"": ""5747 Walnut Ave"", ""apt"": "", Unit 20"", ""city"": ""Denver"", ""state"": ""CO"", ""zip"": ""80201"", ""latitude"": 45.8247, ""neighborhood"": ""Uptown""}",Married,Physical Therapist,,Highmark,POL-818539,GRP-2899,121,2024-09-14,2026-04-22,162,95,36.2,Never Assessed,Heavy,Latex,"Osteoporosis, Hypothyroidism","Prednisone, Sertraline",None,"Cancer, Alzheimer's, Arthritis",Spanish,White,Active,25,EMR_Cerner
813,Andrea,Sanders,1961-08-11,Female,A+,andrea.sanders@email.example.com,(988) 788-6633,Mark Hicks,(856) 836-5142,"{""line1"": ""3070 Hamilton Ct"", ""apt"": "", Suite 6"", ""city"": ""San Diego"", ""state"": ""CA"", ""zip"": ""92101"", ""neighborhood"": ""Midtown"", ""longitude"": -98.2406, ""street_type"": ""Ln""}",Married,Administrative Assistant,Hughes Corp,,,,497,2021-07-10,2025-04-22,167,76,27.3,Never Assessed,Moderate,,,Cyclobenzaprine,None,"Diabetes, Stroke, None",Mandarin,Black or African American,Active,21,EMR_Cerner
815,Zoey,Tucker,1999-11-03,Female,O-,zoey.tucker@email.example.com,(362) 958-2733,Dorothy Jackson,(298) 423-5459,"{""line1"": ""470 Market St"", ""apt"": """", ""city"": ""Baltimore"", ""state"": ""MD"", ""zip"": ""21201"", ""delivery_notes"": ""Leave at door"", ""street_type"": ""Dr"", ""county"": ""Harris"", ""country"": ""USA""}",Widowed,Mechanic,Long Corp,Geisinger,POL-919876,GRP-6380,382,2019-05-23,,166,61,22.1,Never Assessed,Moderate,"None, Sulfa, NSAIDs",Ulcerative Colitis,Albuterol,None,"Diabetes, Cancer",English,White,Active,12,EMR_Cerner
816,Naomi,Williams,1983-02-08,F,O+,naomi.williams@email.example.com,(590) 460-1442,Donna Brown,(515) 600-4848,"{""line1"": ""3533 Forest Ave"", ""apt"": """", ""city"": ""Portland"", ""state"": ""OR"", ""zip"": ""97201"", ""county"": ""Miami-Dade"", ""country"": ""USA"", ""street_type"": ""Blvd""}",Married,Professor,Brown Corp,Bright Health,POL-517148,GRP-3438,454,2022-06-26,2026-03-01,164,84,31.2,Current Smoker,Moderate,"NSAIDs, None, Shellfish",,"Tramadol, Montelukast, Omeprazole",None,Alzheimer's,English,Two or More Races,Active,22,EMR_Cerner
818,Gabriel,Young,2000-05-06,Non-Binary,A+,gabriel.young@email.example.com,(314) 964-2896,Ellie Carter,(973) 347-7686,"{""line1"": ""7326 Sunset Dr"", ""apt"": "", Unit 40"", ""city"": ""Atlanta"", ""state"": ""GA"", ""zip"": ""30301"", ""landmark"": ""Near Hospital""}",,Chef,Young Corp,Kaiser Permanente,POL-293233,GRP-1037,425,2024-10-19,2028-06-10,168,48,17.0,Former Smoker,Moderate,None,"Ulcerative Colitis, COPD, Osteoporosis","Montelukast, Jardiance",None,"Cancer, Heart Disease, Hypertension",English,Black or African American,Active,25,EMR_Cerner
819,Aaron,Jackson,1997-01-19,Male,O+,aaron.jackson@email.example.com,(817) 633-3831,Kenneth Cole,(433) 396-1654,"{""line1"": ""7693 Maple Dr"", ""apt"": """", ""city"": ""Louisville"", ""state"": ""KY"", ""zip"": ""40201"", ""county"": ""Miami-Dade"", ""country"": ""USA""}",Married,Engineer,,Centene,POL-829260,GRP-5296,417,2020-04-20,2022-09-26,185,72,21.0,Non-Smoker,None,None,,"Prednisone, Insulin glargine, Ozempic",None,Hypertension,ENGLISH,White,Active,14,EMR_Cerner
820,Aiden,Moore,2003-03-31,Male,A+,aiden.moore@email.example.com,(902) 814-8865,N/A,(586) 458-4456,"{""line1"": ""7869 Spring St"", ""apt"": """", ""city"": ""Miami"", ""state"": ""FL"", ""zip"": ""33101"", ""longitude"": -119.1054, ""street_type"": ""Pl""}",Divorced,Software Developer,Reed Corp,Atena,POL-152680,GRP-2642,63,2021-02-16,2022-10-24,176,53,17.1,Never Assessed,Occasional,"Pollen, NSAIDs, Latex",,"Tramadol, Celecoxib",None,"Asthma, Alzheimer's",Russian,White,Active,8,EMR_Cerner
828,Edward,Moore,1972-03-11,Male,O+,edward.moore@email.example.com,(680) 564-3792,Kelly Cook,(375) 795-4789,"{""line1"": ""Unknown"", ""city"": ""Unknown"", ""state"": ""NA"", ""zip"": ""00000"", ""neighborhood"": ""Downtown""}",Married,Psychologist,,UnitedHealthcare,POL-677672,GRP-7209,396,2019-02-21,2019-04-22,197,110,28.3,Former Smoker,Occasional,None,"Asthma, Depression, Hypertension, Atrial Fibrillation","Atorvastatin, Hydrochlorothiazide, Insulin glargine",None,"Alzheimer's, Arthritis",Korean,White,Active,1,EMR_Cerner
838,Sandra,Jones,2002-04-14,Female,O-,sandra.jones@email.example.com,(644) 687-1288,Cynthia Brown,(929) 384-8996,"{""line1"": ""1082 Walnut Ave"", ""apt"": "", Apt 10"", ""city"": ""Chicago"", ""state"": ""IL"", ""zip"": ""60601"", ""longitude"": -73.1276, ""latitude"": 46.1156, ""county"": ""San Diego""}",married,Teacher,Castillo Corp,Oscar Health,POL-850389,GRP-1853,89,2023-11-17,2025-02-08,152,79,34.2,Non-Smoker,Moderate,"Pollen, Shellfish, Penicillin",", ",None,None,"Stroke, None",English,Hispanic or Latino,Active,12,EMR_Cerner
841,Gary,Wood,2002-12-30,Male,O+,gary.wood@email.example.com,2125550199,Catherine Lewis,(330) 544-7518,"{""line1"": ""8196 Eighth Ave"", ""apt"": """", ""city"": ""Raleigh"", ""state"": ""NC"", ""zip"": ""27601"", ""timezone"": ""America/New_York""}",Single,Social Worker,Price Corp,CareFirst,POL-259103,G1234,435,2024-10-06,,184,63,18.6,Current Smoker,Moderate,"None, Shellfish, Sulfa",,None,None,"Arthritis, Stroke, Cancer",Cantonese,Black or African American,Active,25,EMR_Cerner
844,Jacqueline,Jones,1990-02-11,Non-Binary,A-,jacqueline.jones@email.example.com,(581) 415-7517,Christine Foster,(341) 365-5571,"{""line1"": ""4767 Beechwood Ave"", ""apt"": """", ""city"": ""Columbus"", ""state"": ""OH"", ""zip"": ""43201"", ""longitude"": -75.7321, ""neighborhood"": ""Historic District"", ""street_type"": ""Rd"", ""country"": ""USA""}",Separated,Veterinarian,Jenkins Corp,Humana,POL-359240,GRP-8302,369,2024-05-20,2025-03-27,164,70,26.0,Non-Smoker,Occasional,"Pollen, Codeine",,"Bupropion, Apixaban",None,"Arthritis, None",English,Black or African American,Active,19,EMR_Cerner
845,Julian,Adams,2005-12-17,Male,O-,julian.adams1@email.example.com,(422) 358-4249,Jonathan Allen,(707) 624-9896,"{""line1"": ""123 Main St""}",Married,Student,Young Corp,MetLife,POL-849505,GRP-3507,73,2019-09-22,2022-08-27,186,76,22.0,Never Assessed,Moderate,None,"Sleep Apnea, Congestive Heart Failure, Osteoporosis, Depression","Spironolactone, Celecoxib, Hydrochlorothiazide",None,"Heart Disease, Diabetes, Heart Disease",Tagalog,White,Active,14,EMR_Cerner
865,Nicholas,Diaz,1989-01-06,Mle,O+,nicholas.diaz@email.example.com,(552) 903-4339,Laura Ellis,(454) 756-9458,,Single,Lawyer,Jones Corp,CareFirst,POL-553765,GRP-8202,415,2019-09-09,2021-08-18,171,81,27.7,Former Smoker,None,"Peanuts, Pollen",,"Spironolactone, Levothyroxine, Fluticasone",None,"Diabetes, Arthritis, Alzheimer's",English,Hispanic or Latino,Active,9,EMR_Cerner
870,Brenda,Gibson,1990-09-02,Female,O+,brenda.gibson@email.example.com,(625) 577-1485,Logan Evans,(680) 402-9191,"{""line1"": ""206 Park Blvd"", ""apt"": """", ""city"": ""Louisville"", ""state"": ""KY"", ""zip"": ""40201"", ""county"": ""King"", ""longitude"": -98.7121}",Married,Police Officer,Sanchez Corp,Blue Cross Blue Shield,POL-703366,GRP-3880,300,2025-05-04,2026-01-11,156,56,23.0,Never Assessed,Moderate,"Dust, Latex, None",,"Jardiance, Clopidogrel",Carpal tunnel release,"Hypertension, Asthma",English,White,Active,20,EMR_Cerner
874,Angela,Ortiz,1995-06-19,Female,A+,angela.ortiz1@email.example.com,(857) 298-2168,Skylar Rodriguez,(597) 262-8646,"{""line1"": ""9139 Elm St"", ""apt"": "", Suite 47"", ""city"": ""Atlanta"", ""state"": ""GA"", ""zip"": ""30301"", ""street_type"": ""Ln""}",Divorced,Chef,Kelly Corp,Geisinger,POL-890111,GRP-2171,201,2018-11-26,2019-05-22,160,52,20.3,Non-Smoker,Occasional,None,,"Tramadol, Losartan, Prednisone","Gastric bypass, Hysterectomy",Alzheimer's,Russian,White,Active,21,EMR_Cerner
882,Linda,Jackson,2005-07-27,Female,A+,linda.jackson@email.example.com,(624) 560-8146,,(965) 955-5469,"{""line1"": ""9940 View Blvd"", ""apt"": "", # 37"", ""city"": ""Las Vegas"", ""state"": ""NV"", ""zip"": ""89101""}",Single,Unemployed,Powell Corp,Kaiser Permanente,POL-524469,GRP-1380,48,2022-01-25,2025-01-06,166,92,33.4,Never Assessed,Sometimes,"NSAIDs, Sulfa",,"Cetirizine, Aspirin",None,"Heart Disease, Alzheimer's",English,Hispanic or Latino,Inactive,23,EMR_Cerner
883,Kimberly,Woods,1999-01-01,Female,O+,kimberly.woods@email.example.com,(519) 518-9682,Theodore Murray,(565) 565-8615,,Married,Military,Simpson Corp,Aetna,POL-993468,GRP-2909,345,2024-11-11,2026-09-05,160,78,30.5,Current Smoker,Heavy,"Penicillin, None, Sulfa","Anxiety Disorder, Sleep Apnea, Atrial Fibrillation","Sertraline, Fluticasone, Bupropion","Rotator cuff repair, Angioplasty with stent, Cataract surgery",None,Spanish,Hispanic or Latino,Active,21,EMR_Cerner
900,Betty,Reed,1995-06-09,Mle,A+,betty.reed@email.example.com,(555) 669-2183,Jerry Cox,(411) 421-8402,"{""line1"": ""4907 Hickory St"", ""apt"": """", ""city"": ""Austin"", ""state"": ""TX"", ""zip"": ""73301"", ""floor_number"": 17, ""country"": ""USA"", ""longitude"": -112.105}",Single,Project Manager,N/A,Geisinger,POL-385437,G1234,483,2025-10-01,,166,90,32.7,Non-Smoker,Moderate,"PENICILLIN, SULFA",Chronic Fatigue,None,Thyroidectomy,None,English,Other,,12,EMR_Cerner
903,Brandon,Griffin,1970-08-03,Male,A-,brandon.griffin@email.example.com,(958) 520-9895,Douglas Robinson,(504) 806-8144,"{""line1"": ""5058 Cherry Ln"", ""apt"": """", ""city"": ""Milwaukee"", ""state"": ""WI"", ""zip"": ""53201"", ""street_type"": ""Ave"", ""timezone"": ""America/Denver"", ""county"": ""Sacramento""}",Married,Driver,,Health Net,POL-586719,GRP-8745,462,2020-03-15,2020-07-04,176,120,38.7,Former Smoker,Occasional,"Shellfish, Dust, Pollen","Rheumatoid Arthritis, Hypertension","Amlodipine, Sertraline",Thyroidectomy,"Hypertension, Stroke, Asthma",Cantonese,White,Active,20,EMR_Cerner
911,Aaron,Freeman,1992-10-20,Male,B+,aaron.freeman@email.example.com,(399) 526-2868,Timothy Hill,(505) 414-5434,"{""line1"": ""4089 Ash Ct"", ""apt"": "", Suite 43"", ""city"": ""Miami"", ""state"": ""FL"", ""zip"": ""33101"", ""longitude"": -83.5343}",Single,Software Developer,Ortiz Corp,Blue Cross,POL-674583,GRP-8911,111,2023-05-10,2026-08-31,180,66,20.4,Never Assessed,Occasional,"Peanuts, Codeine, Shellfish","Ulcerative Colitis, Atrial Fibrillation, Hypertension",Celecoxib,Sleeve gastrectomy,None,Tagalog,Hispanic or Latino,Active,25,EMR_Cerner
913,Dorothy,Cooper,1986-09-05,Female,O+,not-an-email,(857) 221-2641,Chloe Gutierrez,(643) 541-8241,"{""line1"": ""994 Cherry Ln"", ""apt"": "", Suite 18"", ""city"": ""San Jose"", ""state"": ""CA"", ""zip"": ""95101"", ""timezone"": ""America/Chicago"", ""latitude"": 36.5427, ""county"": ""Sacramento"", ""delivery_notes"": ""Gate code: #1234"", ""neighborhood"": ""Northside""}",Married,,,MetLife,POL-339769,GRP-6073,126,2024-04-19,2027-12-25,178,72,22.7,Non-Smoker,None,None,,Celecoxib,None,Heart Disease,,White,Active,13,EMR_Cerner
916,Gabriel,Sanders,1976-10-17,Non-Binary,B+,gabriel.sanders@email.example.com,(500) 738-1934,Avery Ford,(532) 225-6031,"{""line1"": ""1750 Seventh St"", ""apt"": """", ""city"": ""San Diego"", ""state"": ""CA"", ""zip"": ""92101"", ""country"": ""USA""}",Single,Professor,,Aetna,POL-418730,GRP-5992,174,2019-01-20,2023-01-03,174,90,29.7,Current Smoker,None,"Penicillin, Shellfish, Pollen",Coronary Artery Disease,"Levothyroxine, Bupropion, Ibuprofen, Eliquis",Spinal fusion,Arthritis,Spanish,Hispanic or Latino,Active,9,EMR_Cerner
928,Dylan,Ford,1963-11-30,Male,A+,dylan.ford@email.example.com,(952) 647-1247,Rebecca Stevens,(961) 644-1867,"{""line1"": ""6622 Lake Dr"", ""apt"": "", # 25"", ""city"": ""Minneapolis"", ""state"": ""MN"", ""zip"": ""55401"", ""county"": ""Orange""}",Single,Manager,Scott Corp,Aetna,POL-794567,GRP-8637,263,2024-06-30,2025-07-25,169,100,35.0,Never Assessed,Occasional,None,Osteoporosis,Acetaminophen,None,Asthma,Spanish,White,Active,16,EMR_Cerner
930,Maria,Lewis,1989-04-29,Female,O-,maria.lewis@email.example.com,(510) 257-7286,Terry Patterson,(531) 414-1544,"{""line1"": ""7657 Union Ave"", ""apt"": """", ""city"": ""Kansas City"", ""state"": ""MO"", ""zip"": ""64101"", ""street_type"": ""Cir"", ""country"": ""USA"", ""delivery_notes"": ""Ring bell"", ""county"": ""Queens""}",Separated,Driver,Jimenez Corp,Aetna,POL-ABC,GRP-9874,339,2018-03-23,2022-01-31,146,82,38.5,Non-Smoker,Former,"NSAIDs, Peanuts, Dust","Type 2 Diabetes, Eczema, Anxiety Disorder, Chronic Kidney Disease","Celecoxib, Acetaminophen",None,"Alzheimer's, Cancer, Arthritis",English,Hispanic or Latino,Active,9,EMR_Cerner
937,Amy,Watson,2003-10-08,Female,A-,amy.watson@email.example.com,(955) 663-3655,Rachel Baker,000-000-0000,"{""line1"": ""2095 Pleasant St"", ""apt"": "", Unit 5"", ""city"": ""Long Beach"", ""state"": ""CA"", ""zip"": ""90801"", ""country"": ""USA"", ""latitude"": 35.3326, ""delivery_notes"": ""Ring bell""}",Single,Veterinarian,,,,,377,2021-12-25,,167,91,32.6,Non-Smoker,Heavy,"Shellfish, Sulfa, Codeine","Crohn's Disease, Irritable Bowel Syndrome, Anemia, Anxiety Disorder",None,"Rotator cuff repair, ACL reconstruction",None,English,White,Active,15,EMR_Cerner
940,Madelyn,Sullivan,1987-06-08,Female,O+,madelyn.sullivan@email.example.com,(981) 548-7960,Lucas Diaz,(331) 252-8185,"{""line1"": ""6642 Birch St"", ""apt"": """", ""city"": ""Tampa"", ""state"": ""FL"", ""zip"": ""33601"", ""timezone"": ""America/Phoenix"", ""neighborhood"": ""Uptown""}",Married,Consultant,Flores Corp,,,,301,2020-03-03,,162,79,30.1,Non-Smoker,Occasional,"PENICILLIN, SULFA","Fibromyalgia, Hyperlipidemia, Atrial Fibrillation, Asthma","Atorvastatin, Celecoxib",None,"Asthma, Heart Disease",Spanish,White,Active,2,EMR_Cerner
943,Angela,Hamilton,1963-09-17,Female,o+,angela.hamilton@email.example.com,abc-def-ghij,Peter Harris,(711) 574-1916,,Single,Nurse,,Oscar Health,POL-479084,GRP-1439,445,01-01-2020,2021-07-02,160,88,34.4,Non-Smoker,Moderate,None,Migraine,"Omeprazole, Warfarin",Carpal tunnel release,"Heart Disease, Diabetes, Alzheimer's",Mandarin,White,Inactive,16,EMR_Cerner
949,Robert,Myers,2005-03-06,F,O+,robert.myers@email.example.com,(758) 745-1807,Ashley Gomez,000-000-0000,"{""line1"": ""9683 Cedar Ln"", ""apt"": "", Suite 14"", ""city"": ""Tulsa"", ""state"": ""OK"", ""zip"": ""74101"", ""timezone"": ""America/Los_Angeles"", ""longitude"": -115.1164, ""neighborhood"": ""Midtown"", ""county"": ""Cook""}",Single,Data Analyst,,Cigna HealthCare,POL-168036,GRP-1930,345,2023-02-22,2025-03-29,166,79,28.7,Non-Smoker,Occasional,"Peanuts, Pollen, Sulfa","Osteoporosis, Fibromyalgia, Osteoarthritis",Atorvastatin,"Hysterectomy, ACL reconstruction, Carpal tunnel release",Cancer,English,White,Active,21,EMR_Cerner
964,Olivia,Powell,1977-06-06,Female,A+,olivia.powell@email.example.com,(591) 600-8876,Nicholas Howard,(934) 881-6610,"{""line1"": ""609 Seventh St"", ""apt"": "", # 40"", ""city"": ""Seattle"", ""state"": ""WA"", ""zip"": ""98101"", ""county"": ""Sacramento""}",Married,HR Specialist,,Highmark,POL-787444,GRP-2759,126,2021-01-10,,164,85,31.6,Smoker,Occasional,Pollen,,None,"Hysterectomy, Gastric bypass, C-section",None,English,Hispanic or Latino,Active,13,EMR_Cerner
965,Brian,Gomez,1973-01-15,Male,O-,brian.gomez@email.example.com,(602) 845-7392,Roger Tucker,(958) 623-4845,"{""line1"": ""8554 Hickory St"", ""apt"": "", Apt 37"", ""city"": ""Kansas City"", ""state"": ""MO"", ""zip"": ""64101""}",Married,,Carter Corp,Aetna,POL-621303,GRP-1915,276,2022-04-24,2023-08-23,171,71,24.3,Non-Smoker,Former,"PENICILLIN, SULFA",,Amlodipine,None,"None, Asthma, Arthritis",English,White,Active,19,EMR_Cerner
968,Joe,Price,1990-02-19,Male,O+,joe.price@email.example.com,(859) 229-6193,Benjamin Bryant,(896) 746-9509,"{""line1"": ""1051 Cherry Ln"", ""apt"": """", ""city"": ""Nashville"", ""state"": ""TN"", ""zip"": ""37201"", ""longitude"": -117.2531, ""latitude"": 25.1655, ""delivery_notes"": ""Gate code: #1234""}",Widowed,Software Developer,Simmons Corp,Highmark,POL-652047,GRP-5709,95,2018-12-29,2020-01-09,191,77,21.1,Non-Smoker,Occasional,Dust,,Eliquis,"Appendectomy 2018, Cholecystectomy 2020",Diabetes,English,Asian,Active,14,EMR_Cerner
970,Oliver,Crawford,1965-10-09,Male,O+,oliver.crawford@email.example.com,(836) 566-8827,Amy Roberts,(876) 603-8130,"{""line1"": ""736 Madison St"", ""apt"": """", ""city"": ""Columbus"", ""state"": ""OH"", ""zip"": ""43201""}",Separated,Scientist,Young Corp,,,,122,2022-09-21,2023-07-04,179,100,31.2,Non-Smoker,Occasional,None,,Losartan,None,"Asthma, Arthritis, None",Mandarin,Hispanic or Latino,Active,6,EMR_Cerner
976,Carolyn,Cooper,1983-06-01,Female,o+,carolyn.cooper@email.example.com,(913) 535-6170,Victor Washington,(640) 598-1614,"{""line1"": ""6679 Magnolia Way"", ""apt"": """", ""city"": ""Atlanta"", ""state"": ""GA"", ""zip"": ""30301"", ""country"": ""USA""}",Married,Lawyer,Davis Corp,Harvard Pilgrim,POL-593984,GRP-1714,315,2019-05-26,2019-10-18,180,52,16.0,never assessed,Occasional,None,"Depression, Anxiety Disorder, Anemia, Osteoporosis","Omeprazole, Amlodipine",None,"Asthma, Cancer",Vietnamese,Two or More Races,Active,18,EMR_Cerner
978,Jeffrey,Perez,2004-12-19,Male,B-,jeffrey.perez@email.example.com,abc-def-ghij,Genesis Lewis,(941) 312-3064,"{""line1"": ""6280 College Ave"", ""apt"": """", ""city"": ""Fresno"", ""state"": ""CA"", ""zip"": ""93701"", ""county"": ""Orange""}",Single,HR Specialist,,Molina Healthcare,POL-915769,GRP-5377,387,2025-06-02,2027-03-01,177,116,37.0,Non-Smoker,Heavy,None,"Osteoarthritis, Hypothyroidism, Asthma, Chronic Fatigue",None,"Hysterectomy, C-section, Hernia repair","Heart Disease, Diabetes, Arthritis",English,White,Inactive,17,EMR_Cerner
992,Julian,Jones,1981-09-25,Male,A+,julian.jones@email.example.com,(495) 647-8641,Tyler Cook,(276) 362-2666,"{""line1"": ""8039 Beechwood Ave"", ""apt"": """", ""city"": ""Portland"", ""state"": ""OR"", ""zip"": ""97201""}",Married,Bank Teller,Powell Corp,Health Net,POL-550563,GRP-1943,249,2018-06-18,2019-02-04,166,72,26.1,Current Smoker,None,Latex,COPD,"Duloxetine, Amlodipine, Eliquis, Acetaminophen",None,"Heart Disease, Cancer, Asthma",Mandarin,White,Active,12,EMR_Cerner
996,Jeremy,Murray,1983-02-27,Male,O+,jeremy.murray@email.example.com,(520) 921-1944,Steven Patterson,(908) 693-6704,"{""line1"": ""4399 Eighth Ave"", ""apt"": """", ""city"": ""Seattle"", ""state"": ""WA"", ""zip"": ""98101""}",Single,Pilot,Wood Corp,Independence Blue Cross,POL-990942,GRP-3168,168,2018-02-25,2019-06-30,178,71,22.4,Non-Smoker,None,None,"COPD, Chronic Fatigue, Rheumatoid Arthritis",Aspirin,Carpal tunnel release,"Stroke, Arthritis, Diabetes",Spanish,Hispanic or Latino,Active,21,EMR_Cerner
999,Julian,Edwards,1990-06-06,Male,O+,julian.edwards@email.example.com,(219) 512-3609,Aiden Smith,(767) 909-7786,"{""line1"": ""8597 Sycamore Ave"", ""apt"": """", ""city"": ""Omaha"", ""state"": ""NE"", ""zip"": ""68101"", ""longitude"": -107.5275, ""street_type"": ""Pl"", ""delivery_notes"": ""Call upon arrival""}",Single,Accountant,Allen Corp,Cigna,POL-269197,GRP-2918,589,2018-05-11,2022-03-04,171,77,26.3,Non-Smoker,None,Codeine,Congestive Heart Failure,Loratadine,Coronary artery bypass grafting,"Heart Disease, Stroke, Asthma",English,Black or African American,Active,13,EMR_Cerner
1009,Lucas,Campbell,1982-03-09,Male,A-,lucas.campbell@email.example.com,(836) 756-4426,Kathleen Robinson,(840) 244-6601,"{""line1"": ""6857 Pleasant St"", ""apt"": """", ""city"": ""Kansas City"", ""state"": ""MO"", ""zip"": ""64101"", ""county"": ""Sacramento"", ""floor_number"": 35, ""timezone"": ""America/New_York"", ""latitude"": 32.4375, ""longitude"": -115.4096}",Married,Writer,,Anthem,POL-448586,GRP-3247,145,2019-09-20,2020-07-14,174,83,27.4,Non-Smoker,None,"Peanuts, Latex, Pollen","Psoriasis, Irritable Bowel Syndrome, COPD",unknown,,"Asthma, Heart Disease, Stroke",English,Asian,Active,9,EMR_Cerner
1011,Sharon,Chavez,1980-11-11,Female,O+,sharon.chavez@email.example.com,(916) 421-2911,Stella Reynolds,(577) 940-3008,"{""line1"": ""2841 Ash Ct"", ""apt"": """", ""city"": ""Boston"", ""state"": ""MA"", ""zip"": ""02101""}",Married,Retired,Butler Corp,Harvard Pilgrim,POL-577241,GRP-6842,418,2018-04-09,2022-02-28,165,88,32.3,Current Smoker,Moderate,Sulfa,Chronic Kidney Disease,Loratadine,None,"Alzheimer's, Arthritis, Stroke",English,White,Active,22,EMR_Cerner
1012,Victoria,Anderson,1800-01-01,Female,o+,victoria.anderson@email.example.com,,Christine Kelly,(465) 595-9680,"{""line1"": ""685 Center St"", ""apt"": """", ""city"": ""Jacksonville"", ""state"": ""FL"", ""zip"": ""32201"", ""longitude"": -107.9961}",Widowed,---,,Blue Cross Blue Shield,POL-495410,GRP-4558,456,2021-05-21,2022-09-03,160,47,18.4,Non-Smoker,Occasional,"Sulfa, Latex",N/A,Duloxetine,Total knee replacement,Diabetes,Spanglish,White,Active,12,EMR_Cerner
1016,Kimberly,Perez,1983-07-17,Female,A-,kimberly.perez@email.example.com,(951) 899-6638,Roger Young,(693) 384-6951,"{""line1"": ""2153 Pine St"", ""apt"": """", ""city"": ""San Diego"", ""state"": ""CA"", ""zip"": ""92101"", ""timezone"": ""America/New_York"", ""neighborhood"": ""Suburbs"", ""street_type"": ""Pl""}",Married,Architect,,Humana,POL-520417,,394,tomorrow,2024-02-29,165,87,32.0,Former Smoker,Occasional,"None, Shellfish",Ulcerative Colitis,"Losartan, Levothyroxine, Eliquis, Warfarin","Cataract surgery, Colectomy","Diabetes, Arthritis",English,Black or African American,Deceased,5,EMR_Cerner
1023,Emma,White,2000-08-22,Female,,emma.white@email.example.com,(747) 481-4591,Aaron Ortiz,(789) 972-7688,"{""line1"": ""3106 Third St"", ""apt"": """", ""city"": ""El Paso"", ""state"": ""TX"", ""zip"": ""79901"", ""street_type"": ""St""}",Married,Scientist,AAAAAAAAAAAAAAAAAAAAAAAAAAAAAAAAAAAAAAAAAAAAAAAAAAAAAAAAAAAAAAAAAAAAAAAAAAAAAAAAAAAAAAAAAAAAAAAAAAAAAAAAAAAAAAAAAAAAAAAAAAAAAAAAAAAAAAAAAAAAAAAAAAAAAAAAAAAAAAAAAAAAAAAAAAAAAAAAAAAAAAAAAAAAAAAAAAAAAAAA,Centene,POL-563053,GRP-8553,230,2022-08-25,2024-05-25,170,86,normal,Non-Smoker,Heavy,"Codeine, Latex, None","GERD, Sleep Apnea, Chronic Kidney Disease",Lisinopril,None,"Cancer, Heart Disease",English,Hispanic or Latino,Active,8,EMR_Cerner
1030,Mark,Clark,1957-07-15,Male,O-,mark.clark@email.example.com,(449) 574-8722,Jasper Lewis,(377) 443-9926,"{""line1"": ""426 View Blvd"", ""apt"": """", ""city"": ""Los Angeles"", ""state"": ""CA"", ""zip"": ""90001"", ""county"": ""Maricopa""}",Single,,,,,,440,2024-09-16,2024-12-02,177,101,32.2,Never Assessed,Occasional,"Dust, Penicillin, Latex","Osteoporosis, Hypothyroidism, Chronic Kidney Disease",None,None,"Diabetes, None",English,White,Active,15,EMR_Cerner
1034,Abigail,Clark,1986-06-02,F,O+,abigail.clark@email.example.com,(207) 344-1292,Riley Freeman,(358) 759-6477,"{""line1"": ""3117 Center St"", ""apt"": """", ""city"": ""Oakland"", ""state"": ""CA"", ""zip"": ""94601"", ""street_type"": ""Blvd""}",Widowed,Accountant,Long Corp,Aetna,POL-242639,GRP-3373,265,2023-08-27,2027-05-17,156,118,48.5,Current Smoker,None,"Sulfa, Peanuts","Osteoarthritis, Psoriasis, Hyperlipidemia","Amlodipine, Celecoxib","Total knee replacement, Hemorrhoidectomy","Asthma, Hypertension",English,White,Active,21,EMR_Cerner
1035,Amy,,1983-12-13,Female,A+,amy.sanchez@email.example.com,(300) 527-6359,Jackson Reed,(871) 860-6901,"{""line1"": ""Unknown"", ""city"": ""Unknown"", ""state"": ""NA"", ""zip"": ""00000"", ""landmark"": ""Near Hospital"", ""timezone"": ""America/Denver"", ""county"": ""Orange"", ""street_type"": ""Way"", ""floor_number"": 11}",Single,Pharmacist,Ward Corp,MetLife,POL-237148,GRP-7309,313,2023-10-11,2026-01-12,170,80,27.7,Never Assessed,Moderate,"Pollen, Codeine, Dust",,!@#$%^&*(),"Coronary artery bypass grafting, Spinal fusion","Hypertension, Arthritis, Stroke",Russian,White,Deceased ,6,EMR_Cerner
1042,Luke,Hayes,1960-04-18,Male,O+,luke.hayes@email.example.com,(578) 729-8817,Grace Sanchez,(466) 348-5995,"{""line1"": ""4626 First St"", ""apt"": """", ""city"": ""Cleveland"", ""state"": ""OH"", ""zip"": ""44101"", ""longitude"": -99.2432, ""timezone"": ""America/New_York""}",Widowed,Doctor,Ortiz Corp,MetLife,POL-864469,GRP-1067,462,2020-03-01,2021-04-14,171,91,31.1,Non-Smoker,None,"Dust, NSAIDs, Sulfa","Congestive Heart Failure, Rheumatoid Arthritis","Ozempic, Albuterol, Aspirin, Duloxetine",None,None,Russian,White,Active,20,EMR_Cerner
1043,Heather,Ruiz,1998-08-11,Female,O+,heather.ruiz@email.example.com,(298) 233-3627,Skylar Harris,(860) 350-3625,"{""line1"": ""4139 Union Ave"", ""apt"": """", ""city"": ""Nashville"", ""state"": ""TN"", ""zip"": ""37201""}",Separated,Accountant,,Health Net,POL-608098,GRP-8036,57,2024-11-22,2025-08-26,162,81,30.9,Non-Smoker,Former,None,COPD,Clopidogrel,None,None,,White,Active,18,EMR_Cerner
1044,Skylar,Collins,2001-05-06,Female,O+,skylar.collins@email.example.com,(403) 739-8857,Ronald King,(437) 840-7231,"{""line1"": ""2618 Union Ave"", ""apt"": "", Unit 35"", ""city"": ""Phoenix"", ""state"": ""AZ"", ""zip"": ""85001""}",Married ,Musician,Brown Corp,MetLife,POL-ABC,GRP-4938,63,2025-07-11,2025-08-10,161,88,33.9,Non-Smoker,Former,NSAIDs,,Aspirin,None,None,Spanish,White,Active,8,EMR_Cerner
1054,Betty,Ward,2000-07-31,Female,A-,betty.ward@email.example.com,(993) 591-1591,Joyce Smith,(922) 799-4473,"{""line1"": ""397 Walnut Ave"", ""apt"": "", Apt 9"", ""city"": ""Nashville"", ""state"": ""TN"", ""zip"": ""37201"", ""county"": ""Dallas""}",Single,Artist,,Bright Health,POL-639740,GRP-1844,89,2023-07-04,2025-04-21,172,104,35.2,Non-Smoker,Occasional,"Penicillin, Sulfa, None",Congestive Heart Failure,None,"Appendectomy 2018, Cholecystectomy 2020",Arthritis,English,White,Active,12,EMR_Cerner
1055,Aiden,Gibson,1973-04-16,Male,AB-,aiden.gibson@email.example.com,(271) 398-4037,Patricia Walker,(809) 621-8064,"{""line1"": ""2877 Madison St"", ""apt"": """", ""city"": ""Indianapolis"", ""state"": ""IN"", ""zip"": ""46201"", ""street_type"": ""Ct""}",Separated,Dental Hygienist,,Oscar Health,POL-258826,GRP-8762,472,2022-01-03,2024-04-06,180,68,21.0,Former Smoker,Occasional,Null,"Crohn's Disease, Chronic Fatigue",None,Appendectomy,"Hypertension, Heart Disease",Vietnamese,Hispanic or Latino,Active,15,EMR_Cerner
1062,James,Peterson,1986-09-09,Male,O+,james.peterson@email.example.com,(470) 928-3159,Terry Turner,(764) 577-6420,"{""line1"": ""107 College Ave"", ""apt"": "", Unit 19"", ""city"": ""Portland"", ""state"": ""OR"", ""zip"": ""97201"", ""latitude"": 39.7866, ""street_type"": ""Way"", ""country"": ""USA"", ""timezone"": ""America/Chicago""}",Married,Construction Worker,Cole Corp,Blue Cross Blue Shield,POL-539872,GRP-7633,411,2020-12-16,,161,85,32.8,Former Smoker,Occasional,Shellfish,"Ulcerative Colitis, Eczema, Atrial Fibrillation, Congestive Heart Failure","Sertraline, Bupropion, Loratadine, Omeprazole",Colectomy,None,English,Two or More Races,Active,12,EMR_Cerner
1063,Mary,Simpson,2003-08-25,Female,O-,mary.simpson@email.example.com,(905) 687-9448,Anthony Foster,(432) 451-1626,"{""line1"": ""850 Fifth St"", ""apt"": "", Unit 47"", ""city"": ""San Antonio"", ""state"": ""TX"", ""zip"": ""78201"", ""street_type"": ""Pl""}",Married,Accountant,Miller Corp,Independence Blue Cross,POL-271653,GRP-3053,82,2024-08-13,2028-05-20,173,63,21.0,Non-Smoker,None,"Peanuts, NSAIDs, Sulfa","Osteoporosis, Asthma, Psoriasis, COPD","Loratadine, Metoprolol, Eliquis, Amlodipine","Appendectomy 2018, Cholecystectomy 2020",Cancer,Spanish,Hispanic or Latino,Active,19,EMR_Cerner
1064,Camila,Collins,1953-09-21,Female,O+,camila.collins@email.example.com,(992) 216-8016,999-999-9999,(324) 823-8021,"{""line1"": ""4005 Lake Dr"", ""apt"": """", ""city"": ""Memphis"", ""state"": ""TN"", ""zip"": ""38101"", ""latitude"": 36.5645, ""county"": ""Sacramento""}",Widowed,Pharmacist,Freeman Corp,,,,194,2025-03-06,2025-04-01,166,67,24.3,Non-Smoker,Occasional,Dust,,"Celecoxib, Amlodipine, Warfarin, Montelukast",None,"Asthma, Diabetes",Spanish,Black or African American,Active,18,EMR_Cerner
1069,Jasper,Cruz,2002-03-05,Male,O+,jasper.cruz@email.example.com,(951) 784-1091,Aiden Brown,(966) 758-2278,"{""line1"": ""7853 Broadway"", ""apt"": """", ""city"": ""San Francisco"", ""state"": ""CA"", ""zip"": ""94101"", ""landmark"": ""Next to Mall"", ""street_type"": ""Blvd"", ""country"": ""USA"", ""latitude"": 46.3091}",Married,Graphic Designer,West Corp,Geisinger,POL-124615,GRP-6946,442,2025-07-28,2026-07-09,173,72,24.1,Current Smoker,Occasional,"Peanuts, Latex, Pollen","Type 2 Diabetes, Crohn's Disease",None,"Spinal fusion, Hernia repair",Hypertension,Cantonese,Hispanic or Latino,active,13,EMR_Cerner
1072,Ella,Griffin,1957-08-10,Female,A-,ella.griffin@email.example.com,(480) 577-7948,Gabriel Cruz,(944) 644-8136,"{""line1"": ""4567 Ash Ct"", ""apt"": """", ""city"": ""San Antonio"", ""state"": ""TX"", ""zip"": ""78201"", ""longitude"": -113.4238, ""timezone"": ""America/Denver"", ""country"": ""USA""}",Single,Software Developer,James Corp,Geisinger,POL-857144,GRP-6984,443,2019-12-22,2020-05-07,167,81,29.0,Non-Smoker,Occasional,"Peanuts, Shellfish, NSAIDs",Congestive Heart Failure,None,None,None,French,White,Active,15,EMR_Cerner
1074,Thomas,Allen,1992-10-27,Male,O-,thomas.allen@email.example.com,(303) 676-8956,George Porter,(358) 231-3729,"{""line1"": ""4820 Lincoln Blvd"", ""apt"": """", ""city"": ""Tampa"", ""state"": ""FL"", ""zip"": ""33601""}",Married,Insurance Agent,,MetLife,POL-653327,GRP-9148,124,2025-11-21,2029-03-27,180,87,26.9,Former Smoker,Heavy,"Dust, None, Penicillin","Congestive Heart Failure, Irritable Bowel Syndrome, Hyperlipidemia, Fibromyalgia",None,none,"Arthritis, None, Asthma",English,White,Active,18,EMR_Cerner
1077,Deborah,Nelson,1995-09-29,Female,A+,deborah.nelson@email.example.com,(781) 474-7905,Laura Perez,(210) 910-9326,"{""line1"": ""4678 Beechwood Ave"", ""apt"": """", ""city"": ""New York"", ""state"": ""NY"", ""zip"": ""10001"", ""landmark"": ""Adjacent to Library"", ""country"": ""USA"", ""latitude"": 45.2937, ""longitude"": -114.7896, ""street_type"": ""St""}",Divorced,Military,Wilson Corp,MetLife,POL-160435,GRP-3837,410,2023-04-22,,156,94,38.6,Non-Smoker,None,Dust,"Coronary Artery Disease, Ulcerative Colitis","Gabapentin, Cetirizine, Clopidogrel",Coronary artery bypass grafting,Arthritis,Tagalog,White,Active,5,EMR_Cerner
1078,Hannah,Walker,2004-07-23,Female,AB,hannah.walker@email.example.com,(397) 293-6517,Nicole Ortiz,(606) 991-6107,"{""line1"": ""123 Main St"", ""county"": ""Orange"", ""landmark"": ""Adjacent to Library""}",Married,Pilot,James Corp,Geisinger,POL-443699,GRP-7326,23,2022-07-23,,155,60,25.0,Former Smoker,None,Codeine,Crohn's Disease,"Omeprazole, Metformin","Sleeve gastrectomy, Vasectomy",Cancer,English,Asian,Active,14,EMR_Cerner
1082,Kathleen,Alexander,1999-07-20,Female,O+,kathleen.alexander@email.example.com,(496) 433-1871,Anthony Hughes,(341) 748-3851,"{""line1"": ""8007 Pleasant St"", ""apt"": """", ""city"": ""Tucson"", ""state"": ""AZ"", ""zip"": ""85701"", ""county"": ""King"", ""country"": ""USA"", ""timezone"": ""America/New_York"", ""neighborhood"": ""Waterfront""}",Married,Lawyer,Ramirez Corp,,,,49,2019-08-01,2021-12-25,157,54,21.9,Never Assessed,Occasional,"Sulfa, Dust, Pollen",,Tramadol,Hemorrhoidectomy,"Heart Disease, Diabetes, Heart Disease",Mandarin,White,Inactive,13,EMR_Cerner
1086,Stephen,Hicks,1959-03-21,Male,A+,stephen.hicks@email.example.com,(652) 369-8019,Bruce Myers,(500) 299-2434,"{""line1"": ""6675 Cherry Ln"", ""apt"": "", # 10"", ""city"": ""Virginia Beach"", ""state"": ""VA"", ""zip"": ""23450"", ""timezone"": ""America/Chicago""}",Single,Accountant,,Oscar Health,POL-810100,GRP-5422,265,2019-01-02,2019-11-08,174,67,22.1,Never Assessed,Moderate,"Sulfa, Dust",Irritable Bowel Syndrome,"Aspirin, Albuterol, Metoprolol, Hydrochlorothiazide",None,"DM, HTN, CAD",English,Asian,Active,21,EMR_Cerner
1090,Pamela,,1982-11-14,Female,O-,pamela.morris@email.example.com,(340) 540-2486,Melissa Flores,(926) 984-5683,"{""line1"": ""7490 Broadway"", ""apt"": """", ""city"": ""Columbus"", ""state"": ""OH"", ""zip"": ""43201"", ""neighborhood"": ""Southside"", ""delivery_notes"": ""Call upon arrival""}",Single,Architect,,Blue Cross Blue Shield,POL-953066,GRP-9777,255,,2022-09-05,169,70,24.5,Non-Smoker,Sometimes,"NSAIDs, Penicillin, Shellfish",Sleep Apnea,"Fluticasone, Levothyroxine, Bupropion, Spironolactone",none,Stroke,Russian,Hispanic or Latino,Inactive,5,EMR_Cerner
1091,Justin,Stevens,1973-06-07,Male,A+,justin.stevens@email.example.com,(659) 492-4513,Kevin Hughes,(668) 772-5329,"{""line1"": ""4039 Forest Ave"", ""apt"": """", ""city"": ""Philadelphia"", ""state"": ""PA"", ""zip"": ""19101"", ""floor_number"": 4}",Single,Unemployed,,MetLife,POL-822615,GRP-4543,19,2019-12-10,2020-07-27,181,46,14.0,Non-Smoker,Former,"None, Sulfa, Peanuts",Osteoarthritis,"Albuterol, Meloxicam, Bupropion, Duloxetine",Total hip replacement,"Cancer, Asthma",French,White,Inactive,14,EMR_Cerner
1092,Raymond,Allen,2002-06-28,Male,B+,raymond.allen@email.example.com,(797) 505-1436,Patricia Hall,(987) 476-4339,"{""line1"": ""9376 Lincoln Blvd"", ""apt"": "", Suite 32"", ""city"": ""San Jose"", ""state"": ""CA"", ""zip"": ""95101""}",Single,Physical Therapist,Murray Corp,,,,244,2018-04-26,2021-03-03,178,82,25.9,Non-Smoker,Moderate,"Peanuts, Shellfish","Coronary Artery Disease, Congestive Heart Failure","Gabapentin, Cyclobenzaprine, Loratadine",None,"Arthritis, Cancer",English,White,Active,23,EMR_Cerner
1093,Terry,Lee,2025-06-15,Male,A+,terry.lee@email.example.com,(697) 969-3757,Paul Diaz,(729) 645-2254,,,Insurance Agent,Lee Corp,Kaiser Permanente,POL-344032,GRP-2634,432,2023-09-22,2026-06-15,186,91,26.3,Non-Smoker,Occasional,"Penicillin, Dust","GERD, Osteoporosis",Omeprazole,Thyroidectomy,None,ENGLISH,,Active,18,EMR_Cerner
1101,Anna,Adams,1989-03-29,Female,A+,anna.adams@email.example.com,(950) 694-1051,Stephanie Ortiz,(232) 714-7417,"{""line1"": ""7833 Magnolia Way"", ""apt"": "", Unit 13"", ""city"": ""Raleigh"", ""state"": ""NC"", ""zip"": ""27601"", ""timezone"": ""America/Denver""}",Single,Administrative Assistant,James Corp,MetLife,POL-310871,GRP-6967,143,2020-04-05,2024-02-06,166,46,16.7,Never Assessed,Occasional,Codeine,"Hyperlipidemia, Irritable Bowel Syndrome","Jardiance, Spironolactone, Omeprazole, Losartan",None,Hypertension,Spanish,Two or More Races,Active,5,EMR_Cerner
1110,Ethan,Myers,1981-12-12,Male,O+,ethan.myers@email.example.com,(244) 633-1339,Riley Turner,(812) 299-9367,"{""line1"": ""3322 Hickory St"", ""apt"": """", ""city"": ""Fresno"", ""state"": ""CA"", ""zip"": ""93701"", ""latitude"": 28.2578, ""street_type"": ""Ave"", ""neighborhood"": ""Midtown"", ""country"": ""USA""}",Married,---,Rivera Corp,Kaiser Permanente,POL-485014,GRP-9052,65,2021-12-03,2023-06-06,194,60,15.9,Never Assessed,Moderate,"Peanuts, Latex","Eczema, Coronary Artery Disease",None,None,"Arthritis, None, Heart Disease",Spanish,White,Active,20,EMR_Cerner
1118,Chloe,Ramos,2005-01-07,Female,O-,not-an-email,(759) 402-7387,Stephen Hayes,(363) 920-5226,"{""line1"": ""9797 Ash Ct"", ""apt"": """", ""city"": ""New Orleans"", ""state"": ""LA"", ""zip"": ""70112"", ""neighborhood"": ""Historic District"", ""county"": ""Orange"", ""latitude"": 27.8017}",Single,Unemployed,Hall Corp,Oscar Health,POL-810449,GRP-4058,202,2022-09-04,2024-08-03,170,40,-5,Non-Smoker,Occasional,"Shellfish, Penicillin","Anemia, Crohn's Disease, Fibromyalgia","Fluticasone, Insulin glargine, Warfarin",ACL reconstruction,Asthma,English,White,Active,8,EMR_Cerner
1124,Ezra,Sanders,2001-08-08,Male,O+,ezra.sanders@email.example.com,(549) 514-5564,Jeremy Walker,(645) 365-7271,"{""line1"": ""4393 Broadway"", ""apt"": """", ""city"": ""Jacksonville"", ""state"": ""FL"", ""zip"": ""32201"", ""longitude"": -85.7447, ""latitude"": 30.4639, ""timezone"": ""America/Denver""}",Married,Teacher,,Bright Health,POL-183328,GRP-1243,151,2020-01-02,,179,93,29.0,Non-Smoker,Occasional,"Shellfish, Codeine, Latex","Osteoporosis, Rheumatoid Arthritis, Chronic Fatigue, Hyperlipidemia","Ozempic, Furosemide",None,None,English,Black or African American,Active,16,EMR_Cerner
1134,Lauren,Hunter,1980-09-26,Female,A+,lauren.hunter@email.example.com,(680) 564-4020,Genesis Richardson,,"{""line1"": ""1632 Market St"", ""apt"": """", ""city"": ""Milwaukee"", ""state"": ""WI"", ""zip"": ""53201"", ""latitude"": 47.1253}",Single,Bank Teller,,UnitedHealthcare,POL-939488,GRP-7534,399,2018-03-31,,161,0,29.3,Non-Smoker,None,None,"Coronary Artery Disease, Osteoporosis",unknown,"Appendectomy, Carpal tunnel release","Heart Disease, Diabetes, None",Mandarin,Hispanic or Latino,Active,1,EMR_Cerner
1135,Joyce,Martinez,1991-04-04,Female,B-,joyce.martinez@email.example.com,(539) 923-4787,Shirley Patterson,(207) 883-8501,"{""line1"": ""4587 Beechwood Ave"", ""apt"": "", Suite 44"", ""city"": ""Fort Worth"", ""state"": ""TX"", ""zip"": ""76101"", ""latitude"": 36.8589}",Single,---,Bryant Corp,Molina Healthcare,POL-503867,,245,2023-03-24,2025-09-17,164,70,26.0,Non-Smoker,Moderate,"NSAIDs, Latex, Dust","Depression, GERD, Coronary Artery Disease, Depression, GERD, Coronary Artery Disease","Metformin, Losartan, Fluticasone",Total knee replacement,None,English,White,Active,12,EMR_Cerner
1137,Mateo,Richardson,1997-03-07,Male,O+,mateo.richardson@email.example.com,(951) 601-5679,Harold Edwards,(545) 746-6634,"{""line1"": ""3557 Highland Ave"", ""apt"": """", ""city"": ""Kansas City"", ""state"": ""MO"", ""zip"": ""64101"", ""neighborhood"": ""Historic District""}",Single,Teacher,Crawford Corp,,,,153,2025-04-23,2027-08-14,179,100,31.2,Former Smoker,Occasional,"Shellfish, Sulfa, Penicillin",N/A,"Ibuprofen, Metoprolol","Laminectomy, Angioplasty with stent","None, Alzheimer's",Russian,Hispanic or Latino,Active,13,EMR_Cerner
1138,Elizabeth,Gonzalez,2005-03-30,Non-Binary,A+,elizabeth.gonzalez@email.example.com,(343) 808-5974,,(449) 499-9195,"{""line1"": ""2604 Church St"", ""apt"": """", ""city"": ""New Orleans"", ""state"": ""LA"", ""zip"": ""70112"", ""country"": ""USA"", ""neighborhood"": ""Midtown"", ""county"": ""King"", ""delivery_notes"": ""Gate code: #1234""}",Single,Student,Hunter Corp,Harvard Pilgrim,POL-205902,GRP-5740,294,2021-05-06,,182,98,29.6,Non-Smoker,None,Shellfish,Hyperlipidemia,"Amlodipine, Montelukast, Fluticasone, Ozempic",None,"Asthma, Hypertension",English,White,Active,13,EMR_Cerner
1141,Lawrence,Gutierrez,2099-06-15,Mle,A+,lawrence.gutierrez@email.example.com,(941) 363-1375,Zoey Cox,(579) 584-1766,"{""line1"": ""3430 Poplar St"", ""apt"": "", Suite 43"", ""city"": ""Washington"", ""state"": ""DC"", ""zip"": ""20001"", ""neighborhood"": ""Waterfront"", ""latitude"": 41.6275, ""timezone"": ""America/Chicago"", ""longitude"": -93.5527}",Separated,Driver,Sanchez Corp,Aetna,POL-169177,GRP-1044,144,2021-08-21,2025-02-20,176,72,23.2,Non-Smoker,Moderate,"Peanuts, NSAIDs, Pollen",,"Furosemide, Fluticasone, Apixaban, Warfarin",Angioplasty with stent,"Diabetes, None",English,White,Active,14,EMR_Cerner
1144,George,Castillo,2025-01-01,Male,A+,george.castillo@email.example.com,(457) 735-7460,Harrison Scott,(698) 961-4279,"{""line1"": ""2870 Highland Ave"", ""apt"": """", ""city"": ""Fort Worth"", ""state"": ""TX"", ""zip"": ""76101"", ""neighborhood"": ""Waterfront""}",Married,Scientist,,Aetna,POL-138039,GRP-3876,494,2018-08-04,2021-12-24,180,40,12.3,Former Smoker,Moderate,"Pollen, Peanuts, Codeine","Eczema, Hyperlipidemia, Hypertension, Rheumatoid Arthritis","Metformin, Loratadine, Duloxetine, Meloxicam",Hysterectomy,None,French,White,Active,18,EMR_Cerner
1145,Anna,Cook,2099-06-15,Female,B+,anna.cook@email.example.com,(626) 856-3494,Christine Richardson,(281) 916-5026,"{""line1"": ""8582 Franklin Blvd"", ""apt"": """", ""city"": ""Nashville"", ""state"": ""TN"", ""zip"": ""37201"", ""county"": ""Dallas"", ""longitude"": -83.3031}",Married,---,Torres Corp,Cigna HealthCare,POL-374211,GRP-5985,445,2025-01-11,2025-02-07,164,57,21.2,Former Smoker,None,"Penicillin, None, Dust",,"Omeprazole, Losartan",None,"Stroke, Heart Disease, None",Spanish,White,Deceased,16,EMR_Cerner
1146,Timothy,Hughes,1981-04-11,Male,A-,timothy.hughes@email.example.com,(535) 426-3468,Frank Alexander,(559) 603-1415,"{""line1"": ""6497 River Rd"", ""apt"": """", ""city"": ""Columbus"", ""state"": ""OH"", ""zip"": ""43201"", ""neighborhood"": ""West Side"", ""county"": ""San Diego"", ""latitude"": 26.0169, ""country"": ""USA""}",Married,Retail Associate,Myers Corp,Tufts Health Plan,POL-846140,GRP-4596,29,2023-01-01,2026-11-28,195,76,20.0,Non-Smoker,Occasional,None,"Hypothyroidism, Congestive Heart Failure, Hypertension",None,"Colectomy, Carpal tunnel release, Laminectomy",None,English,Human,Active,6,EMR_Cerner
1149,Harrison,Mitchell,1982-08-27,F,O+,harrison.mitchell@email.example.com,(337) 554-2600,Dorothy Ward,(924) 737-8419,"{""line1"": ""8782 Willow Dr"", ""apt"": """", ""city"": ""Houston"", ""state"": ""TX"", ""zip"": ""77001""}",Single,Pharmacist,Murphy Corp,Cigna,POL-793488,GRP-2633,271,2020-05-29,2020-11-17,9999,74,19.9,Former Smoker,2 beers/week,"None, Peanuts, Sulfa",Osteoporosis,None,Laminectomy,"Heart Disease, Asthma, Diabetes",English,White,Inactive,18,EMR_Cerner
1157,Savannah,Sanchez,1978-11-26,Female,B+,savannah.sanchez@email.example.com,(913) 537-7895,Dylan Ellis,(234) 636-4416,"{""line1"": ""2784 Hickory St"", ""apt"": "", # 15"", ""city"": ""Long Beach"", ""state"": ""CA"", ""zip"": ""90801""}",Single,Real Estate Agent,Gonzales Corp,Highmark,POL-872044,GRP-6753,251,2020-11-26,2022-10-11,154,82,34.6,Former Smoker,Occasional,"Pollen, Peanuts",,"Loratadine, Amlodipine",None,,Spanish,Hispanic or Latino,Active,19,EMR_Cerner
1172,Savannah,Crawford,2004-04-11,Female,O+,savannah.crawford@email.example.com,(703) 852-1956,Lincoln Jenkins,(232) 330-8982,"{""line1"": ""4602 Broadway"", ""apt"": "", Unit 17"", ""city"": ""Los Angeles"", ""state"": ""CA"", ""zip"": ""90001"", ""street_type"": ""Dr"", ""landmark"": ""Near Hospital""}",Married,Retired,Jones Corp,UnitedHealthcare,POL-666619,GRP-9417,154,2025-07-17,2028-01-02,179,0,20.6,Non-Smoker,None,"NSAIDs, Sulfa, Pollen","Migraine, Ulcerative Colitis, Congestive Heart Failure",,None,"Asthma, Hypertension",English,caucasian,Active,17,EMR_Cerner
1177,Amanda,Gonzales,1991-08-18,Female,O+,amanda.gonzales@email.example.com,(962) 289-6105,Dorothy Allen,(367) 481-4059,"{""line1"": ""7578 Pleasant St"", ""apt"": "", # 46"", ""city"": ""Tampa"", ""state"": ""FL"", ""zip"": ""33601""}",Married,Student,,Oscar Health,POL-665699,GRP-9880,242,,2021-08-19,-10,89,36.6,Current Smoker,Heavy,"Codeine, Latex, NSAIDs",Atrial Fibrillation,"Acetaminophen, Gabapentin, Omeprazole, Albuterol",None,Arthritis,English,Hispanic or Latino,Active,19,EMR_Cerner
1184,Jason,James,2003-01-27,Male,A+,jason.james@email.example.com,(923) 989-6017,Kimberly Long,(574) 769-8105,"{""line1"": ""8765 Cedar Ln"", ""apt"": "", Apt 32"", ""city"": ""Denver"", ""state"": ""CO"", ""zip"": ""80201"", ""timezone"": ""America/Phoenix""}",Separated,Plumber,Murphy Corp,Molina Healthcare,POL-284535,GRP-4018,379,2024-09-25,,tall,87,30.1,Non-Smoker,None,Sulfa,"Depression, Sleep Apnea","Amlodipine, Cetirizine",None,None,English,Other,active,19,EMR_Cerner
1186,Avery,###,2002-06-10,Female,O+,avery.scott@email.example.com,(472) 792-1527,999-999-9999,(939) 603-2046,"{""line1"": ""1575 Spring St"", ""apt"": "", Unit 37"", ""city"": ""Nashville"", ""state"": ""TN"", ""zip"": ""37201"", ""county"": ""Dallas"", ""country"": ""USA"", ""neighborhood"": ""Historic District""}",Married,Software Developer,Powell Corp,Harvard Pilgrim,POL-748890,GRP-4947,396,2023-04-09,2023-10-06,168,63,22.3,Non-Smoker,Occasional,None,,"Acetaminophen, Atorvastatin, Bupropion",Total knee replacement,Arthritis,English,Asian,Active,1,EMR_Cerner
1188,Lincoln,Roberts,2004-08-04,Male,O+,lincoln.roberts@email.example.com,(928) 512-5419,Frank Jordan,(645) 325-5606,"{""line1"": ""2741 Magnolia Way"", ""apt"": "", # 19"", ""city"": ""San Francisco"", ""state"": ""CA"", ""zip"": ""94101"", ""country"": ""USA"", ""longitude"": -86.2705, ""county"": ""Sacramento""}",Married,Scientist,Stevens Corp,CareFirst,POL-402391,GRP-2309,39,2025-12-14,2026-07-06,170,67,-5,Non-Smoker,Occasional,NSAIDs,,"Ozempic, Gabapentin, Meloxicam",None,"Hypertension, Alzheimer's",English,White,Active,17,EMR_Cerner
1195,Mary,Myers,1967-07-27,Female,O+,mary.myers@email.example.com,(232) 559-5927,Gabriel Turner,John Smith,"{""line1"": ""3906 Adams Way"", ""apt"": """", ""city"": ""Virginia Beach"", ""state"": ""VA"", ""zip"": ""23450"", ""country"": ""USA"", ""floor_number"": 37, ""timezone"": ""America/Denver"", ""latitude"": 46.5817}",Single,Artist,,Kaiser Permanente,POL-853012,GRP-6005,148,2025-02-24,2026-05-14,168,99,35.1,Non-Smoker,Occasional,"NSAIDs, Pollen, Sulfa",,"Lisinopril, Hydrochlorothiazide, Apixaban",None,"Alzheimer's, Heart Disease",English,Black or African American,Active,15,EMR_Cerner
1196,Benjamin,WOODS,1995-02-10,F,O+,benjamin.woods@email.example.com,(934) 593-1241,Shirley Baker,(689) 336-7082,"{""line1"": ""1894 Main St"", ""apt"": """", ""city"": ""Charlotte"", ""state"": ""NC"", ""zip"": ""28201"", ""longitude"": -76.4485, ""neighborhood"": ""Northside"", ""county"": ""Cook"", ""timezone"": ""America/Denver""}",Single,Electrician,,Harvard Pilgrim,POL-464831,GRP-2705,291,2023-04-19,1900-01-01,184,81,23.9,Non-Smoker,Occasional,"Peanuts, Shellfish, NSAIDs",,"Warfarin, Spironolactone, Pantoprazole, Albuterol",None,Alzheimer's,Tagalog,White,Active,8,EMR_Cerner
1197,Kelly,Tucker,2025-06-15,Female,A+,kelly.tucker@email.example.com,(219) 254-1876,Jason Young,(585) 821-7283,"{""line1"": ""2099 Sunset Dr"", ""apt"": """", ""city"": ""Philadelphia"", ""state"": ""PA"", ""zip"": ""19101"", ""latitude"": 28.2061, ""landmark"": ""Close to University"", ""timezone"": ""America/Phoenix""}",Married,Mechanic,Gonzales Corp,Aetna,POL-375854,GRP-4025,194,2025-12-18,,150,102,45.3,Non-Smoker,None,None,Depression,Pantoprazole,"Rotator cuff repair, C-section","Arthritis, Hypertension, None",Spanish,,Active,18,EMR_Cerner
1200,Raymond,Gibson,1985-04-29,Male,O+,raymond.gibson@email.example.com,(856) 543-4080,Paisley Simmons,(343) 390-5488,"{""line1"": ""6622 Lincoln Blvd"", ""apt"": """", ""city"": ""Columbus"", ""state"": ""OH"", ""zip"": ""43201"", ""landmark"": ""Opposite Central Park"", ""street_type"": ""Rd"", ""county"": ""Miami-Dade""}",Divorced,Flight Attendant,Ortiz Corp,Health Net,POL-970706,GRP-3293,354,2019-09-02,2022-07-22,174,85,28.1,Non-Smoker,Occasional,"Shellfish, None","Osteoarthritis, Chronic Fatigue","Gabapentin, Prednisone",None,Cancer,ENGLISH,,Active,25,EMR_Cerner
1203,Douglas,Jackson,1995-03-07,Male,O+,douglas.jackson@email.example.com,2125550199,Maria Allen,000-000-0000,"{""line1"": ""8264 Broadway"", ""apt"": """", ""city"": ""Albuquerque"", ""state"": ""NM"", ""zip"": ""87101"", ""longitude"": -116.2507, ""timezone"": ""America/New_York"", ""landmark"": ""Near City Hall""}",Married,---,Jenkins Corp,UnitedHealthcare,POL-660725,,312,2020-08-05,2021-10-16,170,60,normal,Former Smoker,None,"Penicillin, Latex, NSAIDs",Osteoporosis,"Eliquis, Montelukast","Cholecystectomy, Spinal fusion","Alzheimer's, Stroke, Cancer",English,White,Inactive,22,EMR_Cerner
1204,Zachary,,1953-06-01,Male,O+,zachary.perez@email.example.com,(851) 986-7349,Debra Wilson,(617) 705-2814,"{""line1"": ""422 Jefferson Ave"", ""apt"": "", Suite 42"", ""city"": ""Los Angeles"", ""state"": ""CA"", ""zip"": ""90001"", ""timezone"": ""America/Chicago""}",Married,Veterinarian,Torres Corp,Blue Cross Blue Shield,POL-415736,GRP-7460,28,2024-05-06,2028-02-29,184,90,26.6,Current Smoker,Occasional,"Shellfish, None, Sulfa",,Clopidogrel,None,"Heart Disease, Cancer, None",French,White,Active,5,EMR_Cerner
1208,Madelyn,Reyes,1970-03-31,Female,O+,madelyn.reyes@email.example.com,(616) 611-3400,Victoria Hicks,(861) 310-4116,"{""line1"": ""7126 Hickory St"", ""apt"": """", ""city"": ""San Jose"", ""state"": ""CA"", ""zip"": ""95101"", ""country"": ""USA"", ""latitude"": 42.8557}",Single,Manager,Tucker Corp,Health Net,POL-395084,GRP-3110,446,2021-02-17,,167,100,35.9,Current Smoker,Occasional,"Penicillin, NSAIDs",,"Metoprolol, Aspirin",Meniscectomy,"DM, HTN, CAD",Korean,White,Inactive,16,EMR_Cerner
1209,Rachel,Diaz,1983-10-11,Female,AB,rachel.diaz@email.example.com,(645) 632-2938,Jeremy Roberts,(461) 500-3824,"{""line1"": ""565 River Rd"", ""apt"": """", ""city"": ""Washington"", ""state"": ""DC"", ""zip"": ""20001"", ""latitude"": 39.8012, ""neighborhood"": ""East Side"", ""timezone"": ""America/Chicago""}",Married,Scientist,,Humana,POL-783298,GRP-7931,61,2019-07-23,2021-04-27,168,87,30.8,Non-Smoker,None,"Peanuts, None",,None,"Appendectomy, Colectomy, Spinal fusion","Cancer, Alzheimer's",English,White,Active,9,EMR_Cerner
1210,Donald,Edwards,2003-05-16,Male,A+,donald.edwards@email.example.com,12345,Bruce Cruz,(656) 966-8807,,Divorced,Bank Teller,Clark Corp,CareFirst,POL-169079,GRP-1203,226,2024-07-29,2028-03-08,167,57,20.4,Never Assessed,Heavy,Peanuts,"Rheumatoid Arthritis, Asthma, Ulcerative Colitis",None,Sleeve gastrectomy,None,,Hispanic or Latino,Inactive,1,EMR_Cerner
1213,Walter,Edwards,1973-01-09,Male,O-,walter.edwards@email.example.com,(907) 679-3826,Gregory Diaz,(962) 342-7211,"{""line1"": ""6330 Franklin Blvd"", ""apt"": """", ""city"": ""Miami"", ""state"": ""FL"", ""zip"": ""33101"", ""street_type"": ""Dr"", ""floor_number"": 7, ""county"": ""Cook"", ""latitude"": 27.9199}",Single,Pilot,Reed Corp,,,,378,2020-04-05,1900-01-01,184,76,22.4,Current Smoker,None,"Latex, Dust, Sulfa",Hypothyroidism,None,None,Cancer,French,White,Active,8,EMR_Cerner
1220,Elizabeth,Gonzales,1975-10-19,Female,O+,,(897) 245-6078,Lucas Gonzales,(721) 575-2460,"{""line1"": ""3003 View Blvd"", ""apt"": "", Apt 3"", ""city"": ""Baltimore"", ""state"": ""MD"", ""zip"": ""21201""}",,Bank Teller,Marshall Corp,Molina Healthcare,POL-369452,GRP-6017,172,2021-06-22,2022-05-22,164,67,24.9,Non-Smoker,Heavy,"Pollen, Shellfish, Dust",Osteoporosis,Loratadine,None,"Alzheimer's, Diabetes, Stroke",Russian,Black or African American,Active,25,EMR_Cerner
1222,Gregory,Murray,1951-11-27,Male,O+,gregory.murray@email.example.com,(442) 970-8734,N/A,(305) 717-1667,"{""line1"": ""2405 Forest Ave"", ""apt"": "", Suite 24"", ""city"": ""Portland"", ""state"": ""OR"", ""zip"": ""97201""}",Single,Bank Teller,Reynolds Corp,Centene,POL-116042,G1234,224,2018-10-12,2019-06-18,173,104,34.7,Non-Smoker,Moderate,"Pollen, Dust, Sulfa",,None,None,"Hypertension, Diabetes, Arthritis",Cantonese,White,Active,7,EMR_Cerner
1231,Raymond,Baker,1981-08-23,Male,O-,raymond.baker@email.example.com,(812) 599-9311,Justin Chavez,(385) 874-4128,"{""line1"": ""9406 Madison St"", ""apt"": """", ""city"": ""Boston"", ""state"": ""MA"", ""zip"": ""02101""}",Married,Teacher,Green Corp,Highmark,POL-794841,G1234,223,2024-03-24,,169,89,31.2,Never Assessed,Moderate,,"Chronic Fatigue, Coronary Artery Disease, COPD","Eliquis, Ozempic, Amlodipine, Pantoprazole",Total knee replacement,None,English,White,Inactive,14,EMR_Cerner
1232,Maria,Foster,1982-06-30,Female,O+,user@.com,(605) 854-6725,Maria Johnson,(966) 542-9795,"{""line1"": ""1180 Poplar St"", ""apt"": """", ""city"": ""Phoenix"", ""state"": ""AZ"", ""zip"": ""85001""}",Married,UnemPloyed,Miller Corp,Cigna,POL-572796,GRP-6131,206,2024-02-15,2028-02-27,164,88,32.7,Current Smoker,None,Sulfa,,None,"Angioplasty with stent, Carpal tunnel release",Asthma,English,White,active,21,EMR_Cerner
1241,Brenda,Perry,1995-03-17,Female,B+,brenda.perry@email.example.com,(389) 638-3158,Aria Marshall,John Smith,"{""line1"": ""9497 Walnut Ave"", ""apt"": """", ""city"": ""Raleigh"", ""state"": ""NC"", ""zip"": ""27601""}",Divorced,Manager,James Corp,,,,488,2024-10-21,2027-10-29,165,66,24.2,Former Smoker,None,"Shellfish, NSAIDs",,"Aspirin, Hydrochlorothiazide, Cetirizine, Eliquis",None,"None, Stroke",Russian,Hispanic or Latino,Active,11,EMR_Cerner
1248,12345,Phillips,1985-06-17,Female,O+,abigail.phillips@email.example.com,(529) 489-3945,Jessica Jordan,(834) 299-8056,"{""line1"": ""6674 Fifth St"", ""apt"": """", ""city"": ""Charlotte"", ""state"": ""NC"", ""zip"": ""28201""}",Single,,,Independence Blue Cross,POL-653041,GRP-3563,255,2020-10-07,2023-08-11,151,61,26.8,Non-Smoker,Occasional,"Shellfish, Peanuts, NSAIDs",Eczema,"Aspirin, Tramadol, Metoprolol, Warfarin",Colectomy,"Cancer, Stroke, Heart Disease",English,Black or African American,Deceased,5,EMR_Cerner
1252,Dorothy,Cruz,1994-11-25,Female,A+,dorothy.cruz@email.example.com,(958) 502-6342,Katherine Hamilton,(750) 471-3283,"{""line1"": ""5939 Sunset Dr"", ""apt"": """", ""city"": ""Miami"", ""state"": ""FL"", ""zip"": ""33101"", ""timezone"": ""America/Los_Angeles"", ""street_type"": ""Pl"", ""county"": ""San Diego"", ""latitude"": 33.4302, ""landmark"": ""Opposite Central Park""}",Divorced,Administrative Assistant,Torres Corp,Geisinger,POL-805393,GRP-7952,385,2020-10-30,2022-02-24,153,40,17.1,Never Assessed,None,None,,"Apixaban, Eliquis, Gabapentin, Spironolactone",Sleeve gastrectomy,"Hypertension, Cancer",Spanish,Black or African American,Active,6,EMR_Cerner
1255,Carl,Scott,2000-10-18,Male,O+,carl.scott@email.example.com,(731) 319-2244,Jacob Carter,(401) 209-8304,"{""line1"": ""1205 Birch St"", ""apt"": """", ""city"": ""Sacramento"", ""state"": ""CA"", ""zip"": ""94201"", ""landmark"": ""Close to University"", ""longitude"": -106.7267}",Separated,Insurance Agent,,Kaiser Permanente,POL-777829,GRP-3456,340,2023-06-11,2024-02-11,174,94,31.0,Non-Smoker,Occasional,"Latex, Shellfish",,None,None,None,Spanish,White,Inactive,17,EMR_Cerner
1256,Jeremy,Long,1983-11-05,Male,AB,jeremy.long@email.example.com,(761) 404-6038,Walter Hayes,(286) 379-7088,"{""line1"": ""5915 Magnolia Way"", ""apt"": "", # 31"", ""city"": ""San Jose"", ""state"": ""CA"", ""zip"": ""95101"", ""longitude"": -107.2098, ""landmark"": ""Adjacent to Library"", ""street_type"": ""Rd"", ""latitude"": 38.3517}",Married,Chef,Williams Corp,Cigna HealthCare,POL-910948,GRP-8824,116,2018-01-19,2019-01-17,169,67,-5,Non-Smoker,Moderate,"None, NSAIDs, Latex","Osteoporosis, Anemia, Anxiety Disorder, Irritable Bowel Syndrome","Omeprazole, Gabapentin, Aspirin","Sleeve gastrectomy, C-section","Heart Disease, Stroke, Hypertension",French,,Inactive,20,EMR_Cerner
1257,Nora,Kim,1994-02-02,Female,O+,nora.kim@email.example.com,(309) 595-4591,Avery Hicks,(547) 398-8975,"{""line1"": ""7156 Pine St"", ""apt"": """", ""city"": ""Tucson"", ""state"": ""AZ"", ""zip"": ""85701"", ""county"": ""Harris"", ""street_type"": ""Way"", ""country"": ""USA""}",Married,Physical Therapist,,CareFirst,POL-238623,GRP-5799,121,2024-02-05,2028-01-15,162,71,27.1,Non-Smoker,None,"PENICILLIN, SULFA","Coronary Artery Disease, Depression",None,"Cholecystectomy, Hysterectomy","Alzheimer's, Hypertension, None",English,White,Active,25,EMR_Cerner
1258,Camila,Griffin,1957-08-08,Female,B+,camila.griffin@email.example.com,(553) 330-1542,Barbara Brown,(200) 301-3842,"{""line1"": ""4292 College Ave"", ""apt"": """", ""city"": ""Washington"", ""state"": ""DC"", ""zip"": ""20001"", ""county"": ""Harris""}",Single,Electrician,Morales Corp,Independence Blue Cross,POL-930768,GRP-2388,390,2020-05-28,2021-10-19,155,59,24.6,Non-Smoker,Moderate,"Peanuts, Dust, Pollen","Rheumatoid Arthritis, Hyperlipidemia",None,"Carpal tunnel release, Hernia repair, Vasectomy","Heart Disease, Stroke",English,Asian,Active,8,EMR_Cerner
1259,Randy,Murray,1986-05-07,Male,O+,randy.murray@email.example.com,(886) 833-2268,Vincent Moore,(519) 407-8911,"{""line1"": ""302 Oak Ave"", ""apt"": """", ""city"": ""Minneapolis"", ""state"": ""MN"", ""zip"": ""55401"", ""timezone"": ""America/Phoenix"", ""latitude"": 45.1259, ""neighborhood"": ""Downtown""}",Single,Chef,Miller Corp,Blue Cross,POL-306247,GRP-9101,118,2020-02-21,2022-06-14,173,88,29.4,Non-Smoker,Moderate,None,"Congestive Heart Failure, Sleep Apnea, Chronic Fatigue","Apixaban, Duloxetine",None,"Hypertension, Diabetes, Stroke",Cantonese,Two or More Races,Active,20,EMR_Cerner
1262,Victoria,Jimenez,1986-08-28,F,A+,victoria.jimenez@email.example.com,(998) 324-6741,Layla Taylor,(800) 514-2306,"{""line1"": ""8836 Washington Ave"", ""apt"": """", ""city"": ""Indianapolis"", ""state"": ""IN"", ""zip"": ""46201"", ""timezone"": ""America/New_York"", ""landmark"": ""Opposite Central Park""}",Married,UnemPloyed,Watson Corp,Molina Healthcare,POL-710855,GRP-1147,7,2024-03-31,2027-05-22,166,60,21.8,Non-Smoker,Moderate,None,Osteoporosis,Ozempic,None,Cancer,English,Asian,Active,4,EMR_Cerner
1268,Naomi,Sullivan,2002-07-25,Female,O+,naomi.sullivan@email.example.com,(305) 923-9620,Hannah Cook,(945) 383-2844,"{""line1"": ""9786 Hamilton Ct"", ""apt"": "", # 12"", ""city"": ""Chicago"", ""state"": ""IL"", ""zip"": ""60601""}",Single,Veterinarian,Lee Corp,Tufts Health Plan,POL-759153,GRP-8225,169,2020-08-27,2023-12-21,152,112,150,Current Smoker,None,"Peanuts, NSAIDs, None",,"Warfarin, Pantoprazole, Ozempic","Cholecystectomy, Sleeve gastrectomy","Heart Disease, Hypertension, Asthma",Tagalog,White,Inactive,32,EMR_Cerner
1270,Victor,Davis,2003-01-01,Male,O+,victor.davis@email.example.com,(988) 363-9300,Rebecca Perez,(468) 620-9300,"{""line1"": ""8692 Franklin Blvd"", ""apt"": "", Suite 5"", ""city"": ""Indianapolis"", ""state"": ""IN"", ""zip"": ""46201"", ""latitude"": 35.0839, ""neighborhood"": ""East Side""}",Married,Sales Representative,Flores Corp,,,,212,2023-11-18,2026-02-23,177,88,28.1,Non-Smoker,Occasional,"None, Codeine",,None,Total hip replacement,"Arthritis, Heart Disease",English,White,Active,11,EMR_Cerner
1273,Katherine,Sanchez,1991-09-22,Female,A+,katherine.sanchez@email.example.com,(561) 285-8600,Margaret Carter,(525) 477-1552,"{""line1"": ""2454 Park Blvd"", ""apt"": "", Suite 13"", ""city"": ""Charlotte"", ""state"": ""NC"", ""zip"": ""28201""}",Widowed,Data Analyst,Fisher Corp,Centene,,GRP-8759,437,2024-07-16,2026-10-31,164,83,30.9,Non-Smoker,Occasional,"Codeine, NSAIDs","Crohn's Disease, Congestive Heart Failure",Omeprazole,None,Alzheimer's,English,White,Active,12,EMR_Cerner
1282,Jessica,Ramirez,1992-01-09,Female,O+,jessica.ramirez@email.example.com,12345,Jason Alexander,(756) 209-4949,"{""line1"": ""1293 Washington Ave"", ""apt"": """", ""city"": ""Denver"", ""state"": ""CO"", ""zip"": ""80201""}",Separated,Insurance Agent,Tucker Corp,MetLife,POL-565746,GRP-5857,461,2023-11-12,2025-06-12,163,59,22.2,Never Assessed,None,None,,"Metoprolol, Cetirizine, Ibuprofen, Jardiance",None,"None, Stroke, Heart Disease",Arabic,White,Active,8,EMR_Cerner
1285,Scarlett,Porter,1956-09-03,Female,B+,scarlett.porter@email.example.com,(419) 309-5495,Avery Flores,(889) 902-2748,"{""line1"": ""7944 Forest Ave"", ""apt"": """", ""city"": ""Jacksonville"", ""state"": ""FL"", ""zip"": ""32201"", ""timezone"": ""America/Chicago""}",Single,Accountant,Phillips Corp,,POL-648275,GRP-7179,7,2024-11-12,2026-08-05,174,93,30.7,Non-Smoker,None,,,Eliquis,Angioplasty with stent,"Stroke, Heart Disease",Spanish,White,Active,4,EMR_Cerner
1288,Riley,Patterson,2005-05-28,Female,A-,riley.patterson@email.example.com,(585) 201-3707,,(202) 445-1594,"{""line1"": ""2398 Pleasant St"", ""apt"": "", Suite 11"", ""city"": ""Jacksonville"", ""state"": ""FL"", ""zip"": ""32201""}",Single,HR Specialist,Cox Corp,Cigna HealthCare,POL-824167,GRP-5764,298,2024-03-14,2025-04-20,155,93,38.7,Non-Smoker,Moderate,Shellfish,"Sleep Apnea, Psoriasis",None,None,Cancer,Tagalog,White,Active,25,EMR_Cerner
1292,Roman,Murphy,01/15/1987,Male,O+,roman.murphy@email.example.com,(887) 731-7053,Helen Edwards,(440) 700-1113,"{""line1"": ""3824 Church St"", ""apt"": "", Apt 8"", ""city"": ""Louisville"", ""state"": ""KY"", ""zip"": ""40201"", ""county"": ""San Diego"", ""latitude"": 34.4214}",Married,Driver,Wood Corp,Centene,POL-577114,GRP-9383,356,2019-05-04,2020-05-10,185,60,17.5,Non-Smoker,Occasional,"Peanuts, None",,"Acetaminophen, Furosemide","Cholecystectomy, Colectomy","Stroke, None, Arthritis",Russian,White,Active,5,EMR_Cerner
1298,Christopher,UNKNOWN,1986-10-10,Male,O+,christopher.jordan@email.example.com,(554) 347-4888,Jasper Rogers,John Smith,"{""line1"": ""8959 Lincoln Blvd"", ""apt"": """", ""city"": ""Milwaukee"", ""state"": ""WI"", ""zip"": ""53201"", ""latitude"": 45.5116}",Married,Mechanic,Martinez Corp,Tufts Health Plan,POL-556076,GRP-8827,126,2024-09-23,2025-02-01,176,90,29.1,Never Assessed,2 beers/week,"None, Penicillin, Codeine",,"Cyclobenzaprine, Warfarin",None,None,Spanish,White,Active,13,EMR_Cerner
1304,Carolyn,Jordan,2001-08-23,Female,O+,carolyn.jordan@email.example.com,(517) 417-3610,Ashley Chavez,(271) 658-2231,"{""line1"": ""5593 Second Ave"", ""apt"": """", ""city"": ""San Jose"", ""state"": ""CA"", ""zip"": ""95101""}",married,Retail Associate,Ortiz Corp,,,,311,2023-04-10,2025-06-13,156,89,36.6,Former Smoker,Moderate,"Dust, Pollen, Latex",,"Bupropion, Pantoprazole, Metformin, Furosemide","Vasectomy, ACL reconstruction","Cancer, None, Alzheimer's",English,White,Active,20,EMR_Cerner
1305,Peter,Chavez,1990-08-31,Male,B+,peter.chavez@email.example.com,(233) 428-4091,Pamela Smith,(573) 310-4009,"{""line1"": ""7640 Adams Way"", ""apt"": """", ""city"": ""Minneapolis"", ""state"": ""MN"", ""zip"": ""55401"", ""landmark"": ""Adjacent to Library"", ""neighborhood"": ""Uptown"", ""delivery_notes"": ""Call upon arrival"", ""county"": ""King"", ""timezone"": ""America/Los_Angeles""}",Married,Pilot,Cruz Corp,UnitedHealthcare,POL-160397,GRP-5850,33,2023-01-04,,184,78,23.0,Former Smoker,Moderate,"Pollen, Dust",,Meloxicam,None,"Alzheimer's, Arthritis, Heart Disease",English,Black or African American,Active,1,EMR_Cerner
1312,Heather,Parker,1987-12-27,Female,O-,heather.parker@email.example.com,(962) 618-2245,Ezra Hamilton,(312) 379-8931,"{""line1"": ""8431 Adams Way"", ""apt"": """", ""city"": ""Tampa"", ""state"": ""FL"", ""zip"": ""33601""}",,Administrative Assistant,Hill Corp,Blue Cross Blue Shield,POL-903156,GRP-6029,,2020-10-05,,162,63,24.0,Non-Smoker,Moderate,"Codeine, Peanuts, Sulfa","Atrial Fibrillation, Psoriasis","Tramadol, Ibuprofen, Hydrochlorothiazide",None,"Asthma, Arthritis, Hypertension",English,White,Active,,EMR_Cerner
1314,Carol,Stewart,1968-04-28,Female,A+,carol.stewart@email.example.com,(418) 556-7131,Miles Reyes,(563) 966-2971,"{""line1"": ""7392 Adams Way"", ""apt"": "", Unit 36"", ""city"": ""Minneapolis"", ""state"": ""MN"", ""zip"": ""55401"", ""timezone"": ""America/New_York"", ""street_type"": ""Ln""}",Divorced,Dentist,Gomez Corp,,POL-604960,GRP-4832,415,2021-03-30,2024-08-04,179,102,31.8,Non-Smoker,Moderate,"Latex, NSAIDs, Dust","Hyperlipidemia, Ulcerative Colitis","Insulin glargine, Lisinopril, Bupropion, Montelukast",none,Hypertension,Vietnamese,White,Active,9,EMR_Cerner
1320,Cynthia,Rivera,1995-08-14,Female,A+,cynthia.rivera@email.example.com,(284) 581-2050,Mary Nelson,John Smith,"{""line1"": ""9453 Union Ave"", ""apt"": "", Unit 31"", ""city"": ""Philadelphia"", ""state"": ""PA"", ""zip"": ""19101"", ""country"": ""USA""}",Widowed,Veterinarian,Ruiz Corp,Kaiser Permanente,POL-258210,GRP-8322,33,2025-12-16,2026-11-02,151,74,32.5,Former Smoker,Occasional,"Codeine, Peanuts, Sulfa","Depression, COPD, Fibromyalgia, Crohn's Disease","Furosemide, Celecoxib, Metformin, Lisinopril",None,"Hypertension, Alzheimer's, None",Mandarin,Hispanic or Latino,Active,1,EMR_Cerner
1324,Peter,Baker,1991-06-14,Male,A+,peter.baker@email.example.com,(404) 939-7949,Chloe Hunter,John Smith,"{""line1"": ""8868 Cherry Ln"", ""apt"": "", Unit 2"", ""city"": ""San Francisco"", ""state"": ""CA"", ""zip"": ""94101""}",Widowed,Real Estate Agent,,Independence Blue Cross,POL-492224,GRP-4658,307,2019-09-14,2020-12-09,167,90,32.3,Former Smoker,Moderate,"Peanuts, NSAIDs, Latex","Fibromyalgia, Irritable Bowel Syndrome, Asthma, Migraine","Levothyroxine, Albuterol",None,"None, Cancer, Arthritis",English,White,Active,23,EMR_Cerner
1325,Kenneth,Patel,2000-09-12,Male,O+,kenneth.patel1@email.example.com,(931) 877-5478,Katherine Simmons,(492) 616-8767,"{""line1"": ""2462 Market St"", ""apt"": "", Suite 35"", ""city"": ""Albuquerque"", ""state"": ""NM"", ""zip"": ""87101"", ""latitude"": 42.4186, ""timezone"": ""America/New_York"", ""country"": ""USA""}",Married,Manager,Hunter Corp,Health Net,POL-365970,GRP-3832,315,2023-03-11,2026-06-05,178,93,29.4,Non-Smoker,None,"Dust, None, NSAIDs",Irritable Bowel Syndrome,Celecoxib,None,"Heart Disease, Diabetes, Heart Disease",French,White,Active,18,EMR_Cerner
1336,Jeremy,Ross,2004-05-21,Male,O+,jeremy.ross@email.example.com,(429) 351-9129,Brandon Murray,John Smith,"{""line1"": ""9773 Cherry Ln"", ""apt"": """", ""city"": ""Louisville"", ""state"": ""KY"", ""zip"": ""40201"", ""latitude"": 32.1421, ""street_type"": ""Dr""}",Married,Bank Teller,Crawford Corp,Geisinger,,GRP-8281,49,2018-06-25,2019-05-05,185,80,23.4,Former Smoker,Occasional,"PENICILLIN, SULFA",GERD,"Fluticasone, Loratadine, Meloxicam, Amlodipine",None,None,Tagalog,White,Active,13,EMR_Cerner
1339,Rachel,Long,1984-01-10,Female,O-,rachel.long@email.example.com,(865) 848-9179,Peter Perez,(469) 304-8977,"{""line1"": ""9410 Franklin Blvd"", ""apt"": """", ""city"": ""Miami"", ""state"": ""FL"", ""zip"": ""33101"", ""latitude"": 29.191}",Married,Nurse,Hunter Corp,UnitedHealthcare,POL-591376,GRP-1873,303,2020-07-01,2020-12-03,175,114,37.2,Never Assessed,Occasional,"Latex, None, Peanuts","Chronic Fatigue, Psoriasis, Anxiety Disorder",None,None,Alzheimer's,English,White,Active,20,EMR_Cerner
1342,Genesis,Foster,1990-01-29,Female,o+,genesis.foster@email.example.com,(500) 928-2361,N/A,(268) 781-4764,"{""line1"": ""4588 Monroe Dr"", ""apt"": """", ""city"": ""Houston"", ""state"": ""TX"", ""zip"": ""77001"", ""county"": ""Maricopa"", ""landmark"": ""Behind Metro Station"", ""timezone"": ""America/Phoenix"", ""delivery_notes"": ""Leave at door""}",Divorced,Military,,CareFirst,POL-415168,GRP-2434,311,2020-11-24,,175,89,29.1,Non-Smoker,Sometimes,"NSAIDs, None, Peanuts",,"Furosemide, Atorvastatin, Albuterol",None,None,English,White,Active,20,EMR_Cerner
1344,Luna,Allen,1959-01-21,Female,O-,luna.allen@email.example.com,(712) 797-9396,Bruce Wallace,(711) 797-2068,"{""line1"": ""2645 River Rd"", ""apt"": """", ""city"": ""San Francisco"", ""state"": ""CA"", ""zip"": ""94101"", ""neighborhood"": ""Suburbs"", ""county"": ""San Diego"", ""latitude"": 45.7952}",Single,Mechanic,,CareFirst,POL-438558,GRP-8555,378,tomorrow,2021-08-24,156,78,32.1,Non-Smoker,None,"NSAIDs, Sulfa, Peanuts","Chronic Kidney Disease, Depression, Hyperlipidemia, Anemia","Aspirin, Pantoprazole",Tonsillectomy,Hypertension,Arabic,White,Active,8,EMR_Cerner
1350,Douglas,Hall,1981-04-06,Male,O+,douglas.hall1@email.example.com,(213) 546-5103,Tyler Butler,(465) 241-6708,"{""line1"": ""3355 Park Blvd"", ""apt"": """", ""city"": ""Chicago"", ""state"": ""IL"", ""zip"": ""60601"", ""street_type"": ""Rd"", ""longitude"": -86.7782}",Married,Driver,Jenkins Corp,Harvard Pilgrim,POL-340519,GRP-6647,221,2022-03-20,,170,77,26.6,Never Assessed,Occasional,None,"Eczema, Anxiety Disorder, Chronic Kidney Disease",None,None,None,English,caucasian,Inactive,8,EMR_Cerner
1352,Jerry,Reed,1960-03-28,Male,A+,jerry.reed@email.example.com,(474) 221-1121,Terry Rogers,(569) 414-1804,"{""line1"": ""7146 View Blvd"", ""apt"": "", Unit 29"", ""city"": ""Cleveland"", ""state"": ""OH"", ""zip"": ""44101"", ""neighborhood"": ""Midtown"", ""latitude"": 42.5116, ""longitude"": -87.2994, ""street_type"": ""Cir""}",,Logistics Coordinator,,Anthem,POL-700176,GRP-8905,69,tomorrow,2026-03-05,176,94,30.3,Never Assessed,Occasional,Pollen,"Osteoporosis, Osteoarthritis, Psoriasis","Pantoprazole, Jardiance",None,"Stroke, Hypertension, None",English,Hispanic or Latino,Active,11,EMR_Cerner
1353,Henry,King,1993-04-09,Male,A+,henry.king@email.example.com,(480) 852-4119,,(629) 400-6972,"{""line1"": ""4832 Fifth St"", ""apt"": "", Unit 46"", ""city"": ""El Paso"", ""state"": ""TX"", ""zip"": ""79901"", ""street_type"": ""Pl"", ""latitude"": 25.0271, ""timezone"": ""America/Los_Angeles""}",Married,Bank Teller,,Health Net,POL-662006,GRP-1655,252,2025-08-09,,160,80,31.2,Non-Smoker,Sometimes,None,,Ozempic,Hernia repair,"Heart Disease, Diabetes, Heart Disease",Mandarin,White,Inactive,27,EMR_Cerner
1359,Donald,MORALES,1956-03-12,Male,A+,donald.morales@email.example.com,(637) 279-3470,Janet Jimenez,(526) 610-1350,"{""line1"": ""1886 Tenth Ave"", ""apt"": """", ""city"": ""Miami"", ""state"": ""FL"", ""zip"": ""33101"", ""street_type"": ""Blvd"", ""neighborhood"": ""Southside"", ""longitude"": -108.0202}",Married,Real Estate Agent,Cruz Corp,Blue Cross,POL-967753,GRP-4956,457,2023-03-30,,169,43,15.1,Non-Smoker,Occasional,"Latex, Codeine, NSAIDs","Anxiety Disorder, Type 2 Diabetes, Chronic Kidney Disease, Hypertension",unknown,"Carpal tunnel release, Gastric bypass, Total knee replacement",,Korean,White,Active,6,EMR_Cerner
1361,Brandon,Powell,1994-02-28,Male,O-,brandon.powell@email.example.com,(244) 337-9300,Gabriel Walker,(864) 531-3314,"{""line1"": ""8030 Forest Ave"", ""apt"": "", Unit 34"", ""city"": ""Raleigh"", ""state"": ""NC"", ""zip"": ""27601"", ""landmark"": ""Close to University""}",Married,Scientist,Wallace Corp,MetLife,POL-685649,GRP-5547,262,2019-10-29,2020-01-28,178,59,18.6,Never Assessed,Moderate,"Latex, Pollen",,Furosemide,None,None,Cantonese,White,Active,25,EMR_Cerner
1366,,Rivera,1970-12-07,Male,,lucas.rivera@email.example.com,(651) 586-7337,Dylan Ford,(357) 616-3979,"{""line1"": ""1158 Lake Dr"", ""apt"": """", ""city"": ""Chicago"", ""state"": ""IL"", ""zip"": ""60601"", ""street_type"": ""Dr""}",Single,Engineer,,Geisinger,,GRP-2134,15,2020-11-30,2023-10-31,171,51,17.4,Current Smoker,None,,,,None,"Cancer, Asthma, Hypertension",Spanish,Hispanic or Latino,Active,18,EMR_Cerner
1367,Micah,Graham,2001-12-29,Male,O+,micah.graham@email.example.com,(308) 471-1766,Genesis Wells,(738) 464-8190,"{""line1"": ""3648 Ash Ct"", ""apt"": """", ""city"": ""Portland"", ""state"": ""OR"", ""zip"": ""97201"", ""street_type"": ""Rd"", ""county"": ""Sacramento"", ""latitude"": 41.1333}",Married,Psychologist,Hughes Corp,Centene,POL-915572,GRP-9448,136,2023-06-20,2024-05-15,,100,33.4,Non-Smoker,None,"Peanuts, Sulfa, Penicillin",,None,None,Stroke,English,Other,Active,6,EMR_Cerner
1370,Cynthia,,1960-02-27,Female,A-,cynthia.ellis@email.example.com,(660) 268-2752,Kyle Mitchell,(241) 328-9309,"{""line1"": ""4170 Pine St"", ""apt"": "", Unit 34"", ""city"": ""Miami"", ""state"": ""FL"", ""zip"": ""33101"", ""street_type"": ""Way"", ""longitude"": -84.8688}",Divorced,Construction Worker,Rodriguez Corp,Highmark,POL-868096,GRP-6652,110,2021-04-18,2023-05-09,177,62,19.8,Non-Smoker,None,"None, Codeine","Chronic Kidney Disease, Congestive Heart Failure, Depression",None,Mastectomy,"DM, HTN, CAD",Spanish,White,Active,12,EMR_Cerner
1374,Sharon,Jones,1964-02-04,F,O+,sharon.jones@email.example.com,(974) 321-1137,Jacqueline Jordan,(286) 365-1484,"{""line1"": ""8393 Cypress Dr"", ""apt"": """", ""city"": ""Virginia Beach"", ""state"": ""VA"", ""zip"": ""23450"", ""neighborhood"": ""Uptown"", ""street_type"": ""Blvd"", ""latitude"": 46.2329, ""country"": ""USA"", ""timezone"": ""America/Denver""}",Married,Nurse,Cole Corp,Geisinger,POL-309446,GRP-9714,56,2021-12-09,2024-06-26,163,74,27.9,Former Smoker,Occasional,None,"Eczema, Ulcerative Colitis, Osteoarthritis, Psoriasis",Furosemide,"Laminectomy, Colectomy",None,English,White,Active,21,EMR_Cerner
1375,Chloe,Ortiz,2004-11-19,Female,O+,chloe.ortiz@email.example.com,(715) 963-4146,Carl Long,(872) 763-1430,,Married,Scientist,Powell Corp,Molina Healthcare,POL-741539,GRP-2326,23,2021-10-05,2024-10-04,160,50,19.5,Non-Smoker,Occasional,None,Atrial Fibrillation,Montelukast,"Appendectomy, Tonsillectomy",None,Spanish,Two or More Races,Active,14,EMR_Cerner
1381,Mason,Cruz,1987-01-29,Male,A-,mason.cruz@email.example.com,(998) 379-9319,Andrea Hicks,(886) 997-8844,"{""line1"": ""4712 Willow Dr"", ""apt"": "", # 14"", ""city"": ""Minneapolis"", ""state"": ""MN"", ""zip"": ""55401"", ""county"": ""Queens"", ""longitude"": -92.0276, ""country"": ""USA"", ""latitude"": 36.246}",Divorced,Plumber,Gray Corp,CareFirst,POL-558896,GRP-5286,126,2023-01-18,,185,64,18.7,Current Smoker,Occasional,None,Crohn's Disease,Cyclobenzaprine,None,"Alzheimer's, Heart Disease, Diabetes",Mandarin,Asian,Deceased,13,EMR_Cerner
1382,George,Martin,1976-04-06,Male,AB+,george.martin@email.example.com,(759) 777-2357,Micah Diaz,(857) 456-5518,"{""line1"": ""1066 Magnolia Way"", ""apt"": "", Suite 7"", ""city"": ""Houston"", ""state"": ""TX"", ""zip"": ""77001"", ""street_type"": ""Ave"", ""latitude"": 39.3434}",Married,Real Estate Agent,Rivera Corp,Health Net,POL-546741,GRP-1986,61,2021-11-27,,177,118,37.7,Non-Smoker,,"Peanuts, Latex, Shellfish",Sleep Apnea,None,Total knee replacement,"Stroke, Diabetes, Hypertension",English,Black or African American,Inactive,9,EMR_Cerner
1383,Jeremy,Porter,1998-06-23,Male,O+,jeremy.porter@email.example.com,(908) 968-5989,Joseph Bryant,(458) 960-8353,"{""line1"": ""6630 Aspen Ct"", ""apt"": "", Suite 37"", ""city"": ""Philadelphia"", ""state"": ""PA"", ""zip"": ""19101""}",Divorced,Plumber,Graham Corp,Highmark,POL-791176,GRP-8080,406,2019-03-03,2022-09-24,172,56,18.9,Former Smoker,None,"Penicillin, Pollen, Peanuts",Type 2 Diabetes,"Insulin glargine, Levothyroxine, Spironolactone","Rotator cuff repair, Hysterectomy",None,Cantonese,White,Active,4,EMR_Cerner
1386,Steven,Robinson,1986-08-04,Male,A+,steven.robinson@email.example.com,(966) 473-7869,Diane Edwards,(608) 793-8255,"{""line1"": ""8427 Third St"", ""apt"": "", Unit 26"", ""city"": ""Tulsa"", ""state"": ""OK"", ""zip"": ""74101"", ""latitude"": 27.4375, ""street_type"": ""Rd""}",Married,Pharmacist,Morgan Corp,Centene,POL-355505,GRP-6843,294,2020-05-19,2020-08-13,185,112,32.7,Non-Smoker,None,"Sulfa, Latex, NSAIDs",,None,None,None,English,White,Active,13,EMR_Cerner
1392,Julian,Evans,1991-11-04,Male,AB+,julian.evans1@email.example.com,(276) 520-1900,Scarlett Jimenez,(376) 673-9320,"{""line1"": ""8296 Hill St"", ""apt"": """", ""city"": ""San Diego"", ""state"": ""CA"", ""zip"": ""92101"", ""county"": ""Dallas"", ""floor_number"": 13, ""timezone"": ""America/Chicago""}",Married,Architect,Taylor Corp,Blue Cross Blue Shield,POL-350881,GRP-7035,429,2019-05-14,2021-08-29,177,80,,Current Smoker,Occasional,"Pollen, Codeine",,"Bupropion, Celecoxib, Omeprazole, Loratadine",Rotator cuff repair,"Asthma, Hypertension, Diabetes",Mandarin,White,Active,2,EMR_Cerner
1394,Dorothy,Flores,2025-06-15,Female,AB+,dorothy.flores@email.example.com,2125550199,Caleb Perez,(403) 659-7955,"{""line1"": ""8999 Aspen Ct"", ""apt"": "", Suite 22"", ""city"": ""Sacramento"", ""state"": ""CA"", ""zip"": ""94201"", ""latitude"": 45.4162, ""landmark"": ""Near Hospital"", ""neighborhood"": ""Uptown""}",Widowed,Accountant,Kim Corp,Centene,POL-295648,GRP-3606,106,2019-12-19,,156,77,31.6,Current Smoker,None,"Penicillin, Shellfish, Peanuts","Chronic Fatigue, Coronary Artery Disease, Chronic Kidney Disease, Crohn's Disease","Metoprolol, Prednisone, Clopidogrel, Bupropion","Colectomy, Spinal fusion, Thyroidectomy","None, Cancer, Hypertension",Spanish,White,Active,12,EMR_Cerner
1401,Jack,Ross,1971-06-10,Male,A+,jack.ross@email.example.com,(346) 714-4506,Julie Parker,(858) 274-8021,"{""line1"": ""7802 View Blvd"", ""apt"": "", Suite 27"", ""city"": ""Las Vegas"", ""state"": ""NV"", ""zip"": ""89101""}",Married,Data Analyst,Wallace Corp,Tufts Health Plan,POL-684760,GRP-9031,481,2024-05-25,2027-11-05,173,68,22.7,Non-Smoker,Moderate,"Dust, Codeine, Shellfish",Crohn's Disease,Levothyroxine,Mastectomy,"Asthma, Arthritis, Cancer",Korean,Hispanic or Latino,Active,2,EMR_Cerner
1409,12345,Stevens,1955-08-16,Female,A+,zoey.stevens@email.example.com,12345,Robert Porter,(342) 409-7599,"{""line1"": ""9270 Madison St"", ""apt"": "", # 11"", ""city"": ""Miami"", ""state"": ""FL"", ""zip"": ""33101"", ""street_type"": ""Pl""}",Married,Professor,,Independence Blue Cross,POL-839441,GRP-7933,210,2023-12-09,2026-02-10,165,59,21.7,Former Smoker,Moderate,Latex,,Bupropion,None,"Diabetes, Alzheimer's, Hypertension",English,White,Active,2,EMR_Cerner
1414,Maxwell,Ramos,1979-05-09,Male,O-,maxwell.ramos@email.example.com,(926) 884-2692,Timothy Flores,(444) 722-1883,"{""line1"": ""8340 Hill St"", ""apt"": "", Unit 25"", ""city"": ""Cleveland"", ""state"": ""OH"", ""zip"": ""44101"", ""latitude"": 31.322}",Married,Business Owner,Alexander Corp,Humana,POL-491858,GRP-8213,71,2019-04-29,2022-05-14,167,82,29.4,Former Smoker,None,"NSAIDs, Shellfish, Penicillin",Depression,Cetirizine,None,"Asthma, Heart Disease",Russian,White,Active,21,EMR_Cerner
1416,Nancy,Cruz,1981-05-04,Female,O-,nancy.cruz1@email.example.com,(655) 830-8476,Abigail Foster,(799) 654-5381,"{""line1"": ""7110 Second Ave"", ""apt"": """", ""city"": ""El Paso"", ""state"": ""TX"", ""zip"": ""79901"", ""latitude"": 31.2556, ""county"": ""Harris"", ""neighborhood"": ""Downtown"", ""longitude"": -112.512}",Single,Scientist,,Independence Blue Cross,POL-518632,GRP-6223,78,2018-09-17,2019-07-27,164,90,33.5,Former Smoker,Occasional,"Dust, Codeine",Type 2 Diabetes,None,Meniscectomy,None,Spanish,Hispanic or Latino,Active,19,EMR_Cerner
1417,Walter,###,1977-11-26,Male,B+,walter.moore@email.example.com,(430) 629-4028,Albert Smith,(698) 246-6988,"{""line1"": ""2226 Fourth Ave"", ""apt"": "", Apt 6"", ""city"": ""Philadelphia"", ""state"": ""PA"", ""zip"": ""19101"", ""timezone"": ""America/Los_Angeles""}",Separated,Pharmacist,Nelson Corp,Atena,POL-459523,GRP-6620,27,01-01-2020,2023-09-26,183,67,20.0,Former Smoker,Former,"Codeine, Peanuts, NSAIDs",,"Ozempic, Warfarin, Celecoxib, Apixaban",none,"Asthma, Hypertension, Diabetes",English,White,Active,23,EMR_Cerner
1423,Willie,Chavez,1978-07-04,Male,A+,willie.chavez@email.example.com,(223) 783-8150,Mason Simmons,(342) 471-8877,"{""line1"": ""4757 Fourth Ave"", ""apt"": "", # 30"", ""city"": ""Miami"", ""state"": ""FL"", ""zip"": ""33101"", ""latitude"": 47.2849, ""county"": ""Dallas""}",Divorced,Mechanic,Hernandez Corp,Independence Blue Cross,POL-254227,,34,2021-09-01,2023-09-03,174,88,29.1,Current Smoker,Occasional,"Penicillin, Peanuts, None","Congestive Heart Failure, Irritable Bowel Syndrome",None,None,Alzheimer's,English,White,Active,14,EMR_Cerner
1425,Bruce,Nelson,1990-08-31,Male,A+,bruce.nelson@email.example.com,(651) 665-8354,,(860) 403-3040,"{""line1"": ""2178 Madison St"", ""apt"": """", ""city"": ""Atlanta"", ""state"": ""GA"", ""zip"": ""30301"", ""latitude"": 47.4938, ""country"": ""USA""}",Married,Firefighter,Long Corp,Highmark,POL-697685,GRP-5240,190,2019-12-11,2022-10-09,180,61,18.8,Non-Smoker,Heavy,"Peanuts, Shellfish, None","Atrial Fibrillation, Osteoporosis","Jardiance, Cyclobenzaprine",Sleeve gastrectomy,Heart Disease,English,White,Active,9,EMR_Cerner
1426,Roman,Sanchez,1980-01-29,Male,O+,not-an-email,(735) 506-5690,Walter Campbell,(717) 514-6438,"{""line1"": ""520 Ash Ct"", ""apt"": """", ""city"": ""Austin"", ""state"": ""TX"", ""zip"": ""73301"", ""neighborhood"": ""Midtown"", ""country"": ""USA""}",Married,Dentist,Reyes Corp,CareFirst,POL-830353,GRP-2926,440,2021-06-06,2024-12-22,181,90,27.5,Non-Smoker,None,None,"COPD, Hypertension, Chronic Fatigue","Lisinopril, Spironolactone",None,Cancer,English,White,Active,15,EMR_Cerner
1427,Terry,Ward,1995-12-09,Male,O+,terry.ward@email.example.com,(997) 390-2240,Rachel Graham,(706) 426-4702,"{""line1"": ""123 Main St"", ""street_type"": ""Ave"", ""county"": ""San Diego""}",Single,Librarian,Baker Corp,Oscar Health,POL-574140,GRP-3407,71,2020-10-05,2021-08-11,179,75,23.4,Current Smoker,Occasional,"PENICILLIN, SULFA",,Spironolactone,None,Alzheimer's,Korean,White,Active,21,EMR_Cerner
1433,Gary,Brown,1988-03-20,Male,O+,gary.brown@email.example.com,(776) 719-6673,Jerry Cooper,(620) 496-5360,"{""line1"": ""3123 Spring St"", ""apt"": """", ""city"": ""Las Vegas"", ""state"": ""NV"", ""zip"": ""89101"", ""neighborhood"": ""Uptown"", ""county"": ""Orange"", ""latitude"": 43.0198, ""floor_number"": 10}",Divorced,Dentist,Bryant Corp,Blue Cross Blue Shield,POL-406687,GRP-1333,472,,2026-02-02,168,70,150,Non-Smoker,Occasional,None,"Psoriasis, Asthma",None,Sleeve gastrectomy,None,Spanish,White,Deceased ,15,EMR_Cerner
1441,Nora,Allen,2005-02-07,Female,B+,nora.allen@email.example.com,(645) 370-1667,Chloe Webb,(305) 354-1485,"{""line1"": ""Unknown"", ""city"": ""Unknown"", ""state"": ""NA"", ""zip"": ""00000"", ""latitude"": 40.7383}",Divorced,Consultant,,Geisinger,POL-345565,GRP-7407,76,tomorrow,2024-08-05,165,100,36.7,Never Assessed,Moderate,"Shellfish, Sulfa, Dust",Hypertension,None,None,,English,White,Active,6,EMR_Cerner
1449,Diane,Ross,1962-04-03,Female,O+,diane.ross@email.example.com,(408) 556-8939,Julian Gomez,(385) 293-4739,"{""line1"": ""4078 Maple Dr"", ""apt"": "", # 44"", ""city"": ""Houston"", ""state"": ""TX"", ""zip"": ""77001"", ""neighborhood"": ""Midtown"", ""longitude"": -74.6065}",Married,Manager,,,,,292,2022-04-28,2026-05-01,163,97,36.5,Non-Smoker,None,None,"GERD, Asthma, Hypothyroidism",None,"Cholecystectomy, Cataract surgery, Vasectomy","Arthritis, Diabetes",Spanglish,White,Active,14,EMR_Cerner
1452,Carl,Lewis,1982-02-15,Male,O+,carl.lewis@email.example.com,(526) 646-1407,Shirley Flores,(356) 218-2650,"{""line1"": ""3720 Main St"", ""apt"": """", ""city"": ""Phoenix"", ""state"": ""AZ"", ""zip"": ""85001"", ""landmark"": ""Opposite Central Park"", ""country"": ""USA""}",Single,Veterinarian,,,,,269,2025-09-04,2026-05-22,170,84,29.1,Former Smoker,Occasional,None,Fibromyalgia,"Albuterol, Apixaban, Levothyroxine, Cyclobenzaprine",None,None,English,Asian,Deceased,8,EMR_Cerner
1455,Steven,Wilson,1993-03-06,Male,B+,steven.wilson@email.example.com,(496) 932-4690,Jason Jordan,(981) 863-5193,"{""line1"": ""1681 Main St"", ""apt"": "", Apt 15"", ""city"": ""Oklahoma City"", ""state"": ""OK"", ""zip"": ""73101"", ""neighborhood"": ""Midtown"", ""longitude"": -120.82, ""landmark"": ""Opposite Central Park"", ""timezone"": ""America/Los_Angeles""}",Married,Firefighter,Walker Corp,Geisinger,POL-510185,GRP-9855,39,2025-04-03,,182,82,24.8,Former Smoker,None,"Pollen, Codeine",Hypothyroidism,!@#$%^&*(),None,"Arthritis, Hypertension, Alzheimer's",Mandarin,White,Deceased ,17,EMR_Cerner
1457,Melissa,Smith,1995-05-14,Female,A+,melissa.smith@email.example.com,(351) 468-1452,Wesley Myers,(376) 336-5238,"{""line1"": ""3484 Beechwood Ave"", ""apt"": "", Suite 6"", ""city"": ""Virginia Beach"", ""state"": ""VA"", ""zip"": ""23450"", ""floor_number"": 15}",Single,Unemployed,,Kaiser Permanente,POL-737453,GRP-3553,146,2025-10-25,2028-02-15,161,64,24.7,Current Smoker,None,"Pollen, None, Peanuts","Osteoarthritis, Crohn's Disease",Acetaminophen,None,"Cancer, None, Alzheimer's",English,White,Active,13,EMR_Cerner
1459,Pamela,Bryant,1990-08-08,Female,B+,pamela.bryant@email.example.com,(333) 563-5439,Jason Long,(414) 327-5161,"{""line1"": ""3340 Union Ave"", ""apt"": "", # 48"", ""city"": ""Milwaukee"", ""state"": ""WI"", ""zip"": ""53201"", ""longitude"": -117.5797, ""street_type"": ""Dr""}",Widowed,Plumber,Adams Corp,Humana,POL-643826,GRP-7835,481,2020-09-03,2022-10-16,156,46,18.9,Non-Smoker,Moderate,"NSAIDs, Peanuts",Depression,None,None,"Alzheimer's, Stroke, None",English,White,Active,2,EMR_Cerner
1469,Kelly,Porter,1974-05-14,Female,O-,kelly.porter@email.example.com,(359) 529-4347,Grace Russell,(923) 562-1619,"{""line1"": ""1689 College Ave"", ""apt"": """", ""city"": ""San Diego"", ""state"": ""CA"", ""zip"": ""92101"", ""street_type"": ""Rd""}",Married,Professor,Garcia Corp,Tufts Health Plan,POL-376524,GRP-4413,449,2020-12-01,2023-06-23,158,68,27.2,Non-Smoker,Occasional,"Latex, Sulfa, NSAIDs","Psoriasis, Eczema, Asthma, Ulcerative Colitis","Tramadol, Warfarin, Atorvastatin","Sleeve gastrectomy, Spinal fusion","Cancer, Stroke",Spanglish,Black or African American,Active,25,EMR_Cerner
1472,Evelyn,Webb,1977-06-28,Female,O+,evelyn.webb@email.example.com,(416) 962-6904,Genesis James,,"{""line1"": ""284 Main St"", ""apt"": """", ""city"": ""Raleigh"", ""state"": ""NC"", ""zip"": ""27601"", ""landmark"": ""Behind Metro Station"", ""delivery_notes"": ""Leave at door""}",Single,Graphic Designer,Cole Corp,CareFirst,POL-836505,GRP-6302,259,2021-12-16,2025-07-11,172,116,39.2,Non-Smoker,Moderate,"Peanuts, Sulfa","Osteoarthritis, Hyperlipidemia","Acetaminophen, Hydrochlorothiazide, Ozempic",Angioplasty with stent,None,Arabic,Black or African American,Active,8,EMR_Cerner
1474,Anthony,Simmons,1959-09-26,Male,O-,anthony.simmons@email.example.com,2125550199,Skylar Baker,(516) 729-3965,"{""line1"": ""6513 Pleasant St"", ""apt"": """", ""city"": ""Tampa"", ""state"": ""FL"", ""zip"": ""33601"", ""longitude"": -89.5548, ""county"": ""Orange"", ""country"": ""USA"", ""neighborhood"": ""West Side"", ""latitude"": 47.992}",Separated,Librarian,Mitchell Corp,Bright Health,POL-278136,GRP-8237,217,2025-03-29,2029-05-06,182,52,15.7,Never Assessed,None,"Shellfish, Latex, Codeine",Sleep Apnea,"Ibuprofen, Clopidogrel",Appendectomy,"Hypertension, Arthritis, Heart Disease",English,White,Active,18,EMR_Cerner
1475,Kelly,Woods,,Female,A+,kelly.woods@email.example.com,(287) 773-6915,Anthony Sanders,(762) 359-2323,"{""line1"": ""1649 Oak Ave"", ""apt"": "", # 33"", ""city"": ""Boston"", ""state"": ""MA"", ""zip"": ""02101"", ""country"": ""USA""}",Single,Musician,Turner Corp,Molina Healthcare,POL-395348,GRP-5825,429,2019-06-25,2020-01-11,165,92,33.8,Former Smoker,Moderate,"NSAIDs, Peanuts, Dust",,"Atorvastatin, Acetaminophen",None,"None, Cancer, Asthma",Korean,White,Inactive,2,EMR_Cerner
1478,Anna,Stevens,1990-01-04,Female,B+,anna.stevens@email.example.com,(356) 406-4359,Willie Hall,(225) 399-9082,"{""line1"": ""4576 Cypress Dr"", ""apt"": "", Suite 35"", ""city"": ""Raleigh"", ""state"": ""NC"", ""zip"": ""27601"", ""country"": ""USA"", ""timezone"": ""America/Denver""}",Single,Veterinarian,Collins Corp,Independence Blue Cross,POL-656529,GRP-4680,251,2022-05-28,2023-11-16,162,82,31.2,Non-Smoker,Occasional,Dust,"Ulcerative Colitis, Eczema","Jardiance, Cetirizine, Tramadol, Levothyroxine","Tonsillectomy, Angioplasty with stent","Diabetes, Asthma",Arabic,White,Active,19,EMR_Cerner
1481,Katherine,Collins,not available,Female,O+,not-an-email,(386) 737-3640,Stella McDonald,(723) 676-9566,"{""line1"": ""3196 Washington Ave"", ""apt"": "", # 11"", ""city"": ""Seattle"", ""state"": ""WA"", ""zip"": ""98101"", ""country"": ""USA"", ""delivery_notes"": ""Ring bell"", ""timezone"": ""America/Los_Angeles"", ""street_type"": ""Dr""}",,Engineer,Martin Corp,Anthem,POL-377328,GRP-9966,207,2023-02-09,2024-12-04,150,75,33.3,Non-Smoker,None,"Sulfa, Codeine, Pollen","Atrial Fibrillation, Migraine","Hydrochlorothiazide, Spironolactone, Fluticasone","Appendectomy, Meniscectomy",None,Tagalog,Black or African American,Active,2,EMR_Cerner
1486,Robert,Turner,1968-01-17,Male,O+,robert.turner@email.example.com,(983) 518-2863,,(280) 426-5054,"{""line1"": ""7456 River Rd"", ""apt"": """", ""city"": ""Chicago"", ""state"": ""IL"", ""zip"": ""60601""}",Single,Insurance Agent,,Bright Health,POL-972187,GRP-1179,470,2023-09-24,2026-01-20,178,76,24.0,Non-Smoker,Moderate,"PENICILLIN, SULFA",Asthma,"Pantoprazole, Ibuprofen","Coronary artery bypass grafting, Angioplasty with stent, Thyroidectomy",Stroke,English,Hispanic or Latino,Active,9,EMR_Cerner
1493,Mary,Walker,1991-05-25,Female,A+,mary.walker@email.example.com,(452) 584-1298,Ethan Rogers,(949) 902-9932,"{""line1"": ""8260 Park Blvd"", ""apt"": """", ""city"": ""Philadelphia"", ""state"": ""PA"", ""zip"": ""19101"", ""country"": ""USA"", ""county"": ""Cook""}",Divorced,Pilot,Diaz Corp,MetLife,POL-665791,GRP-2074,86,2019-11-04,2022-03-20,173,78,26.1,Non-Smoker,Occasional,None,Chronic Kidney Disease,"Aspirin, Sertraline, Clopidogrel, Warfarin",ACL reconstruction,Hypertension,Tagalog,Hispanic or Latino,Active,12,EMR_Cerner
1497,Ellie,Patterson,1990-03-06,Female,A+,ellie.patterson@email.example.com,(382) 764-2839,Bobby Lopez,(308) 567-3082,"{""line1"": ""6648 Union Ave"", ""apt"": """", ""city"": ""Charlotte"", ""state"": ""NC"", ""zip"": ""28201""}",Married,Chef,Woods Corp,Kaiser Permanente,POL-912078,GRP-4144,156,2019-03-13,2023-02-16,166,88,31.9,Former Smoker,None,"Sulfa, Penicillin",,Celecoxib,None,"Hypertension, Stroke, Heart Disease",English,White,Active,20,EMR_Cerner
1504,Angela,Rodriguez,,Female,AB+,angela.rodriguez1@email.example.com,(276) 892-4885,Jack Gibson,(272) 843-3208,"{""line1"": ""4988 Cedar Ln"", ""apt"": """", ""city"": ""San Francisco"", ""state"": ""CA"", ""zip"": ""94101""}",Married,Data Analyst,,Bright Health,POL-180111,GRP-7290,400,2018-04-01,2019-02-01,-10,74,25.6,Non-Smoker,None,"NSAIDs, Codeine","Crohn's Disease, Depression",Atorvastatin,"Appendectomy, Sleeve gastrectomy",Asthma,English,White,Active,4,EMR_Cerner
1509,Nathan,Allen,1990-02-06,Male,,nathan.allen1@email.example.com,(678) 330-7684,Michael White,(727) 388-1206,"{""line1"": ""7424 Cherry Ln"", ""apt"": """", ""city"": ""Cleveland"", ""state"": ""OH"", ""zip"": ""44101"", ""longitude"": -79.2673, ""latitude"": 29.5831, ""county"": ""Orange"", ""country"": ""USA""}",Single,Business Owner,Porter Corp,Kaiser Permanente,POL-811804,GRP-5438,187,2024-10-31,2025-10-02,166,45,16.3,Non-Smoker,Occasional,"Sulfa, Dust, Penicillin",,"Loratadine, Gabapentin",None,None,Vietnamese,White,Active,16,EMR_Cerner
1510,Lauren,Hughes,1957-03-13,Female,O+,lauren.hughes@email.example.com,abc-def-ghij,Miles Owens,(543) 735-5924,"{""line1"": ""4953 Pine St"", ""apt"": "", Unit 34"", ""city"": ""Tucson"", ""state"": ""AZ"", ""zip"": ""85701""}",Married,Software Developer,Gomez Corp,Blue Cross Blue Shield,POL-692705,GRP-7137,489,2025-11-21,,165,69,25.3,Former Smoker,None,Penicillin,,"Gabapentin, Pantoprazole","Carpal tunnel release, Total knee replacement",None,Spanish,Asian,Active,1,EMR_Cerner
1516,Stella,Diaz,1990-03-04,Female,B+,stella.diaz@email.example.com,(704) 788-8804,Lily Simmons,(423) 605-8202,"{""line1"": ""2536 Second Ave"", ""apt"": """", ""city"": ""Austin"", ""state"": ""TX"", ""zip"": ""73301"", ""longitude"": -95.0417}",Married,Consultant,Fisher Corp,UnitedHealthcare,POL-549065,GRP-4686,65,2019-03-28,2020-04-25,173,88,29.4,Former Smoker,,None,Chronic Kidney Disease,"Atorvastatin, Albuterol, Prednisone, Montelukast",Mastectomy,None,English,White,Active,20,EMR_Cerner
1520,Jeremy,Reed,1971-12-31,Male,O+,,(816) 385-7109,Luna Jimenez,000-000-0000,"{""line1"": ""5882 Park Blvd"", ""apt"": """", ""city"": ""Miami"", ""state"": ""FL"", ""zip"": ""33101"", ""landmark"": ""Close to University"", ""neighborhood"": ""East Side"", ""timezone"": ""America/Denver""}",Married,Accountant,,Tufts Health Plan,POL-248768,GRP-9226,160,2023-10-24,,187,100,28.6,Non-Smoker,,None,,None,None,,English,White,Active,11,EMR_Cerner
1521,Carol,Crawford,1987-12-27,Female,A+,carol.crawford@email.example.com,(895) 716-8139,Roger Collins,(921) 439-8465,"{""line1"": ""5750 Broadway"", ""apt"": "", Apt 45"", ""city"": ""Houston"", ""state"": ""TX"", ""zip"": ""77001"", ""latitude"": 42.1908, ""street_type"": ""Way"", ""floor_number"": 9, ""longitude"": -77.2692, ""country"": ""USA""}",,Dental Hygienist,Diaz Corp,Harvard Pilgrim,POL-911741,GRP-8492,347,2024-08-25,2028-01-09,164,96,35.7,Non-Smoker,Occasional,"Shellfish, Sulfa","Eczema, Irritable Bowel Syndrome, Type 2 Diabetes","Fluticasone, Metoprolol",None,Arthritis,English,Black or African American,Active,8,EMR_Cerner
1529,Michelle,Roberts,2002-05-10,Female,A+,michelle.roberts@email.example.com,(848) 889-6383,Oliver Roberts,(213) 613-6748,"{""line1"": ""2325 College Ave"", ""apt"": """", ""city"": ""New Orleans"", ""state"": ""LA"", ""zip"": ""70112""}",Separated,Student,Flores Corp,Oscar Health,POL-246270,GRP-5215,204,2022-05-20,2023-07-11,156,105,43.1,Non-Smoker,Moderate,NSAIDs,Psoriasis,None,"Hysterectomy, ACL reconstruction",None,English,White,Active,16,EMR_Cerner
1532,Megan,Walker,2000-02-15,Female,A+,megan.walker@email.example.com,(258) 974-5937,Russell Gutierrez,(918) 646-7207,"{""line1"": ""1961 Seventh St"", ""apt"": """", ""city"": ""San Diego"", ""state"": ""CA"", ""zip"": ""92101"", ""county"": ""Orange"", ""timezone"": ""America/New_York""}",Widowed,Architect,,Health Net,POL-900723,GRP-9507,227,2019-11-02,2020-02-09,156,89,normal,Never Assessed,None,"Peanuts, Penicillin, Codeine",,"Omeprazole, Metoprolol, Losartan, Sertraline","C-section, ACL reconstruction, Spinal fusion",None,English,White,Active,20,EMR_Cerner
1536,Naomi,Tucker,1999-04-09,Female,O+,naomi.tucker@email.example.com,,Genesis Gomez,(832) 521-6655,"{""line1"": ""3539 Cherry Ln"", ""apt"": """", ""city"": ""Colorado Springs"", ""state"": ""CO"", ""zip"": ""80901""}",,Teacher,Fisher Corp,Independence Blue Cross,POL-505298,GRP-5505,196,2023-01-04,2023-09-21,165,122,44.8,Never Assessed,Occasional,"Penicillin, None, Codeine","Type 2 Diabetes, Osteoarthritis",,Sleeve gastrectomy,"None, Diabetes, Arthritis",English,Other,Active,10,EMR_Cerner
1537,Elizabeth,Watson,1974-01-27,Female,O+,elizabeth.watson@email.example.com,(559) 521-4855,Vincent Jones,(447) 751-8679,"{""line1"": ""5009 Lake Dr"", ""apt"": "", Unit 12"", ""city"": ""Denver"", ""state"": ""CO"", ""zip"": ""80201""}",Married,Driver,,CareFirst,POL-480701,GRP-6733,464,2024-07-29,2026-08-10,182,83,25.1,Non-Smoker,None,"Dust, NSAIDs","Irritable Bowel Syndrome, Chronic Fatigue, Chronic Kidney Disease","Ibuprofen, Aspirin, Pantoprazole, Prednisone",None,Diabetes,English,White,Active,5,EMR_Cerner
1542,Hannah,Freeman,1968-05-04,Female,AB,hannah.freeman@email.example.com,(692) 520-7717,William Sanchez,(219) 952-5729,"{""line1"": ""755 Center St"", ""apt"": """", ""city"": ""Milwaukee"", ""state"": ""WI"", ""zip"": ""53201"", ""country"": ""USA"", ""street_type"": ""Rd""}",Married,Pilot,Hughes Corp,Humana,POL-321608,GRP-3131,60,2020-01-20,2022-11-14,160,74,28.9,Former Smoker,Occasional,"Codeine, Shellfish, Dust",,Lisinopril,Sleeve gastrectomy,Asthma,English,White,Active,22,EMR_Cerner
1543,Jennifer,Allen,1974-03-09,Female,O+,jennifer.allen@email.example.com,(946) 371-2224,Jose Diaz,(569) 615-9069,"{""line1"": ""746 Washington Ave"", ""apt"": "", # 32"", ""city"": ""Indianapolis"", ""state"": ""IN"", ""zip"": ""46201"", ""landmark"": ""Adjacent to Library"", ""timezone"": ""America/Denver"", ""neighborhood"": ""Waterfront"", ""street_type"": ""Cir""}",Married,Logistics Coordinator,Hayes Corp,Molina Healthcare,POL-998010,GRP-5010,447,2024-05-27,2026-04-05,175,80,26.1,Non-Smoker,Moderate,None,Coronary Artery Disease,"Cyclobenzaprine, Atorvastatin",Sleeve gastrectomy,Heart Disease,English,White,Active,1,EMR_Cerner
1546,donna,Castillo,1991-03-01,Female,AB+,donna.castillo@email.example.com,(216) 328-5568,Gary Hayes,(370) 796-3980,"{""line1"": ""7683 Fourth Ave"", ""apt"": """", ""city"": ""El Paso"", ""state"": ""TX"", ""zip"": ""79901"", ""delivery_notes"": ""Leave at door"", ""latitude"": 46.5806}",Married,Teacher,,Highmark,POL-609342,GRP-4015,154,2024-04-22,,171,61,20.9,Current Smoker,None,"Dust, Latex",,"Prednisone, Hydrochlorothiazide, Warfarin",None,"Cancer, Stroke, Arthritis",English,White,Inactive,17,EMR_Cerner
1547,Robert,Flores,2005-10-26,Male,A+,robert.flores@email.example.com,(282) 913-2423,Riley Bailey,(576) 303-6880,"{""line1"": ""7961 Adams Way"", ""apt"": """", ""city"": ""Louisville"", ""state"": ""KY"", ""zip"": ""40201"", ""street_type"": ""Ln"", ""neighborhood"": ""Northside"", ""latitude"": 44.2319}",Married,Social Worker,Robinson Corp,Kaiser Permanente,POL-288842,GRP-7539,465,2023-04-06,2023-04-11,159,73,28.9,Non-Smoker,Occasional,"Dust, None, Shellfish",,"Montelukast, Pantoprazole, Acetaminophen",None,"DM, HTN, CAD",English,White,Active,13,EMR_Cerner
,Skylar,Price,1983-06-05,Female,O+,skylar.price@email.example.com,(438) 686-6807,David Washington,(560) 426-6399,"{""line1"": ""5354 Madison St"", ""apt"": "", Apt 7"", ""city"": ""Oklahoma City"", ""state"": ""OK"", ""zip"": ""73101""}",Married,Architect,Sanchez Corp,Independence Blue Cross,POL-988201,GRP-7665,239,2023-07-06,2027-04-21,169,90,31.5,Non-Smoker,Moderate,,Rheumatoid Arthritis,"Bupropion, Pantoprazole, Apixaban",None,None,Spanish,White,Inactive,12,EMR_Cerner
1560,Rachel,Miller,1955-06-12,Female,O+,rachel.miller@email.example.com,(576) 840-5886,Christopher Wilson,(952) 578-1260,"{""line1"": ""8154 Cherry Ln"", ""apt"": """", ""city"": ""Albuquerque"", ""state"": ""NM"", ""zip"": ""87101"", ""country"": ""USA"", ""latitude"": 30.1819}",Single,Administrative Assistant,King Corp,Aetna,POL-384282,GRP-8887,11,2023-01-29,2023-05-12,158,67,,Non-Smoker,None,None,,Jardiance,None,None,Mandarin,White,Active,2,EMR_Cerner
1561,Stella,Washington,1990-11-14,Female,O+,stella.washington1@email.example.com,(971) 728-1357,Hannah Woods,(562) 912-9469,"{""line1"": ""5138 Cypress Dr"", ""apt"": "", Unit 3"", ""city"": ""Albuquerque"", ""state"": ""NM"", ""zip"": ""87101"", ""county"": ""Cook""}",Single,Professor,Kelly Corp,Molina Healthcare,POL-551339,GRP-4657,340,2024-02-17,2024-07-09,152,,24.7,Former Smoker,Heavy,None,,"Jardiance, Lisinopril, Tramadol, Gabapentin",None,"Stroke, None",English,White,Inactive,17,EMR_Cerner
1565,,Stevens,1982-06-26,,O+,amanda.stevens@email.example.com,(351) 619-9228,Naomi Hall,(583) 913-1861,"{""line1"": ""7164 Tenth Ave"", ""apt"": """", ""city"": ""Los Angeles"", ""state"": ""CA"", ""zip"": ""90001"", ""latitude"": 40.3994, ""country"": ""USA""}",Married,Project Manager,,Kaiser Permanente,POL-897259,GRP-5954,456,2019-09-24,,170,108,37.4,Former Smoker,Occasional,Sulfa,"Anemia, Migraine","Ibuprofen, Aspirin, Lisinopril",None,"Heart Disease, Asthma",English,Hispanic or Latino,Active,12,EMR_Cerner
1568,Catherine,Ellis,2005-08-13,Female,B+,catherine.ellis@email.example.com,(830) 928-1140,Carolyn Porter,(846) 693-8311,"{""line1"": ""932 Park Blvd"", ""apt"": """", ""city"": ""Portland"", ""state"": ""OR"", ""zip"": ""97201"", ""longitude"": -104.3996, ""neighborhood"": ""Midtown""}",Married ,Social Worker,James Corp,Cigna,POL-399307,GRP-2474,480,2018-08-24,2021-04-09,162,91,34.7,Former Smoker,Occasional,None,Fibromyalgia,"Jardiance, Ibuprofen","C-section, Cataract surgery, Angioplasty with stent",None,Spanish,White,Active,19,EMR_Cerner
1572,Roger,McDonald,1964-07-01,Male,O+,roger.mcdonald@email.example.com,(333) 353-5377,Nathan Sanders,(985) 586-8970,"{""line1"": ""9288 Willow Dr"", ""apt"": """", ""city"": ""Indianapolis"", ""state"": ""IN"", ""zip"": ""46201""}",Single,Teacher,Gibson Corp,Harvard Pilgrim,POL-988932,GRP-2803,8,2021-11-26,,174,71,23.5,Non-Smoker,Occasional,Shellfish,"Rheumatoid Arthritis, Asthma, Atrial Fibrillation","Metoprolol, Clopidogrel, Metformin, Eliquis",Hysterectomy,Asthma,English,Hispanic or Latino,Active,1,EMR_Cerner
1579,Julie,Butler,1982-06-13,Female,O+,julie.butler@email.example.com,(337) 421-6418,Brenda Smith,(450) 655-6619,"{""line1"": ""3776 Elm St"", ""apt"": "", Unit 1"", ""city"": ""Virginia Beach"", ""state"": ""VA"", ""zip"": ""23450"", ""longitude"": -104.1196, ""neighborhood"": ""Uptown""}",Married,Dental Hygienist,Tucker Corp,Molina Healthcare,POL-991119,,75,2025-10-17,2027-08-03,153,82,35.0,Former Smoker,None,"None, Dust, Shellfish",,Metformin,Meniscectomy,Alzheimer's,Spanish,White,Deceased,10,EMR_Cerner
1585,Betty,Rogers,1982-12-22,Female,A+,betty.rogers@email.example.com,(715) 221-4560,Lincoln Ellis,(322) 884-8163,"{""line1"": ""6239 First St"", ""apt"": """", ""city"": ""Minneapolis"", ""state"": ""MN"", ""zip"": ""55401"", ""county"": ""Cook""}",Married,Plumber,,Blue Cross Blue Shield,POL-515720,GRP-8875,51,2021-06-27,2022-03-08,159,76,30.1,Never Assessed,Occasional,"Latex, Codeine, Shellfish",,Cetirizine,None,"Alzheimer's, Cancer",Mandarin,White,Active,8,EMR_Cerner
1591,Christine,Campbell,1989-09-17,Female,B+,christine.campbell@email.example.com,(645) 271-8537,Patricia Kelly,(507) 940-6233,"{""line1"": ""2217 Market St"", ""apt"": """", ""city"": ""Louisville"", ""state"": ""KY"", ""zip"": ""40201"", ""country"": ""USA"", ""latitude"": 43.4242, ""street_type"": ""Ct""}",Divorced,,Martinez Corp,Oscar Health,POL-782993,,475,2020-01-08,2022-12-28,158,75,30.0,Non-Smoker,Occasional,"Latex, Dust, Penicillin",,"Sertraline, Insulin glargine, Meloxicam",None,None,Spanish,White,Active,18,EMR_Cerner
1598,Frank,Lopez,1982-03-17,Male,B+,frank.lopez1@email.example.com,(667) 567-9209,Jack Graham,(400) 238-3276,"{""line1"": ""4877 Magnolia Way"", ""apt"": """", ""city"": ""Philadelphia"", ""state"": ""PA"", ""zip"": ""19101""}",Single,Military,Howard Corp,Harvard Pilgrim,POL-327765,GRP-7662,271,2023-11-05,,172,75,25.4,Former Smoker,Occasional,"None, Shellfish, Latex","COPD, Coronary Artery Disease","Omeprazole, Prednisone",None,"None, Diabetes",Spanish,White,Active,18,EMR_Cerner
1599,Aaron,Lopez,1987-09-17,Male,B+,aaron.lopez@email.example.com,(271) 452-9974,Levi Simpson,(798) 389-9005,"{""line1"": ""6227 Monroe Dr"", ""apt"": """", ""city"": ""Tucson"", ""state"": ""AZ"", ""zip"": ""85701"", ""street_type"": ""Ct""}",Married,,Butler Corp,Tufts Health Plan,POL-603081,GRP-7148,459,2019-10-28,2020-05-25,163,85,32.0,Current Smoker,Occasional,"Dust, Peanuts","Migraine, Depression, Sleep Apnea, Psoriasis","Montelukast, Losartan, Cyclobenzaprine",None,None,English,White,Active,7,EMR_Cerner
1600,Michelle,Parker,2025-01-01,Female,A+,michelle.parker@email.example.com,(671) 630-8054,Zoey Ruiz,(549) 517-3285,"{""line1"": ""4659 Fourth Ave"", ""apt"": """", ""city"": ""San Jose"", ""state"": ""CA"", ""zip"": ""95101""}",Divorced,Doctor,,Geisinger,POL-490223,GRP-2872,193,2019-12-06,2021-07-11,167,68,24.4,Current Smoker,Moderate,"Dust, NSAIDs, Shellfish",Coronary Artery Disease,Spironolactone,"ACL reconstruction, Angioplasty with stent",Cancer,Tagalog,Hispanic or Latino,Active,20,EMR_Cerner
1603,Henry,Morales,1990-05-25,Male,B+,henry.morales@email.example.com,(251) 511-4331,Victoria Simpson,(428) 702-7573,"{""line1"": ""5076 Hamilton Ct"", ""apt"": """", ""city"": ""San Francisco"", ""state"": ""CA"", ""zip"": ""94101"", ""latitude"": 30.2692, ""country"": ""USA""}",Married,Software Developer,Butler Corp,Aetna,POL-429588,GRP-4412,82,2020-07-27,2020-07-27,180,42,13.0,Non-Smoker,Moderate,"Pollen, NSAIDs","GERD, Sleep Apnea",Cetirizine,None,Heart Disease,English,,Active,19,EMR_Cerner
1604,Layla,Watson,2004-03-23,Female,B+,user@.com,(707) 632-6982,Scarlett Walker,(285) 318-5796,"{""line1"": ""126 Cherry Ln"", ""apt"": """", ""city"": ""San Jose"", ""state"": ""CA"", ""zip"": ""95101"", ""neighborhood"": ""Northside""}",Married,Logistics Coordinator,White Corp,Molina Healthcare,POL-555366,GRP-5942,344,2019-05-27,2021-07-10,167,63,22.6,Non-Smoker,Occasional,Sulfa,"Fibromyalgia, Asthma, Sleep Apnea, Hypothyroidism",Sertraline,None,None,Spanish,Hispanic or Latino,Active,3,EMR_Cerner
1611,Bobby,Garcia,1995-02-04,Male,AB-,bobby.garcia@email.example.com,(648) 366-6011,Kathleen Nguyen,(985) 698-7007,"{""line1"": ""4749 Willow Dr"", ""apt"": "", # 42"", ""city"": ""Cleveland"", ""state"": ""OH"", ""zip"": ""44101""}",Single,Software Developer,Murray Corp,MetLife,POL-785513,GRP-2947,328,2019-05-27,2021-09-06,186,56,16.2,Never Assessed,None,"NSAIDs, Shellfish, Pollen",Asthma,Cyclobenzaprine,None,"Hypertension, None",English,White,Active,29,EMR_Cerner
1612,Jeffrey,Rogers,2003-02-22,Male,B+,jeffrey.rogers@email.example.com,(883) 556-9928,Timothy Ortiz,(745) 854-7982,"{""line1"": ""5147 Walnut Ave"", ""apt"": """", ""city"": ""Memphis"", ""state"": ""TN"", ""zip"": ""38101"", ""neighborhood"": ""East Side"", ""county"": ""Maricopa"", ""latitude"": 42.616, ""timezone"": ""America/Denver""}",Single,Software Developer,Jenkins Corp,Highmark,POL-379162,GRP-1213,391,2020-07-29,2020-12-15,176,73,23.6,Former Smoker,Occasional,None,,"Sertraline, Hydrochlorothiazide",None,"DM, HTN, CAD",Spanish,White,Active,25,EMR_Cerner
1614,Scott,Perez,1970-11-20,Male,AB-,scott.perez1@email.example.com,(942) 413-7278,Randy Wilson,(684) 926-8139,"{""line1"": ""5149 Broadway"", ""apt"": """", ""city"": ""Baltimore"", ""state"": ""MD"", ""zip"": ""21201"", ""landmark"": ""Next to Mall"", ""latitude"": 28.0901}",Single,Librarian,Brown Corp,MetLife,POL-102821,GRP-3693,134,2022-07-11,2023-03-12,186,94,27.2,Current Smoker,None,"None, Shellfish, Latex",,"Duloxetine, Amlodipine",None,None,English,White,Active,14,EMR_Cerner
1618,Lily,Cook,2001-10-05,Female,A+,lily.cook@email.example.com,(401) 567-8417,Henry McDonald,(658) 659-4225,"{""line1"": ""7624 Cypress Dr"", ""apt"": "", # 9"", ""city"": ""Atlanta"", ""state"": ""GA"", ""zip"": ""30301"", ""latitude"": 45.1771, ""longitude"": -113.498, ""county"": ""San Diego"", ""delivery_notes"": ""Ring bell""}",Divorced,Pharmacist,Wilson Corp,Atena,POL-147889,GRP-2327,290,2024-06-07,2028-03-01,162,82,31.2,Former Smoker,Occasional,"NSAIDs, Pollen, Peanuts","Atrial Fibrillation, Hyperlipidemia","Bupropion, Lisinopril","Meniscectomy, Sleeve gastrectomy","Heart Disease, Hypertension",English,White,Active,2,EMR_Cerner
1621,Micah,Price,1951-05-31,Male,A+,micah.price@email.example.com,2125550199,Michael Garcia,(568) 965-5805,"{""line1"": ""682 Lake Dr"", ""apt"": "", Suite 15"", ""city"": ""San Diego"", ""state"": ""CA"", ""zip"": ""92101"", ""longitude"": -103.2436}",Divorced,Student,Patterson Corp,MetLife,POL-819400,GRP-7063,454,2024-06-09,2025-06-28,176,98,31.6,Former Smoker,None,"Shellfish, Sulfa, NSAIDs","Crohn's Disease, Type 2 Diabetes, Hypothyroidism","Atorvastatin, Tramadol, Warfarin, Meloxicam",None,"Heart Disease, Arthritis, Diabetes",ENGLISH,White,Active,22,EMR_Cerner
1630,Kevin,Nguyen,1989-09-28,Mle,O+,kevin.nguyen@email.example.com,(687) 547-2362,Nancy Graham,(599) 674-4953,"{""line1"": ""1343 Jefferson Ave"", ""apt"": """", ""city"": ""Tucson"", ""state"": ""AZ"", ""zip"": ""85701"", ""timezone"": ""America/Phoenix"", ""street_type"": ""Pl""}",Separated,Electrician,,UnitedHealthcare,POL-833994,GRP-1252,273,2025-02-25,2027-07-16,167,64,22.9,Never Assessed,Moderate,Penicillin,"Ulcerative Colitis, Chronic Kidney Disease","Pantoprazole, Cyclobenzaprine, Eliquis",none,"Stroke, None, Diabetes",English,Hispanic or Latino,Inactive,11,EMR_Cerner
1646,Aaron,Richardson,1987-07-26,Male,O+,aaron.richardson@email.example.com,(513) 594-9704,Brian Porter,(248) 865-2498,"{""line1"": ""3815 Broadway"", ""apt"": "", Unit 6"", ""city"": ""San Diego"", ""state"": ""CA"", ""zip"": ""92101""}",Married,Software Developer,Stevens Corp,CareFirst,POL-318290,GRP-4610,158,2020-01-07,2022-04-16,170,87,30.1,Never Assessed,None,NSAIDs,,Cyclobenzaprine,None,None,Spanish,White,Active,20,EMR_Cerner
1648,Gary,Hunter,1991-08-06,Male,O-,gary.hunter@email.example.com,(317) 623-3327,Scott Peterson,(362) 660-6810,"{""line1"": ""3284 River Rd"", ""apt"": """", ""city"": ""San Diego"", ""state"": ""CA"", ""zip"": ""92101"", ""floor_number"": 49, ""county"": ""Miami-Dade"", ""longitude"": -120.7588}",Married,Nurse,,Anthem,POL-520764,GRP-8672,73,2021-07-22,2023-09-19,173,96,32.1,Current Smoker,Occasional,"NSAIDs, Shellfish","GERD, Eczema, Crohn's Disease",None,None,"None, Diabetes, Cancer",English,White,Active,14,EMR_Cerner
1650,Richard,Lewis,1991-09-21,Male,O+,richard.lewis@email.example.com,(647) 816-4289,Kimberly Woods,(817) 241-5965,"{""line1"": ""Unknown"", ""city"": ""Unknown"", ""state"": ""NA"", ""zip"": ""00000"", ""timezone"": ""America/Phoenix"", ""county"": ""Maricopa"", ""floor_number"": 17}",Separated,Veterinarian,Torres Corp,Blue Cross Blue Shield,POL-140865,G1234,155,01-01-2020,2020-09-26,192,93,25.2,Former Smoker,None,"Shellfish, Penicillin",Hypertension,Omeprazole,None,"Diabetes, Asthma",English,Black or African American,Active,12,EMR_Cerner
1654,Gary,Hall,2002-09-30,Male,O-,gary.hall@email.example.com,(353) 462-1631,Ryan Porter,(763) 835-3712,"{""line1"": ""8805 Forest Ave"", ""apt"": """", ""city"": ""Seattle"", ""state"": ""WA"", ""zip"": ""98101""}",Married,Doctor,Davis Corp,MetLife,POL-298034,GRP-1421,450,2025-01-09,2028-08-07,176,65,21.0,Never Assessed,Occasional,Peanuts,"Rheumatoid Arthritis, Chronic Fatigue","Levothyroxine, Ozempic, Lisinopril","Hernia repair, Laminectomy",Diabetes,ENGLISH,Hispanic or Latino,Inactive,9,EMR_Cerner
1656,James,Castillo,2025-06-15,Male,A+,james.castillo@email.example.com,(500) 862-8638,Skylar Phillips,(992) 522-9581,"{""line1"": ""458 Hamilton Ct"", ""apt"": """", ""city"": ""Colorado Springs"", ""state"": ""CO"", ""zip"": ""80901"", ""timezone"": ""America/Los_Angeles"", ""country"": ""USA"", ""street_type"": ""Pl""}",Married,---,,Health Net,POL-136988,GRP-4319,185,2019-06-01,2021-02-20,170,90,31.1,Non-Smoker,Occasional,None,"Rheumatoid Arthritis, Asthma, Type 2 Diabetes",Ibuprofen,None,None,Tagalog,Hispanic or Latino,Active,17,EMR_Cerner
1662,Timothy,Young,1970-09-06,Male,O-,timothy.young@email.example.com,(441) 209-3784,Vincent Hicks,(559) 898-5465,"{""line1"": ""2145 Monroe Dr"", ""apt"": "", # 6"", ""city"": ""Miami"", ""state"": ""FL"", ""zip"": ""33101"", ""timezone"": ""America/Chicago""}",Widowed,Teacher,,Cigna,POL-271786,,425,2023-04-28,2026-08-18,177,95,30.3,Non-Smoker,None,None,"Coronary Artery Disease, Anemia, Depression, Type 2 Diabetes",Levothyroxine,Appendectomy,None,English,Hispanic or Latino,Active,25,EMR_Cerner
1667,Benjamin,Roberts,2002-12-28,Male,A+,benjamin.roberts@email.example.com,(828) 733-4768,Nancy Baker,(555) 505-8616,"{""line1"": ""5007 Hill St"", ""apt"": "", Unit 11"", ""city"": ""Austin"", ""state"": ""TX"", ""zip"": ""73301""}",Divorced,Architect,,MetLife,POL-225363,GRP-8910,,2024-05-09,2026-01-23,180,79,24.4,Non-Smoker,Occasional,"Peanuts, NSAIDs, Shellfish",Eczema,None,Mastectomy,"Heart Disease, Diabetes, Heart Disease",English,Asian,Inactive,,EMR_Cerner
1670,Wesley,Bailey,1962-08-25,Male,A+,wesley.bailey@email.example.com,(942) 553-4649,Evelyn Diaz,(210) 525-1917,"{""line1"": ""1522 Sunset Dr"", ""apt"": """", ""city"": ""Cleveland"", ""state"": ""OH"", ""zip"": ""44101"", ""neighborhood"": ""Midtown"", ""longitude"": -95.6584}",Single,Insurance Agent,Peterson Corp,Geisinger,POL-940369,GRP-8901,366,2023-01-05,2023-01-05,169,77,27.0,Non-Smoker,Heavy,"Shellfish, Codeine, Penicillin",,"Lisinopril, Aspirin, Ozempic, Acetaminophen","Colectomy, Thyroidectomy, Laminectomy","Diabetes, Hypertension, Arthritis",English,caucasian,Active,11,EMR_Cerner
1673,Ellie,Torres,1959-11-21,Female,A+,ellie.torres@email.example.com,(747) 888-8467,Zachary Gomez,(539) 383-1740,"{""line1"": ""8910 Highland Ave"", ""apt"": """", ""city"": ""Houston"", ""state"": ""TX"", ""zip"": ""77001"", ""latitude"": 44.6321, ""delivery_notes"": ""Gate code: #1234""}",Single,Teacher,,Centene,POL-370219,,31,2018-01-29,,180,85,26.2,,Moderate,"Latex, None, Shellfish","Congestive Heart Failure, Psoriasis",None,None,"Stroke, Hypertension",Russian,Black or African American,Active,8,EMR_Cerner
1675,Samuel,Ramirez,1974-11-08,Non-Binary,A+,samuel.ramirez@email.example.com,(807) 734-1338,Kevin James,(604) 647-7642,"{""line1"": ""388 Sunset Dr"", ""apt"": "", # 26"", ""city"": ""Albuquerque"", ""state"": ""NM"", ""zip"": ""87101"", ""landmark"": ""Near Hospital"", ""street_type"": ""St""}",Widowed,Teacher,Flores Corp,Anthem,POL-810199,GRP-7851,285,2018-12-09,2022-10-27,186,80,23.1,Former Smoker,Occasional,None,,Amlodipine,None,Arthritis,English,White,Active,17,EMR_Cerner
1677,Joseph,Martin,1993-02-07,Male,O+,joseph.martin@email.example.com,(506) 415-9761,Benjamin Woods,(226) 650-1436,"{""line1"": ""9996 Seventh St"", ""apt"": """", ""city"": ""Columbus"", ""state"": ""OH"", ""zip"": ""43201""}",Married,Librarian,,,,,132,2024-12-21,2025-11-18,168,65,23.0,Non-Smoker,None,None,"Congestive Heart Failure, Eczema, Anxiety Disorder",Albuterol,Rotator cuff repair,"DM, HTN, CAD",Cantonese,White,Active,10,EMR_Cerner
1679,Brian,Sanders,1991-07-24,Male,O+,brian.sanders@email.example.com,(699) 517-8659,Madelyn Foster,(381) 600-3050,"{""line1"": ""7122 Third St"", ""apt"": """", ""city"": ""Colorado Springs"", ""state"": ""CO"", ""zip"": ""80901"", ""delivery_notes"": ""Leave at door"", ""longitude"": -112.2198, ""neighborhood"": ""Downtown"", ""county"": ""Queens""}",Married,UnemPloyed,,Health Net,POL-981076,GRP-3521,419,2019-04-17,2022-07-26,175,93,30.4,Non-Smoker,Occasional,"Dust, Codeine",,"Hydrochlorothiazide, Fluticasone",Meniscectomy,"Heart Disease, Hypertension",English,White,Active,7,EMR_Cerner
1682,Lisa,Gray,1995-03-22,Female,A+,lisa.gray@email.example.com,(393) 330-4571,Daniel Bennett,(532) 722-8076,"{""line1"": ""7281 Center St"", ""apt"": "", Apt 46"", ""city"": ""Columbus"", ""state"": ""OH"", ""zip"": ""43201"", ""county"": ""Maricopa"", ""neighborhood"": ""East Side"", ""street_type"": ""Dr""}",Single,Chef,Collins Corp,Humana,POL-499548,GRP-1929,464,2021-08-10,2022-10-24,166,81,29.4,Non-Smoker,Heavy,Codeine,"Eczema, Fibromyalgia, Type 2 Diabetes, Hypothyroidism","Montelukast, Furosemide","ACL reconstruction, Vasectomy, Hernia repair",Diabetes,French,White,Active,5,EMR_Cerner
1683,Brenda,Gutierrez,2000-02-24,Female,O+,brenda.gutierrez@email.example.com,(626) 403-3391,Victoria Cooper,(581) 453-3916,"{""line1"": ""1647 Monroe Dr"", ""apt"": """", ""city"": ""Atlanta"", ""state"": ""GA"", ""zip"": ""30301"", ""county"": ""Maricopa"", ""country"": ""USA"", ""landmark"": ""Adjacent to Library""}",Married,Administrative Assistant,,Bright Health,POL-579730,GRP-3415,105,2018-09-06,2020-10-31,169,90,31.5,Non-Smoker,None,"Sulfa, Shellfish","Hyperlipidemia, Hypertension, Eczema, Sleep Apnea",Losartan,Hernia repair,"Cancer, Arthritis",Vietnamese,White,Inactive,10,EMR_Cerner
1684,Layla,Garcia,2004-12-31,Female,A+,layla.garcia@email.example.com,(997) 474-8724,Luke Jordan,(929) 552-1186,"{""line1"": ""4447 River Rd"", ""apt"": """", ""city"": ""San Diego"", ""state"": ""CA"", ""zip"": ""92101"", ""street_type"": ""Ave""}",Married,Professor,Flores Corp,Cigna HealthCare,POL-580950,GRP-9750,230,2018-01-23,2021-01-22,150,106,47.1,Former Smoker,Occasional,"None, Penicillin, Latex",Rheumatoid Arthritis,Prednisone,None,"Heart Disease, Diabetes, Heart Disease",Spanish,White,Active,8,EMR_Cerner
1690,Amanda,Nelson,2005-01-18,Female,A+,amanda.nelson1@email.example.com,(584) 953-2516,Cynthia Graham,(237) 772-8229,"{""line1"": ""6864 Sunset Dr"", ""apt"": "", Unit 36"", ""city"": ""Columbus"", ""state"": ""OH"", ""zip"": ""43201"", ""longitude"": -115.0314, ""country"": ""USA"", ""timezone"": ""America/Phoenix""}",Married,Flight Attendant,,CareFirst,POL-652540,GRP-2303,53,2024-06-11,2025-12-11,171,69,23.6,Current Smoker,Moderate,"Pollen, Latex, Codeine",,Tramadol,Sleeve gastrectomy,"Heart Disease, Stroke, Hypertension",English,Two or More Races,Inactive,10,EMR_Cerner
,Carol,Ellis,1962-05-18,Female,A+,carol.ellis@email.example.com,(953) 246-2832,Janet Castillo,(571) 425-3604,"{""line1"": ""1573 Highland Ave"", ""apt"": "", Unit 27"", ""city"": ""Miami"", ""state"": ""FL"", ""zip"": ""33101"", ""timezone"": ""America/New_York"", ""floor_number"": 37}",Divorced,Retired,,Cigna,POL-869076,GRP-1146,58,2019-06-15,2020-12-22,164,40,14.9,Non-Smoker,Heavy,"None, Peanuts, Penicillin","Sleep Apnea, Fibromyalgia","Prednisone, Jardiance",None,Heart Disease,English,White,Active,2,EMR_Cerner
1715,Peter,Ramos,1993-12-29,Male,O+,peter.ramos@email.example.com,(430) 589-3454,Stephanie Jones,(756) 895-2632,"{""line1"": ""2925 Sixth Ave"", ""apt"": """", ""city"": ""Fresno"", ""state"": ""CA"", ""zip"": ""93701"", ""floor_number"": 24}",Widowed,Pilot,Peterson Corp,UnitedHealthcare,POL-450581,GRP-6348,242,2024-03-13,,166,96,34.8,Non-Smoker,Occasional,"NSAIDs, Codeine, Peanuts","Depression, Rheumatoid Arthritis, Ulcerative Colitis","Ozempic, Metoprolol",None,None,Cantonese,White,Active,19,EMR_Cerner
1718,Roger,Alexander,1977-04-21,Male,O+,roger.alexander@email.example.com,(851) 578-4135,Kathleen Rivera,(600) 895-6326,"{""line1"": ""2153 Magnolia Way"", ""apt"": """", ""city"": ""Omaha"", ""state"": ""NE"", ""zip"": ""68101"", ""neighborhood"": ""Southside"", ""timezone"": ""America/Los_Angeles"", ""longitude"": -101.0278, ""latitude"": 38.0262, ""county"": ""Queens""}",Married,Accountant,Turner Corp,Cigna,POL-107117,GRP-6157,283,2025-04-26,2026-07-26,192,56,15.2,Non-Smoker,Moderate,None,"GERD, Fibromyalgia","Omeprazole, Jardiance, Hydrochlorothiazide",Colectomy,"None, Stroke, Cancer",Spanish,Black or African American,Active,4,EMR_Cerner
1723,Edward,Smith,1986-05-16,Male,O+,edward.smith@email.example.com,(380) 790-7632,Catherine Nelson,(685) 574-9820,"{""line1"": ""1474 Church St"", ""apt"": """", ""city"": ""Memphis"", ""state"": ""TN"", ""zip"": ""38101""}",Married,Real Estate Agent,Brooks Corp,Centene,POL-181171,GRP-2261,150,2019-11-18,2022-10-07,182,97,29.3,Former Smoker,None,"Dust, Peanuts, None",,Tramadol,,Stroke,English,Black or African American,Active,5,EMR_Cerner
1732,Ruth,Ramirez,1985-03-02,Female,A+,ruth.ramirez@email.example.com,(531) 526-3776,Evelyn Tucker,(556) 869-6442,"{""line1"": ""9437 Forest Ave"", ""apt"": """", ""city"": ""Sacramento"", ""state"": ""CA"", ""zip"": ""94201"", ""country"": ""USA"", ""street_type"": ""Ln"", ""county"": ""Miami-Dade""}",Single,Electrician,,Geisinger,POL-202912,GRP-1325,302,2024-12-29,2025-11-20,161,104,40.1,Former Smoker,Moderate,"None, NSAIDs",Chronic Kidney Disease,None,"Hemorrhoidectomy, Rotator cuff repair, Hysterectomy","None, Stroke, Asthma",Mandarin,White,Active,13,EMR_Cerner
1735,,Sanders,1951-03-22,Female,A+,paisley.sanders@email.example.com,(433) 498-5474,Mateo Washington,(557) 418-4269,"{""line1"": ""6558 Market St"", ""apt"": "", Suite 30"", ""city"": ""Cleveland"", ""state"": ""OH"", ""zip"": ""44101"", ""country"": ""USA"", ""delivery_notes"": ""Ring bell"", ""street_type"": ""Ct"", ""county"": ""San Diego""}",Married,Business Owner,Hughes Corp,Cigna,POL-949096,GRP-1199,252,2019-03-09,2019-08-09,160,95,37.1,Current Smoker,Sometimes,"None, Latex, Sulfa",,"Cetirizine, Amlodipine, Metoprolol, Omeprazole",None,None,English,Hispanic or Latino,Active,4,EMR_Cerner
1737,Douglas,Ellis,1999-09-10,Male,O+,douglas.ellis@email.example.com,(434) 636-4192,Douglas Hughes,(952) 390-4318,"{""line1"": ""701 First St"", ""apt"": "", Suite 10"", ""city"": ""Austin"", ""state"": ""TX"", ""zip"": ""73301"", ""landmark"": ""Close to University"", ""longitude"": -84.7044, ""neighborhood"": ""Historic District""}",Married,Chef,Hall Corp,Harvard Pilgrim,POL-519700,GRP-1398,98,2020-11-13,2023-12-26,176,105,33.9,Never Assessed,Moderate,"PENICILLIN, SULFA",,"Atorvastatin, Apixaban, Metoprolol, Amlodipine",Total knee replacement,Hypertension,Spanish,Other,Active,19,EMR_Cerner
1740,Dorothy,Brooks,2003-12-01,Female,O+,dorothy.brooks@email.example.com,(546) 397-4657,Christopher Evans,(786) 964-9595,"{""line1"": ""9881 River Rd"", ""apt"": """", ""city"": ""Memphis"", ""state"": ""TN"", ""zip"": ""38101"", ""county"": ""King""}",Married,Chef,Butler Corp,Centene,POL-471746,GRP-3295,282,2018-09-18,,175,76,24.8,Non-Smoker,None,"Codeine, Shellfish, Peanuts",,None,"Appendectomy 2018, Cholecystectomy 2020","Hypertension, Cancer, None",Tagalog,Hispanic or Latino,Active,18,EMR_Cerner
1746,Camila,Robinson,1973-02-17,Female,O+,camila.robinson@email.example.com,(585) 240-3661,Avery Scott,(800) 707-6808,"{""line1"": ""5998 Church St"", ""apt"": """", ""city"": ""Tucson"", ""state"": ""AZ"", ""zip"": ""85701"", ""county"": ""Sacramento"", ""timezone"": ""America/New_York""}",Single,Engineer,Ellis Corp,Cigna,POL-175703,GRP-8087,488,2023-09-01,2027-03-29,152,74,32.0,Non-Smoker,Occasional,"None, Codeine, Peanuts",,None,Hysterectomy,None,Spanglish,White,Active,11,EMR_Cerner
1756,Justin,Cole,1973-12-28,Male,O+,justin.cole@email.example.com,(501) 943-1619,Shirley Garcia,(921) 204-5170,"{""line1"": ""3031 Sixth Ave"", ""apt"": "", Suite 23"", ""city"": ""Houston"", ""state"": ""TX"", ""zip"": ""77001"", ""country"": ""USA"", ""street_type"": ""Dr"", ""longitude"": -119.6378, ""county"": ""Queens""}",Divorced,Graphic Designer,Thomas Corp,Cigna HealthCare,POL-349290,GRP-3529,418,2021-06-18,2022-07-23,168,82,29.1,Current Smoker,Moderate,"Pollen, Peanuts, Shellfish",,"Levothyroxine, Acetaminophen",None,Cancer,English,White,Deceased,22,EMR_Cerner
1765,Genesis,Sanders,1977-01-01,Female,O-,genesis.sanders@email.example.com,(718) 556-9803,Kelly Foster,(333) 717-8126,"{""line1"": ""4779 Monroe Dr"", ""apt"": """", ""city"": ""Atlanta"", ""state"": ""GA"", ""zip"": ""30301"", ""street_type"": ""Pl""}",Married,Business Owner,Patel Corp,Independence Blue Cross,POL-747707,GRP-8635,60,2023-12-08,2026-09-01,161,82,-5,Non-Smoker,None,"Shellfish, Dust, Latex","Hypertension, Osteoarthritis, Irritable Bowel Syndrome",Insulin glargine,None,Arthritis,English,White,Active,22,EMR_Cerner
1769,Zachary,Cole,1960-10-21,Male,O+,zachary.cole@email.example.com,(992) 320-1023,Victoria Graham,(341) 392-3247,"{""line1"": ""9997 Willow Dr"", ""apt"": """", ""city"": ""San Antonio"", ""state"": ""TX"", ""zip"": ""78201"", ""timezone"": ""America/New_York"", ""latitude"": 32.5373, ""country"": ""USA""}",Married,Chef,,Blue Cross Blue Shield,POL-187909,GRP-5086,39,2020-04-09,2021-05-27,171,74,25.3,Non-Smoker,Occasional,"Codeine, Sulfa, Penicillin","COPD, Coronary Artery Disease, Migraine",Metoprolol,None,"Diabetes, Arthritis, Heart Disease",Mandarin,Black or African American,Inactive,17,EMR_Cerner
1778,Mason,Watson,1953-08-06,Male,A+,mason.watson@email.example.com,(875) 932-2586,Alexander Sanchez,(887) 550-1451,"{""line1"": ""9751 Madison St"", ""apt"": "", Unit 46"", ""city"": ""Denver"", ""state"": ""CO"", ""zip"": ""80201""}",Married,Bank Teller,Thompson Corp,Kaiser Permanente,POL-651394,GRP-9145,294,2024-12-10,2028-04-19,187,72,20.6,,Moderate,"Dust, None","Fibromyalgia, Asthma, Eczema","Loratadine, Pantoprazole",None,"Stroke, Heart Disease, Asthma",ENGLISH,White,Active,13,EMR_Cerner
1787,Emma,Murphy,1980-09-24,Female,A+,emma.murphy@email.example.com,(908) 502-5466,Andrea Hughes,(383) 461-2870,"{""line1"": ""8367 Beechwood Ave"", ""apt"": "", Unit 31"", ""city"": ""Jacksonville"", ""state"": ""FL"", ""zip"": ""32201"", ""delivery_notes"": ""Call upon arrival""}",Married,Software Developer,,Blue Cross Blue Shield,POL-396989,GRP-3828,364,2022-06-07,2022-06-18,162,98,37.3,Non-Smoker,Former,,,Sertraline,Colectomy,Stroke,Mandarin,White,Active,12,EMR_Cerner
1792,Tyler,Webb,1990-08-20,Male,A+,tyler.webb@email.example.com,(262) 487-4922,Dorothy Gomez,(810) 900-7249,"{""line1"": ""7214 Third St"", ""apt"": "", Suite 27"", ""city"": ""Virginia Beach"", ""state"": ""VA"", ""zip"": ""23450"", ""latitude"": 28.3911, ""country"": ""USA"", ""county"": ""Dallas""}",Married,Lawyer,,UnitedHealthcare,POL-133128,GRP-9447,385,2021-09-24,2024-08-18,182,99,29.9,Non-Smoker,Occasional,"Pollen, Dust",Chronic Kidney Disease,Furosemide,None,Diabetes,English,,Active,6,EMR_Cerner
1802,Mark,Baker,1998-05-21,Male,O+,mark.baker@email.example.com,(644) 273-1073,Richard Ortiz,(731) 296-1352,"{""line1"": ""1763 Elm St"", ""apt"": "", Apt 5"", ""city"": ""Long Beach"", ""state"": ""CA"", ""zip"": ""90801"", ""county"": ""Dallas"", ""timezone"": ""America/Phoenix""}",Single,Accountant,Reyes Corp,Harvard Pilgrim,POL-301140,GRP-2061,150,2021-12-10,2024-07-13,-10,63,normal,Former Smoker,Moderate,"Penicillin, Latex, Shellfish",,"Lisinopril, Apixaban",None,"Heart Disease, Alzheimer's, None",Spanish,White,Active,5,EMR_Cerner
1807,Linda,Reyes,1975-05-15,Female,AB,linda.reyes@email.example.com,(756) 600-5661,Maxwell Nguyen,(512) 343-4028,"{""line1"": ""8326 Pine St"", ""apt"": """", ""city"": ""Omaha"", ""state"": ""NE"", ""zip"": ""68101"", ""delivery_notes"": ""Call upon arrival"", ""floor_number"": 27, ""neighborhood"": ""West Side""}",Married,Doctor,Porter Corp,UnitedHealthcare,POL-625948,GRP-8698,21,2018-03-31,2021-07-16,164,91,33.8,Former Smoker,Moderate,"None, Penicillin",,,None,"Stroke, Hypertension",Vietnamese,White,Active,30,EMR_Cerner
1809,Chloe,Kelly,2004-04-27,Female,A+,chloe.kelly@email.example.com,(904) 725-1830,Robert Marshall,(531) 786-6977,"{""line1"": ""4941 Washington Ave"", ""apt"": """", ""city"": ""Indianapolis"", ""state"": ""IN"", ""zip"": ""46201"", ""latitude"": 25.716, ""country"": ""USA"", ""street_type"": ""Rd""}",Single,Engineer,,Harvard Pilgrim,POL-448186,GRP-3389,7,2025-04-04,2029-01-01,172,78,26.4,Non-Smoker,Heavy,None,"Eczema, Fibromyalgia, COPD, Anemia",Atorvastatin,None,"Stroke, Asthma, Cancer",English,White,Inactive,4,EMR_Cerner
1814,Layla,Diaz,2003-07-26,Female,A-,layla.diaz@email.example.com,abc-def-ghij,Zoey Miller,(219) 222-9415,"{""line1"": ""4598 Ash Ct"", ""apt"": """", ""city"": ""Kansas City"", ""state"": ""MO"", ""zip"": ""64101"", ""country"": ""USA"", ""latitude"": 35.3701, ""neighborhood"": ""Historic District""}",Married,,Ramirez Corp,Oscar Health,POL-459305,GRP-4055,54,2023-06-11,2024-11-01,168,81,28.7,Current Smoker,Occasional,"Shellfish, Dust, Latex","Hyperlipidemia, COPD, GERD, Depression",unknown,None,"Arthritis, Hypertension",Mandarin,White,,23,EMR_Cerner
1816,Chloe,Phillips,1979-08-09,Female,O+,chloe.phillips@email.example.com,(232) 472-4466,Carol Russell,(474) 367-6468,"{""line1"": ""5837 Magnolia Way"", ""apt"": """", ""city"": ""Baltimore"", ""state"": ""MD"", ""zip"": ""21201"", ""neighborhood"": ""Northside""}",Divorced,Police Officer,Garcia Corp,Centene,POL-778630,GRP-6352,90,2021-11-13,2022-10-19,164,72,26.8,Non-Smoker,Occasional,"Codeine, Pollen",Hyperlipidemia,"Jardiance, Ibuprofen",None,"Stroke, Asthma",English,White,Active,1,EMR_Cerner
1817,Rebecca,Reed,1975-12-07,Female,O+,rebecca.reed@email.example.com,(301) 971-4632,Carol Clark,(715) 423-7411,"{""line1"": ""4452 Ninth St"", ""apt"": """", ""city"": ""Tucson"", ""state"": ""AZ"", ""zip"": ""85701"", ""latitude"": 45.1884}",Married,Flight Attendant,,Humana,POL-793821,GRP-8790,,2019-01-11,2020-03-29,180,114,35.2,Non-Smoker,Occasional,"Pollen, NSAIDs, None",Type 2 Diabetes,"Sertraline, Montelukast","Appendectomy 2018, Cholecystectomy 2020",Arthritis,Spanish,Hispanic or Latino,Active,,EMR_Cerner
1822,Zachary,Cruz,1954-02-08,Male,A+,zachary.cruz@email.example.com,(292) 350-1474,Julian Clark,(972) 791-5502,"{""line1"": ""7841 Pine St"", ""apt"": """", ""city"": ""Virginia Beach"", ""state"": ""VA"", ""zip"": ""23450"", ""neighborhood"": ""Suburbs""}",Single,---,,Tufts Health Plan,POL-132395,GRP-5122,288,2022-10-19,2023-09-26,165,650,27.9,Former Smoker,Moderate,Codeine,,"Celecoxib, Aspirin, Acetaminophen, Meloxicam","C-section, Vasectomy",Heart Disease,English,White,Active,15,EMR_Cerner
1824,Madelyn,Smith,1989-03-13,Female,O+,madelyn.smith@email.example.com,(649) 919-7175,Deborah Perez,(738) 891-4887,"{""line1"": ""3290 Ninth St"", ""apt"": """", ""city"": ""Philadelphia"", ""state"": ""PA"", ""zip"": ""19101""}",Married,Physical Therapist,Bennett Corp,Blue Cross Blue Shield,POL-265951,GRP-1426,329,2020-01-13,2021-01-03,172,75,25.4,Non-Smoker,None,"Peanuts, Penicillin, None","Sleep Apnea, Rheumatoid Arthritis, Atrial Fibrillation, Congestive Heart Failure",Atorvastatin,None,"Diabetes, Stroke, Arthritis",Spanish,Hispanic or Latino,Inactive,2,EMR_Cerner
1827,Samuel,Williams,1968-07-29,Male,o+,samuel.williams@email.example.com,(316) 248-9302,Luna Rodriguez,(732) 731-6856,"{""line1"": ""8672 River Rd"", ""apt"": """", ""city"": ""Long Beach"", ""state"": ""CA"", ""zip"": ""90801"", ""street_type"": ""Rd"", ""timezone"": ""America/Denver"", ""longitude"": -111.477}",Married,Veterinarian,Woods Corp,Humana,POL-348368,GRP-2349,143,2022-11-27,2026-09-09,172,87,29.4,Non-Smoker,None,"Peanuts, Pollen, Penicillin","Migraine, Osteoporosis","Clopidogrel, Eliquis","Appendectomy 2018, Cholecystectomy 2020","Alzheimer's, Cancer",English,Hispanic or Latino,Active,5,EMR_Cerner
1834,Christina,Richardson,2005-03-18,Female,A+,christina.richardson@email.example.com,(569) 741-2557,Patrick Ortiz,(838) 825-8906,"{""line1"": ""8890 Adams Way"", ""apt"": "", # 26"", ""city"": ""Albuquerque"", ""state"": ""NM"", ""zip"": ""87101"", ""floor_number"": 1}",Divorced,Professor,Tucker Corp,UnitedHealthcare,POL-783206,GRP-6276,81,2019-02-12,2020-08-22,169,58,20.3,Never Assessed,Heavy,Dust,"COPD, Anxiety Disorder, Congestive Heart Failure, Rheumatoid Arthritis",Sertraline,"Coronary artery bypass grafting, Vasectomy, Carpal tunnel release",Asthma,Spanish,Black or African American,Active,23,EMR_Cerner
1839,Chloe,Cruz,1980-11-11,Female,B-,chloe.cruz@email.example.com,(362) 348-8257,George Nguyen,(410) 359-3120,"{""line1"": ""Unknown"", ""city"": ""Unknown"", ""state"": ""NA"", ""zip"": ""00000"", ""latitude"": 43.1813, ""country"": ""USA"", ""timezone"": ""America/Denver"", ""county"": ""Miami-Dade""}",Married,Artist,Marshall Corp,Cigna HealthCare,POL-192428,GRP-9564,82,2019-06-22,2019-12-20,164,73,27.1,Non-Smoker,None,"Sulfa, Codeine","Hyperlipidemia, Osteoarthritis","Tramadol, Metoprolol, Montelukast, Metformin","Gastric bypass, Carpal tunnel release, Tonsillectomy",None,English,Black or African American,Active,19,EMR_Cerner
1841,Paul,Murphy,1978-11-18,Male,A-,paul.murphy1@email.example.com,(492) 675-2438,Rachel Castillo,(690) 937-7351,"{""line1"": ""4206 Spring St"", ""apt"": """", ""city"": ""Indianapolis"", ""state"": ""IN"", ""zip"": ""46201""}",Married,Dental Hygienist,Graham Corp,Blue Cross Blue Shield,POL-519820,GRP-6503,392,2023-06-01,2025-07-19,168,61,21.6,Current Smoker,Moderate,"Peanuts, Pollen",,"Insulin glargine, Cyclobenzaprine, Hydrochlorothiazide, Jardiance",Thyroidectomy,"Heart Disease, Diabetes, Heart Disease",Cantonese,White,Active,1,EMR_Cerner
1843,Angela,Gibson,1999-03-23,Female,A+,angela.gibson@email.example.com,(258) 233-2570,Ellie Wright,(592) 382-6621,"{""line1"": ""8285 Hickory St"", ""apt"": """", ""city"": ""Minneapolis"", ""state"": ""MN"", ""zip"": ""55401""}",Married,Construction Worker,Davis Corp,Cigna,POL-677173,GRP-2350,171,tomorrow,,173,650,29.1,Non-Smoker,Occasional,"NSAIDs, Penicillin",Eczema,None,None,Diabetes,English,Hispanic or Latino,Active,12,EMR_Cerner
1850,Emma,Simmons,1980-06-06,Female,A-,emma.simmons@email.example.com,(284) 311-4824,Douglas Richardson,(349) 599-6840,"{""line1"": ""7565 Cedar Ln"", ""apt"": "", Suite 14"", ""city"": ""San Francisco"", ""state"": ""CA"", ""zip"": ""94101"", ""timezone"": ""America/Denver"", ""latitude"": 45.6961, ""street_type"": ""St"", ""neighborhood"": ""Uptown""}",Married,Mechanic,Hernandez Corp,Harvard Pilgrim,POL-651010,GRP-1990,196,2021-10-22,2023-06-11,182,79,23.8,,Occasional,"Dust, Latex, None","Psoriasis, Rheumatoid Arthritis, Anemia",None,None,"Heart Disease, Hypertension",Korean,White,,10,EMR_Cerner
1855,Peter,Myers,1969-04-11,Male,A-,peter.myers@email.example.com,(764) 538-2761,Jackson Ramos,(693) 845-7372,"{""line1"": ""6487 River Rd"", ""apt"": """", ""city"": ""Portland"", ""state"": ""OR"", ""zip"": ""97201"", ""timezone"": ""America/Phoenix"", ""neighborhood"": ""Historic District"", ""latitude"": 38.5315}",Single,Professor,,,,,231,2022-01-16,2022-11-20,170,114,39.4,Former Smoker,Heavy,"Peanuts, Shellfish, None","Anxiety Disorder, Chronic Kidney Disease","Celecoxib, Duloxetine",None,"Diabetes, Asthma, Heart Disease",Arabic,Other,Active,3,EMR_Cerner
1870,Benjamin,Butler,2005-09-16,Non-Binary,A+,benjamin.butler@email.example.com,(374) 822-1857,Mary Wilson,(204) 912-5726,"{""line1"": ""6015 Elm St"", ""apt"": "", Apt 15"", ""city"": ""Washington"", ""state"": ""DC"", ""zip"": ""20001""}",Single,Unemployed,McDonald Corp,,,,228,01-01-2020,2022-06-21,182,86,26.0,Non-Smoker,Moderate,"Peanuts, Latex, Penicillin","Hypertension, Chronic Fatigue, Migraine",None,None,None,English,Hispanic or Latino,Active,2,EMR_Cerner
1871,Ezra,West,1975-01-22,Male,O+,ezra.west1@email.example.com,(735) 842-4939,N/A,(719) 617-9553,"{""line1"": ""7336 Elm St"", ""apt"": "", # 42"", ""city"": ""Tulsa"", ""state"": ""OK"", ""zip"": ""74101""}",Single,Plumber,,Kaiser Permanente,POL-462866,GRP-6303,235,2024-11-03,2026-03-14,181,94,28.7,Former Smoker,Occasional,"Shellfish, Peanuts, Dust","Migraine, Ulcerative Colitis, Psoriasis",Levothyroxine,None,"Hypertension, Asthma, Diabetes",English,Hispanic or Latino,Inactive,2,EMR_Cerner
1872,Kathleen,Gomez,2001-02-10,Female,B+,kathleen.gomez@email.example.com,(540) 737-5610,Maria Patel,(613) 617-9167,"{""line1"": ""7622 Sycamore Ave"", ""apt"": """", ""city"": ""Columbus"", ""state"": ""OH"", ""zip"": ""43201""}",Married,Software Developer,AAAAAAAAAAAAAAAAAAAAAAAAAAAAAAAAAAAAAAAAAAAAAAAAAAAAAAAAAAAAAAAAAAAAAAAAAAAAAAAAAAAAAAAAAAAAAAAAAAAAAAAAAAAAAAAAAAAAAAAAAAAAAAAAAAAAAAAAAAAAAAAAAAAAAAAAAAAAAAAAAAAAAAAAAAAAAAAAAAAAAAAAAAAAAAAAAAAAAAAA,Cigna HealthCare,POL-587874,GRP-3177,,2022-07-22,,157,88,35.7,Current Smoker,None,NSAIDs,Crohn's Disease,None,"Hemorrhoidectomy, Spinal fusion","Arthritis, Cancer",English,Hispanic or Latino,Active,,EMR_Cerner
1877,Jeremy,Nelson,1959-11-03,Male,A+,jeremy.nelson@email.example.com,(355) 444-1420,Kelly Green,(731) 240-1503,"{""line1"": ""4495 Pine St"", ""apt"": """", ""city"": ""Milwaukee"", ""state"": ""WI"", ""zip"": ""53201"", ""street_type"": ""Pl"", ""county"": ""Queens""}",Single,Veterinarian,Johnson Corp,Highmark,POL-355649,GRP-2929,480,2024-09-16,,174,72,23.8,Current Smoker,None,"None, Peanuts, Codeine","Osteoporosis, Hypertension","Atorvastatin, Omeprazole","Carpal tunnel release, Total hip replacement",None,English,caucasian,Active,19,EMR_Cerner
1879,Stephen,Foster,1986-12-12,Male,A+,stephen.foster@email.example.com,(713) 902-6601,Christopher Ward,(598) 937-6112,"{""line1"": ""5590 Cherry Ln"", ""apt"": """", ""city"": ""Houston"", ""state"": ""TX"", ""zip"": ""77001""}",Separated,Manager,Reed Corp,Harvard Pilgrim,POL-820525,GRP-5042,162,2023-05-31,2025-11-23,177,99,31.6,Non-Smoker,None,"Codeine, Sulfa, Penicillin",,None,Gastric bypass,Alzheimer's,English,White,Active,25,EMR_Cerner
1882,Samantha,Long,2000-05-31,Female,O+,samantha.long@email.example.com,(629) 583-8585,Sandra Price,(342) 956-8637,"{""line1"": ""8880 College Ave"", ""apt"": """", ""city"": ""Chicago"", ""state"": ""IL"", ""zip"": ""60601"", ""county"": ""Miami-Dade""}",Married,Retired,Freeman Corp,Tufts Health Plan,POL-268532,GRP-2156,163,2022-06-17,,168,78,27.6,Former Smoker,Moderate,"Peanuts, Latex",,Eliquis,None,Hypertension,English,White,Active,7,EMR_Cerner
1883,Shirley,White,1994-04-05,,A+,shirley.white@email.example.com,(660) 318-2566,Anna Sanders,(710) 203-6811,"{""line1"": ""780 Lincoln Blvd"", ""apt"": """", ""city"": ""Washington"", ""state"": ""DC"", ""zip"": ""20001"", ""country"": ""USA"", ""county"": ""Maricopa"", ""landmark"": ""Close to University"", ""street_type"": ""St"", ""longitude"": -78.7748}",Single,HR Specialist,Cole Corp,Cigna HealthCare,POL-244413,GRP-9511,432,2019-08-17,2023-02-19,159,92,36.4,Non-Smoker,Occasional,None,,Meloxicam,None,"Stroke, Cancer",English,White,Active,18,EMR_Cerner
1889,Elijah,Harrison,1996-03-21,Male,O+,elijah.harrison@email.example.com,(610) 991-7510,Albert Robinson,(431) 671-1220,"{""line1"": ""5191 Cherry Ln"", ""apt"": """", ""city"": ""Washington"", ""state"": ""DC"", ""zip"": ""20001"", ""longitude"": -75.8464, ""neighborhood"": ""West Side"", ""latitude"": 28.9214, ""timezone"": ""America/New_York""}",Divorced,Software Developer,Simmons Corp,Cigna HealthCare,POL-378922,GRP-5396,312,2025-03-17,2027-03-04,174,70,23.1,Non-Smoker,Occasional,"Pollen, Latex, Dust","Anemia, Osteoporosis","Metformin, Insulin glargine",None,None,Arabic,Hispanic or Latino,Active,22,EMR_Cerner
1891,,Johnson,1966-09-04,Female,O-,angela.johnson@email.example.com,(835) 201-5319,Carl Murphy,(717) 371-7294,"{""line1"": ""2942 Cherry Ln"", ""apt"": """", ""city"": ""Tampa"", ""state"": ""FL"", ""zip"": ""33601""}",Single,Chef,Fisher Corp,Tufts Health Plan,POL-380896,GRP-3526,356,2021-11-16,2023-04-19,150,64,28.4,Non-Smoker,Occasional,"Codeine, Dust, Peanuts",Ulcerative Colitis,Sertraline,"Tonsillectomy, Carpal tunnel release, Gastric bypass","Heart Disease, None, Stroke",Spanish,White,Active,5,EMR_Cerner
1907,Dennis,Baker,1980-07-09,Male,A+,dennis.baker1@email.example.com,(893) 705-5798,Brandon Nelson,(908) 433-1656,"{""line1"": ""5204 Third St"", ""apt"": """", ""city"": ""Boston"", ""state"": ""MA"", ""zip"": ""02101"", ""county"": ""San Diego"", ""latitude"": 33.8639, ""delivery_notes"": ""Deliver to reception"", ""country"": ""USA""}",Single,Engineer,Hayes Corp,Oscar Health,POL-143422,GRP-4587,245,2022-03-01,2023-04-12,164,80,29.7,Non-Smoker,None,"PENICILLIN, SULFA",,"Atorvastatin, Warfarin, Eliquis, Prednisone",None,None,English,White,Active,12,EMR_Cerner
1911,Terry,Foster,1985-10-16,Male,A+,terry.foster@email.example.com,(757) 956-9576,Kimberly Gray,(305) 251-5873,"{""line1"": ""1837 Forest Ave"", ""apt"": """", ""city"": ""Omaha"", ""state"": ""NE"", ""zip"": ""68101"", ""street_type"": ""Ln"", ""country"": ""USA"", ""county"": ""San Diego"", ""neighborhood"": ""Historic District"", ""longitude"": -118.0}",Single,Driver,Ross Corp,Atena,POL-653942,GRP-4007,450,2023-09-01,2027-03-26,173,88,29.4,Non-Smoker,Occasional,None,Fibromyalgia,Hydrochlorothiazide,Total knee replacement,"Arthritis, Hypertension, Stroke",English,Two or More Races,Active,29,EMR_Cerner
1916,William,West,1996-07-26,Male,A+,,(638) 895-1543,Victor Perry,(492) 912-5005,"{""line1"": ""8353 Cypress Dr"", ""apt"": "", Apt 46"", ""city"": ""Tampa"", ""state"": ""FL"", ""zip"": ""33601"", ""street_type"": ""Ave"", ""landmark"": ""Opposite Central Park"", ""latitude"": 37.9082, ""neighborhood"": ""Historic District""}",Single,HR Specialist,Murray Corp,Highmark,POL-960585,GRP-9566,147,2024-02-13,2026-07-27,151,114,50.0,Non-Smoker,None,"Shellfish, Latex, Sulfa",", ","Hydrochlorothiazide, Sertraline, Eliquis",None,Hypertension,English,White,Active,19,EMR_Cerner
1917,Logan,Russell,1992-08-25,F,O+,logan.russell@email.example.com,(599) 251-2072,Lily Ross,(652) 995-7052,"{""line1"": ""564 Hill St"", ""apt"": """", ""city"": ""Kansas City"", ""state"": ""MO"", ""zip"": ""64101"", ""longitude"": -88.5003, ""floor_number"": 2, ""county"": ""Sacramento"", ""neighborhood"": ""West Side""}",Married,Veterinarian,,Cigna HealthCare,POL-753517,GRP-6323,412,2019-11-11,2021-09-18,174,77,25.4,Never Assessed,None,"Dust, Pollen, Shellfish",,"Metformin, Metoprolol, Amlodipine",None,Alzheimer's,English,White,Active,2,EMR_Cerner
1919,Jacob,Morgan,1987-11-15,Male,O+,jacob.morgan@email.example.com,(359) 387-6045,Penelope Ellis,John Smith,"{""line1"": ""984 View Blvd"", ""apt"": """", ""city"": ""San Diego"", ""state"": ""CA"", ""zip"": ""92101"", ""county"": ""Harris"", ""latitude"": 41.2208}",Single,Engineer,Simmons Corp,Humana,POL-774840,GRP-5206,352,2020-09-26,2024-04-01,183,59,17.6,Non-Smoker,None,"None, Sulfa, Shellfish",Ulcerative Colitis,"Ibuprofen, Warfarin, Clopidogrel",None,"Cancer, Diabetes",ENGLISH,Asian,Active,24,EMR_Cerner
1930,George,Graham,2005-06-15,Male,A+,george.graham@email.example.com,(421) 660-6876,Katherine Castillo,(871) 432-1179,"{""line1"": ""9315 Monroe Dr"", ""apt"": """", ""city"": ""Tulsa"", ""state"": ""OK"", ""zip"": ""74101"", ""longitude"": -115.8122, ""county"": ""San Diego"", ""street_type"": ""Ln""}",Single,Data Analyst,,Cigna HealthCare,POL-684442,GRP-6200,431,2024-07-07,2025-04-10,187,87,24.9,Non-Smoker,Former,"Shellfish, Peanuts, None",,unknown,None,"Cancer, Stroke",Russian,Two or More Races,active,1,EMR_Cerner
1936,Donna,Johnson,1800-01-01,Female,O+,donna.johnson@email.example.com,(276) 919-7250,Virginia Patterson,(378) 936-8278,"{""line1"": ""8560 Main St"", ""apt"": """", ""city"": ""Nashville"", ""state"": ""TN"", ""zip"": ""37201"", ""country"": ""USA"", ""street_type"": ""Pl"", ""latitude"": 43.1461}",Divorced,UnemPloyed,Reyes Corp,Highmark,POL-883856,GRP-4433,67,2021-12-04,2022-01-31,156,78,32.1,Non-Smoker,Moderate,None,,Ibuprofen,C-section,Cancer,Cantonese,White,Active,12,EMR_Cerner
1943,Nicole,Ward,1998-11-19,Female,B-,nicole.ward@email.example.com,(679) 853-2728,Larry Reed,000-000-0000,"{""line1"": ""3023 First St"", ""apt"": """", ""city"": ""Indianapolis"", ""state"": ""IN"", ""zip"": ""46201"", ""latitude"": 30.1042, ""timezone"": ""America/Los_Angeles"", ""street_type"": ""Pl"", ""neighborhood"": ""East Side""}",Widowed,Teacher,Watson Corp,Health Net,POL-568575,GRP-8352,267,2024-08-28,2027-11-03,161,75,28.9,Current Smoker,Heavy,"Latex, Pollen, Penicillin",Osteoporosis,"Apixaban, Hydrochlorothiazide, Ibuprofen","Tonsillectomy, Carpal tunnel release",Diabetes,Mandarin,White,Active,10,EMR_Cerner
,Scott,,2002-01-29,Male,A+,scott.jenkins@email.example.com,(613) 887-2488,Aiden Jenkins,(977) 469-3893,"{""line1"": ""2931 Walnut Ave"", ""apt"": """", ""city"": ""New Orleans"", ""state"": ""LA"", ""zip"": ""70112"", ""longitude"": -115.3063, ""country"": ""USA""}",Single,Business Owner,Clark Corp,Cigna HealthCare,POL-823660,GRP-1641,302,2022-09-09,2025-09-09,169,70,24.5,Never Assessed,Occasional,"Peanuts, Codeine","Hypothyroidism, Anemia","Albuterol, Furosemide, Loratadine",None,"Diabetes, Asthma",English,White,Inactive,13,EMR_Cerner
1948,Ethan,Carter,2002-10-27,Male,A+,not-an-email,(383) 697-6907,Chloe Adams,(893) 290-1021,"{""line1"": ""2908 Cedar Ln"", ""apt"": "", Apt 24"", ""city"": ""Miami"", ""state"": ""FL"", ""zip"": ""33101"", ""county"": ""Cook"", ""street_type"": ""Way"", ""timezone"": ""America/New_York""}",Married,Firefighter,Powell Corp,CareFirst,POL-133596,GRP-2897,209,2019-02-26,2021-03-26,184,70,150,Former Smoker,Occasional,"Codeine, None","Type 2 Diabetes, Hypertension, Ulcerative Colitis","Warfarin, Hydrochlorothiazide, Omeprazole",Thyroidectomy,"Asthma, Hypertension",English,White,Active,22,EMR_Cerner
1952,Caleb,Murray,1994-01-26,Male,B+,caleb.murray@email.example.com,(475) 838-8370,Bruce Cruz,(245) 846-7985,"{""line1"": ""1735 Hamilton Ct"", ""apt"": """", ""city"": ""Kansas City"", ""state"": ""MO"", ""zip"": ""64101""}",Married,Administrative Assistant,Ford Corp,Bright Health,POL-ABC,GRP-1647,383,2025-02-06,2027-09-09,171,62,21.2,Non-Smoker,Moderate,Penicillin,Irritable Bowel Syndrome,"Omeprazole, Albuterol, Cetirizine, Losartan",Vasectomy,None,English,White,Active,2,EMR_Cerner
1956,,Evans,1978-10-14,Male,A-,carl.evans@email.example.com,(265) 788-4042,Barbara Scott,(583) 372-7323,"{""line1"": ""3154 Sunset Dr"", ""apt"": """", ""city"": ""Minneapolis"", ""state"": ""MN"", ""zip"": ""55401""}",Married,Mechanic,Brown Corp,Centene,POL-340973,GRP-4243,474,2024-02-14,2027-03-25,177,85,27.1,Former Smoker,None,"NSAIDs, Penicillin, Dust","Anxiety Disorder, Congestive Heart Failure, Osteoporosis, Fibromyalgia","Sertraline, Aspirin","Appendectomy 2018, Cholecystectomy 2020","Hypertension, Asthma, Diabetes",Mandarin,Two or More Races,Inactive,7,EMR_Cerner
1959,Samantha,McDonald,2005-10-05,Female,AB+,samantha.mcdonald@email.example.com,(884) 491-9913,Jacqueline Ellis,(492) 760-8828,"{""line1"": ""4750 Magnolia Way"", ""apt"": """", ""city"": ""Cleveland"", ""state"": ""OH"", ""zip"": ""44101""}",Married,Architect,Thomas Corp,Harvard Pilgrim,POL-258399,GRP-8446,448,2024-03-16,2025-08-05,177,65,20.7,Former Smoker,Moderate,"Dust, Codeine",,"Insulin glargine, Omeprazole, Gabapentin, Aspirin","Angioplasty with stent, Laminectomy","Asthma, Diabetes, Stroke",English,White,Active,6,EMR_Cerner
1966,Daniel,Murphy,1950-12-23,Male,O+,daniel.murphy@email.example.com,(632) 800-4935,Carolyn Cox,(619) 348-9026,"{""line1"": ""6284 Franklin Blvd"", ""apt"": "", Apt 27"", ""city"": ""Indianapolis"", ""state"": ""IN"", ""zip"": ""46201""}",Single,Physical Therapist,White Corp,Oscar Health,POL-977342,GRP-1186,192,2018-01-02,2020-07-06,174,0,25.1,Current Smoker,None,"Sulfa, NSAIDs, Pollen","Coronary Artery Disease, Anemia, Atrial Fibrillation",Furosemide,None,None,English,Black or African American,Inactive,22,EMR_Cerner
1978,Amanda,Cooper,1985-06-17,Female,O+,amanda.cooper@email.example.com,(738) 223-2171,Gregory Murray,(722) 789-6043,"{""line1"": ""4491 Monroe Dr"", ""apt"": """", ""city"": ""Los Angeles"", ""state"": ""CA"", ""zip"": ""90001""}",Married,Firefighter,AAAAAAAAAAAAAAAAAAAAAAAAAAAAAAAAAAAAAAAAAAAAAAAAAAAAAAAAAAAAAAAAAAAAAAAAAAAAAAAAAAAAAAAAAAAAAAAAAAAAAAAAAAAAAAAAAAAAAAAAAAAAAAAAAAAAAAAAAAAAAAAAAAAAAAAAAAAAAAAAAAAAAAAAAAAAAAAAAAAAAAAAAAAAAAAAAAAAAAAA,Oscar Health,POL-580917,GRP-5886,240,2022-08-31,,169,82,28.7,Non-Smoker,,"Codeine, Shellfish","COPD, Congestive Heart Failure",None,Angioplasty with stent,"Arthritis, Heart Disease",English,White,Active,14,EMR_Cerner
1979,Aria,Sanders,2003-07-18,Female,O+,aria.sanders@email.example.com,(394) 413-3324,Kenneth Jimenez,(350) 649-7837,"{""line1"": ""1065 Sixth Ave"", ""apt"": """", ""city"": ""Washington"", ""state"": ""DC"", ""zip"": ""20001"", ""country"": ""USA"", ""latitude"": 29.4864}",Married,Social Worker,Phillips Corp,Kaiser Permanente,POL-723162,GRP-4863,343,2021-04-02,2023-10-08,161,96,37.0,Non-Smoker,Sometimes,Codeine,Chronic Fatigue,None,Thyroidectomy,Diabetes,Vietnamese,White,Active,5,EMR_Cerner
1980,Isaac,Taylor,1950-07-03,Male,A+,isaac.taylor@email.example.com,abc-def-ghij,Skylar Washington,(718) 398-3644,"{""line1"": ""5595 Forest Ave"", ""apt"": """", ""city"": ""Houston"", ""state"": ""TX"", ""zip"": ""77001"", ""neighborhood"": ""Southside"", ""longitude"": -121.6599}",Married,Data Analyst,Sanchez Corp,MetLife,POL-941064,GRP-9642,75,2025-10-18,2028-09-04,173,74,24.7,,Moderate,"Penicillin, Sulfa, Latex",Hypertension,"Furosemide, Jardiance, Amlodipine, Warfarin",Appendectomy,"Hypertension, Cancer",Spanish,White,Inactive,10,EMR_Cerner
1982,Carolyn,Wright,1992-07-04,Female,O-,carolyn.wright@email.example.com,(574) 538-1725,Camila Evans,(231) 454-6718,"{""line1"": ""7762 Cherry Ln"", ""apt"": """", ""city"": ""Tucson"", ""state"": ""AZ"", ""zip"": ""85701""}",Single,Project Manager,Cruz Corp,Cigna,POL-297244,GRP-5221,224,2018-05-04,2021-12-01,9999,63,22.6,Non-Smoker,Occasional,None,"Asthma, Type 2 Diabetes",None,None,"DM, HTN, CAD",English,White,Active,7,EMR_Cerner
1990,Scarlett,GIBSON,1997-10-23,Female,O+,scarlett.gibson@email.example.com,(967) 407-1677,Jasper Foster,(520) 731-8784,"{""line1"": ""2336 Walnut Ave"", ""apt"": """", ""city"": ""Phoenix"", ""state"": ""AZ"", ""zip"": ""85001"", ""neighborhood"": ""Midtown"", ""street_type"": ""Pl""}",Separated,Chef,Garcia Corp,Kaiser Permanente,POL-448247,GRP-7874,6,2018-03-29,2020-02-08,155,52,21.6,Never Assessed,Occasional,"Penicillin, Dust, NSAIDs","Irritable Bowel Syndrome, Anemia, Fibromyalgia",None,Gastric bypass,None,Spanish,Black or African American,Active,20,EMR_Cerner
1991,Chloe,,2000-05-29,Female,A+,chloe.cruz1@email.example.com,12345,Chloe Cooper,(214) 814-8278,"{""line1"": ""3101 Oak Ave"", ""apt"": "", Unit 28"", ""city"": ""Atlanta"", ""state"": ""GA"", ""zip"": ""30301"", ""country"": ""USA""}",Married,Teacher,Griffin Corp,Kaiser Permanente,POL-760188,GRP-7359,181,2018-12-17,2019-01-03,165,heavy,19.1,Never Assessed,Occasional,Peanuts,,"Omeprazole, Ozempic",None,"Heart Disease, Arthritis",Cantonese,White,Active,13,EMR_Cerner
1994,Lauren,Reed,2001-02-01,Female,O+,lauren.reed@email.example.com,(574) 371-5263,Margaret Flores,(919) 826-2766,"{""line1"": ""5278 Aspen Ct"", ""apt"": """", ""city"": ""Mesa"", ""state"": ""AZ"", ""zip"": ""85201"", ""latitude"": 39.0255, ""floor_number"": 18, ""country"": ""USA""}",Widowed,Military,Ramos Corp,Independence Blue Cross,POL-426912,GRP-1033,118,2023-10-14,2025-05-01,162,59,22.5,Non-Smoker,Moderate,Penicillin,"COPD, Sleep Apnea, Hypothyroidism","Hydrochlorothiazide, Metformin","Hemorrhoidectomy, Total knee replacement","None, Arthritis, Asthma",Spanglish,Black or African American,Inactive,20,EMR_Cerner
1995,Rebecca,Gonzalez,1972-03-05,,O-,rebecca.gonzalez@email.example.com,(849) 523-5359,Kevin Diaz,(699) 920-3984,"{""line1"": ""9480 Fourth Ave"", ""apt"": "", Unit 24"", ""city"": ""Atlanta"", ""state"": ""GA"", ""zip"": ""30301"", ""county"": ""Sacramento"", ""neighborhood"": ""West Side""}",Married,Military,Evans Corp,Cigna,POL-429937,GRP-4396,216,2022-07-19,2025-05-10,159,,21.4,Non-Smoker,2 beers/week,"Sulfa, Pollen",Chronic Kidney Disease,Tramadol,ACL reconstruction,"Alzheimer's, Cancer",Cantonese,Hispanic or Latino,Active,12,EMR_Cerner
1999,Heather,Morris,1993-04-15,Female,A+,heather.morris@email.example.com,(298) 292-7573,Kimberly Miller,(857) 300-3999,"{""line1"": ""9545 Hamilton Ct"", ""apt"": """", ""city"": ""El Paso"", ""state"": ""TX"", ""zip"": ""79901"", ""longitude"": -100.1174, ""neighborhood"": ""East Side"", ""street_type"": ""Ln""}",Married,Chef,Gray Corp,Tufts Health Plan,POL-753291,GRP-4554,238,2024-12-07,2028-10-23,165,99,36.4,Non-Smoker,None,"NSAIDs, Pollen, Dust","Psoriasis, GERD","Montelukast, Pantoprazole, Cyclobenzaprine",None,None,English,Hispanic or Latino,Active,15,EMR_Cerner
2002,Julian,Thomas,1998-09-16,Male,O+,julian.thomas@email.example.com,(632) 409-2432,Jonathan Freeman,(275) 226-6337,"{""line1"": ""4218 Jefferson Ave"", ""apt"": "", Apt 34"", ""city"": ""Dallas"", ""state"": ""TX"", ""zip"": ""75201"", ""landmark"": ""Near Hospital"", ""latitude"": 29.0304}",Married,Unemployed,Ellis Corp,Cigna HealthCare,POL-119573,GRP-2890,364,2020-04-01,2020-12-16,172,650,28.7,Current Smoker,None,,,Omeprazole,Laminectomy,None,Russian,White,Active,12,EMR_Cerner
,Gabriel,Nguyen,1980-05-21,Male,A-,gabriel.nguyen@email.example.com,(315) 576-7625,Maria Hill,(908) 782-9320,"{""line1"": ""577 Second Ave"", ""apt"": """", ""city"": ""Columbus"", ""state"": ""OH"", ""zip"": ""43201"", ""longitude"": -109.4589, ""landmark"": ""Near Hospital"", ""timezone"": ""America/New_York"", ""floor_number"": 37}",Divorced,Teacher,,CareFirst,POL-731469,GRP-2370,288,2024-03-14,2024-12-18,173,56,18.7,Non-Smoker,Moderate,"Sulfa, Penicillin, Peanuts",Depression,None,Thyroidectomy,"Diabetes, Arthritis, Stroke",English,,Active,15,EMR_Cerner
2014,Janet,Anderson,2001-11-21,Female,O+,janet.anderson@email.example.com,(357) 350-9214,Gabriel West,(740) 223-7019,"{""line1"": ""2698 Hill St"", ""apt"": "", Apt 23"", ""city"": ""Albuquerque"", ""state"": ""NM"", ""zip"": ""87101"", ""longitude"": -76.1528}",Married,Architect,,Independence Blue Cross,POL-623818,GRP-5994,471,2024-04-26,2026-02-03,149,115,51.8,Former Smoker,Moderate,None,"Atrial Fibrillation, Asthma","Celecoxib, Acetaminophen",None,Hypertension,English,,Active,7,EMR_Cerner
2015,Carl,Anderson,1976-11-03,Male,O-,carl.anderson1@email.example.com,(808) 583-1885,N/A,(812) 229-8317,"{""line1"": ""7583 Adams Way"", ""apt"": """", ""city"": ""Philadelphia"", ""state"": ""PA"", ""zip"": ""19101"", ""street_type"": ""Rd"", ""timezone"": ""America/Chicago""}",Married,Consultant,Ross Corp,,,,435,2019-11-11,2021-06-12,173,131,43.8,Current Smoker,None,None,Chronic Fatigue,None,"Vasectomy, Angioplasty with stent","Cancer, Hypertension",Cantonese,Hispanic or Latino,Active,25,EMR_Cerner
2017,steven,Butler,1985-06-24,Male,O+,steven.butler@email.example.com,(888) 316-2881,Avery Jenkins,(468) 459-4888,"{""line1"": ""3307 Lake Dr"", ""apt"": """", ""city"": ""Denver"", ""state"": ""CO"", ""zip"": ""80201"", ""floor_number"": 10, ""county"": ""Queens""}",Divorced,Pharmacist,Cox Corp,CareFirst,POL-511675,GRP-2222,418,2025-09-22,2025-12-04,173,68,22.7,never assessed,Moderate,"Pollen, Sulfa, Peanuts",,"Cyclobenzaprine, Pantoprazole",None,"Diabetes, Arthritis, Asthma",English,White,active,22,EMR_Cerner
2021,Terry,Reed,1992-08-13,Male,O+,terry.reed@email.example.com,(376) 350-2090,Janet Ramos,(720) 980-5115,"{""line1"": ""4285 Highland Ave"", ""apt"": """", ""city"": ""Raleigh"", ""state"": ""NC"", ""zip"": ""27601"", ""county"": ""San Diego"", ""delivery_notes"": ""Ring bell"", ""timezone"": ""America/Chicago""}",Divorced,Sales Representative,Taylor Corp,Centene,POL-296708,GRP-4462,37,2023-03-11,2025-06-22,184,0,25.1,Smoker,None,"Shellfish, Codeine, Peanuts",Asthma,"Jardiance, Apixaban, Tramadol, Cetirizine","Vasectomy, Gastric bypass",Stroke,Mandarin,White,Active,2,EMR_Cerner
2024,Kimberly,,1997-02-15,Female,O+,kimberly.cole@email.example.com,(510) 552-7491,Abigail Hughes,(887) 555-2053,"{""line1"": ""5841 Cherry Ln"", ""apt"": """", ""city"": ""Jacksonville"", ""state"": ""FL"", ""zip"": ""32201"", ""latitude"": 47.0249, ""country"": ""USA""}",Married,Real Estate Agent,Thompson Corp,Humana,POL-253437,GRP-3673,326,2021-07-22,2022-10-11,150,75,33.3,Non-Smoker,Moderate,"Sulfa, Dust, None",,None,None,Cancer,English,White,Active,16,EMR_Cerner
2026,Ethan,Simmons,2099-06-15,Male,AB+,ethan.simmons@email.example.com,(403) 481-9023,Chloe Freeman,(835) 752-6437,"{""line1"": ""6730 Park Blvd"", ""apt"": """", ""city"": ""Oakland"", ""state"": ""CA"", ""zip"": ""94601""}",Married,Project Manager,Evans Corp,,,,333,2020-04-09,,172,heavy,32.1,Non-Smoker,None,None,"Osteoporosis, Irritable Bowel Syndrome, Congestive Heart Failure","Fluticasone, Furosemide, Prednisone, Losartan","C-section, Cataract surgery","Stroke, Alzheimer's, Arthritis",English,Black or African American,Inactive,2,EMR_Cerner
2030,Willie,Campbell,1983-01-19,Male,A+,willie.campbell@email.example.com,(982) 261-8759,Evelyn Cooper,(773) 885-6591,"{""line1"": ""739 Lake Dr"", ""apt"": """", ""city"": ""Raleigh"", ""state"": ""NC"", ""zip"": ""27601"", ""country"": ""USA"", ""longitude"": -110.5254}",Single,Bank Teller,,Centene,POL-715659,G1234,285,2019-04-01,2019-07-15,174,62,20.5,Never Assessed,None,"Peanuts, None",Crohn's Disease,!@#$%^&*(),None,Arthritis,Spanish,White,Active,17,EMR_Cerner
,Aiden,Harris,1957-10-02,Male,O+,aiden.harris@email.example.com,(519) 819-6650,Mateo Sanders,(470) 470-2393,"{""line1"": ""1713 Jefferson Ave"", ""apt"": """", ""city"": ""Portland"", ""state"": ""OR"", ""zip"": ""97201""}",Separated,Social Worker,Jenkins Corp,Bright Health,POL-588557,GRP-6264,150,2019-11-23,2022-07-15,180,108,33.3,Former Smoker,2 beers/week,"Latex, Dust, Peanuts","Anxiety Disorder, Anemia","Lisinopril, Levothyroxine, Losartan, Omeprazole",None,"Stroke, Arthritis",Mandarin,White,Active,5,EMR_Cerner
2038,Eric,Perry,1970-12-06,Male,,eric.perry@email.example.com,(381) 773-1572,Harrison Stewart,(483) 496-2333,"{""line1"": ""1181 Maple Dr"", ""apt"": """", ""city"": ""Albuquerque"", ""state"": ""NM"", ""zip"": ""87101"", ""street_type"": ""St""}",Separated,Engineer,,Aetna,POL-156895,GRP-5646,265,2023-03-01,,179,86,26.8,,Moderate,None,,Amlodipine,None,None,English,White,Active,21,EMR_Cerner
2047,Penelope,Adams,1987-12-15,Female,O+,penelope.adams@email.example.com,(646) 889-6791,Madelyn Long,(850) 635-5393,"{""line1"": ""5408 Forest Ave"", ""apt"": """", ""city"": ""Philadelphia"", ""state"": ""PA"", ""zip"": ""19101"", ""longitude"": -88.8209, ""country"": ""USA"", ""floor_number"": 45}",Married,,Hicks Corp,Independence Blue Cross,POL-441004,GRP-2886,481,2022-09-18,2025-11-10,169,106,37.1,Non-Smoker,Moderate,None,"Congestive Heart Failure, Chronic Kidney Disease, Anemia, Fibromyalgia","Bupropion, Furosemide",None,Arthritis,Spanish,Other,Active,2,EMR_Cerner
2048,Randy,Jones,1800-01-01,Male,O-,randy.jones@email.example.com,(694) 512-3699,Amanda Gomez,(290) 501-8379,"{""line1"": ""123 Main St""}",Single,Business Owner,Reyes Corp,,,,288,2020-12-12,2021-11-22,164,74,27.5,Never Assessed,Heavy,None,"Depression, Psoriasis","Pantoprazole, Fluticasone",Thyroidectomy,"Diabetes, Stroke, Alzheimer's",English,White,Inactive,15,EMR_Cerner
2049,Jennifer,Moore,2005-01-30,Female,A-,jennifer.moore@email.example.com,(740) 340-2213,Terry Allen,(856) 669-7121,"{""line1"": ""2868 Union Ave"", ""apt"": "", Apt 2"", ""city"": ""Austin"", ""state"": ""TX"", ""zip"": ""73301"", ""latitude"": 32.7412, ""street_type"": ""Ave""}",Widowed,Firefighter,Rivera Corp,Oscar Health,POL-198136,GRP-4835,158,2023-06-05,1900-01-01,156,57,23.4,Non-Smoker,Moderate,Sulfa,,"Ibuprofen, Sertraline, Jardiance, Metformin",None,"Diabetes, Alzheimer's",English,White,Inactive,20,EMR_Cerner
2053,Mateo,Ramos,1995-05-26,Male,O+,mateo.ramos1@email.example.com,(537) 903-9841,Samantha Hernandez,(989) 254-7586,"{""line1"": ""8149 Cypress Dr"", ""apt"": "", # 21"", ""city"": ""Milwaukee"", ""state"": ""WI"", ""zip"": ""53201"", ""longitude"": -106.1022, ""county"": ""Harris"", ""street_type"": ""Pl""}",Married,Chef,Davis Corp,Aetna,POL-682530,GRP-2280,135,2022-01-12,2025-04-27,180,85,26.2,Non-Smoker,Occasional,"Peanuts, Sulfa",,Loratadine,"Carpal tunnel release, Tonsillectomy, Spinal fusion",None,Vietnamese,White,Inactive,25,EMR_Cerner
2055,Patricia,Taylor,1955-12-07,Female,A-,patricia.taylor@email.example.com,(333) 987-5767,Helen Jones,,"{""line1"": ""6542 Church St"", ""apt"": """", ""city"": ""Louisville"", ""state"": ""KY"", ""zip"": ""40201"", ""country"": ""USA""}",Divorced,Project Manager,Morgan Corp,Geisinger,POL-664515,GRP-2652,300,2025-05-09,2025-08-04,166,84,30.5,Non-Smoker,Occasional,None,"Crohn's Disease, Eczema, Rheumatoid Arthritis","Aspirin, Levothyroxine",C-section,"Arthritis, Cancer, Heart Disease",Arabic,Hispanic or Latino,Active,20,EMR_Cerner
2061,Aria,Griffin,1978-01-17,Female,A+,aria.griffin@email.example.com,(453) 241-5482,Camila Gray,(242) 605-2007,"{""line1"": ""1077 Spring St"", ""apt"": "", # 30"", ""city"": ""Long Beach"", ""state"": ""CA"", ""zip"": ""90801"", ""country"": ""USA""}",Single,Nurse,Rodriguez Corp,Geisinger,POL-800689,GRP-2722,479,2021-06-17,2021-09-24,163,81,30.5,Non-Smoker,Heavy,None,N/A,"Prednisone, Meloxicam, Atorvastatin, Furosemide",None,"Hypertension, Stroke",English,White,Inactive,15,EMR_Cerner
2063,Catherine,Morris,1968-01-07,Female,O+,catherine.morris@email.example.com,(516) 819-8391,Benjamin Perry,(423) 759-8400,"{""line1"": ""123 Main St"", ""latitude"": 34.02}",Married,Driver,,Bright Health,POL-939358,GRP-7087,25,2022-08-06,2025-06-18,161,55,21.2,Former Smoker,Moderate,"Penicillin, None, Peanuts",Sleep Apnea,Insulin glargine,Hysterectomy,Alzheimer's,Korean,White,Active,12,EMR_Cerner
2067,Brian,Flores,2000-10-18,Male,O+,brian.flores@email.example.com,(346) 207-7983,Rachel Carter,(874) 902-8464,"{""line1"": ""6568 Magnolia Way"", ""apt"": """", ""city"": ""Sacramento"", ""state"": ""CA"", ""zip"": ""94201"", ""landmark"": ""Behind Metro Station"", ""county"": ""Orange""}",Single,Chef,,Centene,POL-823952,GRP-5551,190,2025-13-01,2022-03-20,194,78,20.7,,Heavy,"None, NSAIDs, Penicillin",,Apixaban,None,None,English,White,Active,9,EMR_Cerner
2068,Rebecca,Gonzalez,1969-09-10,Female,O+,rebecca.gonzalez1@email.example.com,(857) 222-8491,Raymond Edwards,(295) 277-7141,"{""line1"": ""7916 Poplar St"", ""apt"": """", ""city"": ""New Orleans"", ""state"": ""LA"", ""zip"": ""70112"", ""latitude"": 38.9699, ""county"": ""King"", ""country"": ""USA"", ""landmark"": ""Near City Hall""}",Married,---,Woods Corp,Kaiser Permanente,POL-636830,GRP-2177,328,2022-03-18,2022-06-02,172,95,32.1,Current Smoker,None,None,,Eliquis,Tonsillectomy,"Alzheimer's, Diabetes",English,White,Active,24,EMR_Cerner
2069,Linda,Fisher,1974-03-27,Mle,O+,linda.fisher@email.example.com,,Zachary Powell,(747) 293-3656,"{""line1"": ""3296 Ash Ct"", ""apt"": """", ""city"": ""Sacramento"", ""state"": ""CA"", ""zip"": ""94201""}",Single,HR Specialist,Owens Corp,Harvard Pilgrim,POL-336441,GRP-6751,204,2022-08-19,2026-01-12,162,63,24.0,Non-Smoker,Occasional,None,"Asthma, Migraine, Fibromyalgia",None,None,None,Spanish,White,Inactive,16,EMR_Cerner
2071,naomi,Morgan,1976-10-06,Female,A+,naomi.morgan@email.example.com,(270) 966-9927,Virginia Bryant,(615) 273-2880,"{""line1"": ""6987 Pine St"", ""apt"": "", Suite 14"", ""city"": ""San Antonio"", ""state"": ""TX"", ""zip"": ""78201"", ""latitude"": 31.8232, ""landmark"": ""Near Hospital"", ""street_type"": ""Ave"", ""longitude"": -73.3903, ""delivery_notes"": ""Leave at door""}",Single,Software Developer,Wilson Corp,Tufts Health Plan,POL-737915,GRP-1150,382,2018-03-02,2021-04-19,156,68,27.9,Non-Smoker,None,"NSAIDs, None, Codeine",Eczema,None,None,"Cancer, Asthma, Alzheimer's",English,Hispanic or Latino,Active,12,EMR_Cerner
2073,William,Sanders,1988-01-09,Male,A+,william.sanders@email.example.com,(643) 210-3735,Samuel Cruz,(728) 485-8786,"{""line1"": ""3706 Poplar St"", ""apt"": """", ""city"": ""Jacksonville"", ""state"": ""FL"", ""zip"": ""32201"", ""timezone"": ""America/Los_Angeles""}",Divorced,Artist,Butler Corp,Geisinger,POL-244725,GRP-7579,399,2018-10-12,2022-08-04,191,76,20.8,Former Smoker,Former,"Peanuts, NSAIDs","Congestive Heart Failure, Migraine, Hyperlipidemia, Anemia","Omeprazole, Losartan, Metformin","Appendectomy 2018, Cholecystectomy 2020","Cancer, Asthma",English,White,Active,1,EMR_Cerner
2074,William,Jenkins,1982-02-14,Male,O-,william.jenkins@email.example.com,(608) 314-9870,Lincoln Green,(294) 694-9208,"{""line1"": ""5630 Center St"", ""apt"": """", ""city"": ""Chicago"", ""state"": ""IL"", ""zip"": ""60601"", ""landmark"": ""Opposite Central Park""}",,Retired,,CareFirst,POL-587033,GRP-9656,460,2025-11-17,2028-02-01,178,74,23.4,Former Smoker,None,"Peanuts, Pollen","GERD, Psoriasis","Clopidogrel, Fluticasone",None,None,Mandarin,caucasian,Active,15,EMR_Cerner
2081,Richard,Long,1977-08-24,Male,A+,richard.long@email.example.com,(689) 798-8154,Dorothy Carter,(731) 436-9781,"{""line1"": ""6151 Poplar St"", ""apt"": "", # 6"", ""city"": ""Baltimore"", ""state"": ""MD"", ""zip"": ""21201""}",Married,Manager,Long Corp,Aetna,POL-393609,GRP-6190,345,2024-07-18,,175,113,36.9,Non-Smoker,None,"Shellfish, Penicillin, Peanuts","Hypothyroidism, Ulcerative Colitis",None,"Total hip replacement, Total knee replacement, Rotator cuff repair",Hypertension,Korean,Asian,Active,21,EMR_Cerner
2087,Lauren,Ward,1995-07-17,Female,o+,lauren.ward@email.example.com,(392) 917-3280,Christina Kelly,(516) 392-1913,"{""line1"": ""691 Hamilton Ct"", ""apt"": """", ""city"": ""Tulsa"", ""state"": ""OK"", ""zip"": ""74101"", ""longitude"": -93.8531, ""latitude"": 25.3507, ""street_type"": ""Rd"", ""country"": ""USA"", ""county"": ""Orange""}",Single,Nurse,Ellis Corp,,,,130,2018-08-10,2022-08-22,154,66,27.8,Never Assessed,Occasional,"Pollen, Penicillin, Sulfa","Ulcerative Colitis, Depression",Lisinopril,"Mastectomy, C-section","Alzheimer's, Asthma, Hypertension",English,White,Active,18,EMR_Cerner
2088,Randy,Freeman,1994-06-08,Male,O+,randy.freeman@email.example.com,(855) 939-6823,Terry Thomas,(322) 609-2382,,Divorced,Police Officer,,,,,159,2022-12-01,2026-01-29,173,76,25.4,Non-Smoker,Occasional,"Penicillin, Shellfish, Peanuts","Hypothyroidism, Atrial Fibrillation",Acetaminophen,Gastric bypass,"Stroke, Asthma, Alzheimer's",Mandarin,Black or African American,Active,15,EMR_Cerner
2092,Mary,Woods,1960-01-02,Female,A+,mary.woods@email.example.com,(411) 720-4141,Pamela Kelly,(684) 378-5907,"{""line1"": ""8777 Church St"", ""apt"": "", # 26"", ""city"": ""Miami"", ""state"": ""FL"", ""zip"": ""33101"", ""timezone"": ""America/Los_Angeles"", ""landmark"": ""Behind Metro Station"", ""country"": ""USA""}",Separated,Firefighter,Mitchell Corp,Blue Cross Blue Shield,POL-983898,GRP-4853,,2020-10-01,2023-10-10,154,68,28.7,Non-Smoker,Moderate,"Pollen, Peanuts, NSAIDs",Eczema,None,"Colectomy, Tonsillectomy","Asthma, None, Alzheimer's",Korean,White,Inactive,,EMR_Cerner
2100,Jack,Cole,2002-06-28,Male,A+,jack.cole@email.example.com,(665) 490-4969,Deborah Diaz,(278) 322-5628,"{""line1"": ""4126 View Blvd"", ""apt"": """", ""city"": ""Houston"", ""state"": ""TX"", ""zip"": ""77001"", ""county"": ""Maricopa""}",Married,Architect,Jordan Corp,Blue Cross,POL-428189,GRP-3601,290,2018-04-01,2021-03-03,194,84,22.3,Smoker,Moderate,Pollen,Congestive Heart Failure,Furosemide,None,"Arthritis, Diabetes",English,White,Active,2,EMR_Cerner
2105,Tyler,Jordan,1980-03-04,Male,O+,tyler.jordan@email.example.com,,Donna Sanders,(206) 333-9009,"{""line1"": ""596 Pine St"", ""apt"": """", ""city"": ""Charlotte"", ""state"": ""NC"", ""zip"": ""28201"", ""latitude"": 33.8396}",Married,Administrative Assistant,Tucker Corp,Tufts Health Plan,POL-371042,GRP-6807,229,2025-12-24,2026-06-14,171,87,29.8,Former Smoker,Occasional,"Codeine, Pollen, NSAIDs","Osteoporosis, GERD",None,None,None,English,Asian,Active,7,EMR_Cerner
2115,Edward,Perry,2001-04-24,Male,B+,edward.perry@email.example.com,(680) 811-3092,Gary Patterson,(438) 269-7342,"{""line1"": ""4970 Adams Way"", ""apt"": """", ""city"": ""Houston"", ""state"": ""TX"", ""zip"": ""77001""}",Separated,Administrative Assistant,,Bright Health,POL-882181,GRP-6865,219,2019-03-13,2019-05-27,164,,41.3,Non-Smoker,Heavy,"NSAIDs, Pollen, Shellfish",Fibromyalgia,"Gabapentin, Insulin glargine",None,"None, Stroke",English,Other,Active,22,EMR_Cerner
2122,Aria,Long,1984-05-28,Female,O-,aria.long@email.example.com,(278) 837-9349,Amy Rogers,(662) 826-4593,"{""line1"": ""3952 First St"", ""apt"": """", ""city"": ""Tampa"", ""state"": ""FL"", ""zip"": ""33601"", ""landmark"": ""Near Hospital"", ""county"": ""Maricopa"", ""street_type"": ""St""}",Married,Insurance Agent,Reed Corp,Molina Healthcare,POL-424067,GRP-7215,22,2025-01-14,,160,54,normal,Current Smoker,Occasional,"Pollen, Codeine, Latex",,"Metformin, Losartan, Metoprolol","C-section, Cataract surgery",,English,White,Inactive,17,EMR_Cerner
2126,Isaac,Collins,2000-12-16,Male,AB,isaac.collins@email.example.com,(269) 414-9952,Brenda Hughes,(413) 500-1788,"{""line1"": ""123 Main St"", ""street_type"": ""Rd"", ""longitude"": -121.7339}",Divorced,Logistics Coordinator,,Molina Healthcare,POL-155408,GRP-6970,471,2022-12-08,2025-10-07,173,96,32.1,Former Smoker,Moderate,"Shellfish, Codeine, Dust",,None,Hernia repair,,Tagalog,Hispanic or Latino,Active,7,EMR_Cerner
2127,Cynthia,Baker,2003-05-06,Female,B+,cynthia.baker@email.example.com,(593) 929-5057,Levi Graham,(651) 618-5446,"{""line1"": ""8621 Lake Dr"", ""apt"": "", Apt 32"", ""city"": ""San Francisco"", ""state"": ""CA"", ""zip"": ""94101"", ""timezone"": ""America/Phoenix"", ""street_type"": ""Blvd"", ""latitude"": 36.1681, ""longitude"": -113.5621}",Married,Chef,Richardson Corp,Health Net,POL-476712,GRP-5079,91,2020-05-28,2022-04-18,154,117,49.3,Non-Smoker,None,"Sulfa, NSAIDs","Hyperlipidemia, Osteoarthritis, Rheumatoid Arthritis",None,None,Arthritis,Vietnamese,caucasian,Deceased ,6,EMR_Cerner
2132,Paul,Kim,1990-12-18,Male,O+,paul.kim@email.example.com,(985) 582-4578,Catherine Perez,(473) 969-1216,"{""line1"": ""5483 Market St"", ""apt"": """", ""city"": ""El Paso"", ""state"": ""TX"", ""zip"": ""79901"", ""neighborhood"": ""East Side""}",Married,Retired,,Cigna,POL-573627,GRP-2853,457,2021-12-18,2022-01-06,178,100,31.6,Non-Smoker,Former,None,"Migraine, Type 2 Diabetes, Chronic Fatigue",None,"Tonsillectomy, Gastric bypass","Stroke, Diabetes, Alzheimer's",French,White,Active,6,EMR_Cerner
2143,Barbara,Hall,1986-02-22,Female,AB,barbara.hall@email.example.com,(321) 400-6082,Tyler Taylor,(826) 818-1310,"{""line1"": ""6990 Park Blvd"", ""apt"": """", ""city"": ""Sacramento"", ""state"": ""CA"", ""zip"": ""94201"", ""latitude"": 25.9373, ""country"": ""USA"", ""longitude"": -100.8275, ""street_type"": ""Dr"", ""delivery_notes"": ""Leave at door""}",Married,Accountant,Wood Corp,Blue Cross Blue Shield,POL-866687,GRP-8745,458,2022-12-24,2026-07-06,168,98,34.7,Non-Smoker,Occasional,"Pollen, NSAIDs, Shellfish",Hypothyroidism,"Acetaminophen, Lisinopril, Pantoprazole, Clopidogrel",Appendectomy,"Stroke, Arthritis, None",Korean,Asian,Inactive,25,EMR_Cerner
2145,Zachary,Flores,1973-08-19,Male,A+,zachary.flores@email.example.com,(772) 531-8586,Silas Torres,(932) 494-5396,"{""line1"": ""Unknown"", ""city"": ""Unknown"", ""state"": ""NA"", ""zip"": ""00000"", ""latitude"": 26.0264, ""timezone"": ""America/New_York"", ""county"": ""San Diego"", ""delivery_notes"": ""Deliver to reception""}",Married,Musician,N/A,Harvard Pilgrim,POL-622531,G1234,91,2019-07-13,2021-06-14,172,71,24.0,Current Smoker,Occasional,"None, Shellfish, NSAIDs",Irritable Bowel Syndrome,Atorvastatin,None,"Cancer, Heart Disease",Spanish,,Active,6,EMR_Cerner
2151,Rachel,Hall,1987-07-01,Female,A+,rachel.hall@email.example.com,(988) 437-7530,Roman Ramos,(694) 211-3415,"{""line1"": ""4504 Broadway"", ""apt"": """", ""city"": ""San Antonio"", ""state"": ""TX"", ""zip"": ""78201"", ""country"": ""USA""}",Divorced,Doctor,AAAAAAAAAAAAAAAAAAAAAAAAAAAAAAAAAAAAAAAAAAAAAAAAAAAAAAAAAAAAAAAAAAAAAAAAAAAAAAAAAAAAAAAAAAAAAAAAAAAAAAAAAAAAAAAAAAAAAAAAAAAAAAAAAAAAAAAAAAAAAAAAAAAAAAAAAAAAAAAAAAAAAAAAAAAAAAAAAAAAAAAAAAAAAAAAAAAAAAAA,Centene,POL-713792,,190,2020-06-02,2023-03-22,9999,76,32.0,Smoker,Occasional,"PENICILLIN, SULFA","Osteoporosis, Psoriasis","Sertraline, Amlodipine",Hysterectomy,"Asthma, Arthritis, Cancer",Spanish,caucasian,Active,9,EMR_Cerner
2155,Nicole,Cruz,2003-08-23,Female,A+,nicole.cruz1@email.example.com,(774) 837-2640,Caleb Webb,(760) 585-4601,"{""line1"": ""4487 Aspen Ct"", ""apt"": "", Apt 13"", ""city"": ""San Diego"", ""state"": ""CA"", ""zip"": ""92101"", ""street_type"": ""St"", ""neighborhood"": ""West Side""}",Widowed,Administrative Assistant,N/A,CareFirst,POL-951802,GRP-7059,,2022-01-01,,173,74,24.7,Non-Smoker,Occasional,"Sulfa, Shellfish, None",,Celecoxib,None,Arthritis,Spanish,Hispanic or Latino,,,EMR_Cerner
2156,Mark,Walker,1990-03-04,Male,A+,mark.walker@email.example.com,(542) 765-2062,Terry Price,(437) 361-5363,"{""line1"": ""4562 Poplar St"", ""apt"": """", ""city"": ""Atlanta"", ""state"": ""GA"", ""zip"": ""30301"", ""country"": ""USA"", ""timezone"": ""America/Chicago"", ""neighborhood"": ""East Side""}",Single,Bank Teller,Evans Corp,CareFirst,POL-368613,GRP-2738,268,2023-05-06,2025-07-04,189,83,23.2,Non-Smoker,Moderate,"NSAIDs, None, Sulfa","Congestive Heart Failure, Psoriasis, Crohn's Disease","Cyclobenzaprine, Pantoprazole, Tramadol, Metoprolol",None,"Diabetes, Stroke",English,Hispanic or Latino,Active,14,EMR_Cerner
2162,Deborah,Martin,1970-10-07,Female,A-,deborah.martin@email.example.com,(735) 608-4343,Amanda Murphy,(786) 794-6130,"{""line1"": ""9907 Union Ave"", ""apt"": "", Apt 42"", ""city"": ""Austin"", ""state"": ""TX"", ""zip"": ""73301"", ""timezone"": ""America/Phoenix"", ""county"": ""Sacramento""}",Married,Police Officer,Jackson Corp,Geisinger,POL-418970,GRP-7390,497,2020-11-06,2024-08-09,164,85,31.6,Non-Smoker,Moderate,"Shellfish, Dust, None",,None,None,None,Korean,White,active,21,EMR_Cerner
2176,Katherine,Lewis,1994-07-22,Female,O+,katherine.lewis@email.example.com,(476) 239-9831,Joyce Miller,(738) 409-7918,"{""line1"": ""2267 Spring St"", ""apt"": "", Suite 13"", ""city"": ""Los Angeles"", ""state"": ""CA"", ""zip"": ""90001"", ""timezone"": ""America/Los_Angeles"", ""landmark"": ""Adjacent to Library""}",Married,Pilot,Rodriguez Corp,Highmark,POL-992575,GRP-2152,427,2025-08-22,2027-09-11,166,99,35.9,Former Smoker,Moderate,"Latex, Codeine, Peanuts",Psoriasis,None,None,Cancer,English,White,Active,13,EMR_Cerner
2177,Walter,Jenkins,1996-07-31,Male,A+,walter.jenkins@email.example.com,(651) 665-8354,Dennis Lopez,(209) 437-8592,"{""line1"": ""743 Birch St"", ""apt"": "", Suite 13"", ""city"": ""Raleigh"", ""state"": ""NC"", ""zip"": ""27601"", ""latitude"": 43.619, ""street_type"": ""Blvd"", ""county"": ""Queens"", ""longitude"": -89.7985}",Married,Accountant,Myers Corp,Kaiser Permanente,POL-815347,GRP-2596,54,2019-08-27,,170,96,33.2,Current Smoker,Occasional,"Peanuts, Dust, Sulfa",,Albuterol,None,"Diabetes, Stroke",English,White,Active,23,EMR_Cerner
2178,Evelyn,Sanchez,2003-09-16,Female,A-,evelyn.sanchez@email.example.com,(581) 740-1007,David Morales,(566) 843-4447,"{""line1"": ""3975 Willow Dr"", ""apt"": """", ""city"": ""Sacramento"", ""state"": ""CA"", ""zip"": ""94201"", ""county"": ""Miami-Dade"", ""country"": ""USA"", ""timezone"": ""America/New_York""}",Married,UnemPloyed,,Geisinger,POL-609069,GRP-9279,178,2024-01-05,,152,88,38.1,Non-Smoker,Occasional,None,,"Duloxetine, Insulin glargine",Total knee replacement,"Stroke, Diabetes",Spanish,Hispanic or Latino,Active,13,EMR_Cerner
2184,Nora,Freeman,1979-02-25,Female,A+,nora.freeman@email.example.com,(904) 458-1081,Emma Morris,(367) 459-3998,"{""line1"": ""5945 Madison St"", ""apt"": """", ""city"": ""Austin"", ""state"": ""TX"", ""zip"": ""73301"", ""longitude"": -74.5418}",Separated,Dentist,Griffin Corp,UnitedHealthcare,POL-457438,GRP-7225,475,2022-08-25,,152,58,25.1,Former Smoker,Occasional,None,Chronic Kidney Disease,"Bupropion, Insulin glargine, Celecoxib, Ozempic",None,"Diabetes, Asthma",Spanish,Asian,Active,18,EMR_Cerner
2187,Nora,Carter,2004-04-19,Female,O+,nora.carter@email.example.com,(397) 768-4176,Carolyn Brown,(530) 440-8886,"{""line1"": ""7839 Forest Ave"", ""apt"": """", ""city"": ""Cleveland"", ""state"": ""OH"", ""zip"": ""44101""}",Separated,Architect,McDonald Corp,Humana,POL-686434,GRP-3122,335,2023-05-21,2024-04-09,169,40,14.0,Non-Smoker,Moderate,"Codeine, Pollen, Latex","Crohn's Disease, Osteoporosis, Coronary Artery Disease, COPD","Sertraline, Albuterol, Levothyroxine",None,Arthritis,English,White,Active,10,EMR_Cerner
2195,Ellie,Williams,not available,Female,AB,ellie.williams@email.example.com,(504) 218-6196,Kimberly Edwards,(381) 725-3450,"{""line1"": ""3753 Tenth Ave"", ""apt"": """", ""city"": ""El Paso"", ""state"": ""TX"", ""zip"": ""79901"", ""street_type"": ""Ct""}",Married,Flight Attendant,Johnson Corp,Blue Cross Blue Shield,POL-285712,GRP-6965,138,2019-08-14,2021-10-17,163,83,31.2,Non-Smoker,,"NSAIDs, Pollen","Irritable Bowel Syndrome, Fibromyalgia, Atrial Fibrillation",None,None,None,English,Asian,Active,4,EMR_Cerner
2199,Joyce,Ellis,1999-01-17,Female,A+,joyce.ellis@email.example.com,(601) 497-3935,Ellie Jones,(948) 814-7116,"{""line1"": ""1087 River Rd"", ""apt"": """", ""city"": ""El Paso"", ""state"": ""TX"", ""zip"": ""79901"", ""neighborhood"": ""Uptown""}",Married,Electrician,Marshall Corp,Cigna HealthCare,POL-799244,GRP-1031,361,2021-09-01,,156,45,18.5,Non-Smoker,Occasional,"Sulfa, Pollen, Shellfish",,"Duloxetine, Gabapentin, Losartan, Lisinopril",Gastric bypass,"Asthma, None, Hypertension",English,White,Active,24,EMR_Cerner
2206,Helen,UNKNOWN,,Female,A+,helen.wallace@email.example.com,(843) 279-8086,Harrison Bailey,(438) 441-5339,"{""line1"": ""1679 Sycamore Ave"", ""apt"": """", ""city"": ""Fresno"", ""state"": ""CA"", ""zip"": ""93701"", ""timezone"": ""America/Los_Angeles""}",Divorced,Software Developer,Mitchell Corp,Humana,POL-617350,GRP-1207,12,2020-02-07,2021-07-24,153,89,38.0,Non-Smoker,None,"Shellfish, Peanuts, Codeine","Hypertension, Fibromyalgia","Loratadine, Insulin glargine",Hernia repair,,Cantonese,Black or African American,Active,12,EMR_Cerner
2212,Heather,UNKNOWN,1975-01-22,Female,O-,heather.owens@email.example.com,(986) 992-7661,Joseph Bennett,(694) 440-9338,"{""line1"": ""2082 Fourth Ave"", ""apt"": """", ""city"": ""Las Vegas"", ""state"": ""NV"", ""zip"": ""89101"", ""country"": ""USA""}",Single,Physical Therapist,,Kaiser Permanente,POL-873169,G1234,183,2018-01-14,2019-10-09,158,74,29.6,Non-Smoker,Occasional,"Shellfish, Dust, None",,"Fluticasone, Montelukast",Total hip replacement,"None, Cancer",Spanish,Black or African American,Active,20,EMR_Cerner
2215,Maxwell,McDonald,1950-03-15,Male,O-,maxwell.mcdonald@email.example.com,(667) 776-1807,Nicole Porter,(767) 266-2452,"{""line1"": ""Unknown"", ""city"": ""Unknown"", ""state"": ""NA"", ""zip"": ""00000"", ""street_type"": ""Ave""}",Separated,Chef,Young Corp,Kaiser Permanente,POL-314487,GRP-5522,176,2019-09-23,2020-12-27,156,100,41.1,Non-Smoker,None,None,,"Bupropion, Cyclobenzaprine, Eliquis, Ozempic",Carpal tunnel release,Heart Disease,English,White,Active,12,EMR_Cerner
2216,Anthony,Johnson,1978-12-06,Male,B+,anthony.johnson@email.example.com,(868) 668-4443,Larry Fisher,(413) 296-4138,"{""line1"": ""9922 Beechwood Ave"", ""apt"": """", ""city"": ""Boston"", ""state"": ""MA"", ""zip"": ""02101"", ""neighborhood"": ""West Side""}",Married,Plumber,N/A,Molina Healthcare,POL-135822,GRP-7016,56,2019-03-17,2021-03-16,181,56,17.1,Non-Smoker,Occasional,Pollen,,"Metformin, Warfarin, Atorvastatin, Levothyroxine","C-section, Coronary artery bypass grafting, Thyroidectomy","Diabetes, Heart Disease",English,Two or More Races,,21,EMR_Cerner
2220,Laura,Rodriguez,2001-07-25,Female,B+,laura.rodriguez@email.example.com,(664) 487-7490,Randy Simmons,(782) 624-4081,"{""line1"": ""7468 Oak Ave"", ""apt"": """", ""city"": ""Sacramento"", ""state"": ""CA"", ""zip"": ""94201"", ""longitude"": -89.0482, ""county"": ""Miami-Dade""}",Single,Software Developer,Sullivan Corp,,,,392,2020-07-07,2024-07-30,169,81,28.4,Former Smoker,Occasional,"Codeine, Pollen, Dust","Ulcerative Colitis, Rheumatoid Arthritis, Irritable Bowel Syndrome, Eczema","Metoprolol, Hydrochlorothiazide",Appendectomy,Arthritis,English,White,Active,1,EMR_Cerner
2222,Brian,Simmons,1972-05-07,Male,O-,brian.simmons@email.example.com,(883) 522-7582,Gregory Rodriguez,(358) 860-5874,"{""line1"": ""8410 Broadway"", ""apt"": """", ""city"": ""Miami"", ""state"": ""FL"", ""zip"": ""33101"", ""neighborhood"": ""East Side"", ""country"": ""USA"", ""delivery_notes"": ""Call upon arrival""}",married,Musician,Wallace Corp,Humana,POL-442589,GRP-4758,44,2020-01-26,2024-02-24,165,56,20.6,Non-Smoker,Moderate,"PENICILLIN, SULFA","Crohn's Disease, Chronic Fatigue, Type 2 Diabetes, Hyperlipidemia","Pantoprazole, Celecoxib, Prednisone","Carpal tunnel release, Meniscectomy",None,Cantonese,White,Active,1,EMR_Cerner
2227,Ryan,Walker,1987-01-09,Male,O+,ryan.walker@email.example.com,(524) 422-3451,Jasper Collins,(310) 830-8118,"{""line1"": ""9805 Spring St"", ""apt"": """", ""city"": ""Mesa"", ""state"": ""AZ"", ""zip"": ""85201"", ""timezone"": ""America/Chicago"", ""street_type"": ""Way"", ""latitude"": 30.9894}",Single,Consultant,Martin Corp,Centene,POL-854757,GRP-2283,245,2022-10-19,2023-11-18,179,87,27.2,Non-Smoker,Occasional,"Latex, Codeine, Shellfish",Coronary Artery Disease,"Hydrochlorothiazide, Metformin",None,Heart Disease,Spanish,White,Inactive,12,EMR_Cerner
2232,Patrick,Flores,1967-06-27,Male,O+,patrick.flores@email.example.com,(365) 664-3650,Jonathan Gonzales,(982) 483-6285,"{""line1"": ""9652 Birch St"", ""apt"": """", ""city"": ""Miami"", ""state"": ""FL"", ""zip"": ""33101"", ""landmark"": ""Behind Metro Station"", ""timezone"": ""America/Chicago""}",Married,Firefighter,Gutierrez Corp,Geisinger,POL-163092,GRP-2136,231,2020-03-01,2022-09-29,177,69,22.0,Non-Smoker,Occasional,"Dust, None, Codeine",Eczema,None,None,None,English,Hispanic or Latino,Active,3,EMR_Cerner
2233,Luna,HILL,1992-03-12,Female,A+,luna.hill@email.example.com,(974) 563-2285,Frank Rodriguez,(964) 523-7834,"{""line1"": ""8891 Walnut Ave"", ""apt"": "", # 10"", ""city"": ""Philadelphia"", ""state"": ""PA"", ""zip"": ""19101"", ""floor_number"": 11, ""longitude"": -85.7593, ""landmark"": ""Adjacent to Library""}",Divorced,Administrative Assistant,,Harvard Pilgrim,POL-774886,GRP-4255,52,2024-07-11,2026-08-21,179,98,30.6,Never Assessed,Occasional,"Shellfish, Codeine, NSAIDs",Congestive Heart Failure,"Aspirin, Pantoprazole",None,"None, Asthma",Spanglish,White,Active,22,EMR_Cerner
2246,Miles,Torres,1996-10-25,Male,O+,miles.torres@email.example.com,(594) 443-7692,Diane Myers,(840) 909-7591,"{""line1"": ""8634 Magnolia Way"", ""apt"": "", Apt 33"", ""city"": ""Baltimore"", ""state"": ""MD"", ""zip"": ""21201"", ""longitude"": -118.4297}",,Administrative Assistant,,Molina Healthcare,POL-375899,GRP-9775,471,2024-11-19,2025-06-08,159,84,33.2,Non-Smoker,None,Penicillin,"Asthma, Eczema","Insulin glargine, Warfarin",None,None,Spanish,White,Inactive,7,EMR_Cerner
2248,Micah,Ruiz,1997-07-08,Male,A+,micah.ruiz@email.example.com,(789) 396-5050,Dylan Griffin,(248) 785-8390,"{""line1"": ""450 Main St"", ""apt"": """", ""city"": ""New York"", ""state"": ""NY"", ""zip"": ""10001"", ""county"": ""Cook"", ""country"": ""USA""}",Separated,Administrative Assistant,,Aetna,POL-474022,GRP-8850,241,2020-05-20,2020-10-29,179,52,16.2,Never Assessed,Occasional,"Peanuts, Pollen, Dust","Crohn's Disease, Osteoporosis","Hydrochlorothiazide, Cetirizine, Levothyroxine, Furosemide",Hernia repair,Arthritis,English,White,Active,10,EMR_Cerner
2251,Catherine,Thomas,1980-06-22,Female,A+,catherine.thomas@email.example.com,(943) 825-1234,Avery Ortiz,(628) 489-8057,"{""line1"": ""2426 Hill St"", ""apt"": """", ""city"": ""Indianapolis"", ""state"": ""IN"", ""zip"": ""46201"", ""longitude"": -83.9527}",Married,Lawyer,Hernandez Corp,Geisinger,POL-969105,GRP-8509,429,2019-02-15,2019-03-10,170,80,27.7,Non-Smoker,Moderate,"Shellfish, Penicillin, Sulfa",,None,Hemorrhoidectomy,"Heart Disease, None, Diabetes",Tagalog,Hispanic or Latino,Active,2,EMR_Cerner
2253,Gregory,Price,1989-06-05,Male,B+,gregory.price@email.example.com,(895) 513-1875,Ashley Harris,(725) 816-6590,,Single,Retired,Scott Corp,CareFirst,POL-304334,GRP-8887,470,2023-10-22,2023-11-29,,,22.4,Non-Smoker,None,Sulfa,Crohn's Disease,None,"Mastectomy, Coronary artery bypass grafting, Rotator cuff repair","Hypertension, Alzheimer's",Korean,Two or More Races,Active,9,EMR_Cerner
2267,Levi,Bennett,1969-01-02,Male,A+,levi.bennett@email.example.com,12345,Amanda Cooper,(828) 863-6059,"{""line1"": ""315 Tenth Ave"", ""apt"": "", Unit 30"", ""city"": ""Chicago"", ""state"": ""IL"", ""zip"": ""60601""}",Single,Social Worker,,Centene,POL-136781,GRP-8047,453,2024-03-07,,199,,23.5,Non-Smoker,Moderate,None,"Osteoporosis, Type 2 Diabetes, Hypertension, GERD",None,None,"Hypertension, Asthma, Heart Disease",English,White,Active,17,EMR_Cerner
2281,Bobby,Wallace,2003-03-04,Male,O+,bobby.wallace@email.example.com,(816) 488-4797,Aria Simpson,(440) 549-1490,"{""line1"": ""9712 Madison St"", ""apt"": "", Apt 39"", ""city"": ""Los Angeles"", ""state"": ""CA"", ""zip"": ""90001""}",Married,Mechanic,,Tufts Health Plan,POL-370549,GRP-3649,365,2022-03-10,2024-03-11,171,106,36.3,Former Smoker,Occasional,"Latex, Pollen, Dust","Hypothyroidism, Coronary Artery Disease","Montelukast, Omeprazole",None,"Heart Disease, Hypertension",Spanish,Asian,Active,24,EMR_Cerner
2285,Peter,Wood,1985-10-20,Male,A+,peter.wood@email.example.com,(247) 765-7466,Carolyn Rogers,(856) 235-5658,"{""line1"": ""3756 Pine St"", ""apt"": """", ""city"": ""Raleigh"", ""state"": ""NC"", ""zip"": ""27601""}",Divorced,Police Officer,Jenkins Corp,,,,386,2024-08-09,2026-10-16,179,,23.7,Current Smoker,Occasional,None,Ulcerative Colitis,None,None,"Arthritis, Asthma, None",English,White,Active,23,EMR_Cerner
,Jackson,Parker,1995-10-04,,A+,jackson.parker@email.example.com,(608) 291-2471,Diane Tucker,(401) 652-9598,"{""line1"": ""2589 Eighth Ave"", ""apt"": """", ""city"": ""New Orleans"", ""state"": ""LA"", ""zip"": ""70112"", ""neighborhood"": ""Uptown""}",Divorced,Nurse,Campbell Corp,Anthem,POL-291964,GRP-9877,11,2023-05-25,2026-10-05,174,104,34.4,Non-Smoker,Occasional,Shellfish,Crohn's Disease,"Duloxetine, Montelukast",None,"Stroke, Cancer",English,caucasian,Active,2,EMR_Cerner
2288,Bruce,Smith,1980-01-15,Male,O-,bruce.smith@email.example.com,(350) 703-6126,Patricia Murphy,(534) 634-2363,"{""line1"": ""Unknown"", ""city"": ""Unknown"", ""state"": ""NA"", ""zip"": ""00000""}",Single,Writer,Fisher Corp,Atena,POL-257712,GRP-1504,386,2022-03-16,2025-09-22,190,99,27.4,Never Assessed,Occasional,"Codeine, NSAIDs, Latex",N/A,None,None,None,Mandarin,White,Active,23,EMR_Cerner
2289,Pamela,UNKNOWN,1967-10-15,Female,A-,,(439) 667-5292,Carolyn Ruiz,(639) 345-8245,"{""line1"": ""5356 Sunset Dr"", ""apt"": """", ""city"": ""Las Vegas"", ""state"": ""NV"", ""zip"": ""89101"", ""latitude"": 33.3483, ""street_type"": ""Ave"", ""neighborhood"": ""East Side"", ""timezone"": ""America/New_York""}",Married,,Edwards Corp,Anthem,POL-816809,GRP-7836,252,2018-02-23,2018-09-25,157,75,30.4,Non-Smoker,Occasional,"Peanuts, NSAIDs, Latex",N/A,Montelukast,Rotator cuff repair,"DM, HTN, CAD",Spanish,Asian,Active,4,EMR_Cerner
2291,Edward,Wallace,1958-08-23,Male,O-,user@.com,(422) 660-4194,Jack Martin,(894) 401-8541,"{""line1"": ""5154 Pleasant St"", ""apt"": """", ""city"": ""Austin"", ""state"": ""TX"", ""zip"": ""73301"", ""county"": ""Harris"", ""longitude"": -73.3933, ""neighborhood"": ""West Side""}",Married,Musician,Myers Corp,Independence Blue Cross,POL-585764,GRP-3008,112,2019-12-14,2020-06-11,166,84,30.5,Former Smoker,Occasional,"Shellfish, Latex, Peanuts","Chronic Fatigue, Anxiety Disorder, Hypertension",Duloxetine,"Hysterectomy, Hemorrhoidectomy",None,English,White,Inactive,13,EMR_Cerner
2296,Aurora,Hernandez,2000-04-11,Female,O-,user@.com,(334) 963-3524,Kathleen Young,(957) 507-6094,"{""line1"": ""8690 Ash Ct"", ""apt"": """", ""city"": ""Virginia Beach"", ""state"": ""VA"", ""zip"": ""23450"", ""county"": ""San Diego"", ""latitude"": 34.5031, ""neighborhood"": ""Suburbs"", ""floor_number"": 47}",Widowed,Professor,Brooks Corp,Highmark,POL-250625,G1234,191,2019-11-06,2020-09-16,172,99,33.5,Non-Smoker,Moderate,"Sulfa, NSAIDs, Codeine",Coronary Artery Disease,"Ibuprofen, Clopidogrel",None,"Cancer, Stroke",English,Asian,Deceased,25,EMR_Cerner
2298,Nora,Nelson,1955-01-08,Female,O-,nora.nelson@email.example.com,(480) 713-2608,Andrea Reynolds,(687) 600-3965,"{""line1"": ""9855 Pine St"", ""apt"": "", # 38"", ""city"": ""Oklahoma City"", ""state"": ""OK"", ""zip"": ""73101"", ""latitude"": 28.0196, ""street_type"": ""Ct""}",Single,Consultant,Diaz Corp,Independence Blue Cross,POL-437228,G1234,156,2020-12-02,2023-10-26,168,90,31.9,Non-Smoker,Moderate,"Sulfa, Shellfish, NSAIDs",Irritable Bowel Syndrome,"Meloxicam, Jardiance, Cetirizine, Clopidogrel",None,None,,White,Active,20,EMR_Cerner
2306,Wesley,Ramos,2004-01-25,Male,A+,wesley.ramos@email.example.com,(511) 520-1393,Zoey Washington,(207) 684-3543,"{""line1"": ""2262 Broadway"", ""apt"": """", ""city"": ""Washington"", ""state"": ""DC"", ""zip"": ""20001"", ""street_type"": ""Pl"", ""latitude"": 42.2575, ""delivery_notes"": ""Deliver to reception"", ""longitude"": -88.2851}",Married,Dental Hygienist,Cole Corp,,,,176,2024-07-20,2026-03-25,187,46,13.2,Former Smoker,Occasional,Latex,"Rheumatoid Arthritis, Anemia, Hyperlipidemia, Chronic Fatigue","Sertraline, Hydrochlorothiazide",Total knee replacement,"Diabetes, None, Hypertension",Mandarin,Hispanic or Latino,Inactive,12,EMR_Cerner
2314,Penelope,Ortiz,2003-08-17,Female,O-,penelope.ortiz@email.example.com,(824) 659-4382,Amy Collins,(501) 350-4737,"{""line1"": ""893 Cherry Ln"", ""apt"": """", ""city"": ""San Antonio"", ""state"": ""TX"", ""zip"": ""78201"", ""county"": ""Queens"", ""country"": ""USA"", ""neighborhood"": ""East Side""}",Married,Pharmacist,Miller Corp,Humana,POL-985893,GRP-9073,239,01-01-2020,,146,69,32.4,Current Smoker,Occasional,"Peanuts, Codeine, Pollen",Chronic Fatigue,"Fluticasone, Loratadine, Aspirin, Cyclobenzaprine",None,Arthritis,English,Asian,Deceased,12,EMR_Cerner
2316,Kimberly,Gonzalez,1966-09-09,Female,O+,kimberly.gonzalez@email.example.com,(335) 859-3789,Aurora Russell,(885) 351-1811,"{""line1"": ""6726 Lincoln Blvd"", ""apt"": """", ""city"": ""Fresno"", ""state"": ""CA"", ""zip"": ""93701"", ""street_type"": ""Cir""}",Married,Student,Allen Corp,Geisinger,POL-109453,GRP-3934,366,2019-10-23,2022-07-22,157,56,22.7,Former Smoker,None,Latex,,Omeprazole,None,"None, Diabetes, Asthma",Mandarin,White,Active,11,EMR_Cerner
2329,Anthony,Harrison,1974-07-16,Male,B-,anthony.harrison@email.example.com,(597) 436-6506,Timothy Brown,(364) 935-1102,"{""line1"": ""6418 Sycamore Ave"", ""apt"": """", ""city"": ""Omaha"", ""state"": ""NE"", ""zip"": ""68101"", ""timezone"": ""America/Chicago"", ""longitude"": -121.5075, ""country"": ""USA""}",Married,Veterinarian,Gibson Corp,Cigna,POL-866393,GRP-4954,393,2018-06-20,,168,68,24.1,Current Smoker,Former,"Pollen, Penicillin, Peanuts",Osteoarthritis,"Clopidogrel, Bupropion",ACL reconstruction,"Arthritis, Hypertension",French,,Active,17,EMR_Cerner
2331,Barbara,Wright,2001-06-03,Female,A+,barbara.wright@email.example.com,(837) 475-9830,Maria Wilson,(295) 862-6914,"{""line1"": ""1630 Tenth Ave"", ""apt"": """", ""city"": ""Milwaukee"", ""state"": ""WI"", ""zip"": ""53201"", ""timezone"": ""America/Phoenix"", ""longitude"": -86.2662, ""neighborhood"": ""Midtown""}",Married,---,Castillo Corp,Humana,POL-980314,GRP-9795,184,2022-04-18,2022-09-07,164,114,42.4,Non-Smoker,Occasional,"Codeine, Sulfa, Dust",Atrial Fibrillation,None,None,None,Tagalog,Hispanic or Latino,Active,22,EMR_Cerner
2332,Brian,Parker,1995-09-30,Male,O-,brian.parker@email.example.com,(705) 812-8504,Bruce Bryant,(721) 920-5332,"{""line1"": ""7038 Ninth St"", ""apt"": "", Suite 25"", ""city"": ""Colorado Springs"", ""state"": ""CO"", ""zip"": ""80901"", ""longitude"": -91.0518, ""country"": ""USA"", ""latitude"": 31.9554, ""landmark"": ""Next to Mall"", ""street_type"": ""Cir""}",Married,Writer,,Bright Health,,GRP-1639,386,2022-05-12,2026-03-20,182,87,26.3,,None,Peanuts,"Anxiety Disorder, Irritable Bowel Syndrome, Chronic Fatigue, Rheumatoid Arthritis","Celecoxib, Losartan",Rotator cuff repair,"Arthritis, None, Asthma",Spanish,White,Active,23,EMR_Cerner
2334,Brian,Green,1997-08-10,Male,O+,brian.green@email.example.com,(935) 717-2094,Heather Flores,(914) 426-4243,"{""line1"": ""5979 Maple Dr"", ""apt"": """", ""city"": ""Colorado Springs"", ""state"": ""CO"", ""zip"": ""80901"", ""longitude"": -73.8808, ""country"": ""USA"", ""neighborhood"": ""Historic District""}",Married,Teacher,,Cigna,POL-625470,GRP-9494,194,2021-02-15,2021-07-04,173,73,24.4,Former Smoker,Occasional,"None, Shellfish, Penicillin",,None,Hysterectomy,Asthma,English,White,Inactive,18,EMR_Cerner
2336,Layla,Miller,1999-05-01,Female,A+,layla.miller@email.example.com,abc-def-ghij,Jennifer Butler,(756) 203-5325,"{""line1"": ""4554 Hamilton Ct"", ""apt"": """", ""city"": ""Austin"", ""state"": ""TX"", ""zip"": ""73301"", ""latitude"": 34.6154, ""street_type"": ""Blvd"", ""county"": ""San Diego""}",Married,Graphic Designer,Myers Corp,Oscar Health,POL-662862,GRP-3623,339,2018-03-06,2019-12-30,158,64,25.6,,Occasional,"None, Sulfa",,"Clopidogrel, Furosemide, Cetirizine, Metformin",Colectomy,"Cancer, Heart Disease, Asthma",Spanish,Other,Active,9,EMR_Cerner
2341,Melissa,Rodriguez,1997-06-17,Female,A+,melissa.rodriguez@email.example.com,(874) 753-1988,Brian Roberts,(764) 623-4204,"{""line1"": ""9501 Oak Ave"", ""apt"": """", ""city"": ""Dallas"", ""state"": ""TX"", ""zip"": ""75201"", ""street_type"": ""Pl"", ""country"": ""USA"", ""latitude"": 27.0831, ""landmark"": ""Near City Hall""}",Married,Librarian,Powell Corp,Independence Blue Cross,POL-582636,GRP-3090,460,2020-06-06,2023-06-23,154,65,27.4,Non-Smoker,Moderate,"None, Codeine, Latex",,,None,"Arthritis, Asthma",Mandarin,White,Active,15,EMR_Cerner
2342,Janet,###,1981-07-21,Female,B+,janet.ramos@email.example.com,(279) 592-3912,Nancy Hill,(303) 734-6902,"{""line1"": ""9663 Hamilton Ct"", ""apt"": """", ""city"": ""Dallas"", ""state"": ""TX"", ""zip"": ""75201"", ""neighborhood"": ""Waterfront"", ""timezone"": ""America/Chicago"", ""landmark"": ""Opposite Central Park""}",Married,Chef,Wood Corp,Health Net,POL-740580,GRP-4148,154,2020-01-27,2021-01-26,162,107,40.8,Current Smoker,Moderate,"Pollen, None, Dust",Psoriasis,"Jardiance, Furosemide",None,"Cancer, Alzheimer's, None",Spanish,Hispanic or Latino,Active,17,EMR_Cerner
2343,avery,Gonzales,1988-12-25,Female,O+,avery.gonzales@email.example.com,(496) 311-8271,Patricia Brown,(330) 493-6852,"{""line1"": ""9801 Fifth St"", ""apt"": """", ""city"": ""San Antonio"", ""state"": ""TX"", ""zip"": ""78201"", ""country"": ""USA"", ""county"": ""Queens""}",Single,Accountant,Stevens Corp,MetLife,POL-385093,GRP-9520,400,2025-03-16,2026-05-25,168,74,26.2,Non-Smoker,Occasional,Codeine,Hypertension,"Aspirin, Omeprazole, Sertraline, Apixaban","Vasectomy, Hysterectomy","Arthritis, Heart Disease",Cantonese,Black or African American,Active,4,EMR_Cerner
2352,Emma,Porter,1982-08-30,Female,O+,emma.porter@email.example.com,(732) 319-5030,Samuel Miller,(814) 277-6269,"{""line1"": ""4722 Second Ave"", ""apt"": """", ""city"": ""Washington"", ""state"": ""DC"", ""zip"": ""20001""}",Married,Unemployed,Ward Corp,Kaiser Permanente,POL-396358,GRP-3863,99,2019-11-17,2021-04-22,156,82,33.7,Non-Smoker,None,Dust,"Depression, Hypertension",Albuterol,Thyroidectomy,Diabetes,Cantonese,Hispanic or Latino,Active,16,EMR_Cerner
,Virginia,Allen,2003-06-05,Female,O+,virginia.allen@email.example.com,(989) 690-3504,Aria Phillips,John Smith,"{""line1"": ""7686 Highland Ave"", ""apt"": """", ""city"": ""New Orleans"", ""state"": ""LA"", ""zip"": ""70112"", ""landmark"": ""Next to Mall""}",Married ,Mechanic,King Corp,Kaiser Permanente,POL-415769,GRP-4839,404,2023-12-25,2024-09-28,158,94,37.7,Non-Smoker,Occasional,None,Psoriasis,"Pantoprazole, Insulin glargine, Montelukast",None,None,French,White,Deceased ,4,EMR_Cerner
2358,Zachary,Davis,2005-07-03,Male,o+,zachary.davis@email.example.com,(778) 261-8918,Dorothy Freeman,(322) 646-6194,"{""line1"": ""1119 View Blvd"", ""apt"": "", # 27"", ""city"": ""Houston"", ""state"": ""TX"", ""zip"": ""77001"", ""county"": ""Sacramento"", ""floor_number"": 15, ""neighborhood"": ""Historic District""}",Married,Architect,Morgan Corp,Geisinger,POL-281978,GRP-1113,491,2020-09-20,2023-09-22,187,72,20.6,Never Assessed,Former,"Pollen, Codeine","Anxiety Disorder, Osteoporosis","Ibuprofen, Insulin glargine, Sertraline, Prednisone",None,Heart Disease,Arabic,Asian,Active,13,EMR_Cerner
2359,albert,Hughes,2001-10-16,Male,A+,albert.hughes1@email.example.com,(425) 491-4833,Russell Harrison,(262) 758-7314,"{""line1"": ""1314 Lincoln Blvd"", ""apt"": """", ""city"": ""Houston"", ""state"": ""TX"", ""zip"": ""77001"", ""street_type"": ""Blvd"", ""neighborhood"": ""Suburbs""}",Widowed,Writer,White Corp,Centene,POL-200939,GRP-4381,360,2024-11-20,2027-02-19,177,55,17.6,Non-Smoker,Moderate,None,"Crohn's Disease, Rheumatoid Arthritis","Meloxicam, Levothyroxine",None,None,English,White,Active,10,EMR_Cerner
2362,Raymond,Castillo,1995-08-14,Male,O+,raymond.castillo@email.example.com,abc-def-ghij,Frank Marshall,(275) 950-9399,"{""line1"": ""7352 Beechwood Ave"", ""apt"": "", # 1"", ""city"": ""New York"", ""state"": ""NY"", ""zip"": ""10001""}",Single,Engineer,Clark Corp,Geisinger,POL-499666,GRP-8780,479,2020-08-19,2021-10-17,159,85,33.6,Non-Smoker,Heavy,None,,"Spironolactone, Cetirizine, Prednisone, Levothyroxine",None,"Cancer, Asthma",Vietnamese,White,Active,15,EMR_Cerner
2369,Julian,Rivera,1963-08-23,Male,O+,julian.rivera@email.example.com,(368) 404-8814,Aurora McDonald,(605) 387-1452,"{""line1"": ""7566 Ash Ct"", ""apt"": """", ""city"": ""Las Vegas"", ""state"": ""NV"", ""zip"": ""89101"", ""country"": ""USA"", ""street_type"": ""Ave""}",Single,Construction Worker,Graham Corp,,,,246,2019-12-09,2021-04-02,164,92,34.2,Former Smoker,None,None,"Osteoarthritis, Depression",None,None,"Stroke, Asthma",English,White,Active,14,EMR_Cerner
2380,Scarlett,Ross,1971-09-23,Female,A-,scarlett.ross@email.example.com,(281) 473-9990,Susan Kim,(663) 654-3644,"{""line1"": ""636 Hamilton Ct"", ""apt"": "", Apt 5"", ""city"": ""Chicago"", ""state"": ""IL"", ""zip"": ""60601"", ""latitude"": 43.9056, ""timezone"": ""America/Los_Angeles""}",Divorced,Lawyer,Bennett Corp,,,,332,2024-03-26,2024-08-10,162,40,15.2,Never Assessed,Occasional,"Dust, Shellfish, None","Fibromyalgia, Type 2 Diabetes",None,"Rotator cuff repair, Hemorrhoidectomy",Diabetes,English,Black or African American,Active,13,EMR_Cerner
2383,Shirley,Phillips,1972-02-16,Non-Binary,O+,,(703) 200-1711,999-999-9999,(971) 779-8731,"{""line1"": ""6994 Forest Ave"", ""apt"": "", Suite 21"", ""city"": ""Fresno"", ""state"": ""CA"", ""zip"": ""93701"", ""timezone"": ""America/Los_Angeles""}",Single,Construction Worker,Perez Corp,Health Net,POL-234387,GRP-8375,291,2018-08-17,2021-07-13,172,66,22.3,Non-Smoker,Moderate,"Codeine, Dust, Latex",,Albuterol,None,"Heart Disease, Diabetes, Heart Disease",Spanish,Hispanic or Latino,Active,8,EMR_Cerner
2385,Roger,Mendoza,1983-11-21,Male,O+,roger.mendoza@email.example.com,(862) 228-3560,Christina Gutierrez,(318) 547-4858,"{""line1"": ""3481 Lincoln Blvd"", ""apt"": """", ""city"": ""Houston"", ""state"": ""TX"", ""zip"": ""77001"", ""floor_number"": 2}",Single,Insurance Agent,,Humana,POL-539943,GRP-8372,486,2025-01-07,2027-11-30,174,78,25.8,Former Smoker,Heavy,Null,,"Bupropion, Loratadine, Atorvastatin, Apixaban",Total hip replacement,"Diabetes, Alzheimer's",English,White,Active,13,EMR_Cerner
2386,Ronald,Scott,,Male,O+,ronald.scott@email.example.com,(233) 376-8921,Naomi Flores,(405) 745-2768,"{""line1"": ""8418 Sycamore Ave"", ""apt"": "", Unit 24"", ""city"": ""Omaha"", ""state"": ""NE"", ""zip"": ""68101"", ""neighborhood"": ""Midtown""}",Divorced,Dentist,Porter Corp,Molina Healthcare,POL-982324,GRP-8963,296,2025-07-04,2029-01-16,166,75,27.2,Former Smoker,2 beers/week,None,,Amlodipine,"Tonsillectomy, Meniscectomy",Alzheimer's,Cantonese,Other,Active,4,EMR_Cerner
2389,Ezra,Gomez,2005-05-31,Male,O+,ezra.gomez@email.example.com,(539) 493-1104,Ruth Thomas,000-000-0000,"{""line1"": ""9795 Church St"", ""apt"": """", ""city"": ""San Diego"", ""state"": ""CA"", ""zip"": ""92101"", ""county"": ""Maricopa"", ""delivery_notes"": ""Call upon arrival"", ""timezone"": ""America/Phoenix""}",Single,Chef,Walker Corp,Anthem,POL-545151,GRP-2938,225,2025-01-29,2025-05-04,174,83,27.4,Former Smoker,None,"Pollen, Latex, None",,Acetaminophen,,"Hypertension, Heart Disease, Cancer",English,White,Active,19,EMR_Cerner
2396,Tyler,Hughes,1997-05-22,Male,O-,not-an-email,(680) 989-6487,Levi Gutierrez,(694) 772-6553,"{""line1"": ""4628 Walnut Ave"", ""apt"": "", Suite 19"", ""city"": ""Portland"", ""state"": ""OR"", ""zip"": ""97201"", ""neighborhood"": ""Downtown"", ""longitude"": -96.4237, ""latitude"": 37.2759, ""delivery_notes"": ""Gate code: #1234""}",Married,Chef,Clark Corp,,,,328,2021-09-29,2021-10-19,180,60,18.5,Current Smoker,Occasional,,,Gabapentin,None,"Heart Disease, Cancer",Cantonese,Black or African American,Active,24,EMR_Cerner
2398,Alexander,Owens,not available,Male,A+,alexander.owens@email.example.com,(223) 957-4097,Mateo Griffin,(329) 319-7369,"{""line1"": ""262 Washington Ave"", ""apt"": """", ""city"": ""Charlotte"", ""state"": ""NC"", ""zip"": ""28201""}",Married,Engineer,Clark Corp,UnitedHealthcare,POL-870501,GRP-7086,98,2024-10-05,2028-08-07,174,70,,Current Smoker,Moderate,"PENICILLIN, SULFA","Migraine, Osteoarthritis",None,None,"Diabetes, Arthritis, Stroke",Spanish,Asian,Active,19,EMR_Cerner
2399,Scarlett,Alvarez,1981-10-01,Female,A+,scarlett.alvarez@email.example.com,(467) 367-1071,Gabriel Harrison,(307) 218-4927,"{""line1"": ""7595 Sycamore Ave"", ""apt"": """", ""city"": ""Philadelphia"", ""state"": ""PA"", ""zip"": ""19101"", ""county"": ""Sacramento"", ""neighborhood"": ""Uptown"", ""street_type"": ""Cir""}",Single,Chef,Flores Corp,Cigna,POL-308419,GRP-4358,169,2023-08-20,,168,64,22.7,Non-Smoker,None,"Codeine, Penicillin, Peanuts","Migraine, Crohn's Disease","Prednisone, Losartan, Hydrochlorothiazide, Aspirin",None,"Heart Disease, Hypertension",Spanish,Other,Active,32,EMR_Cerner
2404,George,Kim,2025-06-15,Male,B-,george.kim@email.example.com,(821) 859-1308,Sandra Alvarez,(542) 881-4732,"{""line1"": ""3535 Jefferson Ave"", ""apt"": """", ""city"": ""Tampa"", ""state"": ""FL"", ""zip"": ""33601"", ""neighborhood"": ""Southside"", ""country"": ""USA"", ""latitude"": 34.4106}",Single,Librarian,Ortiz Corp,Bright Health,POL-643035,GRP-7803,137,,,175,90,29.4,Non-Smoker,None,"NSAIDs, Pollen",Asthma,Lisinopril,Hernia repair,"None, Arthritis",English,White,Active,24,EMR_Cerner
2406,Zachary,Simpson,not available,Male,B+,zachary.simpson@email.example.com,(262) 636-2413,Sarah Wells,(724) 607-6379,"{""line1"": ""1477 Fifth St"", ""apt"": "", Suite 48"", ""city"": ""Long Beach"", ""state"": ""CA"", ""zip"": ""90801"", ""latitude"": 26.6816, ""timezone"": ""America/New_York"", ""street_type"": ""Dr"", ""longitude"": -95.5912, ""county"": ""Cook""}",Married,Unemployed,James Corp,Kaiser Permanente,POL-393075,GRP-2692,18,2021-04-23,2021-09-06,194,74,19.7,Non-Smoker,Moderate,None,"Osteoarthritis, Anxiety Disorder, Hypertension","Prednisone, Ibuprofen, Pantoprazole, Furosemide",None,"Alzheimer's, Asthma, Arthritis",Spanish,White,Inactive,24,EMR_Cerner
2407,Janet,Lopez,1957-08-17,Female,A+,janet.lopez@email.example.com,(452) 710-6461,Jasper Harris,000-000-0000,"{""line1"": ""2183 View Blvd"", ""apt"": "", Suite 48"", ""city"": ""Long Beach"", ""state"": ""CA"", ""zip"": ""90801"", ""street_type"": ""Blvd"", ""floor_number"": 46, ""timezone"": ""America/Phoenix""}",Married,Project Manager,,Highmark,POL-504518,GRP-1584,327,2025-09-12,2028-08-03,168,106,37.6,Never Assessed,Moderate,"Latex, None, Penicillin",,Atorvastatin,None,None,English,Asian,Inactive,9,EMR_Cerner
2412,Hannah,Wright,2004-03-02,Female,O+,hannah.wright@email.example.com,(676) 466-5994,Larry Phillips,(330) 351-1026,"{""line1"": ""9671 Willow Dr"", ""apt"": """", ""city"": ""Austin"", ""state"": ""TX"", ""zip"": ""73301"", ""timezone"": ""America/Phoenix"", ""street_type"": ""Way"", ""floor_number"": 18, ""latitude"": 40.6412}",Married,Lawyer,Jimenez Corp,Geisinger,POL-233451,G1234,140,2020-01-24,2021-04-13,171,97,33.2,Former Smoker,None,"Latex, Peanuts, Dust",,None,None,"Stroke, Asthma",Korean,Hispanic or Latino,Active,21,EMR_Cerner
2414,Chloe,Robinson,1994-02-03,Female,B+,chloe.robinson@email.example.com,(915) 600-9560,Elijah Patel,(532) 466-2149,"{""line1"": ""4327 Sycamore Ave"", ""apt"": """", ""city"": ""Indianapolis"", ""state"": ""IN"", ""zip"": ""46201"", ""longitude"": -97.8849}",Married,Scientist,Ramos Corp,Independence Blue Cross,POL-789107,GRP-6589,50,2020-10-21,2022-09-08,160,79,30.9,Former Smoker,None,"Shellfish, Latex","Hypertension, Congestive Heart Failure","Pantoprazole, Clopidogrel",None,Diabetes,English,Black or African American,Active,21,EMR_Cerner
2417,Thomas,Perez,2003-01-28,Male,AB-,thomas.perez@email.example.com,(613) 920-4349,Margaret Wilson,(245) 830-9921,"{""line1"": ""2582 Birch St"", ""apt"": "", Suite 10"", ""city"": ""Fresno"", ""state"": ""CA"", ""zip"": ""93701"", ""country"": ""USA""}",Married,Pharmacist,Watson Corp,Independence Blue Cross,POL-588357,GRP-8480,57,2018-03-27,2018-11-11,164,63,23.4,Former Smoker,Moderate,"Latex, Penicillin",,"Apixaban, Amlodipine",None,"Arthritis, Diabetes",English,Hispanic or Latino,Deceased,18,EMR_Cerner
2418,Vincent,Jackson,1954-09-25,Male,A+,vincent.jackson1@email.example.com,(845) 684-8350,Mark Roberts,(389) 431-9944,"{""line1"": ""9441 Broadway"", ""apt"": "", Apt 26"", ""city"": ""Atlanta"", ""state"": ""GA"", ""zip"": ""30301""}",Married,Doctor,Peterson Corp,Tufts Health Plan,POL-138572,GRP-2272,60,2020-06-19,2022-01-25,177,47,15.0,Non-Smoker,Heavy,"Dust, Shellfish",,"Tramadol, Acetaminophen, Prednisone, Gabapentin",Colectomy,Diabetes,Korean,Hispanic or Latino,Inactive,22,EMR_Cerner
2422,Katherine,Murray,01/15/1987,Female,O+,katherine.murray@email.example.com,(711) 287-7406,Jacqueline Nguyen,(612) 668-8118,"{""line1"": ""4862 Park Blvd"", ""apt"": """", ""city"": ""Washington"", ""state"": ""DC"", ""zip"": ""20001"", ""timezone"": ""America/Phoenix"", ""country"": ""USA""}",Married,Dental Hygienist,Thompson Corp,Cigna HealthCare,POL-990507,GRP-4457,195,,2021-06-14,160,77,30.1,Smoker,Occasional,"Pollen, Dust, Shellfish","Rheumatoid Arthritis, Irritable Bowel Syndrome, Chronic Kidney Disease, Asthma","Warfarin, Metoprolol","Meniscectomy, Angioplasty with stent, Vasectomy","Arthritis, Stroke",English,Black or African American,Active,6,EMR_Cerner
2423,Jennifer,Walker,2003-05-01,Female,A+,jennifer.walker@email.example.com,(690) 844-7508,Christina Brooks,(373) 784-9014,"{""line1"": ""4772 Pine St"", ""apt"": """", ""city"": ""New York"", ""state"": ""NY"", ""zip"": ""10001"", ""neighborhood"": ""East Side"", ""county"": ""Sacramento"", ""timezone"": ""America/New_York""}",Single,UnemPloyed,,Molina Healthcare,,GRP-7222,184,2019-02-25,2019-06-25,175,92,30.0,Never Assessed,Moderate,None,"Migraine, Sleep Apnea","Losartan, Warfarin, Prednisone",None,None,Spanish,White,Active,22,EMR_Cerner
2426,Luke,,1970-03-23,Non-Binary,O+,luke.murphy@email.example.com,(862) 995-8711,Anna Campbell,(967) 915-7687,"{""line1"": ""8734 Jefferson Ave"", ""apt"": """", ""city"": ""San Diego"", ""state"": ""CA"", ""zip"": ""92101"", ""latitude"": 25.5995}",Married,Firefighter,,Bright Health,POL-590707,GRP-4967,201,2021-08-03,,176,69,22.3,Former Smoker,None,"PENICILLIN, SULFA","Osteoporosis, Hypothyroidism","Sertraline, Gabapentin",None,Diabetes,English,White,Inactive,21,EMR_Cerner
2436,Cynthia,Jones,1955-07-11,Female,A+,cynthia.jones@email.example.com,(250) 200-2562,N/A,(703) 256-7213,"{""line1"": ""9191 Monroe Dr"", ""apt"": "", Apt 14"", ""city"": ""Memphis"", ""state"": ""TN"", ""zip"": ""38101"", ""country"": ""USA"", ""county"": ""Orange"", ""delivery_notes"": ""Gate code: #1234"", ""latitude"": 39.5504}",Married,Flight Attendant,Castillo Corp,Blue Cross Blue Shield,POL-407505,GRP-2518,405,2021-09-18,2022-01-26,161,52,20.1,Non-Smoker,Moderate,"Codeine, Sulfa, Pollen",GERD,None,Colectomy,Diabetes,Spanish,White,Active,19,EMR_Cerner
2440,Brian,Simmons,1981-05-14,Male,AB+,brian.simmons1@email.example.com,(355) 344-6429,Ronald Cooper,(217) 585-1023,"{""line1"": ""505 College Ave"", ""apt"": """", ""city"": ""Fort Worth"", ""state"": ""TX"", ""zip"": ""76101"", ""delivery_notes"": ""Call upon arrival"", ""county"": ""Dallas""}",Married,Retired,,Geisinger,POL-115308,GRP-8308,342,2022-06-14,2024-06-13,-10,71,21.7,Never Assessed,Former,None,,"Ibuprofen, Pantoprazole, Atorvastatin","Angioplasty with stent, Cataract surgery",Cancer,French,Black or African American,Active,4,EMR_Cerner
2451,Jonathan,Thomas,1965-11-08,Male,A-,jonathan.thomas@email.example.com,(407) 507-9472,Helen Edwards,(881) 798-1377,"{""line1"": ""6262 Eighth Ave"", ""apt"": "", Suite 49"", ""city"": ""Nashville"", ""state"": ""TN"", ""zip"": ""37201"", ""neighborhood"": ""Historic District""}",Separated,Electrician,,UnitedHealthcare,POL-501160,GRP-5644,399,2022-09-12,2022-10-19,177,69,22.0,Former Smoker,Heavy,"NSAIDs, Peanuts, Codeine","Psoriasis, Fibromyalgia, Coronary Artery Disease, Irritable Bowel Syndrome","Jardiance, Cetirizine",None,"Arthritis, Heart Disease",English,White,Active,1,EMR_Cerner
,Ryan,Powell,1963-02-20,Male,A+,ryan.powell@email.example.com,(567) 200-6849,Dorothy Crawford,(944) 461-6292,"{""line1"": ""9707 Fourth Ave"", ""apt"": """", ""city"": ""Houston"", ""state"": ""TX"", ""zip"": ""77001""}",Single,HR Specialist,,Health Net,POL-991020,GRP-5482,308,2022-05-12,2026-02-07,172,59,19.9,Former Smoker,Occasional,"Codeine, Shellfish, None",,None,Rotator cuff repair,"None, Alzheimer's, Heart Disease",English,White,Active,1,EMR_Cerner
2458,Ethan,Roberts,1987-07-30,F,O-,ethan.roberts@email.example.com,(904) 734-7783,Margaret Patterson,(381) 446-8613,"{""line1"": ""9549 Fourth Ave"", ""apt"": """", ""city"": ""Tucson"", ""state"": ""AZ"", ""zip"": ""85701"", ""timezone"": ""America/Chicago"", ""latitude"": 43.5299}",Single,Writer,AAAAAAAAAAAAAAAAAAAAAAAAAAAAAAAAAAAAAAAAAAAAAAAAAAAAAAAAAAAAAAAAAAAAAAAAAAAAAAAAAAAAAAAAAAAAAAAAAAAAAAAAAAAAAAAAAAAAAAAAAAAAAAAAAAAAAAAAAAAAAAAAAAAAAAAAAAAAAAAAAAAAAAAAAAAAAAAAAAAAAAAAAAAAAAAAAAAAAAAA,CareFirst,POL-519769,GRP-7217,466,2020-02-14,1900-01-01,187,99,28.3,Non-Smoker,Heavy,"None, Penicillin, Dust",,"Tramadol, Jardiance, Omeprazole",None,Heart Disease,English,White,Inactive,3,EMR_Cerner
2459,Kenneth,Richardson,2003-03-15,Male,A-,kenneth.richardson@email.example.com,(481) 492-6172,Thomas Cruz,(318) 360-9615,"{""line1"": ""6079 Spring St"", ""apt"": """", ""city"": ""Las Vegas"", ""state"": ""NV"", ""zip"": ""89101"", ""timezone"": ""America/Phoenix""}",Separated,Software Developer,,CareFirst,POL-888122,GRP-1154,290,2020-08-09,2023-09-06,180,113,34.9,Non-Smoker,None,None,Anxiety Disorder,None,"Laminectomy, Carpal tunnel release","Asthma, Cancer",English,White,Active,2,EMR_Cerner
2463,Maxwell,Gray,2005-01-01,Male,o+,maxwell.gray@email.example.com,(992) 533-2144,Ryan Ellis,(406) 526-1402,"{""line1"": ""9611 Poplar St"", ""apt"": """", ""city"": ""Milwaukee"", ""state"": ""WI"", ""zip"": ""53201"", ""longitude"": -84.3334, ""neighborhood"": ""Uptown""}",Divorced,Psychologist,Cox Corp,Tufts Health Plan,POL-789993,GRP-6300,443,2022-06-18,2022-11-30,184,105,31.0,Former Smoker,Occasional,None,"Crohn's Disease, Chronic Kidney Disease",Omeprazole,None,"Diabetes, Arthritis",Spanish,White,Active,15,EMR_Cerner
2468,Hannah,Hunter,1994-11-13,Female,O+,hannah.hunter@email.example.com,,Patrick Lewis,(353) 454-3128,"{""line1"": ""9708 Monroe Dr"", ""apt"": """", ""city"": ""Memphis"", ""state"": ""TN"", ""zip"": ""38101"", ""neighborhood"": ""Midtown"", ""landmark"": ""Opposite Central Park"", ""delivery_notes"": ""Deliver to reception"", ""timezone"": ""America/New_York""}",Single,Real Estate Agent,,Tufts Health Plan,POL-140143,GRP-7655,34,2019-05-06,2020-01-16,163,84,normal,Non-Smoker,Sometimes,None,"Crohn's Disease, Osteoporosis, Irritable Bowel Syndrome, Migraine","Losartan, Lisinopril","Carpal tunnel release, Mastectomy","None, Stroke, Diabetes",English,Two or More Races,Inactive,14,EMR_Cerner
2469,Russell,Cook,1957-05-23,Male,B+,russell.cook@email.example.com,(293) 475-3505,Catherine Alexander,(774) 884-7481,"{""line1"": ""6989 Sixth Ave"", ""apt"": """", ""city"": ""Long Beach"", ""state"": ""CA"", ""zip"": ""90801"", ""street_type"": ""Pl"", ""county"": ""Queens""}",Divorced,Electrician,,Anthem,POL-491012,GRP-7515,479,2021-09-04,,172,90,30.4,Former Smoker,None,None,Psoriasis,!@#$%^&*(),None,"Cancer, Heart Disease, Hypertension",English,White,Active,15,EMR_Cerner
2476,bobby,Allen,1990-10-17,Male,A+,bobby.allen@email.example.com,(925) 603-2375,Albert Simpson,(902) 204-5766,"{""line1"": ""2121 Church St"", ""apt"": "", Unit 37"", ""city"": ""New Orleans"", ""state"": ""LA"", ""zip"": ""70112""}",Widowed,Consultant,AAAAAAAAAAAAAAAAAAAAAAAAAAAAAAAAAAAAAAAAAAAAAAAAAAAAAAAAAAAAAAAAAAAAAAAAAAAAAAAAAAAAAAAAAAAAAAAAAAAAAAAAAAAAAAAAAAAAAAAAAAAAAAAAAAAAAAAAAAAAAAAAAAAAAAAAAAAAAAAAAAAAAAAAAAAAAAAAAAAAAAAAAAAAAAAAAAAAAAAA,Oscar Health,POL-524750,GRP-6075,347,2023-02-22,2027-02-17,172,50,16.9,Current Smoker,Moderate,Penicillin,Osteoporosis,None,Colectomy,None,English,White,Deceased,8,EMR_Cerner
2480,Elijah,Ortiz,1980-05-11,Male,AB+,elijah.ortiz@email.example.com,(409) 504-6108,Cynthia Walker,(289) 918-5116,"{""line1"": ""3541 Cedar Ln"", ""apt"": "", Unit 33"", ""city"": ""Washington"", ""state"": ""DC"", ""zip"": ""20001"", ""longitude"": -91.7513, ""county"": ""Dallas"", ""landmark"": ""Close to University"", ""neighborhood"": ""Waterfront""}",Married,Accountant,Jordan Corp,Geisinger,POL-791299,GRP-7009,341,2018-12-06,2020-06-10,177,63,20.1,Non-Smoker,Moderate,Shellfish,Type 2 Diabetes,None,"Appendectomy 2018, Cholecystectomy 2020","Alzheimer's, Hypertension, Arthritis",Spanglish,White,Active,9,EMR_Cerner
2482,melissa,Long,2000-12-22,Female,A-,melissa.long@email.example.com,(398) 716-1973,Walter Collins,(628) 865-3583,"{""line1"": ""5600 Willow Dr"", ""apt"": """", ""city"": ""Fresno"", ""state"": ""CA"", ""zip"": ""93701"", ""street_type"": ""Dr"", ""longitude"": -118.0959}",Single,Construction Worker,Allen Corp,Harvard Pilgrim,POL-176159,GRP-2079,280,2018-04-24,2019-02-16,168,98,34.7,Former Smoker,None,Codeine,"Hyperlipidemia, Atrial Fibrillation","Metformin, Metoprolol","Meniscectomy, Total knee replacement, Cataract surgery","Stroke, Cancer, Arthritis",English,White,Active,23,EMR_Cerner
2485,Caleb,Davis,1997-07-20,Male,A+,caleb.davis@email.example.com,(294) 825-6346,Stephanie Martinez,(307) 678-4768,"{""line1"": ""6606 Main St"", ""apt"": "", Unit 44"", ""city"": ""Sacramento"", ""state"": ""CA"", ""zip"": ""94201"", ""longitude"": -98.6632, ""latitude"": 44.5237, ""street_type"": ""Dr""}",Married,Accountant,Marshall Corp,MetLife,POL-941835,GRP-3940,364,2025-01-21,,182,83,25.1,Never Assessed,None,"Shellfish, Sulfa, Codeine","Atrial Fibrillation, Asthma, Hyperlipidemia",None,None,None,English,Black or African American,Active,12,EMR_Cerner
2487,Amanda,Butler,1964-05-25,Female,O+,amanda.butler@email.example.com,2125550199,Peter Martinez,(893) 763-6338,"{""line1"": ""5967 Sycamore Ave"", ""apt"": "", Unit 9"", ""city"": ""Philadelphia"", ""state"": ""PA"", ""zip"": ""19101"", ""timezone"": ""America/Phoenix"", ""county"": ""Queens"", ""longitude"": -115.1043}",Married,Manager,Evans Corp,Bright Health,POL-440110,GRP-5258,405,2025-02-05,2027-01-01,146,58,27.2,Never Assessed,Moderate,None,Crohn's Disease,"Hydrochlorothiazide, Atorvastatin, Acetaminophen, Montelukast",None,"Cancer, Stroke, Arthritis",Vietnamese,White,Active,19,EMR_Cerner
2500,Sarah,Wood,1987-02-18,Female,O+,sarah.wood@email.example.com,(444) 345-4413,Riley Anderson,(314) 851-5625,"{""line1"": ""5193 Elm St"", ""apt"": "", # 32"", ""city"": ""Nashville"", ""state"": ""TN"", ""zip"": ""37201"", ""country"": ""USA""}",Divorced,Driver,Bailey Corp,UnitedHealthcare,POL-221987,GRP-3520,84,2018-04-09,2019-06-19,159,46,18.2,Former Smoker,Heavy,None,"Osteoarthritis, Migraine, Chronic Kidney Disease","Insulin glargine, Amlodipine, Metoprolol",None,Arthritis,French,Black or African American,Active,21,EMR_Cerner
2506,Janet,Washington,1988-06-25,Female,AB,janet.washington@email.example.com,(760) 312-2493,Christina Foster,(240) 290-3454,"{""line1"": ""3738 Hill St"", ""apt"": """", ""city"": ""Fort Worth"", ""state"": ""TX"", ""zip"": ""76101"", ""latitude"": 46.449}",Widowed,Psychologist,,Atena,POL-112471,GRP-9444,333,2021-04-28,2024-10-17,161,0,36.6,Never Assessed,Heavy,"Sulfa, Penicillin, Dust",,Spironolactone,C-section,"Arthritis, Cancer",Spanish,White,Active,2,EMR_Cerner
2507,Albert,Lewis,1999-07-02,Male,O+,albert.lewis@email.example.com,(975) 598-6080,Patrick Evans,(452) 342-9209,"{""line1"": ""3918 Aspen Ct"", ""apt"": """", ""city"": ""Colorado Springs"", ""state"": ""CO"", ""zip"": ""80901"", ""landmark"": ""Opposite Central Park""}",Single,Psychologist,Gonzalez Corp,Harvard Pilgrim,POL-391154,GRP-4281,73,2023-10-31,2026-03-26,167,98,35.1,Non-Smoker,Occasional,"Shellfish, Latex",Hypertension,None,Spinal fusion,"Stroke, Alzheimer's",Spanish,White,Active,14,EMR_Cerner
2509,Patrick,Adams,1985-10-13,Male,A+,patrick.adams@email.example.com,(673) 201-3440,Katherine Rivera,(292) 991-7313,,Single,HR Specialist,Hunter Corp,Cigna,POL-793368,GRP-8065,47,2023-01-31,2025-10-24,185,58,16.9,Current Smoker,Heavy,"Dust, None, Codeine",,Montelukast,C-section,"Alzheimer's, Stroke, Cancer",English,Hispanic or Latino,Active,19,EMR_Cerner
,Joseph,Marshall,1994-02-14,Male,O+,joseph.marshall@email.example.com,(260) 452-6747,Victoria Murphy,(369) 711-7348,"{""line1"": ""1416 First St"", ""apt"": """", ""city"": ""Denver"", ""state"": ""CO"", ""zip"": ""80201""}",Married,Administrative Assistant,Harris Corp,Cigna HealthCare,POL-976261,GRP-3502,121,2024-03-03,,181,72,22.0,Current Smoker,Occasional,"Pollen, Penicillin","Sleep Apnea, Chronic Kidney Disease","Aspirin, Apixaban",None,None,Arabic,Hispanic or Latino,Active,25,EMR_Cerner
2513,William,Taylor,2025-01-01,Male,O-,william.taylor@email.example.com,(920) 466-1553,Albert Flores,(314) 525-5304,"{""line1"": ""8158 Ash Ct"", ""apt"": """", ""city"": ""Jacksonville"", ""state"": ""FL"", ""zip"": ""32201""}",Married,Firefighter,AAAAAAAAAAAAAAAAAAAAAAAAAAAAAAAAAAAAAAAAAAAAAAAAAAAAAAAAAAAAAAAAAAAAAAAAAAAAAAAAAAAAAAAAAAAAAAAAAAAAAAAAAAAAAAAAAAAAAAAAAAAAAAAAAAAAAAAAAAAAAAAAAAAAAAAAAAAAAAAAAAAAAAAAAAAAAAAAAAAAAAAAAAAAAAAAAAAAAAAA,Harvard Pilgrim,POL-934581,GRP-4944,18,2021-12-17,2024-06-27,170,64,22.1,Current Smoker,Moderate,"Dust, NSAIDs, Shellfish","Anxiety Disorder, Type 2 Diabetes",None,None,Cancer,English,Hispanic or Latino,Active,24,EMR_Cerner
2514,Aurora,Miller,1994-11-04,Female,AB,aurora.miller1@email.example.com,(385) 215-4902,Debra Woods,(888) 907-8035,"{""line1"": ""7632 Madison St"", ""apt"": "", Unit 9"", ""city"": ""Louisville"", ""state"": ""KY"", ""zip"": ""40201"", ""longitude"": -115.556}",Married,Business Owner,King Corp,Health Net,POL-460531,GRP-6439,343,2020-03-07,2023-09-02,158,93,37.3,Current Smoker,Moderate,"Codeine, None, Penicillin",Crohn's Disease,Clopidogrel,None,Heart Disease,English,White,Active,5,EMR_Cerner
2518,Jessica,Martinez,2001-01-27,Female,AB+,jessica.martinez@email.example.com,abc-def-ghij,Karen Castillo,(438) 372-5058,"{""line1"": ""2674 Church St"", ""apt"": """", ""city"": ""Milwaukee"", ""state"": ""WI"", ""zip"": ""53201"", ""street_type"": ""Blvd"", ""timezone"": ""America/Denver"", ""longitude"": -74.2215, ""country"": ""USA""}",Married,Accountant,Nelson Corp,Tufts Health Plan,POL-749989,GRP-8572,221,2018-08-04,2020-05-15,165,134,49.2,Former Smoker,Heavy,Codeine,"Type 2 Diabetes, Fibromyalgia",None,None,"Arthritis, Diabetes, None",English,White,Active,8,EMR_Cerner
2526,Gabriel,Nelson,1991-04-21,Male,B+,gabriel.nelson@email.example.com,(511) 912-5020,Lincoln Gomez,(928) 893-6168,"{""line1"": ""9863 Cypress Dr"", ""apt"": """", ""city"": ""Charlotte"", ""state"": ""NC"", ""zip"": ""28201"", ""latitude"": 41.1016}",married,Student,,,,,491,2025-03-15,2029-02-25,192,61,16.5,Never Assessed,Sometimes,"Latex, Dust, Shellfish",Crohn's Disease,"Cetirizine, Lisinopril, Clopidogrel, Ibuprofen",None,"Heart Disease, Asthma, Arthritis",Spanish,,Active,13,EMR_Cerner
2527,Jacob,Sanchez,1996-03-15,Male,O+,jacob.sanchez@email.example.com,(686) 319-7370,Randy Stewart,(871) 730-3663,"{""line1"": ""8251 Ash Ct"", ""apt"": "", Unit 18"", ""city"": ""Tampa"", ""state"": ""FL"", ""zip"": ""33601"", ""street_type"": ""Cir"", ""latitude"": 34.431, ""timezone"": ""America/Denver""}",Married,Professor,,Cigna,POL-713801,GRP-3470,484,2025-06-20,,163,95,35.8,Non-Smoker,Occasional,Peanuts,,None,None,Hypertension,Korean,White,Active,25,EMR_Cerner
2530,,Gutierrez,1986-02-11,Female,O+,olivia.gutierrez@email.example.com,(452) 860-9153,David Fisher,(590) 617-5963,"{""line1"": ""3174 Sunset Dr"", ""apt"": "", Suite 13"", ""city"": ""Kansas City"", ""state"": ""MO"", ""zip"": ""64101"", ""longitude"": -78.3187}",,Retail Associate,Graham Corp,Oscar Health,POL-840586,GRP-8186,401,2020-07-15,2024-03-01,158,85,34.0,Current Smoker,Heavy,"NSAIDs, None, Pollen",Crohn's Disease,Ozempic,None,None,English,White,Active,16,EMR_Cerner
2532,Kyle,Walker,2005-03-20,Male,O+,kyle.walker@email.example.com,(699) 726-8904,Walter Taylor,(219) 393-1019,"{""line1"": ""6826 Seventh St"", ""apt"": """", ""city"": ""Houston"", ""state"": ""TX"", ""zip"": ""77001"", ""longitude"": -102.2162}",Married,Scientist,Davis Corp,Cigna,POL-657926,GRP-4402,414,2019-01-16,2020-01-15,186,89,25.7,Non-Smoker,Moderate,"Penicillin, NSAIDs, None","Chronic Fatigue, GERD, Asthma, Anemia","Jardiance, Sertraline, Pantoprazole","Spinal fusion, Rotator cuff repair","Alzheimer's, Heart Disease",English,White,Active,8,EMR_Cerner
2535,Harrison,Hernandez,2002-08-07,Male,O+,harrison.hernandez@email.example.com,(464) 390-1432,Ashley Webb,(989) 555-9783,"{""line1"": ""Unknown"", ""city"": ""Unknown"", ""state"": ""NA"", ""zip"": ""00000"", ""country"": ""USA"", ""latitude"": 37.1886, ""longitude"": -101.4512}",Married,Military,N/A,Harvard Pilgrim,POL-728071,GRP-9181,257,2021-04-25,2023-12-17,166,99,35.9,Non-Smoker,Occasional,"Codeine, Dust, NSAIDs",Fibromyalgia,"Ibuprofen, Aspirin, Duloxetine, Albuterol",None,Heart Disease,Spanish,White,Inactive,12,EMR_Cerner
2538,Madelyn,Powell,1998-07-22,Female,A+,madelyn.powell@email.example.com,(778) 453-3037,Julian Ortiz,(743) 718-5750,"{""line1"": ""6575 Cherry Ln"", ""apt"": """", ""city"": ""San Francisco"", ""state"": ""CA"", ""zip"": ""94101"", ""county"": ""Maricopa"", ""longitude"": -82.0928, ""floor_number"": 16, ""landmark"": ""Near Hospital"", ""country"": ""USA""}",Divorced,Student,Miller Corp,Cigna HealthCare,POL-391273,GRP-7708,266,2022-02-05,2024-04-03,169,81,28.4,Non-Smoker,Occasional,"Sulfa, Peanuts, Codeine","Sleep Apnea, Hypertension, Chronic Fatigue","Ozempic, Lisinopril, Eliquis, Cetirizine","Tonsillectomy, Hernia repair",Diabetes,English,White,Active,2,EMR_Cerner
2540,Bruce,Williams,1980-11-24,Male,O+,bruce.williams@email.example.com,(545) 522-1732,Jack Rodriguez,(555) 953-6197,"{""line1"": ""5635 Center St"", ""apt"": "", Apt 2"", ""city"": ""Minneapolis"", ""state"": ""MN"", ""zip"": ""55401"", ""timezone"": ""America/Denver""}",Married,Sales Representative,Powell Corp,Molina Healthcare,POL-825390,GRP-8200,246,2025-03-05,,176,74,23.9,Never Assessed,Moderate,None,Eczema,"Losartan, Fluticasone, Metoprolol, Loratadine","Hernia repair, Coronary artery bypass grafting, Hysterectomy",None,English,Hispanic or Latino,Active,14,EMR_Cerner
2541,Jonathan,Gutierrez,1978-03-09,Male,O+,jonathan.gutierrez@email.example.com,(341) 383-5396,Jessica Moore,(571) 498-7033,"{""line1"": ""3954 Highland Ave"", ""apt"": "", Apt 47"", ""city"": ""Long Beach"", ""state"": ""CA"", ""zip"": ""90801""}",Married,Musician,,Health Net,POL-226378,GRP-8890,308,2022-02-26,2023-01-02,187,76,21.7,Non-Smoker,Occasional,None,,Loratadine,None,Arthritis,Spanglish,Hispanic or Latino,Active,1,EMR_Cerner
2544,Victoria,Wallace,1970-09-16,Female,A+,victoria.wallace@email.example.com,(799) 848-6696,Margaret Reyes,(883) 326-1761,"{""line1"": ""101 Lincoln Blvd"", ""apt"": """", ""city"": ""Omaha"", ""state"": ""NE"", ""zip"": ""68101"", ""timezone"": ""America/Denver"", ""landmark"": ""Behind Metro Station"", ""floor_number"": 48, ""latitude"": 26.4844, ""longitude"": -96.1304}",Married,Software Developer,Ford Corp,Harvard Pilgrim,POL-900576,GRP-2630,4,2024-04-14,2027-05-07,165,54,19.8,Current Smoker,None,Pollen,Coronary Artery Disease,None,"Cholecystectomy, Rotator cuff repair",Hypertension,English,White,Active,1,EMR_Cerner
2547,Terry,Reed,2004-02-15,Male,A+,terry.reed1@email.example.com,(239) 599-3326,Brenda Woods,(687) 547-2606,"{""line1"": ""4943 Cypress Dr"", ""apt"": """", ""city"": ""Charlotte"", ""state"": ""NC"", ""zip"": ""28201"", ""latitude"": 39.9138, ""timezone"": ""America/New_York"", ""country"": ""USA""}",Married,Business Owner,Sullivan Corp,Oscar Health,POL-575718,GRP-2912,245,2024-03-03,2027-08-24,171,77,26.3,Former Smoker,Heavy,"Dust, Codeine","Anxiety Disorder, Asthma, Migraine","Meloxicam, Albuterol, Cyclobenzaprine",None,"Alzheimer's, Heart Disease",English,Two or More Races,Inactive,12,EMR_Cerner
2551,Emily,Stevens,2000-04-30,Female,O+,emily.stevens@email.example.com,(976) 773-6965,Daniel Sanders,(976) 710-5988,"{""line1"": ""5855 Franklin Blvd"", ""apt"": """", ""city"": ""Fresno"", ""state"": ""CA"", ""zip"": ""93701""}",Widowed,Teacher,Richardson Corp,Harvard Pilgrim,POL-563166,GRP-8035,194,2018-03-31,2019-06-11,160,,15.6,Current Smoker,Former,"Shellfish, NSAIDs, Pollen","Sleep Apnea, Asthma, Fibromyalgia","Prednisone, Eliquis, Pantoprazole, Spironolactone",None,"Hypertension, Heart Disease, Diabetes",English,White,active,18,EMR_Cerner
2559,Anna,Watson,2002-11-05,Female,A-,,(304) 215-2391,Roman Flores,(528) 741-4084,"{""line1"": ""6702 View Blvd"", ""apt"": """", ""city"": ""Virginia Beach"", ""state"": ""VA"", ""zip"": ""23450""}",Divorced,Veterinarian,Foster Corp,MetLife,POL-167022,GRP-9109,1,2022-12-21,2023-02-24,172,91,30.8,Non-Smoker,None,"NSAIDs, Pollen, Penicillin","Fibromyalgia, Hyperlipidemia, Eczema, Osteoarthritis","Cetirizine, Fluticasone","Carpal tunnel release, Mastectomy",Asthma,English,White,Inactive,7,EMR_Cerner
2561,Jerry,James,,Male,AB+,jerry.james@email.example.com,(640) 890-8261,Jackson Patterson,(447) 430-8239,"{""line1"": ""4561 Forest Ave"", ""apt"": "", Unit 43"", ""city"": ""Los Angeles"", ""state"": ""CA"", ""zip"": ""90001"", ""neighborhood"": ""Historic District""}",Married,Lawyer,,MetLife,POL-173087,GRP-2561,319,2020-01-12,2022-04-12,170,76,26.3,Current Smoker,None,"Peanuts, Pollen, Dust",Chronic Fatigue,"Celecoxib, Warfarin",None,Cancer,English,White,Active,15,EMR_Cerner
2562,Jeffrey,Harris,1980-09-16,Male,AB,jeffrey.harris@email.example.com,(360) 263-9617,Bobby Evans,000-000-0000,"{""line1"": ""8761 Pleasant St"", ""apt"": "", Apt 20"", ""city"": ""Tulsa"", ""state"": ""OK"", ""zip"": ""74101"", ""floor_number"": 34, ""longitude"": -112.654}",Single,Driver,Roberts Corp,Bright Health,POL-163440,GRP-9941,83,2020-01-09,2023-09-14,174,91,30.1,Non-Smoker,None,"Latex, Shellfish, Pollen","Osteoarthritis, Sleep Apnea, COPD, Hypertension","Tramadol, Montelukast",None,None,English,White,Active,11,EMR_Cerner
2567,Naomi,Diaz,2002-11-28,Female,A+,naomi.diaz@email.example.com,(805) 464-9495,Kelly Cook,(407) 411-4979,"{""line1"": ""454 Sycamore Ave"", ""apt"": """", ""city"": ""Charlotte"", ""state"": ""NC"", ""zip"": ""28201"", ""country"": ""USA""}",Married,Electrician,,Centene,POL-172345,GRP-1988,149,2024-03-23,,173,40,13.4,Non-Smoker,None,"Penicillin, Pollen, Latex",Irritable Bowel Syndrome,"Meloxicam, Apixaban, Spironolactone",Hysterectomy,"Alzheimer's, Heart Disease, Diabetes",Mandarin,caucasian,Active,1,EMR_Cerner
2570,Emily,Ortiz,2003-06-17,Female,A+,emily.ortiz@email.example.com,(293) 670-9721,Julie Parker,(434) 661-6928,"{""line1"": ""7782 Hickory St"", ""apt"": """", ""city"": ""Portland"", ""state"": ""OR"", ""zip"": ""97201"", ""neighborhood"": ""Northside"", ""country"": ""USA"", ""street_type"": ""Blvd"", ""county"": ""Dallas""}",Single,Military,Russell Corp,Oscar Health,POL-742541,GRP-2808,19,2020-05-22,2023-10-01,174,85,28.1,Current Smoker,None,Latex,Osteoarthritis,"Ozempic, Meloxicam",Mastectomy,"Arthritis, Alzheimer's",Cantonese,Hispanic or Latino,Active,14,EMR_Cerner
2580,Janet,Marshall,1964-04-21,Female,B+,janet.marshall@email.example.com,(459) 501-4362,Samantha Scott,(653) 643-5802,"{""line1"": ""3789 Third St"", ""apt"": "", Unit 46"", ""city"": ""Jacksonville"", ""state"": ""FL"", ""zip"": ""32201"", ""neighborhood"": ""West Side"", ""timezone"": ""America/Chicago"", ""delivery_notes"": ""Leave at door""}",Single,Project Manager,Long Corp,Blue Cross Blue Shield,POL-ABC,GRP-4427,229,2024-12-18,2028-09-19,162,64,24.4,Non-Smoker,None,None,"Type 2 Diabetes, Migraine, COPD",None,Sleeve gastrectomy,Stroke,Spanish,Hispanic or Latino,Active,12,EMR_Cerner
2581,Emma,White,1971-03-18,Female,O-,emma.white1@email.example.com,(770) 570-3527,Grace Mitchell,(536) 572-1391,"{""line1"": ""2775 Ash Ct"", ""apt"": """", ""city"": ""Charlotte"", ""state"": ""NC"", ""zip"": ""28201"", ""timezone"": ""America/Chicago""}",Married,Business Owner,Jordan Corp,Centene,POL-169604,GRP-1461,50,2018-03-17,2020-06-30,158,72,-5,Former Smoker,Occasional,"NSAIDs, Shellfish, None",,Insulin glargine,None,None,English,White,Inactive,21,EMR_Cerner
2582,Ethan,Ortiz,1800-01-01,Male,A+,ethan.ortiz@email.example.com,(783) 487-9166,Michelle Rivera,(363) 450-8648,"{""line1"": ""3414 Main St"", ""apt"": "", # 34"", ""city"": ""New Orleans"", ""state"": ""LA"", ""zip"": ""70112"", ""street_type"": ""St""}",Married,Dentist,Ortiz Corp,Aetna,POL-439930,GRP-8772,402,2020-04-17,2020-10-09,166,100,36.3,Non-Smoker,Occasional,"Sulfa, Pollen","Ulcerative Colitis, Irritable Bowel Syndrome",Apixaban,None,None,Mandarin,White,Active,16,EMR_Cerner
2583,Christina,Alexander,1985-02-09,Female,A+,christina.alexander@email.example.com,(235) 701-1053,Alexander Butler,(426) 822-7786,"{""line1"": ""8465 Monroe Dr"", ""apt"": """", ""city"": ""San Antonio"", ""state"": ""TX"", ""zip"": ""78201"", ""county"": ""Queens"", ""timezone"": ""America/Phoenix""}",Single,Engineer,Gomez Corp,,POL-656270,GRP-1321,305,2025-12-27,2028-06-30,164,65,24.2,Former Smoker,Occasional,Dust,,None,Mastectomy,"Heart Disease, Hypertension",Korean,Asian,Active,2,EMR_Cerner
2587,Shirley,Alvarez,1975-03-04,Female,O+,shirley.alvarez@email.example.com,(861) 570-9453,,(402) 513-9405,"{""line1"": ""8217 Poplar St"", ""apt"": """", ""city"": ""Oakland"", ""state"": ""CA"", ""zip"": ""94601""}",Single,Firefighter,,Cigna HealthCare,POL-339908,GRP-6512,184,2019-01-26,2020-01-05,166,77,27.9,Current Smoker,Occasional,"Peanuts, Shellfish, NSAIDs","Anemia, Eczema","Apixaban, Cyclobenzaprine, Bupropion",Sleeve gastrectomy,None,English,White,Active,22,EMR_Cerner
2591,Theodore,Ford,1971-03-03,Male,O+,theodore.ford@email.example.com,(632) 425-7815,999-999-9999,(722) 490-1704,"{""line1"": ""8857 Cedar Ln"", ""apt"": """", ""city"": ""Colorado Springs"", ""state"": ""CO"", ""zip"": ""80901""}",Single,Unemployed,Patel Corp,UnitedHealthcare,POL-137325,GRP-3481,158,2022-11-15,,173,67,22.4,Current Smoker,None,"Pollen, NSAIDs, Sulfa",Asthma,"Eliquis, Ibuprofen, Montelukast",None,"Arthritis, Asthma",Spanish,White,Active,20,EMR_Cerner
2595,Jerry,McDonald,1974-03-30,Male,A+,jerry.mcdonald@email.example.com,12345,Mason Ross,(554) 682-6927,"{""line1"": ""3148 Birch St"", ""apt"": "", # 31"", ""city"": ""Tulsa"", ""state"": ""OK"", ""zip"": ""74101"", ""longitude"": -84.2479, ""street_type"": ""Ct"", ""floor_number"": 1, ""neighborhood"": ""West Side""}",Married ,Teacher,,Humana,POL-858382,GRP-6959,479,2024-05-09,2025-04-21,171,68,23.3,Former Smoker,None,"Sulfa, Penicillin",Fibromyalgia,Pantoprazole,None,"Cancer, Asthma, Hypertension",Tagalog,Hispanic or Latino,Active,15,EMR_Cerner
2600,Amy,Perez,2002-11-29,Female,A-,amy.perez@email.example.com,(314) 268-4286,Ashley Gibson,(413) 350-6107,"{""line1"": ""226 Maple Dr"", ""apt"": "", Unit 43"", ""city"": ""Jacksonville"", ""state"": ""FL"", ""zip"": ""32201"", ""timezone"": ""America/New_York"", ""longitude"": -114.4147}",Single,Insurance Agent,,,,,432,2025-09-03,,171,93,31.8,Never Assessed,Moderate,NSAIDs,Hyperlipidemia,Albuterol,None,None,Mandarin,White,Active,18,EMR_Cerner
2602,Skylar,Long,2002-05-18,Female,O+,skylar.long@email.example.com,(762) 996-3081,Virginia Wright,(920) 853-7179,"{""line1"": ""4040 Broadway"", ""apt"": "", Suite 2"", ""city"": ""Las Vegas"", ""state"": ""NV"", ""zip"": ""89101"", ""timezone"": ""America/Denver""}",Married,Dentist,Hamilton Corp,UnitedHealthcare,POL-508649,GRP-5249,398,2022-03-20,2025-11-10,161,95,36.6,Non-Smoker,Occasional,NSAIDs,,Cyclobenzaprine,Rotator cuff repair,"Stroke, Diabetes",English,Black or African American,Active,23,EMR_Cerner
2603,Jessica,Hayes,1965-09-27,Non-Binary,O+,jessica.hayes@email.example.com,(435) 340-8272,Melissa Ford,(540) 775-7445,"{""line1"": ""1789 Fourth Ave"", ""apt"": "", Unit 49"", ""city"": ""Louisville"", ""state"": ""KY"", ""zip"": ""40201"", ""timezone"": ""America/Los_Angeles""}",Married,Dentist,,Blue Cross Blue Shield,POL-391453,GRP-6641,473,2025-10-07,2028-03-09,176,72,23.2,Non-Smoker,Heavy,"Pollen, NSAIDs, Shellfish","Sleep Apnea, Atrial Fibrillation","Jardiance, Cyclobenzaprine, Sertraline, Apixaban","Thyroidectomy, Total knee replacement, Gastric bypass","Arthritis, None",Spanish,White,Active,22,EMR_Cerner
2604,Lucas,Ramirez,1970-04-09,Male,B-,lucas.ramirez@email.example.com,(339) 722-1805,Silas Patel,(902) 820-6093,"{""line1"": ""243 Union Ave"", ""apt"": """", ""city"": ""Oklahoma City"", ""state"": ""OK"", ""zip"": ""73101""}",Single,Architect,,CareFirst,POL-421147,GRP-8488,261,2020-09-17,2022-08-09,160,65,25.4,Former Smoker,Occasional,None,"Hypertension, Type 2 Diabetes","Clopidogrel, Bupropion","Hernia repair, Angioplasty with stent","None, Hypertension",English,Hispanic or Latino,Inactive,20,EMR_Cerner
2607,,Baker,1959-06-09,Female,O+,linda.baker@email.example.com,(910) 797-4405,Victoria Russell,(726) 908-4650,"{""line1"": ""7197 Monroe Dr"", ""apt"": """", ""city"": ""Austin"", ""state"": ""TX"", ""zip"": ""73301"", ""longitude"": -75.4988, ""street_type"": ""Ln"", ""neighborhood"": ""Uptown""}",Married,Software Developer,Wood Corp,Kaiser Permanente,POL-843253,GRP-3803,105,2025-12-20,2028-02-09,161,49,18.9,Non-Smoker,Moderate,"Sulfa, Dust, Peanuts",,"Eliquis, Montelukast, Warfarin, Ibuprofen",None,"Diabetes, Hypertension, Cancer",Spanish,Black or African American,Active,10,EMR_Cerner
2608,Debra,Hall,1974-12-17,Female,A+,debra.hall@email.example.com,(548) 291-7297,Bruce Lee,(566) 713-6295,"{""line1"": ""5760 Maple Dr"", ""apt"": """", ""city"": ""Austin"", ""state"": ""TX"", ""zip"": ""73301"", ""country"": ""USA""}",Divorced,Dental Hygienist,Johnson Corp,Oscar Health,POL-705426,GRP-2343,154,2025-05-05,2026-01-06,174,88,29.1,Non-Smoker,Occasional,Pollen,Congestive Heart Failure,"Duloxetine, Loratadine, Bupropion, Losartan","Appendectomy 2018, Cholecystectomy 2020",Asthma,English,White,Active,17,EMR_Cerner
2612,Jason,Ramirez,1992-09-01,Male,O+,jason.ramirez@email.example.com,(357) 390-9008,Naomi Mendoza,(516) 579-5833,"{""line1"": ""2078 Third St"", ""apt"": """", ""city"": ""Los Angeles"", ""state"": ""CA"", ""zip"": ""90001""}",Married,Psychologist,Peterson Corp,Harvard Pilgrim,POL-254538,GRP-6053,352,2018-05-31,2019-04-04,174,75,24.8,Non-Smoker,Former,"Dust, Penicillin, Peanuts",Migraine,"Ibuprofen, Lisinopril, Insulin glargine",None,"Alzheimer's, Heart Disease",French,White,Active,24,EMR_Cerner
2615,Shirley,Peterson,1990-04-03,Female,O+,shirley.peterson@email.example.com,(225) 520-8261,John Lee,(997) 751-3008,"{""line1"": ""3611 Union Ave"", ""apt"": """", ""city"": ""Los Angeles"", ""state"": ""CA"", ""zip"": ""90001"", ""longitude"": -115.1743, ""street_type"": ""Cir"", ""country"": ""USA""}",Married,Electrician,Torres Corp,Anthem,POL-109231,GRP-7329,140,2024-07-29,2027-06-10,159,82,32.4,Former Smoker,None,"Latex, NSAIDs, Shellfish","Type 2 Diabetes, Chronic Fatigue",Hydrochlorothiazide,None,"Asthma, Diabetes",Russian,Two or More Races,Active,21,EMR_Cerner
2616,Edward,Hicks,1985-06-05,Male,A+,edward.hicks@email.example.com,(345) 628-5826,Oliver Jimenez,(904) 513-7998,"{""line1"": ""5682 Main St"", ""apt"": """", ""city"": ""Indianapolis"", ""state"": ""IN"", ""zip"": ""46201""}",Single,Administrative Assistant,Richardson Corp,,,,348,2024-03-24,2025-12-02,160,95,37.1,Non-Smoker,Heavy,Peanuts,,Warfarin,None,"None, Alzheimer's, Asthma",English,Black or African American,Active,18,EMR_Cerner
2618,Scarlett,Jordan,1974-05-06,Female,A+,scarlett.jordan@email.example.com,(960) 881-1664,Sandra Hamilton,(447) 597-1880,"{""line1"": ""637 Beechwood Ave"", ""apt"": """", ""city"": ""Chicago"", ""state"": ""IL"", ""zip"": ""60601"", ""latitude"": 35.6678, ""delivery_notes"": ""Ring bell"", ""country"": ""USA""}",Married,Mechanic,AAAAAAAAAAAAAAAAAAAAAAAAAAAAAAAAAAAAAAAAAAAAAAAAAAAAAAAAAAAAAAAAAAAAAAAAAAAAAAAAAAAAAAAAAAAAAAAAAAAAAAAAAAAAAAAAAAAAAAAAAAAAAAAAAAAAAAAAAAAAAAAAAAAAAAAAAAAAAAAAAAAAAAAAAAAAAAAAAAAAAAAAAAAAAAAAAAAAAAAA,Harvard Pilgrim,POL-221301,GRP-1091,233,2025-13-01,2024-06-13,169,99,150,Non-Smoker,Heavy,Pollen,Sleep Apnea,None,None,"Alzheimer's, Heart Disease",,White,Active,20,EMR_Cerner
2621,Christine,UNKNOWN,2003-03-02,Female,O+,christine.rivera@email.example.com,(348) 490-6767,Micah Rodriguez,(907) 677-9883,"{""line1"": ""4529 Beechwood Ave"", ""apt"": """", ""city"": ""Phoenix"", ""state"": ""AZ"", ""zip"": ""85001"", ""county"": ""Cook"", ""neighborhood"": ""Historic District""}",Separated,Logistics Coordinator,,,,,466,2024-10-04,2027-02-09,164,124,46.1,Non-Smoker,Heavy,"Dust, Pollen, NSAIDs",Depression,Pantoprazole,None,"Heart Disease, Arthritis",English,Black or African American,Active,3,EMR_Cerner
2627,Layla,Myers,2002-12-01,Female,O-,layla.myers@email.example.com,(779) 547-4047,Janet Stevens,(434) 615-8114,"{""line1"": ""489 Sunset Dr"", ""apt"": """", ""city"": ""Mesa"", ""state"": ""AZ"", ""zip"": ""85201"", ""longitude"": -97.5585}",Single,Unemployed,,Cigna HealthCare,POL-994787,GRP-9881,67,2025-05-20,2025-08-10,169,67,23.5,Former Smoker,None,"Latex, Penicillin, Sulfa","Irritable Bowel Syndrome, Anemia",None,"Rotator cuff repair, Cholecystectomy, Carpal tunnel release",None,Spanish,Other,Active,12,EMR_Cerner
2634,Avery,Edwards,2004-03-02,Female,A-,avery.edwards@email.example.com,(596) 621-8863,Larry Porter,(255) 808-3719,"{""line1"": ""291 Pleasant St"", ""apt"": "", Apt 43"", ""city"": ""Cleveland"", ""state"": ""OH"", ""zip"": ""44101""}",Single,Graphic Designer,Morris Corp,Blue Cross Blue Shield,POL-275602,GRP-2048,420,2020-12-23,2024-11-16,165,73,26.8,Former Smoker,None,"Dust, None, Penicillin","Ulcerative Colitis, Psoriasis","Ozempic, Albuterol",None,"None, Asthma",Spanish,White,Active,11,EMR_Cerner
2639,Jackson,Kelly,1800-01-01,Male,A+,jackson.kelly@email.example.com,(970) 896-4052,999-999-9999,(747) 333-1815,"{""line1"": ""7550 Sycamore Ave"", ""apt"": "", Apt 12"", ""city"": ""Raleigh"", ""state"": ""NC"", ""zip"": ""27601"", ""delivery_notes"": ""Call upon arrival"", ""country"": ""USA"", ""latitude"": 41.1891}",Divorced,Dentist,Simmons Corp,,POL-918834,GRP-9822,310,tomorrow,2022-12-09,191,88,24.1,Smoker,Occasional,None,,"Ibuprofen, Metoprolol",None,Asthma,English,White,Deceased ,15,EMR_Cerner
2641,Heather,Hayes,1982-01-08,Female,A+,heather.hayes@email.example.com,(340) 712-1530,Nora Price,(685) 288-1616,"{""line1"": ""668 Lake Dr"", ""apt"": """", ""city"": ""Sacramento"", ""state"": ""CA"", ""zip"": ""94201"", ""timezone"": ""America/New_York"", ""street_type"": ""Pl"", ""landmark"": ""Adjacent to Library"", ""country"": ""USA""}",Married,Electrician,Bailey Corp,,,,67,2025-13-01,2024-05-30,179,40,12.5,Non-Smoker,None,Pollen,", ","Hydrochlorothiazide, Ibuprofen, Fluticasone, Sertraline",None,None,English,Hispanic or Latino,Active,12,EMR_Cerner
2645,Amy,Nguyen,2000-07-10,Female,O+,amy.nguyen@email.example.com,(795) 934-1490,Albert Jordan,(283) 771-4244,"{""line1"": ""4778 First St"", ""apt"": "", Unit 8"", ""city"": ""San Francisco"", ""state"": ""CA"", ""zip"": ""94101"", ""street_type"": ""Blvd"", ""longitude"": -120.6922}",Married,Electrician,,Aetna,POL-255355,GRP-2106,335,2023-07-17,1900-01-01,166,45,16.3,Smoker,Occasional,Penicillin,"Migraine, Asthma, Hypertension","Ozempic, Ibuprofen, Clopidogrel",None,"Cancer, Heart Disease",English,White,Deceased ,10,EMR_Cerner
2648,Ella,Foster,1984-09-08,Female,O+,ella.foster@email.example.com,(981) 893-9402,Kelly Gonzalez,(475) 734-4951,"{""line1"": ""2618 Poplar St"", ""apt"": "", # 5"", ""city"": ""Indianapolis"", ""state"": ""IN"", ""zip"": ""46201"", ""street_type"": ""Ct"", ""timezone"": ""America/New_York"", ""floor_number"": 14}",Married,Musician,,Oscar Health,POL-517863,GRP-2264,48,2025-13-01,,169,116,40.6,Former Smoker,None,"Sulfa, Shellfish, Dust","Congestive Heart Failure, GERD",None,None,Hypertension,Mandarin,Black or African American,Active,23,EMR_Cerner
,Zoey,Morris,1984-12-31,Female,O+,zoey.morris@email.example.com,(621) 389-7424,Mark West,(752) 439-3552,"{""line1"": ""2975 Sycamore Ave"", ""apt"": "", # 15"", ""city"": ""New York"", ""state"": ""NY"", ""zip"": ""10001"", ""latitude"": 31.2417}",Married,Dental Hygienist,Evans Corp,Oscar Health,POL-472630,GRP-7559,467,2023-06-09,2025-12-16,9999,,28.6,Non-Smoker,Occasional,"Latex, Shellfish","Chronic Kidney Disease, Ulcerative Colitis",Eliquis,None,Asthma,English,Other,Inactive,11,EMR_Cerner
2650,Raymond,Harrison,2001-10-28,Male,A+,raymond.harrison@email.example.com,,Emily Hamilton,(555) 388-5299,"{""line1"": ""9618 Walnut Ave"", ""apt"": """", ""city"": ""Mesa"", ""state"": ""AZ"", ""zip"": ""85201"", ""timezone"": ""America/Los_Angeles"", ""longitude"": -117.8804, ""delivery_notes"": ""Deliver to reception""}",Married,Unemployed,Crawford Corp,Health Net,POL-172591,GRP-2082,57,2019-10-11,2022-04-30,175,60,19.6,never assessed,Former,"NSAIDs, Penicillin, Latex","Psoriasis, Rheumatoid Arthritis, Hypertension, Depression",Apixaban,Spinal fusion,"Cancer, Hypertension, None",French,Hispanic or Latino,Inactive,18,EMR_Cerner
2652,Samuel,Rogers,1986-04-01,Male,O+,samuel.rogers@email.example.com,(910) 794-9779,Jeremy Cole,(348) 272-1007,"{""line1"": ""7787 First St"", ""apt"": """", ""city"": ""Jacksonville"", ""state"": ""FL"", ""zip"": ""32201""}",Married,Artist,Patel Corp,Harvard Pilgrim,POL-754844,GRP-9490,351,2024-04-04,2025-09-08,182,92,27.8,Non-Smoker,Occasional,"Latex, Peanuts, None",Rheumatoid Arthritis,Cetirizine,None,None,English,White,Active,16,EMR_Cerner
2660,Angela,Lopez,1951-04-01,Female,A+,angela.lopez@email.example.com,(689) 391-2338,Albert Price,(667) 685-7778,"{""line1"": ""3562 Oak Ave"", ""apt"": """", ""city"": ""Omaha"", ""state"": ""NE"", ""zip"": ""68101"", ""latitude"": 46.1168, ""timezone"": ""America/Denver"", ""street_type"": ""Way""}",Separated,Engineer,Perry Corp,MetLife,POL-559795,GRP-5780,52,2024-08-12,2028-09-09,167,80,28.7,Non-Smoker,Moderate,"Shellfish, Peanuts, Codeine","Rheumatoid Arthritis, Congestive Heart Failure, Fibromyalgia, Osteoporosis","Losartan, Prednisone",none,Heart Disease,English,White,Active,22,EMR_Cerner
2662,Aiden,Hayes,1992-02-28,Male,A+,aiden.hayes@email.example.com,(537) 509-1885,Genesis Fisher,000-000-0000,"{""line1"": ""Unknown"", ""city"": ""Unknown"", ""state"": ""NA"", ""zip"": ""00000"", ""delivery_notes"": ""Gate code: #1234"", ""longitude"": -84.2332}",Married,Construction Worker,Lopez Corp,Kaiser Permanente,POL-131228,GRP-3569,4,2021-07-22,,171,71,24.3,Never Assessed,None,"Codeine, None","GERD, Congestive Heart Failure",Tramadol,None,"Alzheimer's, None, Heart Disease",English,Two or More Races,Active,1,EMR_Cerner
2664,Carol,Collins,,Female,O+,carol.collins@email.example.com,(304) 960-5725,Joyce Taylor,(983) 395-4752,"{""line1"": ""8428 Franklin Blvd"", ""apt"": """", ""city"": ""Baltimore"", ""state"": ""MD"", ""zip"": ""21201"", ""latitude"": 28.6405, ""neighborhood"": ""Waterfront"", ""floor_number"": 18, ""street_type"": ""Blvd""}",Married,Professor,Cox Corp,Bright Health,POL-441555,,494,2021-03-08,2022-08-17,174,75,24.8,Non-Smoker,Moderate,"NSAIDs, Latex, Shellfish",,None,Gastric bypass,Cancer,French,White,Deceased,18,EMR_Cerner
,Micah,Ruiz,1987-02-22,Male,O+,micah.ruiz1@email.example.com,(480) 331-7295,William Turner,(655) 602-5183,"{""line1"": ""2276 First St"", ""apt"": """", ""city"": ""Omaha"", ""state"": ""NE"", ""zip"": ""68101"", ""neighborhood"": ""Uptown""}",Married,Artist,Russell Corp,Blue Cross Blue Shield,POL-914702,GRP-6471,204,2024-11-11,2025-10-30,171,74,25.3,Current Smoker,Occasional,"Penicillin, Peanuts","COPD, Hypertension, Osteoporosis","Prednisone, Levothyroxine, Metoprolol",Appendectomy,Diabetes,English,Black or African American,Active,16,EMR_Cerner
2669,Heather,Bryant,1961-09-07,Female,O-,heather.bryant@email.example.com,(617) 770-9397,Jose Morgan,(909) 523-1134,"{""line1"": ""6702 Hickory St"", ""apt"": """", ""city"": ""Omaha"", ""state"": ""NE"", ""zip"": ""68101"", ""neighborhood"": ""Downtown""}",Single,Retired,,UnitedHealthcare,POL-298389,GRP-5789,136,2021-06-25,,170,76,26.3,Current Smoker,Occasional,None,Asthma,"Furosemide, Loratadine, Duloxetine, Prednisone",None,None,Spanish,Hispanic or Latino,Inactive,6,EMR_Cerner
2672,Avery,Cruz,1986-10-22,Female,O-,avery.cruz@email.example.com,(697) 556-9725,Paul Martin,(551) 872-8312,"{""line1"": ""9190 Ninth St"", ""apt"": """", ""city"": ""Tampa"", ""state"": ""FL"", ""zip"": ""33601"", ""county"": ""King"", ""timezone"": ""America/Los_Angeles"", ""country"": ""USA""}",Single,Librarian,,Anthem,POL-699268,GRP-7414,261,2024-04-03,2027-02-25,162,55,21.0,Non-Smoker,Occasional,"Pollen, NSAIDs, Sulfa","Crohn's Disease, Anxiety Disorder",None,None,"Heart Disease, Asthma",Cantonese,White,Active,20,EMR_Cerner
2674,Lincoln,Nguyen,1994-01-02,Male,A+,lincoln.nguyen@email.example.com,(892) 599-2353,Madelyn Lopez,(215) 777-8603,"{""line1"": ""9660 Cedar Ln"", ""apt"": "", Apt 44"", ""city"": ""Sacramento"", ""state"": ""CA"", ""zip"": ""94201"", ""street_type"": ""Pl"", ""country"": ""USA"", ""longitude"": -91.0175, ""timezone"": ""America/Denver""}",Divorced,Librarian,Stevens Corp,Anthem,POL-645843,GRP-5909,204,2019-10-28,2022-09-08,176,64,20.7,Former Smoker,None,Pollen,"Migraine, Rheumatoid Arthritis, Sleep Apnea, COPD",,"Hernia repair, Meniscectomy","Hypertension, Stroke, Alzheimer's",English,White,Active,16,EMR_Cerner
2680,Sharon,West,1967-02-14,Female,O-,sharon.west@email.example.com,12345,Levi Gomez,(238) 605-4538,"{""line1"": ""6037 Third St"", ""apt"": """", ""city"": ""Miami"", ""state"": ""FL"", ""zip"": ""33101"", ""latitude"": 38.4695, ""timezone"": ""America/New_York"", ""neighborhood"": ""Southside""}",Married,Teacher,Wright Corp,Bright Health,POL-265165,GRP-1031,244,2025-04-01,2026-05-09,169,55,19.3,Former Smoker,None,"Sulfa, Latex","Hypothyroidism, Anemia","Bupropion, Jardiance, Eliquis, Amlodipine",None,Hypertension,English,White,Active,23,EMR_Cerner
2688,Willie,Ross,1970-03-21,Male,B-,willie.ross@email.example.com,(973) 286-3221,Skylar Reyes,(543) 796-5878,"{""line1"": ""4928 Ninth St"", ""apt"": """", ""city"": ""New York"", ""state"": ""NY"", ""zip"": ""10001"", ""county"": ""Maricopa"", ""country"": ""USA"", ""neighborhood"": ""East Side"", ""longitude"": -116.6263}",Married,Writer,AAAAAAAAAAAAAAAAAAAAAAAAAAAAAAAAAAAAAAAAAAAAAAAAAAAAAAAAAAAAAAAAAAAAAAAAAAAAAAAAAAAAAAAAAAAAAAAAAAAAAAAAAAAAAAAAAAAAAAAAAAAAAAAAAAAAAAAAAAAAAAAAAAAAAAAAAAAAAAAAAAAAAAAAAAAAAAAAAAAAAAAAAAAAAAAAAAAAAAAA,CareFirst,POL-497090,GRP-8765,123,2018-02-17,2021-02-08,178,96,30.3,Never Assessed,None,"Sulfa, Shellfish, NSAIDs",,"Ozempic, Bupropion, Eliquis, Sertraline",None,None,English,White,Active,9,EMR_Cerner
2690,Eric,Carter,1995-04-03,Male,A-,eric.carter@email.example.com,(415) 261-9036,Patrick Nguyen,(288) 798-3042,"{""line1"": ""5144 Cypress Dr"", ""apt"": "", Suite 10"", ""city"": ""Portland"", ""state"": ""OR"", ""zip"": ""97201"", ""longitude"": -87.036, ""county"": ""San Diego"", ""delivery_notes"": ""Gate code: #1234"", ""latitude"": 36.7169}",Single,Chef,Alexander Corp,MetLife,POL-713273,GRP-8249,334,2023-09-14,2025-10-27,160,53,20.7,Non-Smoker,Occasional,"Peanuts, NSAIDs, Latex",Chronic Kidney Disease,Meloxicam,None,None,English,White,Active,7,EMR_Cerner
2692,Alexander,Russell,1972-04-03,Male,O-,alexander.russell@email.example.com,(521) 606-9269,Ryan Diaz,(392) 503-4236,"{""line1"": ""1757 Lake Dr"", ""apt"": "", Suite 31"", ""city"": ""Mesa"", ""state"": ""AZ"", ""zip"": ""85201"", ""latitude"": 34.7447, ""county"": ""Harris""}",Single,Retail Associate,Phillips Corp,Oscar Health,,GRP-6382,215,2025-10-16,2028-06-20,175,106,34.6,Non-Smoker,Moderate,"PENICILLIN, SULFA",,None,"Mastectomy, Total hip replacement",None,Mandarin,White,Active,8,EMR_Cerner
2707,Harold,Roberts,1978-09-29,Male,O+,harold.roberts@email.example.com,(243) 474-3227,Rebecca Mendoza,(352) 708-5058,"{""line1"": ""4085 Cherry Ln"", ""apt"": """", ""city"": ""Omaha"", ""state"": ""NE"", ""zip"": ""68101"", ""country"": ""USA""}",Divorced,Plumber,,Blue Cross Blue Shield,POL-714579,GRP-4185,51,2022-03-25,2026-04-22,180,99,30.6,Non-Smoker,Moderate,"Shellfish, None","Rheumatoid Arthritis, COPD",None,"Cholecystectomy, Gastric bypass",Heart Disease,English,White,Inactive,8,EMR_Cerner
2714,Lucas,Murphy,1964-08-26,Male,A+,lucas.murphy@email.example.com,(904) 725-1830,Miles Howard,(296) 584-9628,"{""line1"": ""6317 Franklin Blvd"", ""apt"": """", ""city"": ""San Diego"", ""state"": ""CA"", ""zip"": ""92101"", ""longitude"": -119.5452, ""latitude"": 42.4825, ""street_type"": ""Ln"", ""neighborhood"": ""East Side""}",Divorced,Engineer,Green Corp,,,,438,2019-02-19,2021-01-03,179,69,21.5,Non-Smoker,None,"Dust, Sulfa","Crohn's Disease, Rheumatoid Arthritis, Asthma","Gabapentin, Jardiance","Cataract surgery, Vasectomy","Hypertension, Cancer",Spanish,White,Active,9,EMR_Cerner
2715,Jackson,Ward,1962-07-03,Male,O+,jackson.ward@email.example.com,(922) 506-1017,Alexander Cruz,(418) 568-4969,"{""line1"": ""Unknown"", ""city"": ""Unknown"", ""state"": ""NA"", ""zip"": ""00000"", ""longitude"": -76.6182, ""street_type"": ""Cir""}",Single,Driver,Richardson Corp,Oscar Health,POL-229397,GRP-8268,424,2019-03-05,2019-08-12,173,64,21.4,Non-Smoker,None,"NSAIDs, Shellfish","Atrial Fibrillation, Anemia","Sertraline, Loratadine, Warfarin, Metoprolol",Vasectomy,Hypertension,French,Asian,Active,7,EMR_Cerner
2716,Nicole,Hall,1996-02-12,Female,A+,nicole.hall@email.example.com,(215) 548-8164,999-999-9999,(380) 337-4135,"{""line1"": ""1623 Monroe Dr"", ""apt"": "", # 13"", ""city"": ""Columbus"", ""state"": ""OH"", ""zip"": ""43201""}",Separated,Librarian,AAAAAAAAAAAAAAAAAAAAAAAAAAAAAAAAAAAAAAAAAAAAAAAAAAAAAAAAAAAAAAAAAAAAAAAAAAAAAAAAAAAAAAAAAAAAAAAAAAAAAAAAAAAAAAAAAAAAAAAAAAAAAAAAAAAAAAAAAAAAAAAAAAAAAAAAAAAAAAAAAAAAAAAAAAAAAAAAAAAAAAAAAAAAAAAAAAAAAAAA,Molina Healthcare,POL-809923,GRP-3263,67,2021-02-17,2023-05-08,165,47,-5,Non-Smoker,None,"Pollen, Latex, None","Chronic Fatigue, Osteoporosis, Eczema","Apixaban, Clopidogrel, Spironolactone",None,None,Spanish,White,Active,12,EMR_Cerner
2721,Albert,Webb,1989-10-22,Male,A+,albert.webb@email.example.com,(246) 762-6060,Nora Butler,(383) 376-5862,"{""line1"": ""1015 Pine St"", ""apt"": """", ""city"": ""Oklahoma City"", ""state"": ""OK"", ""zip"": ""73101"", ""street_type"": ""Ct"", ""county"": ""King"", ""neighborhood"": ""Northside"", ""timezone"": ""America/Los_Angeles""}",Divorced,Business Owner,Collins Corp,Aetna,POL-228757,GRP-5499,347,2018-08-04,2021-07-13,183,77,23.0,Current Smoker,Moderate,"Latex, Sulfa, Dust","Anxiety Disorder, Ulcerative Colitis","Warfarin, Hydrochlorothiazide, Metoprolol, Tramadol","Mastectomy, C-section, Carpal tunnel release",None,English,White,Active,8,EMR_Cerner
2732,Megan,Lee,2000-05-17,Female,A-,megan.lee@email.example.com,(747) 726-7280,Patrick Wallace,(564) 492-7960,"{""line1"": ""358 Cherry Ln"", ""apt"": "", Apt 5"", ""city"": ""Nashville"", ""state"": ""TN"", ""zip"": ""37201"", ""country"": ""USA"", ""latitude"": 44.7298}",Single,Chef,,Independence Blue Cross,POL-683695,GRP-8256,335,2025-06-16,2025-09-18,150,650,35.6,Non-Smoker,Former,"Peanuts, Dust",Eczema,Pantoprazole,None,Alzheimer's,Spanish,Two or More Races,Active,10,EMR_Cerner
2734,Lily,Jackson,1952-12-08,Female,A+,lily.jackson@email.example.com,(312) 975-5538,Anthony Rogers,(531) 211-8815,"{""line1"": ""5661 Eighth Ave"", ""apt"": "", Apt 9"", ""city"": ""Miami"", ""state"": ""FL"", ""zip"": ""33101"", ""county"": ""Queens"", ""neighborhood"": ""Historic District"", ""longitude"": -82.9133, ""floor_number"": 48}",Married,Engineer,Hayes Corp,UnitedHealthcare,POL-767275,GRP-6730,383,2021-03-28,2021-10-08,154,67,28.3,Former Smoker,Moderate,"Sulfa, Latex, Pollen",,Warfarin,None,,French,Hispanic or Latino,Active,2,EMR_Cerner
2735,,Patterson,1972-02-28,Female,O+,megan.patterson@email.example.com,(511) 520-1393,Timothy Patterson,(646) 202-3855,"{""line1"": ""1085 Market St"", ""apt"": """", ""city"": ""Seattle"", ""state"": ""WA"", ""zip"": ""98101"", ""floor_number"": 1, ""county"": ""Sacramento"", ""longitude"": -107.1953, ""country"": ""USA"", ""timezone"": ""America/Phoenix""}",Single,Writer,Castillo Corp,Highmark,POL-242318,GRP-9504,201,2023-01-06,2025-07-11,170,111,38.4,Non-Smoker,None,"Peanuts, Penicillin, Pollen",,"Warfarin, Losartan, Hydrochlorothiazide",None,None,English,White,Active,21,EMR_Cerner
2740,Benjamin,Bailey,2005-11-30,Male,B-,benjamin.bailey@email.example.com,(805) 948-6673,Victor Bryant,(236) 866-1714,"{""line1"": ""4590 Third St"", ""apt"": """", ""city"": ""Fresno"", ""state"": ""CA"", ""zip"": ""93701""}",Married,Accountant,,CareFirst,POL-679188,GRP-6548,125,2018-11-15,2020-05-13,200,76,19,Non-Smoker,Moderate,None,Migraine,Cyclobenzaprine,"Hernia repair, C-section, Meniscectomy",Alzheimer's,English,White,Deceased ,4,EMR_Cerner
2741,12345,Brooks,1990-07-09,Male,O+,bobby.brooks@email.example.com,(605) 443-7248,Albert Thompson,(310) 869-3032,"{""line1"": ""2444 First St"", ""apt"": """", ""city"": ""Fort Worth"", ""state"": ""TX"", ""zip"": ""76101""}",Married,Student,Graham Corp,Geisinger,,GRP-9722,94,2020-11-27,2024-01-24,169,79,27.7,Non-Smoker,Occasional,Codeine,,None,None,"Heart Disease, None",Vietnamese,Hispanic or Latino,Active,8,EMR_Cerner
2745,Julian,Roberts,1988-11-17,Male,A+,julian.roberts@email.example.com,(493) 964-1917,Lincoln Hayes,(724) 505-5890,"{""line1"": ""8492 Hamilton Ct"", ""apt"": """", ""city"": ""Louisville"", ""state"": ""KY"", ""zip"": ""40201"", ""floor_number"": 35}",Married,Project Manager,Kim Corp,Oscar Health,POL-207126,GRP-7003,42,2022-08-10,2023-08-12,173,81,27.1,Non-Smoker,Occasional,"Sulfa, Dust, Latex","Atrial Fibrillation, Type 2 Diabetes, Fibromyalgia, COPD",Bupropion,None,None,English,Hispanic or Latino,Active,12,EMR_Cerner
2750,Evelyn,Jenkins,1982-08-17,Female,O+,evelyn.jenkins@email.example.com,(505) 866-5852,Jacqueline James,(472) 470-5650,"{""line1"": ""410 Hickory St"", ""apt"": "", # 45"", ""city"": ""Virginia Beach"", ""state"": ""VA"", ""zip"": ""23450""}",Single,Insurance Agent,McDonald Corp,Aetna,POL-223534,GRP-6373,409,2020-01-20,2020-09-05,163,68,25.6,Current Smoker,Occasional,"Shellfish, NSAIDs, Pollen","Sleep Apnea, Anemia, Irritable Bowel Syndrome",unknown,None,None,Spanish,Black or African American,Deceased,19,EMR_Cerner
2751,Daniel,Freeman,1973-09-27,Male,O-,daniel.freeman@email.example.com,(857) 936-9405,Bruce Patterson,(565) 690-2631,"{""line1"": ""9392 Aspen Ct"", ""apt"": """", ""city"": ""Colorado Springs"", ""state"": ""CO"", ""zip"": ""80901"", ""latitude"": 37.4412, ""country"": ""USA"", ""county"": ""Dallas"", ""neighborhood"": ""Historic District""}",Single,Consultant,Harris Corp,MetLife,POL-805292,GRP-2638,347,2024-01-30,,174,62,20.5,Former Smoker,Heavy,"Peanuts, Codeine, Shellfish",,Levothyroxine,Cholecystectomy,None,Arabic,Hispanic or Latino,Inactive,8,EMR_Cerner
2753,Camila,Gonzales,2005-01-25,Female,A+,camila.gonzales@email.example.com,(745) 981-4533,Terry Carter,(454) 492-9363,"{""line1"": ""1758 Ash Ct"", ""apt"": "", Apt 22"", ""city"": ""Jacksonville"", ""state"": ""FL"", ""zip"": ""32201"", ""longitude"": -118.8762, ""country"": ""USA"", ""street_type"": ""Ave""}",Single,Retail Associate,Flores Corp,Bright Health,POL-410401,GRP-5405,269,2019-07-03,2021-11-03,164,heavy,16.7,Non-Smoker,None,None,,"Bupropion, Acetaminophen, Tramadol",None,"Alzheimer's, Cancer, Stroke",English,Black or African American,Active,8,EMR_Cerner
2755,Madelyn,Ramos,1998-06-23,Female,A+,madelyn.ramos@email.example.com,(311) 511-9254,Richard McDonald,(491) 389-7634,"{""line1"": ""8090 Center St"", ""apt"": "", Unit 17"", ""city"": ""San Jose"", ""state"": ""CA"", ""zip"": ""95101""}",Married,Data Analyst,Reyes Corp,Cigna HealthCare,POL-ABC,GRP-5924,388,2018-07-13,2019-07-29,161,85,32.8,Non-Smoker,Moderate,"Sulfa, Shellfish, Penicillin",GERD,!@#$%^&*(),None,None,English,Two or More Races,,4,EMR_Cerner
2759,Karen,Woods,1980-12-25,Female,A+,karen.woods@email.example.com,(555) 906-4223,Walter Ward,(569) 258-9458,"{""line1"": ""3817 Washington Ave"", ""apt"": "", Apt 1"", ""city"": ""San Diego"", ""state"": ""CA"", ""zip"": ""92101"", ""timezone"": ""America/Los_Angeles"", ""longitude"": -75.0769}",Single,Administrative Assistant,Walker Corp,Oscar Health,POL-905027,G1234,272,2020-09-20,,,heavy,23.9,Former Smoker,Occasional,"Shellfish, Sulfa","Hypertension, Anxiety Disorder, Congestive Heart Failure","Clopidogrel, Acetaminophen, Cetirizine, Celecoxib",None,None,Arabic,Hispanic or Latino,Active,18,EMR_Cerner
2762,Karen,Hall,1994-02-04,Female,O-,karen.hall@email.example.com,(804) 879-4680,Kenneth Tucker,(577) 352-9413,"{""line1"": ""443 Main St"", ""apt"": """", ""city"": ""Baltimore"", ""state"": ""MD"", ""zip"": ""21201"", ""country"": ""USA"", ""delivery_notes"": ""Ring bell""}",Married,Logistics Coordinator,,Tufts Health Plan,POL-166607,GRP-7633,268,2023-10-04,,156,55,22.6,Former Smoker,Moderate,Penicillin,,Amlodipine,None,"Stroke, Alzheimer's, Heart Disease",Spanish,White,Inactive,14,EMR_Cerner
2763,Ella,Moore,1988-11-24,Female,B+,ella.moore@email.example.com,(228) 784-9982,Diane Campbell,(923) 910-1533,"{""line1"": ""7671 Park Blvd"", ""apt"": """", ""city"": ""Fort Worth"", ""state"": ""TX"", ""zip"": ""76101"", ""floor_number"": 39, ""country"": ""USA""}",Married,,Washington Corp,Kaiser Permanente,POL-735369,GRP-1200,360,2018-07-26,2019-03-23,155,88,36.6,Former Smoker,Former,"Shellfish, Latex, NSAIDs","Coronary Artery Disease, GERD, Type 2 Diabetes","Albuterol, Gabapentin, Insulin glargine, Metoprolol","Hemorrhoidectomy, Laminectomy, Sleeve gastrectomy",None,Spanish,White,Active,10,EMR_Cerner
2773,Lisa,Ramos,1992-11-18,F,B+,lisa.ramos@email.example.com,(881) 300-5840,Timothy Ramirez,(586) 965-3312,"{""line1"": ""2784 Fifth St"", ""apt"": """", ""city"": ""Charlotte"", ""state"": ""NC"", ""zip"": ""28201""}",Single,Logistics Coordinator,,Harvard Pilgrim,POL-275106,GRP-1650,411,2024-03-06,2027-02-22,162,79,30.1,Non-Smoker,Occasional,"Codeine, Sulfa",,Ibuprofen,None,Stroke,English,White,Active,12,EMR_Cerner
2775,Naomi,Russell,1984-07-12,Female,A+,naomi.russell@email.example.com,(532) 252-9865,Barbara Walker,(326) 704-6506,"{""line1"": ""5010 Tenth Ave"", ""apt"": """", ""city"": ""New York"", ""state"": ""NY"", ""zip"": ""10001"", ""longitude"": -91.4068, ""neighborhood"": ""East Side"", ""country"": ""USA""}",Married,Administrative Assistant,,Cigna,POL-181459,G1234,473,2019-01-13,2022-11-06,168,57,20.2,Non-Smoker,Occasional,"Shellfish, Latex, NSAIDs",Type 2 Diabetes,"Tramadol, Bupropion",None,None,Spanish,Human,Active,22,EMR_Cerner
2777,Joe,West,1950-05-22,F,O-,joe.west@email.example.com,(473) 629-3335,Willie Brooks,(408) 536-3893,"{""line1"": ""2648 Union Ave"", ""apt"": "", Suite 24"", ""city"": ""Raleigh"", ""state"": ""NC"", ""zip"": ""27601"", ""county"": ""Harris"", ""latitude"": 42.1743, ""street_type"": ""Blvd""}",Divorced,Retired,Porter Corp,MetLife,POL-539221,GRP-6992,292,2023-05-25,2023-05-25,153,110,47.0,Current Smoker,Occasional,"Dust, Peanuts, None","Type 2 Diabetes, Hypothyroidism","Insulin glargine, Aspirin",Sleeve gastrectomy,Hypertension,Spanish,White,Active,14,EMR_Cerner
2779,Anthony,Ward,2003-07-23,Male,A-,anthony.ward@email.example.com,(364) 622-7031,Christina Ellis,(624) 211-9373,"{""line1"": ""5133 Sycamore Ave"", ""apt"": "", Unit 1"", ""city"": ""San Francisco"", ""state"": ""CA"", ""zip"": ""94101"", ""county"": ""Harris"", ""timezone"": ""America/Denver"", ""longitude"": -100.196}",Married,Writer,Alexander Corp,Tufts Health Plan,POL-640407,GRP-5497,325,2020-01-16,,174,67,22.1,Non-Smoker,None,None,,None,None,"Heart Disease, Diabetes, Heart Disease",English,Hispanic or Latino,Inactive,12,EMR_Cerner
2780,Naomi,Parker,1953-11-11,Mle,AB+,naomi.parker@email.example.com,(417) 955-2660,Mary Porter,(838) 339-5615,"{""line1"": ""1860 Fifth St"", ""apt"": "", # 35"", ""city"": ""Miami"", ""state"": ""FL"", ""zip"": ""33101""}",Married,---,Murphy Corp,Blue Cross,POL-221535,GRP-9337,342,2018-01-04,2020-09-01,9999,95,36.2,Never Assessed,Occasional,"Peanuts, NSAIDs, Shellfish",Fibromyalgia,None,None,"Heart Disease, Cancer",French,White,Active,4,EMR_Cerner
2784,Virginia,Cruz,1959-11-01,Female,A-,virginia.cruz@email.example.com,(714) 652-4838,Theodore Murphy,(397) 778-9328,"{""line1"": ""8729 Walnut Ave"", ""apt"": """", ""city"": ""Miami"", ""state"": ""FL"", ""zip"": ""33101"", ""country"": ""USA"", ""longitude"": -81.4431}",Widowed,Business Owner,Campbell Corp,Geisinger,POL-706898,GRP-4715,495,2021-10-04,1900-01-01,9999,93,35.4,Non-Smoker,None,None,,Tramadol,None,Stroke,Spanish,Black or African American,Active,21,EMR_Cerner
2786,Stella,Rivera,2003-06-20,Female,O+,stella.rivera@email.example.com,(253) 831-3025,Grace Myers,(909) 858-1634,"{""line1"": ""3717 Broadway"", ""apt"": """", ""city"": ""Fort Worth"", ""state"": ""TX"", ""zip"": ""76101""}",,Project Manager,,Blue Cross Blue Shield,POL-665669,GRP-7403,238,2022-02-01,2024-11-03,166,61,22.1,Non-Smoker,Moderate,None,,None,None,None,Spanish,Hispanic or Latino,Active,15,EMR_Cerner
2787,Avery,Baker,1978-01-23,Female,A+,avery.baker@email.example.com,(606) 258-8457,Sandra Martin,(752) 435-5624,"{""line1"": ""8783 Ninth St"", ""apt"": """", ""city"": ""Omaha"", ""state"": ""NE"", ""zip"": ""68101""}",Married,Business Owner,Hicks Corp,Aetna,POL-586812,GRP-6545,472,2018-04-18,2019-09-23,154,56,23.6,Non-Smoker,None,Latex,,"Celecoxib, Warfarin, Albuterol, Gabapentin",Rotator cuff repair,"Arthritis, Diabetes, Stroke",Tagalog,White,Active,15,EMR_Cerner
2788,Genesis,Kim,1984-09-15,Female,O+,genesis.kim@email.example.com,2125550199,Karen Griffin,(410) 777-1852,"{""line1"": ""8293 Madison St"", ""apt"": "", Apt 34"", ""city"": ""Albuquerque"", ""state"": ""NM"", ""zip"": ""87101"", ""county"": ""San Diego""}",Separated,Physical Therapist,Gomez Corp,Independence Blue Cross,POL-732116,GRP-7283,415,2020-04-10,2021-03-09,154,88,37.1,Current Smoker,Occasional,"Sulfa, Peanuts",Chronic Kidney Disease,Insulin glargine,"Tonsillectomy, Carpal tunnel release, Hemorrhoidectomy",Stroke,English,caucasian,Active,9,EMR_Cerner
2789,Margaret,Peterson,2000-04-11,Female,AB+,margaret.peterson@email.example.com,(825) 327-7142,Eric Nelson,(968) 392-1656,"{""line1"": ""1899 Jefferson Ave"", ""apt"": """", ""city"": ""Kansas City"", ""state"": ""MO"", ""zip"": ""64101"", ""county"": ""Maricopa""}",Married,Graphic Designer,Parker Corp,Centene,POL-161440,GRP-4965,462,2020-02-29,2022-10-14,168,108,38.3,Never Assessed,Occasional,"Shellfish, Peanuts, Sulfa","Crohn's Disease, Irritable Bowel Syndrome","Aspirin, Metoprolol, Amlodipine",Appendectomy,"Stroke, Arthritis",English,Other,Inactive,20,EMR_Cerner
,Shirley,Graham,1988-11-09,Female,B+,shirley.graham@email.example.com,(712) 474-4128,Dennis Ortiz,,"{""line1"": ""471 Lincoln Blvd"", ""apt"": """", ""city"": ""Cleveland"", ""state"": ""OH"", ""zip"": ""44101"", ""timezone"": ""America/Denver""}",Married,Doctor,Mitchell Corp,UnitedHealthcare,POL-699581,GRP-2861,477,2020-09-09,2023-09-12,158,0,33.6,Current Smoker,Heavy,None,Type 2 Diabetes,"Aspirin, Amlodipine",Carpal tunnel release,"Hypertension, Arthritis",English,Two or More Races,Active,15,EMR_Cerner
2799,Michael,Ford,1986-10-11,Male,A+,michael.ford@email.example.com,(769) 580-4213,Oliver McDonald,(249) 982-5523,"{""line1"": ""3556 Second Ave"", ""apt"": """", ""city"": ""Houston"", ""state"": ""TX"", ""zip"": ""77001"", ""longitude"": -85.5975, ""street_type"": ""Ln"", ""latitude"": 33.8836, ""country"": ""USA""}",Divorced,Writer,,,,,381,2018-06-08,2022-02-28,182,78,23.5,Former Smoker,Occasional,"Dust, Pollen, Sulfa",,Ozempic,None,"DM, HTN, CAD",English,Hispanic or Latino,Active,11,EMR_Cerner
2812,Rebecca,Taylor,1960-01-02,Female,A+,rebecca.taylor@email.example.com,(978) 440-4257,Susan Ramos,(924) 766-7604,"{""line1"": ""7189 Beechwood Ave"", ""apt"": "", Apt 43"", ""city"": ""Denver"", ""state"": ""CO"", ""zip"": ""80201"", ""county"": ""San Diego""}",Married ,Administrative Assistant,,Health Net,POL-107130,GRP-9913,13,2022-03-04,2023-07-29,162,85,32.4,Former Smoker,None,None,"Eczema, Type 2 Diabetes","Meloxicam, Losartan, Bupropion, Furosemide",None,"Alzheimer's, None",English,White,Active,13,EMR_Cerner
,Oliver,Ross,1984-09-03,Male,A+,oliver.ross@email.example.com,(554) 893-4162,,(848) 997-2844,"{""line1"": ""4313 Sycamore Ave"", ""apt"": "", # 49"", ""city"": ""Long Beach"", ""state"": ""CA"", ""zip"": ""90801"", ""longitude"": -77.1069, ""country"": ""USA"", ""county"": ""Queens"", ""floor_number"": 21}",Single,,,Highmark,POL-491547,GRP-3786,407,2023-02-03,2024-09-28,181,95,29.0,Current Smoker,Moderate,None,Psoriasis,"Omeprazole, Lisinopril",Hemorrhoidectomy,Asthma,English,White,Active,2,EMR_Cerner
2817,Skylar,Long,1963-03-30,Female,O+,skylar.long1@email.example.com,(959) 347-5339,Nathan Anderson,(228) 970-9558,"{""line1"": ""8975 Eighth Ave"", ""apt"": """", ""city"": ""Washington"", ""state"": ""DC"", ""zip"": ""20001""}",Married,Teacher,Roberts Corp,Independence Blue Cross,POL-725958,GRP-1007,322,2024-10-15,2027-02-12,160,96,37.5,Non-Smoker,Heavy,"Sulfa, Latex, Penicillin",Eczema,Omeprazole,None,None,Mandarin,White,Active,10,EMR_Cerner
2820,Ruth,Porter,1981-06-14,Female,A+,ruth.porter@email.example.com,(991) 390-4714,Zoey Carter,(289) 348-4820,"{""line1"": ""8445 Walnut Ave"", ""apt"": """", ""city"": ""Tampa"", ""state"": ""FL"", ""zip"": ""33601"", ""country"": ""USA"", ""latitude"": 46.1941, ""longitude"": -79.2273}",Single,UnemPloyed,Griffin Corp,Bright Health,POL-465015,GRP-2242,91,2018-09-21,2019-09-17,161,58,22.4,Non-Smoker,,"Shellfish, Peanuts, Penicillin","Sleep Apnea, Type 2 Diabetes, Hyperlipidemia",None,Coronary artery bypass grafting,None,English,White,Active,6,EMR_Cerner
2821,Emma,Ward,1993-12-21,Non-Binary,A-,emma.ward@email.example.com,(286) 641-9036,Emily Evans,(473) 251-1166,"{""line1"": ""123 Main St"", ""county"": ""San Diego""}",Divorced,Consultant,Howard Corp,Bright Health,POL-748953,GRP-5266,324,2018-11-17,2018-11-19,172,41,13.9,Former Smoker,Moderate,"Penicillin, Sulfa, Shellfish","Anemia, COPD","Gabapentin, Atorvastatin, Omeprazole, Insulin glargine",None,None,Mandarin,White,Active,24,EMR_Cerner
2823,George,Jenkins,1966-11-20,Male,O-,george.jenkins@email.example.com,(597) 271-3057,Benjamin Richardson,(662) 201-8397,"{""line1"": ""2202 Highland Ave"", ""apt"": """", ""city"": ""Long Beach"", ""state"": ""CA"", ""zip"": ""90801"", ""country"": ""USA""}",Married,Insurance Agent,,Molina Healthcare,POL-708720,GRP-1385,50,2019-03-17,2019-06-18,,94,27.2,Non-Smoker,Occasional,Codeine,Psoriasis,"Metoprolol, Atorvastatin",None,"Arthritis, Cancer, Stroke",Spanish,White,Inactive,21,EMR_Cerner
2825,Jacob,Griffin,1989-03-05,Male,A+,jacob.griffin@email.example.com,(779) 780-3300,Nicole Jimenez,(622) 749-4723,"{""line1"": ""3670 Sixth Ave"", ""apt"": """", ""city"": ""Tulsa"", ""state"": ""OK"", ""zip"": ""74101"", ""latitude"": 43.7721}",Single,Manager,Myers Corp,Humana,POL-725507,GRP-1346,388,2022-03-21,2025-07-15,178,93,29.4,Former Smoker,None,"Pollen, None, Penicillin",,Apixaban,None,"Diabetes, Heart Disease",Russian,Other,Active,4,EMR_Cerner
2827,Theodore,Jenkins,2099-06-15,Male,AB,theodore.jenkins@email.example.com,(385) 778-7338,Donna Cole,(693) 792-3755,"{""line1"": ""3544 Hill St"", ""apt"": "", # 4"", ""city"": ""San Diego"", ""state"": ""CA"", ""zip"": ""92101"", ""neighborhood"": ""West Side"", ""delivery_notes"": ""Deliver to reception""}",Married,Professor,Morales Corp,Aetna,POL-473769,GRP-6931,148,2023-01-26,2024-02-16,179,76,23.7,Non-Smoker,None,"Penicillin, Shellfish, Pollen",,Levothyroxine,None,Diabetes,Spanish,Other,Active,15,EMR_Cerner
2831,Ellie,Murphy,2002-12-16,Female,O-,ellie.murphy@email.example.com,(400) 235-9679,Gregory Brooks,(649) 406-4128,"{""line1"": ""445 Monroe Dr"", ""apt"": "", Suite 10"", ""city"": ""Oakland"", ""state"": ""CA"", ""zip"": ""94601"", ""timezone"": ""America/Los_Angeles"", ""street_type"": ""St""}",Married,Student,Reed Corp,MetLife,POL-165246,GRP-6158,424,2024-06-23,2024-07-26,171,88,30.1,never assessed,Heavy,None,"Chronic Fatigue, COPD, Irritable Bowel Syndrome, Depression","Loratadine, Montelukast, Metformin",Total hip replacement,Heart Disease,English,,Active,7,EMR_Cerner
2832,Layla,Ruiz,1962-08-13,Female,B+,layla.ruiz@email.example.com,(739) 261-4373,Kenneth Reed,(723) 520-9796,"{""line1"": ""2718 Forest Ave"", ""apt"": "", Apt 32"", ""city"": ""Denver"", ""state"": ""CO"", ""zip"": ""80201"", ""latitude"": 34.0324}",Single,Bank Teller,Washington Corp,,,,467,2020-01-07,2020-09-20,144,76,36.7,Former Smoker,Occasional,"Penicillin, Shellfish, Dust",Type 2 Diabetes,Ozempic,None,"Hypertension, Alzheimer's",English,Asian,Active,11,EMR_Cerner
2833,Betty,Russell,1977-04-29,Female,B+,betty.russell@email.example.com,(563) 339-7488,Micah Miller,(554) 393-7339,"{""line1"": ""548 Second Ave"", ""apt"": "", # 39"", ""city"": ""Jacksonville"", ""state"": ""FL"", ""zip"": ""32201"", ""latitude"": 46.3032, ""country"": ""USA"", ""timezone"": ""America/Los_Angeles""}",Married,Sales Representative,N/A,UnitedHealthcare,POL-325012,GRP-5334,439,2024-05-22,2028-03-29,163,78,29.4,Non-Smoker,Former,Peanuts,Anemia,"Cyclobenzaprine, Atorvastatin",None,None,English,Black or African American,Active,17,EMR_Cerner
2838,Nora,Smith,1994-12-31,Female,O+,nora.smith@email.example.com,12345,N/A,(774) 920-2741,"{""line1"": ""7604 Madison St"", ""apt"": "", Unit 40"", ""city"": ""Cleveland"", ""state"": ""OH"", ""zip"": ""44101"", ""delivery_notes"": ""Leave at door"", ""timezone"": ""America/Chicago"", ""neighborhood"": ""Southside""}",Married,Pharmacist,,Tufts Health Plan,POL-847185,GRP-7613,14,2023-02-10,2023-04-29,161,70,27.0,Never Assessed,Occasional,"Penicillin, Peanuts, Pollen","Crohn's Disease, Coronary Artery Disease, Atrial Fibrillation","Lisinopril, Meloxicam",None,"Asthma, Diabetes",English,Asian,Active,5,EMR_Cerner
2840,Silas,Wood,2025-01-01,Male,A+,silas.wood@email.example.com,(452) 254-4923,Jerry Perez,(654) 232-7564,"{""line1"": ""3906 Forest Ave"", ""apt"": "", Unit 10"", ""city"": ""Indianapolis"", ""state"": ""IN"", ""zip"": ""46201"", ""country"": ""USA"", ""timezone"": ""America/Chicago"", ""neighborhood"": ""East Side"", ""longitude"": -120.6998}",Separated,Real Estate Agent,Brown Corp,Geisinger,POL-988311,GRP-4004,29,2021-10-17,2024-04-11,178,66,20.8,Current Smoker,Moderate,None,"Chronic Fatigue, Osteoarthritis",Omeprazole,None,"Cancer, Diabetes, Heart Disease",Cantonese,White,Inactive,6,EMR_Cerner
2843,Rebecca,Watson,2002-05-21,Female,B+,rebecca.watson@email.example.com,(512) 212-1049,Tyler Rodriguez,(592) 868-6295,"{""line1"": ""4108 Spring St"", ""apt"": """", ""city"": ""Milwaukee"", ""state"": ""WI"", ""zip"": ""53201"", ""county"": ""Maricopa"", ""country"": ""USA"", ""latitude"": 43.3636, ""timezone"": ""America/Phoenix""}",Single,Architect,Fisher Corp,Harvard Pilgrim,POL-253084,GRP-7548,228,2021-04-02,,172,42,14.2,Former Smoker,None,"Codeine, Pollen, Latex",,"Fluticasone, Gabapentin",None,None,Spanglish,White,Active,2,EMR_Cerner
2846,Douglas,Robinson,1996-02-16,Male,,douglas.robinson@email.example.com,(498) 348-2488,Michelle Anderson,(238) 209-6222,"{""line1"": ""5998 Forest Ave"", ""apt"": """", ""city"": ""Columbus"", ""state"": ""OH"", ""zip"": ""43201"", ""floor_number"": 32}",Single,Professor,Long Corp,,,,12,2020-01-27,2022-05-12,168,79,28.0,Non-Smoker,None,"Penicillin, Dust, NSAIDs",Type 2 Diabetes,None,Cataract surgery,"DM, HTN, CAD",Spanish,White,Active,12,EMR_Cerner
2847,Heather,Simmons,1955-03-15,Female,O+,heather.simmons@email.example.com,(300) 384-8450,,(943) 789-4944,"{""line1"": ""394 First St"", ""apt"": """", ""city"": ""Los Angeles"", ""state"": ""CA"", ""zip"": ""90001"", ""latitude"": 36.8626, ""timezone"": ""America/Denver""}",Married,Retail Associate,Hicks Corp,Highmark,POL-764315,GRP-2636,220,2025-13-01,2022-06-05,166,51,18.5,Non-Smoker,None,Pollen,Rheumatoid Arthritis,None,None,Stroke,English,Hispanic or Latino,Active,16,EMR_Cerner
2848,Logan,Sanchez,1953-09-28,Male,O+,logan.sanchez@email.example.com,(558) 861-3112,Frank Cruz,(726) 874-5250,"{""line1"": ""5073 Jefferson Ave"", ""apt"": "", Unit 23"", ""city"": ""San Jose"", ""state"": ""CA"", ""zip"": ""95101""}",Married,Project Manager,Jenkins Corp,Oscar Health,POL-460437,GRP-7258,247,2018-01-24,2020-06-10,169,63,22.1,Non-Smoker,Heavy,"Dust, Peanuts, NSAIDs",,"Sertraline, Insulin glargine, Metoprolol, Bupropion",Total knee replacement,"Alzheimer's, Arthritis",Mandarin,Black or African American,Active,21,EMR_Cerner
2849,Kyle,Cole,2001-10-19,Male,O+,kyle.cole1@email.example.com,(473) 619-4115,Carolyn Alvarez,(939) 980-5717,"{""line1"": ""511 Hamilton Ct"", ""apt"": """", ""city"": ""Seattle"", ""state"": ""WA"", ""zip"": ""98101""}",Single,Sales Representative,Alexander Corp,Independence Blue Cross,POL-107458,GRP-3358,197,2025-06-03,2028-12-26,169,94,32.9,Former Smoker,Occasional,"None, Dust, Shellfish","Anemia, COPD, Congestive Heart Failure, Sleep Apnea","Eliquis, Omeprazole, Prednisone, Duloxetine",None,"Heart Disease, Diabetes, Asthma",English,Other,Active,22,EMR_Cerner
2855,Patrick,Bailey,2003-11-08,Male,AB+,not-an-email,(834) 731-2597,Helen Lopez,(215) 438-3954,"{""line1"": ""2345 Franklin Blvd"", ""apt"": """", ""city"": ""Charlotte"", ""state"": ""NC"", ""zip"": ""28201"", ""latitude"": 42.7042}",Married,Administrative Assistant,Roberts Corp,Health Net,POL-722776,GRP-2754,43,2019-01-03,2020-07-04,172,57,19.3,Non-Smoker,Occasional,"Latex, None, Pollen",,"Apixaban, Furosemide",None,"Alzheimer's, Heart Disease",Spanish,White,Active,20,EMR_Cerner
,Jennifer,Price,1975-03-09,Female,B+,jennifer.price@email.example.com,(786) 375-8089,Julian Woods,(234) 754-2963,"{""line1"": ""4001 Sunset Dr"", ""apt"": """", ""city"": ""Indianapolis"", ""state"": ""IN"", ""zip"": ""46201"", ""timezone"": ""America/Los_Angeles"", ""longitude"": -75.1903}",Single,Dentist,Jordan Corp,Oscar Health,POL-758957,GRP-9644,303,2025-08-02,2028-08-14,163,64,24.1,Non-Smoker,Occasional,Null,"Depression, Chronic Kidney Disease",None,"Carpal tunnel release, Gastric bypass","Heart Disease, None",English,Black or African American,Active,20,EMR_Cerner
2860,Ronald,Diaz,1955-08-30,Male,O+,ronald.diaz@email.example.com,(372) 842-5892,Anthony Smith,(686) 736-9378,"{""line1"": ""1252 Cedar Ln"", ""apt"": """", ""city"": ""Washington"", ""state"": ""DC"", ""zip"": ""20001"", ""neighborhood"": ""Midtown"", ""timezone"": ""America/Los_Angeles"", ""latitude"": 34.824, ""longitude"": -97.3692}",Married,Logistics Coordinator,,Geisinger,POL-833437,GRP-8932,189,2021-05-31,2023-05-01,169,46,16.1,Non-Smoker,Occasional,None,,None,"Appendectomy 2018, Cholecystectomy 2020","Heart Disease, Stroke",Spanish,White,Active,29,EMR_Cerner
2862,Paul,Simpson,1987-01-24,Male,B+,paul.simpson@email.example.com,(453) 728-4442,,(765) 869-8174,"{""line1"": ""7185 Aspen Ct"", ""apt"": """", ""city"": ""Fresno"", ""state"": ""CA"", ""zip"": ""93701"", ""longitude"": -104.3518, ""street_type"": ""Ct"", ""county"": ""San Diego"", ""latitude"": 42.9331}",Married,Retail Associate,Ford Corp,Centene,POL-570361,GRP-3974,76,2022-04-01,2022-10-18,174,87,28.7,Non-Smoker,Occasional,Latex,Chronic Fatigue,Lisinopril,None,Diabetes,English,Asian,Active,6,EMR_Cerner
2877,Jacqueline,Mendoza,1982-10-22,Female,A+,user@.com,(372) 768-8148,Karen Marshall,(988) 916-1894,"{""line1"": ""9190 Lake Dr"", ""apt"": """", ""city"": ""Fort Worth"", ""state"": ""TX"", ""zip"": ""76101""}",Single,Data Analyst,Brown Corp,Bright Health,POL-418948,GRP-9938,350,2021-10-12,2025-04-16,165,94,34.5,Non-Smoker,None,"Codeine, Penicillin, Shellfish","Eczema, Osteoarthritis",Clopidogrel,None,"Alzheimer's, Heart Disease",English,White,Active,2,EMR_Cerner
2883,Andrea,Sanders,1955-05-10,Female,O-,andrea.sanders2@email.example.com,(462) 765-7839,Maxwell James,(357) 992-3465,"{""line1"": ""2829 Fifth St"", ""apt"": """", ""city"": ""Portland"", ""state"": ""OR"", ""zip"": ""97201"", ""street_type"": ""Rd"", ""longitude"": -99.7603, ""country"": ""USA""}",Single,Dentist,Marshall Corp,Atena,POL-979439,GRP-8749,358,2020-08-03,2021-02-28,-10,98,41.9,Non-Smoker,Moderate,Dust,,"Bupropion, Ibuprofen, Lisinopril, Hydrochlorothiazide",None,"Diabetes, Asthma",ENGLISH,White,Inactive,1,EMR_Cerner
2889,Jasper,Hughes,1996-07-02,Male,O-,jasper.hughes@email.example.com,(562) 867-7631,Ryan Long,(459) 284-6451,"{""line1"": ""123 Main St"", ""street_type"": ""Pl"", ""county"": ""Miami-Dade"", ""latitude"": 31.9736}",Single,HR Specialist,Nelson Corp,CareFirst,POL-374076,GRP-1240,461,2020-04-07,2021-09-01,174,83,27.4,Never Assessed,Occasional,"Pollen, Latex, Penicillin",,None,"Hemorrhoidectomy, Vasectomy",None,English,White,Active,8,EMR_Cerner
2890,Lawrence,Myers,1993-10-19,Male,O+,lawrence.myers@email.example.com,(530) 424-9196,Bruce Patterson,(263) 695-1370,"{""line1"": ""1878 Pine St"", ""apt"": """", ""city"": ""Virginia Beach"", ""state"": ""VA"", ""zip"": ""23450"", ""neighborhood"": ""Southside"", ""timezone"": ""America/Phoenix""}",Single,Driver,,Molina Healthcare,POL-768460,GRP-9828,243,2022-10-14,2022-10-14,178,95,30.0,Never Assessed,None,"Peanuts, Pollen, NSAIDs",,Acetaminophen,None,None,Korean,Two or More Races,active,25,EMR_Cerner
2891,Jerry,Evans,1988-12-27,Male,O+,jerry.evans@email.example.com,(959) 362-9475,Stephen Crawford,(213) 507-6832,"{""line1"": ""2210 Cypress Dr"", ""apt"": "", # 17"", ""city"": ""Dallas"", ""state"": ""TX"", ""zip"": ""75201""}",Single,Doctor,,Centene,POL-869055,GRP-7064,304,2020-05-21,2022-12-31,178,70,22.1,Former Smoker,Former,"Sulfa, Penicillin, Codeine","Depression, Chronic Fatigue","Warfarin, Meloxicam, Insulin glargine",None,None,English,White,Inactive,12,EMR_Cerner
2894,Carolyn,FREEMAN,1995-05-20,Female,B-,carolyn.freeman@email.example.com,(435) 592-4371,Luke Green,(427) 342-6027,"{""line1"": ""7574 Beechwood Ave"", ""apt"": "", Unit 40"", ""city"": ""Fort Worth"", ""state"": ""TX"", ""zip"": ""76101"", ""latitude"": 30.639, ""timezone"": ""America/Phoenix""}",Single,UnemPloyed,,Health Net,POL-714379,GRP-6914,371,2025-07-04,2029-03-21,166,95,34.5,Former Smoker,None,Codeine,"Anemia, Fibromyalgia","Loratadine, Fluticasone, Warfarin",None,"Hypertension, Alzheimer's, Diabetes",French,Black or African American,Inactive,7,EMR_Cerner
2898,,ALEXANDER,1994-06-15,Male,A+,richard.alexander@email.example.com,(775) 399-7760,Timothy Davis,(919) 940-3008,"{""line1"": ""6775 Lake Dr"", ""apt"": """", ""city"": ""Tulsa"", ""state"": ""OK"", ""zip"": ""74101"", ""neighborhood"": ""Suburbs"", ""longitude"": -99.51, ""landmark"": ""Opposite Central Park""}",Divorced,Lawyer,Stewart Corp,Cigna HealthCare,POL-535228,GRP-9981,215,2020-03-23,2024-04-04,164,650,25.7,Non-Smoker,Occasional,"None, Shellfish, Peanuts",,None,ACL reconstruction,None,English,White,Deceased,8,EMR_Cerner
2902,Brenda,Reynolds,1972-11-19,Female,O+,user@.com,(992) 509-4760,Dorothy Hall,(535) 486-7536,"{""line1"": ""9073 Elm St"", ""apt"": "", Suite 42"", ""city"": ""Phoenix"", ""state"": ""AZ"", ""zip"": ""85001"", ""longitude"": -105.1634, ""street_type"": ""Blvd"", ""latitude"": 28.003, ""floor_number"": 50}",Married,Graphic Designer,King Corp,Blue Cross Blue Shield,POL-430597,GRP-3177,440,2025-09-13,2029-03-17,168,72,25.5,Current Smoker,Moderate,None,"Hypertension, Coronary Artery Disease",!@#$%^&*(),Hernia repair,None,Spanish,Hispanic or Latino,Deceased ,15,EMR_Cerner
2904,Aiden,Green,1992-01-30,Male,O+,aiden.green@email.example.com,(281) 655-8134,Larry Alexander,(819) 605-1578,"{""line1"": ""3081 Birch St"", ""apt"": "", # 14"", ""city"": ""Denver"", ""state"": ""CO"", ""zip"": ""80201"", ""timezone"": ""America/Phoenix"", ""county"": ""Maricopa"", ""longitude"": -118.8404, ""latitude"": 42.5523}",Widowed,Psychologist,Graham Corp,Aetna,POL-477995,GRP-6098,352,2024-10-23,2025-12-22,169,72,25.2,Current Smoker,None,"None, Latex, Pollen","Hypertension, Coronary Artery Disease",Cetirizine,None,"Alzheimer's, Asthma, Hypertension",Spanish,White,Active,24,EMR_Cerner
2908,Avery,Ruiz,1998-09-14,Female,O+,avery.ruiz@email.example.com,(998) 354-6561,Frank Phillips,(863) 403-5207,"{""line1"": ""1470 Broadway"", ""apt"": """", ""city"": ""Mesa"", ""state"": ""AZ"", ""zip"": ""85201"", ""delivery_notes"": ""Call upon arrival"", ""street_type"": ""Dr"", ""county"": ""Cook"", ""latitude"": 39.8332}",Married,Administrative Assistant,Washington Corp,Cigna HealthCare,POL-619402,GRP-9417,69,2025-03-05,2028-09-15,161,109,42.1,Non-Smoker,Occasional,"Latex, Codeine, Dust",Hypertension,Cetirizine,None,None,French,White,Active,11,EMR_Cerner
2909,Melissa,Harris,1800-01-01,Female,O+,melissa.harris1@email.example.com,(355) 296-8710,Paisley Reyes,(540) 472-8919,"{""line1"": ""8943 Maple Dr"", ""apt"": """", ""city"": ""Miami"", ""state"": ""FL"", ""zip"": ""33101"", ""timezone"": ""America/Los_Angeles"", ""neighborhood"": ""East Side"", ""county"": ""Sacramento"", ""country"": ""USA""}",Married,Real Estate Agent,Jones Corp,Atena,POL-140810,GRP-6740,269,2018-12-21,2021-05-19,174,64,21.1,Non-Smoker,Moderate,"Shellfish, Penicillin, Sulfa","Anemia, Coronary Artery Disease",None,None,"None, Heart Disease, Stroke",English,Hispanic or Latino,Active,8,EMR_Cerner
2919,Barbara,Perez,1980-01-03,Female,O-,barbara.perez@email.example.com,(929) 410-3680,Timothy Sullivan,(656) 885-3196,"{""line1"": ""8744 Magnolia Way"", ""apt"": """", ""city"": ""Washington"", ""state"": ""DC"", ""zip"": ""20001"", ""country"": ""USA"", ""street_type"": ""Ct""}",Married,Dental Hygienist,,Humana,POL-834464,GRP-8556,188,2023-04-18,2027-05-14,9999,84,31.2,Never Assessed,Occasional,"Codeine, Dust, Latex","Migraine, Anemia, Irritable Bowel Syndrome, Depression",Ozempic,None,None,Cantonese,Other,,17,EMR_Cerner
2923,Edward,Sanders,1986-10-01,Male,A+,edward.sanders@email.example.com,(437) 773-1717,Evelyn Adams,(361) 536-6517,"{""line1"": ""9346 Elm St"", ""apt"": """", ""city"": ""Albuquerque"", ""state"": ""NM"", ""zip"": ""87101""}",Married,Business Owner,James Corp,Kaiser Permanente,POL-332025,GRP-6547,397,2020-08-07,,172,103,34.8,Never Assessed,None,"Codeine, Latex",Depression,Aspirin,None,"Cancer, Stroke, Asthma",Arabic,White,Active,9,EMR_Cerner
2926,Theodore,Kim,1970-11-26,Male,A+,theodore.kim@email.example.com,abc-def-ghij,999-999-9999,(812) 294-9147,"{""line1"": ""4250 Center St"", ""apt"": """", ""city"": ""San Antonio"", ""state"": ""TX"", ""zip"": ""78201"", ""longitude"": -92.807, ""neighborhood"": ""Northside""}",Married,Chef,Sullivan Corp,Anthem,POL-350942,GRP-3878,462,2019-08-26,,175,53,-5,Non-Smoker,Moderate,"Peanuts, Penicillin, None",,"Warfarin, Aspirin, Prednisone",None,"Diabetes, Stroke, Heart Disease",English,Hispanic or Latino,Active,20,EMR_Cerner
2934,Ethan,King,1983-01-13,Male,A+,ethan.king@email.example.com,(456) 804-7265,Elijah Jones,(260) 533-2701,"{""line1"": ""5981 Broadway"", ""apt"": """", ""city"": ""Denver"", ""state"": ""CO"", ""zip"": ""80201"", ""neighborhood"": ""Suburbs"", ""country"": ""USA"", ""latitude"": 42.2891}",Married,Teacher,Gutierrez Corp,UnitedHealthcare,POL-443015,GRP-2586,201,2022-04-21,2023-04-24,177,81,25.9,Non-Smoker,Occasional,"Penicillin, Pollen, Latex","Irritable Bowel Syndrome, Migraine",None,"Rotator cuff repair, Mastectomy","Diabetes, Hypertension, Arthritis",Spanglish,White,Active,21,EMR_Cerner
2936,Madelyn,Bailey,2000-07-02,Female,A+,madelyn.bailey@email.example.com,(765) 598-7078,Luna Foster,(990) 794-8175,"{""line1"": ""1474 Church St"", ""apt"": """", ""city"": ""Fresno"", ""state"": ""CA"", ""zip"": ""93701"", ""country"": ""USA"", ""latitude"": 41.9987}",Single,Software Developer,Diaz Corp,Molina Healthcare,POL-285193,GRP-8095,173,2025-06-06,2028-05-05,176,98,31.6,Non-Smoker,None,None,Hyperlipidemia,"Levothyroxine, Hydrochlorothiazide",None,"Alzheimer's, Stroke",English,Hispanic or Latino,Active,2,EMR_Cerner
2939,Donald,Reed,1971-11-28,Male,O+,donald.reed@email.example.com,(402) 718-7789,Robert Myers,(968) 407-9201,"{""line1"": ""586 Cherry Ln"", ""apt"": """", ""city"": ""Houston"", ""state"": ""TX"", ""zip"": ""77001"", ""county"": ""Sacramento"", ""country"": ""USA"", ""latitude"": 44.2603, ""neighborhood"": ""Southside""}",Married,Social Worker,Bailey Corp,Molina Healthcare,POL-794445,GRP-4686,9,2020-12-24,2023-01-29,177,81,25.9,Former Smoker,Occasional,NSAIDs,"Coronary Artery Disease, Crohn's Disease, Irritable Bowel Syndrome","Prednisone, Hydrochlorothiazide",None,"None, Alzheimer's",English,White,Inactive,10,EMR_Cerner
2945,Melissa,Fisher,2001-03-01,Female,A+,melissa.fisher@email.example.com,(816) 795-5402,Harrison Sanchez,(955) 862-8108,"{""line1"": ""3693 Madison St"", ""apt"": """", ""city"": ""Oklahoma City"", ""state"": ""OK"", ""zip"": ""73101"", ""landmark"": ""Next to Mall"", ""country"": ""USA"", ""timezone"": ""America/Los_Angeles"", ""county"": ""Sacramento"", ""latitude"": 35.4293}",Single,Retired,,Oscar Health,POL-576084,GRP-2573,291,2020-10-21,,163,82,150,Non-Smoker,None,None,Hypothyroidism,"Omeprazole, Lisinopril, Sertraline, Loratadine",Colectomy,None,English,Black or African American,Active,8,EMR_Cerner
2950,Heather,Gonzales,1979-10-28,Female,A+,heather.gonzales@email.example.com,(591) 721-5424,Lucas Campbell,(539) 414-2980,"{""line1"": ""8615 Park Blvd"", ""apt"": """", ""city"": ""Seattle"", ""state"": ""WA"", ""zip"": ""98101""}",Single,Software Developer,Reed Corp,Health Net,POL-937080,GRP-4305,299,2020-12-31,2023-04-16,170,64,22.1,Non-Smoker,Occasional,"Sulfa, Shellfish",,None,None,"Alzheimer's, Diabetes",English,White,Active,1,EMR_Cerner
2951,Lauren,Russell,1992-02-22,Female,A+,lauren.russell@email.example.com,(455) 917-7344,Anna Baker,(537) 781-5659,"{""line1"": ""3465 Highland Ave"", ""apt"": "", Unit 31"", ""city"": ""Virginia Beach"", ""state"": ""VA"", ""zip"": ""23450""}",Married,Unemployed,Bennett Corp,Humana,POL-177603,G1234,373,2020-10-27,2022-09-01,159,100,39.6,never assessed,Occasional,"None, Pollen, Sulfa",Osteoarthritis,None,None,"Hypertension, None",English,Asian,Active,13,EMR_Cerner
2952,Patricia,Myers,1974-02-10,Female,A+,patricia.myers@email.example.com,(346) 889-1278,Willie Freeman,(583) 808-7987,"{""line1"": ""7353 Poplar St"", ""apt"": """", ""city"": ""Nashville"", ""state"": ""TN"", ""zip"": ""37201"", ""timezone"": ""America/Denver""}",Married,Unemployed,Ross Corp,MetLife,POL-268938,GRP-3911,105,2018-06-09,,156,66,27.1,Non-Smoker,Occasional,"Penicillin, Codeine","Anxiety Disorder, Asthma, Type 2 Diabetes, Congestive Heart Failure","Losartan, Omeprazole, Warfarin",None,None,Spanish,White,Active,10,EMR_Cerner
2958,Gabriel,###,1994-03-25,Male,O+,gabriel.thompson@email.example.com,(628) 589-9107,Thomas Martin,(912) 788-1284,"{""line1"": ""3796 Poplar St"", ""apt"": """", ""city"": ""Tucson"", ""state"": ""AZ"", ""zip"": ""85701"", ""street_type"": ""Pl"", ""timezone"": ""America/Phoenix"", ""neighborhood"": ""West Side"", ""county"": ""San Diego""}",Married,Pharmacist,Griffin Corp,Aetna,POL-595178,GRP-4594,254,2023-04-28,2027-04-29,168,40,14.2,Never Assessed,Occasional,"Pollen, Peanuts, Sulfa","Ulcerative Colitis, Sleep Apnea","Omeprazole, Warfarin, Losartan, Bupropion",None,Asthma,ENGLISH,Hispanic or Latino,Active,22,EMR_Cerner
2963,Janet,Phillips,1985-12-05,Female,A+,janet.phillips@email.example.com,(393) 246-7623,Betty Allen,(612) 694-1993,"{""line1"": ""3367 Third St"", ""apt"": "", Suite 37"", ""city"": ""Boston"", ""state"": ""MA"", ""zip"": ""02101""}",Married,,Fisher Corp,,POL-540332,GRP-7768,459,,2019-02-01,165,76,27.9,Non-Smoker,Occasional,None,"Fibromyalgia, Type 2 Diabetes",!@#$%^&*(),None,"Hypertension, Arthritis, Heart Disease",English,Hispanic or Latino,Active,7,EMR_Cerner
2965,Nancy,Crawford,1965-10-03,Female,O+,nancy.crawford@email.example.com,(782) 593-1562,Walter Alexander,(916) 410-2316,"{""line1"": ""4852 Ninth St"", ""apt"": """", ""city"": ""Los Angeles"", ""state"": ""CA"", ""zip"": ""90001"", ""timezone"": ""America/Chicago"", ""street_type"": ""Dr""}",Single,Physical Therapist,Ramos Corp,Molina Healthcare,POL-825174,GRP-2068,488,2020-05-25,2022-09-10,168,0,20.5,Non-Smoker,Occasional,"Sulfa, Latex, Peanuts",,Eliquis,None,"Diabetes, Arthritis, Alzheimer's",Cantonese,,Active,11,EMR_Cerner
2966,Kenneth,Sanchez,2001-10-21,Male,A-,kenneth.sanchez@email.example.com,(766) 260-4716,Frank Reyes,John Smith,"{""line1"": ""630 Willow Dr"", ""apt"": """", ""city"": ""Seattle"", ""state"": ""WA"", ""zip"": ""98101"", ""neighborhood"": ""Historic District"", ""country"": ""USA"", ""county"": ""Sacramento""}",Married,Nurse,,Health Net,POL-117709,GRP-1829,304,2023-08-26,2025-12-29,184,78,23.0,Current Smoker,None,Dust,"Type 2 Diabetes, Ulcerative Colitis, Atrial Fibrillation",None,None,None,Spanish,White,Active,12,EMR_Cerner
2967,Scott,Lopez,1996-07-09,Male,O+,scott.lopez@email.example.com,(306) 439-8035,Bobby Gomez,(841) 292-7948,"{""line1"": ""3845 Magnolia Way"", ""apt"": """", ""city"": ""Milwaukee"", ""state"": ""WI"", ""zip"": ""53201"", ""latitude"": 42.5199}",Married,Accountant,,Cigna HealthCare,POL-510787,GRP-3411,258,2020-07-24,,172,72,24.3,Current Smoker,Occasional,"Latex, Dust, NSAIDs","Crohn's Disease, Chronic Kidney Disease",Pantoprazole,None,None,Cantonese,White,Active,24,EMR_Cerner
,Thomas,Ford,1992-10-25,Male,A+,thomas.ford1@email.example.com,(421) 398-8091,Patricia Alexander,,"{""line1"": ""7008 Willow Dr"", ""apt"": "", Apt 25"", ""city"": ""Minneapolis"", ""state"": ""MN"", ""zip"": ""55401""}",Single,Police Officer,Scott Corp,Cigna,POL-681452,GRP-9117,217,2021-07-21,,169,70,24.5,Non-Smoker,None,Dust,Anemia,"Ibuprofen, Metformin",Spinal fusion,"Cancer, Alzheimer's",Mandarin,Black or African American,active,18,EMR_Cerner
2981,Maxwell,Alvarez,1996-11-02,Male,AB,maxwell.alvarez@email.example.com,(654) 351-4484,Emma Gomez,(270) 470-3449,"{""line1"": ""4752 Lincoln Blvd"", ""apt"": """", ""city"": ""Denver"", ""state"": ""CO"", ""zip"": ""80201"", ""longitude"": -103.0281, ""street_type"": ""Pl"", ""timezone"": ""America/New_York"", ""neighborhood"": ""Suburbs""}",Married,Administrative Assistant,Hernandez Corp,Tufts Health Plan,POL-836194,GRP-3342,359,2021-08-07,2024-04-27,176,83,26.8,Never Assessed,,"Codeine, Latex, Dust",,"Levothyroxine, Prednisone",None,"Heart Disease, Diabetes",Cantonese,White,Active,12,EMR_Cerner
2987,Luke,Ruiz,1997-11-14,Male,O+,,(921) 767-6369,Amy Jones,(855) 744-1412,"{""line1"": ""3373 Hickory St"", ""apt"": """", ""city"": ""El Paso"", ""state"": ""TX"", ""zip"": ""79901"", ""county"": ""Orange"", ""timezone"": ""America/Los_Angeles"", ""longitude"": -110.218, ""neighborhood"": ""Midtown""}",Single,Doctor,Reed Corp,Geisinger,POL-862613,GRP-4199,31,2023-08-08,2024-01-11,175,101,33.0,Non-Smoker,Occasional,Dust,GERD,Lisinopril,None,"Diabetes, Arthritis",Spanish,White,active,8,EMR_Cerner
2991,Savannah,Collins,1987-07-14,F,O+,savannah.collins@email.example.com,(720) 971-9066,N/A,(886) 887-1191,"{""line1"": ""7506 Broadway"", ""apt"": "", # 1"", ""city"": ""San Diego"", ""state"": ""CA"", ""zip"": ""92101"", ""longitude"": -104.2768, ""delivery_notes"": ""Gate code: #1234"", ""neighborhood"": ""Historic District"", ""country"": ""USA""}",Married,Engineer,James Corp,Atena,POL-804698,GRP-2718,132,2023-01-30,2023-04-05,167,64,22.9,Current Smoker,Sometimes,None,Anemia,"Jardiance, Clopidogrel, Insulin glargine",None,"None, Cancer",English,Two or More Races,Active,10,EMR_Cerner
2993,12345,Freeman,1976-04-09,Female,A+,michelle.freeman@email.example.com,(827) 877-7846,Zoey Gibson,(280) 715-7934,"{""line1"": ""9321 Ninth St"", ""apt"": "", Unit 46"", ""city"": ""Los Angeles"", ""state"": ""CA"", ""zip"": ""90001"", ""latitude"": 42.5039, ""neighborhood"": ""Northside"", ""longitude"": -106.7165, ""country"": ""USA""}",Single,Insurance Agent,Tucker Corp,Cigna HealthCare,POL-557762,GRP-7770,192,2019-03-04,2021-06-25,167,78,28.0,Non-Smoker,Heavy,"Latex, Shellfish, Dust",,Ozempic,None,Heart Disease,Arabic,Asian,Active,22,EMR_Cerner
2994,Randy,Ford,1966-06-18,Male,O-,randy.ford@email.example.com,(816) 930-2772,Rachel Cooper,(226) 207-4402,"{""line1"": ""1145 Hickory St"", ""apt"": """", ""city"": ""Philadelphia"", ""state"": ""PA"", ""zip"": ""19101"", ""longitude"": -112.5358}",Married,Dental Hygienist,Brown Corp,Geisinger,POL-982631,GRP-2392,16,2018-12-21,2022-02-11,183,heavy,23.0,Never Assessed,Occasional,Shellfish,,"Lisinopril, Fluticasone, Atorvastatin",Hernia repair,Cancer,,Human,Inactive,19,EMR_Cerner
3010,Ashley,Harris,1985-05-09,Female,AB,ashley.harris@email.example.com,(481) 683-2186,Eric Reyes,(549) 510-8380,"{""line1"": ""2022 Highland Ave"", ""apt"": "", Apt 10"", ""city"": ""Colorado Springs"", ""state"": ""CO"", ""zip"": ""80901"", ""county"": ""Maricopa"", ""longitude"": -110.7779}",Divorced,Flight Attendant,Cruz Corp,Geisinger,POL-117780,GRP-5173,4,2018-11-21,2020-02-02,157,72,29.2,Non-Smoker,Heavy,"Latex, None, Penicillin",Congestive Heart Failure,"Omeprazole, Meloxicam, Bupropion",,"Arthritis, None, Stroke",Mandarin,Hispanic or Latino,Active,1,EMR_Cerner
3012,Victoria,Gray,1972-09-01,Female,O+,victoria.gray@email.example.com,(805) 948-6673,Levi Ward,(968) 286-6089,"{""line1"": ""8970 Sycamore Ave"", ""apt"": """", ""city"": ""Tampa"", ""state"": ""FL"", ""zip"": ""33601"", ""timezone"": ""America/Los_Angeles"", ""country"": ""USA""}",Single,Firefighter,Gutierrez Corp,Geisinger,POL-404759,GRP-9410,10,2025-03-16,2027-03-15,162,70,26.7,Non-Smoker,None,"Sulfa, Shellfish, Peanuts",,"Fluticasone, Gabapentin, Aspirin",None,"Heart Disease, Arthritis, Asthma",French,White,Active,15,EMR_Cerner
3019,Edward,Peterson,1975-11-13,Male,O+,edward.peterson@email.example.com,12345,Debra Hernandez,(368) 501-9788,"{""line1"": ""6647 Pine St"", ""apt"": """", ""city"": ""San Jose"", ""state"": ""CA"", ""zip"": ""95101"", ""county"": ""Miami-Dade"", ""delivery_notes"": ""Ring bell""}",Single,Doctor,,Bright Health,POL-463296,GRP-6083,449,,2023-10-24,171,88,30.1,Non-Smoker,Occasional,"Pollen, NSAIDs, Shellfish","Atrial Fibrillation, Chronic Kidney Disease","Spironolactone, Cyclobenzaprine, Sertraline",None,None,English,Hispanic or Latino,Active,25,EMR_Cerner
3021,Shirley,Baker,1977-05-29,Female,O+,shirley.baker@email.example.com,(387) 366-5540,Kyle Washington,(373) 302-6802,"{""line1"": ""Unknown"", ""city"": ""Unknown"", ""state"": ""NA"", ""zip"": ""00000""}",Married,Consultant,Jones Corp,Anthem,POL-900142,GRP-4378,14,2022-06-03,,158,56,22.4,Former Smoker,Moderate,"NSAIDs, Dust, Peanuts",COPD,Gabapentin,"Cataract surgery, Meniscectomy","Alzheimer's, None, Cancer",English,White,Active,2,EMR_Cerner
3022,Albert,Ortiz,1972-07-28,Male,A+,albert.ortiz@email.example.com,(241) 553-3542,Tyler Gomez,(912) 565-2699,"{""line1"": ""3394 Madison St"", ""apt"": """", ""city"": ""San Antonio"", ""state"": ""TX"", ""zip"": ""78201"", ""floor_number"": 1}",Married,Dental Hygienist,,,,,245,2022-03-18,2022-04-08,178,70,22.1,Non-Smoker,Occasional,"Dust, Peanuts, Codeine",,Levothyroxine,None,"Cancer, None",English,White,Active,12,EMR_Cerner
3023,Lisa,Murphy,1950-09-11,Female,A+,lisa.murphy@email.example.com,(248) 647-9523,Julian Gonzales,(715) 357-7083,"{""line1"": ""2446 Sixth Ave"", ""apt"": """", ""city"": ""San Jose"", ""state"": ""CA"", ""zip"": ""95101"", ""longitude"": -73.9915, ""timezone"": ""America/Denver""}",Single,Teacher,Perry Corp,Humana,POL-879717,GRP-1498,455,2023-04-14,2023-11-30,168,77,27.3,Non-Smoker,Moderate,"Peanuts, Codeine","Rheumatoid Arthritis, Eczema",Loratadine,"Gastric bypass, Hysterectomy, Vasectomy",None,Tagalog,caucasian,Active,12,EMR_Cerner
3024,Joseph,Phillips,1960-03-16,Male,O+,joseph.phillips@email.example.com,(746) 840-1172,Scott Clark,(566) 343-2849,"{""line1"": ""8129 College Ave"", ""apt"": """", ""city"": ""Nashville"", ""state"": ""TN"", ""zip"": ""37201"", ""landmark"": ""Near City Hall"", ""longitude"": -110.5869, ""delivery_notes"": ""Call upon arrival""}",Single,Chef,,Tufts Health Plan,POL-693811,GRP-5960,176,2025-05-01,,188,87,24.6,Non-Smoker,Occasional,"Codeine, Latex, Penicillin",Eczema,"Gabapentin, Lisinopril, Omeprazole",Hysterectomy,None,English,White,Active,12,EMR_Cerner
3026,Riley,Hayes,1997-09-23,Female,O+,riley.hayes@email.example.com,(640) 539-7914,Jack Gomez,(954) 248-2274,"{""line1"": ""4039 Main St"", ""apt"": "", Apt 13"", ""city"": ""Colorado Springs"", ""state"": ""CO"", ""zip"": ""80901"", ""country"": ""USA"", ""landmark"": ""Close to University"", ""longitude"": -100.2788}",Single,Architect,Edwards Corp,Cigna HealthCare,POL-392789,GRP-5396,225,2023-07-14,2026-09-25,164,94,34.9,Former Smoker,None,"Sulfa, None, Dust",,"Amlodipine, Loratadine, Insulin glargine, Levothyroxine",None,None,Mandarin,White,Active,19,EMR_Cerner
3029,Cynthia,Ward,1996-10-31,Female,O+,cynthia.ward1@email.example.com,(684) 695-6073,Michael Hughes,(751) 619-2976,"{""line1"": ""3361 Tenth Ave"", ""apt"": """", ""city"": ""San Jose"", ""state"": ""CA"", ""zip"": ""95101"", ""latitude"": 34.6623, ""street_type"": ""Way""}",Married,Real Estate Agent,Murray Corp,Cigna,POL-970946,GRP-9947,256,2019-03-26,2023-05-03,182,69,20.8,,Heavy,"Dust, Pollen",Chronic Fatigue,Cyclobenzaprine,Colectomy,None,English,Black or African American,Inactive,30,EMR_Cerner
3031,Jackson,Hughes,1977-03-17,Male,AB+,jackson.hughes@email.example.com,(236) 237-4715,Logan Graham,(644) 578-8879,"{""line1"": ""686 Hamilton Ct"", ""apt"": """", ""city"": ""El Paso"", ""state"": ""TX"", ""zip"": ""79901"", ""street_type"": ""Blvd""}",Married,Unemployed,Kelly Corp,Blue Cross Blue Shield,POL-647078,GRP-8575,174,2023-02-02,2024-10-01,179,73,22.8,Former Smoker,Occasional,"NSAIDs, Pollen, Latex","Psoriasis, Asthma, Type 2 Diabetes","Pantoprazole, Warfarin","Coronary artery bypass grafting, Tonsillectomy","Asthma, Heart Disease",Spanish,Two or More Races,Active,9,EMR_Cerner
3034,Donna,Gibson,1983-06-07,Female,A-,donna.gibson@email.example.com,(580) 478-7258,Caleb Edwards,(385) 633-1698,"{""line1"": ""6604 Jefferson Ave"", ""apt"": """", ""city"": ""Cleveland"", ""state"": ""OH"", ""zip"": ""44101""}",Divorced,Flight Attendant,Green Corp,Geisinger,POL-405651,GRP-5394,41,2019-06-28,2021-12-08,,100,40.6,Non-Smoker,None,"Dust, None, Penicillin",,None,Sleeve gastrectomy,"Asthma, None, Alzheimer's",English,White,Inactive,19,EMR_Cerner
3037,Luke,Freeman,1961-08-16,Male,O+,luke.freeman@email.example.com,(532) 667-8408,Lauren Gray,(785) 904-7520,"{""line1"": ""4820 River Rd"", ""apt"": "", Unit 30"", ""city"": ""Phoenix"", ""state"": ""AZ"", ""zip"": ""85001"", ""timezone"": ""America/New_York"", ""longitude"": -121.1689, ""street_type"": ""St""}",Married,Psychologist,Simmons Corp,Cigna,POL-828141,GRP-6282,78,2022-09-21,2025-02-01,198,89,22.7,Non-Smoker,Moderate,"Shellfish, Latex, Codeine",,None,C-section,None,Mandarin,White,Active,19,EMR_Cerner
3044,Luna,Myers,1976-12-17,Female,B+,luna.myers@email.example.com,(778) 834-3607,Bobby Sullivan,(603) 797-1204,"{""line1"": ""569 Oak Ave"", ""apt"": """", ""city"": ""Mesa"", ""state"": ""AZ"", ""zip"": ""85201"", ""longitude"": -109.612, ""county"": ""Dallas""}",Single,Graphic Designer,Simmons Corp,Molina Healthcare,POL-385129,GRP-2406,407,2019-04-22,2020-03-08,163,116,43.7,Former Smoker,Heavy,"Latex, Dust",Chronic Kidney Disease,"Eliquis, Ibuprofen, Sertraline, Lisinopril","Angioplasty with stent, Hysterectomy",None,English,White,Inactive,2,EMR_Cerner
3046,Olivia,Harris,,Female,B+,user@.com,(771) 211-2671,Jacqueline Jenkins,(411) 975-8690,"{""line1"": ""7237 Ninth St"", ""apt"": "", Suite 7"", ""city"": ""Milwaukee"", ""state"": ""WI"", ""zip"": ""53201"", ""neighborhood"": ""West Side"", ""street_type"": ""Cir"", ""county"": ""Miami-Dade"", ""longitude"": -77.7551, ""timezone"": ""America/Phoenix""}",Married,---,Gonzales Corp,CareFirst,POL-116172,GRP-9722,132,2023-04-08,2023-04-11,9999,0,31.2,Former Smoker,None,"Codeine, NSAIDs",", ","Furosemide, Duloxetine, Amlodipine",Angioplasty with stent,None,Cantonese,Asian,Active,10,EMR_Cerner
3047,Victoria,Perry,1989-05-15,Female,A+,victoria.perry@email.example.com,(927) 361-6493,Jeffrey Martin,,"{""line1"": ""7287 Cherry Ln"", ""apt"": """", ""city"": ""Sacramento"", ""state"": ""CA"", ""zip"": ""94201"", ""neighborhood"": ""Northside"", ""county"": ""Sacramento"", ""latitude"": 28.359, ""longitude"": -97.4433}",Married,Librarian,Hall Corp,Independence Blue Cross,POL-366749,GRP-5548,249,2020-01-17,2023-06-14,155,48,20.0,Former Smoker,Occasional,"Latex, Penicillin, Peanuts",Anemia,"Furosemide, Montelukast, Clopidogrel, Cyclobenzaprine",Hemorrhoidectomy,Arthritis,English,White,Inactive,12,EMR_Cerner
3049,Gary,Walker,2005-09-01,Male,A+,gary.walker@email.example.com,(757) 560-8076,Scarlett White,(481) 290-2648,"{""line1"": ""6009 First St"", ""apt"": """", ""city"": ""Houston"", ""state"": ""TX"", ""zip"": ""77001""}",Single,Data Analyst,,Oscar Health,POL-347042,GRP-7831,224,2020-01-14,2022-03-29,171,77,26.3,Never Assessed,None,"NSAIDs, Penicillin, Latex",,"Losartan, Amlodipine, Celecoxib",None,"None, Hypertension",English,White,active,7,EMR_Cerner
3053,Diane,Stevens,2099-06-15,Female,O+,diane.stevens@email.example.com,(785) 568-6425,Madelyn Brooks,(690) 421-4935,"{""line1"": ""4326 Lake Dr"", ""apt"": """", ""city"": ""El Paso"", ""state"": ""TX"", ""zip"": ""79901"", ""country"": ""USA"", ""latitude"": 28.0377}",Single,Teacher,,Blue Cross Blue Shield,POL-726922,GRP-6957,149,2019-01-06,2020-07-25,156,52,21.4,Non-Smoker,Moderate,Peanuts,"Hypothyroidism, Depression, Chronic Fatigue","Ibuprofen, Sertraline",None,"Arthritis, Cancer, Hypertension",English,White,Active,1,EMR_Cerner
3055,William,Mendoza,1953-07-27,Male,O+,william.mendoza@email.example.com,(696) 302-1143,Timothy Baker,(710) 454-2733,"{""line1"": ""8653 Pleasant St"", ""apt"": """", ""city"": ""Sacramento"", ""state"": ""CA"", ""zip"": ""94201""}",Married,Psychologist,Jenkins Corp,Molina Healthcare,POL-678294,GRP-8913,113,2019-12-13,2021-07-11,179,91,28.4,Current Smoker,Occasional,"Codeine, NSAIDs, Latex","Atrial Fibrillation, Chronic Fatigue",Sertraline,None,Heart Disease,English,White,Active,13,EMR_Cerner
3058,Henry,Harrison,1983-10-18,Male,O+,henry.harrison@email.example.com,(908) 209-1381,Hannah Cox,(736) 205-1949,"{""line1"": ""5629 Madison St"", ""apt"": "", Unit 39"", ""city"": ""Mesa"", ""state"": ""AZ"", ""zip"": ""85201"", ""latitude"": 33.0911}",Single,Chef,Hughes Corp,Oscar Health,POL-534744,GRP-6203,250,2018-07-08,2022-08-13,185,heavy,21.6,Current Smoker,Moderate,"Sulfa, Codeine","Rheumatoid Arthritis, Chronic Fatigue",Cetirizine,"Angioplasty with stent, Hysterectomy","DM, HTN, CAD",Spanish,White,Active,25,EMR_Cerner
3065,Kenneth,Hayes,1953-02-27,Male,A+,kenneth.hayes@email.example.com,(350) 963-5756,Lawrence Patel,(699) 376-9424,"{""line1"": ""2120 Sunset Dr"", ""apt"": """", ""city"": ""Baltimore"", ""state"": ""MD"", ""zip"": ""21201"", ""country"": ""USA"", ""street_type"": ""Blvd""}",Single,Engineer,Gomez Corp,Aetna,POL-263209,GRP-9586,35,2025-09-07,2025-09-07,184,68,20.1,Current Smoker,None,"Shellfish, Pollen, NSAIDs","Chronic Fatigue, Sleep Apnea",None,"Appendectomy, Rotator cuff repair",None,English,Hispanic or Latino,Active,10,EMR_Cerner
3067,Justin,Robinson,1974-05-27,Mle,O-,justin.robinson@email.example.com,(643) 817-5544,999-999-9999,(867) 911-5870,"{""line1"": ""3087 Center St"", ""apt"": """", ""city"": ""San Francisco"", ""state"": ""CA"", ""zip"": ""94101"", ""street_type"": ""Rd"", ""county"": ""King"", ""neighborhood"": ""Historic District""}",Married,Pharmacist,Hicks Corp,Oscar Health,POL-610660,GRP-5438,287,2021-09-18,,178,94,29.7,Former Smoker,,"Penicillin, None, Peanuts","Coronary Artery Disease, Hypothyroidism",,None,"Asthma, None",English,White,Active,5,EMR_Cerner
3068,Sarah,Carter,1978-12-22,Female,A+,sarah.carter@email.example.com,(531) 561-5069,Albert Long,(412) 269-9236,"{""line1"": ""8074 Franklin Blvd"", ""apt"": """", ""city"": ""Cleveland"", ""state"": ""OH"", ""zip"": ""44101"", ""neighborhood"": ""Waterfront""}",Married,Logistics Coordinator,Cruz Corp,Cigna,POL-156152,GRP-3967,65,2022-01-08,2022-02-05,174,63,20.8,Never Assessed,None,None,,"Sertraline, Meloxicam, Pantoprazole, Lisinopril","Mastectomy, Colectomy","Heart Disease, Alzheimer's, Diabetes",Mandarin,Asian,Active,20,EMR_Cerner
3070,Nicole,Gibson,1981-09-21,Female,AB-,,(641) 238-9354,Rachel Perry,(601) 552-8224,"{""line1"": ""2294 Sixth Ave"", ""apt"": """", ""city"": ""San Francisco"", ""state"": ""CA"", ""zip"": ""94101"", ""neighborhood"": ""East Side"", ""latitude"": 38.9447}",Married,Firefighter,Harrison Corp,Cigna,POL-209892,GRP-8697,77,2024-02-19,2027-10-02,156,80,32.9,Non-Smoker,Moderate,"Dust, Penicillin, NSAIDs",,"Warfarin, Atorvastatin, Montelukast, Cyclobenzaprine",None,None,,Asian,Active,21,EMR_Cerner
3075,Evelyn,Perry,1956-01-03,Female,O+,evelyn.perry@email.example.com,(305) 583-8022,Benjamin Cole,(901) 415-9246,"{""line1"": ""7293 Elm St"", ""apt"": """", ""city"": ""Oakland"", ""state"": ""CA"", ""zip"": ""94601"", ""neighborhood"": ""Waterfront"", ""country"": ""USA"", ""latitude"": 44.5015, ""street_type"": ""St""}",married,Doctor,Edwards Corp,Bright Health,POL-904295,GRP-5340,145,2021-06-23,2025-05-24,151,86,37.7,Former Smoker,Occasional,"Penicillin, Dust, None",,"Celecoxib, Duloxetine, Albuterol, Metoprolol",None,"Asthma, Arthritis",English,Black or African American,Active,9,EMR_Cerner
3082,Christine,Wells,1994-03-03,Female,A+,christine.wells@email.example.com,,Joseph Bailey,(635) 305-4283,"{""line1"": ""2360 Eighth Ave"", ""apt"": """", ""city"": ""Denver"", ""state"": ""CO"", ""zip"": ""80201"", ""neighborhood"": ""Midtown"", ""county"": ""Orange""}",Widowed,Software Developer,Reed Corp,Geisinger,POL-891230,GRP-3146,296,2021-06-12,2022-08-15,171,61,20.9,Former Smoker,Occasional,NSAIDs,Sleep Apnea,Spironolactone,Angioplasty with stent,"Heart Disease, Stroke",English,Two or More Races,Deceased,4,EMR_Cerner
3088,Naomi,Baker,1979-06-13,F,A+,naomi.baker@email.example.com,(802) 423-7744,Michael Baker,(575) 270-3564,"{""line1"": ""1048 College Ave"", ""apt"": """", ""city"": ""Minneapolis"", ""state"": ""MN"", ""zip"": ""55401"", ""county"": ""Cook""}",Married,Doctor,Brooks Corp,Aetna,POL-520956,GRP-9385,161,2024-11-01,2027-05-22,161,61,23.5,Non-Smoker,Heavy,"NSAIDs, Codeine, Dust",,None,None,"Diabetes, Asthma, Alzheimer's",Spanish,Hispanic or Latino,Active,24,EMR_Cerner
,Roman,Lee,2000-09-06,Male,O+,roman.lee@email.example.com,(551) 407-2595,Joseph Murray,(943) 733-6489,"{""line1"": ""5606 Forest Ave"", ""apt"": "", # 11"", ""city"": ""Phoenix"", ""state"": ""AZ"", ""zip"": ""85001"", ""street_type"": ""Ave"", ""longitude"": -89.9139, ""timezone"": ""America/New_York"", ""county"": ""Queens""}",Married,Pilot,Young Corp,CareFirst,POL-903836,GRP-3856,277,2023-05-06,,171,68,23.3,Non-Smoker,Occasional,"Sulfa, Penicillin, None","Rheumatoid Arthritis, Atrial Fibrillation, Hypothyroidism, Depression",None,"Hemorrhoidectomy, Tonsillectomy","Hypertension, Alzheimer's",Russian,White,Inactive,20,EMR_Cerner
3092,Roger,Woods,1969-07-17,Male,A+,roger.woods@email.example.com,(881) 289-8265,Patrick Diaz,(930) 759-9644,"{""line1"": ""7723 Hickory St"", ""apt"": "", # 22"", ""city"": ""Nashville"", ""state"": ""TN"", ""zip"": ""37201"", ""neighborhood"": ""Uptown"", ""street_type"": ""Ct""}",Single,Nurse,Wells Corp,Harvard Pilgrim,POL-490949,GRP-7438,395,2021-11-23,2023-06-13,159,86,34.0,Current Smoker,Heavy,Penicillin,,"Atorvastatin, Pantoprazole, Spironolactone",None,"Heart Disease, Diabetes, Heart Disease",English,Hispanic or Latino,Active,2,EMR_Cerner
3095,Hannah,Torres,1977-12-20,Female,O+,hannah.torres1@email.example.com,(609) 814-6541,Bobby Ford,(940) 811-1870,"{""line1"": ""5967 Beechwood Ave"", ""apt"": "", # 23"", ""city"": ""Dallas"", ""state"": ""TX"", ""zip"": ""75201"", ""neighborhood"": ""Suburbs"", ""street_type"": ""Dr"", ""timezone"": ""America/New_York"", ""country"": ""USA""}",Separated,Driver,Nelson Corp,Health Net,POL-310157,GRP-1029,358,2021-12-09,2024-05-13,161,73,28.2,Non-Smoker,Occasional,"Pollen, Codeine, Dust","Irritable Bowel Syndrome, Depression, Hypothyroidism, Type 2 Diabetes",None,None,"None, Alzheimer's",English,Hispanic or Latino,Active,1,EMR_Cerner
3096,Rachel,Flores,2002-11-25,Female,A+,not-an-email,(380) 484-7733,Aria Mitchell,(350) 428-8569,"{""line1"": ""1902 Hill St"", ""apt"": "", Apt 38"", ""city"": ""Kansas City"", ""state"": ""MO"", ""zip"": ""64101""}",Married,Professor,,Tufts Health Plan,POL-441060,GRP-9368,211,2024-09-17,2026-09-05,174,93,30.7,Non-Smoker,None,"Peanuts, Pollen","Chronic Kidney Disease, Eczema","Fluticasone, Furosemide",Tonsillectomy,None,English,Human,Inactive,21,EMR_Cerner
3100,Savannah,Lewis,1990-03-20,Female,B-,savannah.lewis@email.example.com,(414) 656-9131,Wesley Richardson,(861) 400-6539,"{""line1"": ""6171 Ninth St"", ""apt"": """", ""city"": ""Tulsa"", ""state"": ""OK"", ""zip"": ""74101""}",Single,Chef,Kim Corp,Bright Health,POL-398765,GRP-4885,394,2025-10-22,2027-05-16,160,88,34.4,Former Smoker,Occasional,Pollen,"Congestive Heart Failure, Ulcerative Colitis, Coronary Artery Disease","Bupropion, Acetaminophen, Losartan, Amlodipine",None,"Heart Disease, Diabetes, Heart Disease",English,White,Active,5,EMR_Cerner
3104,Kathleen,Turner,1957-11-10,Female,A+,kathleen.turner@email.example.com,(443) 667-4475,Jason Griffin,(241) 834-7082,"{""line1"": ""9598 Main St"", ""apt"": """", ""city"": ""Austin"", ""state"": ""TX"", ""zip"": ""73301"", ""country"": ""USA"", ""latitude"": 43.8259, ""longitude"": -76.9853}",Married,Nurse,,Oscar Health,POL-948238,GRP-3107,248,2025-03-28,2027-08-25,167,65,23.3,Current Smoker,None,"Pollen, Peanuts",,"Amlodipine, Furosemide",Cholecystectomy,None,Spanish,White,Active,19,EMR_Cerner
3107,Andrea,Bennett,1979-02-05,Female,AB,andrea.bennett@email.example.com,(651) 313-4012,Mason Gray,(672) 211-4625,"{""line1"": ""2778 Tenth Ave"", ""apt"": "", Unit 32"", ""city"": ""New Orleans"", ""state"": ""LA"", ""zip"": ""70112"", ""floor_number"": 23, ""county"": ""Orange""}",Married,Plumber,,Blue Cross,POL-131970,GRP-4420,368,2025-13-01,2025-07-02,160,650,16.8,Non-Smoker,Occasional,"PENICILLIN, SULFA","Ulcerative Colitis, COPD, Congestive Heart Failure","Cyclobenzaprine, Celecoxib, Duloxetine",Angioplasty with stent,"None, Arthritis",Mandarin,White,Active,23,EMR_Cerner
3111,Caleb,Martin,1988-05-20,Male,A+,caleb.martin@email.example.com,(893) 415-8520,Patricia Johnson,(800) 678-2992,"{""line1"": ""4822 Adams Way"", ""apt"": "", Unit 2"", ""city"": ""Colorado Springs"", ""state"": ""CO"", ""zip"": ""80901"", ""country"": ""USA"", ""longitude"": -114.9305, ""street_type"": ""Pl""}",Separated,Project Manager,Baker Corp,Blue Cross Blue Shield,POL-717625,GRP-4923,118,2020-07-16,2024-05-11,182,85,25.7,Former Smoker,Moderate,None,,"Bupropion, Atorvastatin, Pantoprazole",None,"Asthma, Stroke",Korean,White,Active,20,EMR_Cerner
3117,Justin,Jones,1971-11-04,Male,O+,justin.jones@email.example.com,(279) 705-2349,Nicole Campbell,(838) 686-9598,"{""line1"": ""4616 Birch St"", ""apt"": "", Suite 12"", ""city"": ""Louisville"", ""state"": ""KY"", ""zip"": ""40201""}",Married,Retired,,Tufts Health Plan,POL-976719,GRP-9414,107,2023-07-23,,174,107,35.3,Non-Smoker,Occasional,"Dust, NSAIDs, Codeine",Eczema,"Amlodipine, Levothyroxine",None,Cancer,English,Hispanic or Latino,Active,20,EMR_Cerner
3118,Donald,Russell,1972-07-29,Male,A+,donald.russell@email.example.com,(370) 369-4484,Silas Torres,(450) 892-8006,"{""line1"": ""5951 Ash Ct"", ""apt"": """", ""city"": ""Las Vegas"", ""state"": ""NV"", ""zip"": ""89101"", ""timezone"": ""America/Los_Angeles"", ""country"": ""USA""}",Single,Chef,Fisher Corp,Humana,POL-855620,GRP-9813,71,2025-07-20,2025-09-27,173,88,29.4,Non-Smoker,Moderate,"PENICILLIN, SULFA",,"Eliquis, Apixaban, Prednisone, Tramadol","Appendectomy 2018, Cholecystectomy 2020",None,Spanish,White,Active,21,EMR_Cerner
3125,Joyce,Miller,2000-05-23,Female,AB+,joyce.miller@email.example.com,(751) 807-6080,Scarlett Tucker,(629) 570-1769,"{""line1"": ""4598 Oak Ave"", ""apt"": """", ""city"": ""Baltimore"", ""state"": ""MD"", ""zip"": ""21201""}",Divorced,Dental Hygienist,Young Corp,Highmark,POL-666691,GRP-1057,442,2020-04-05,2020-07-27,161,103,39.7,Non-Smoker,None,Dust,,"Cetirizine, Cyclobenzaprine",None,"Cancer, Arthritis, Diabetes",English,White,Active,13,EMR_Cerner
3126,Mateo,Myers,1988-03-30,Mle,O+,mateo.myers@email.example.com,(396) 979-3661,Sarah Graham,(685) 200-9159,"{""line1"": ""4542 Elm St"", ""apt"": "", # 34"", ""city"": ""Las Vegas"", ""state"": ""NV"", ""zip"": ""89101"", ""country"": ""USA"", ""longitude"": -111.4519, ""floor_number"": 48}",Married,Social Worker,Harrison Corp,,,,367,2020-04-13,2022-04-13,166,84,30.5,Current Smoker,Heavy,"NSAIDs, None",,None,"Carpal tunnel release, Gastric bypass",None,Spanish,White,Active,23,EMR_Cerner
3128,,Hayes,1973-07-17,Female,A+,shirley.hayes@email.example.com,(979) 520-9050,Ezra Gonzalez,(871) 798-3462,"{""line1"": ""2692 Adams Way"", ""apt"": """", ""city"": ""San Diego"", ""state"": ""CA"", ""zip"": ""92101"", ""county"": ""King""}",Married,Project Manager,Wilson Corp,CareFirst,POL-733801,GRP-2383,334,,2022-07-24,166,105,38.1,Non-Smoker,Occasional,"Peanuts, Shellfish",Congestive Heart Failure,None,None,"Asthma, Heart Disease, Diabetes",Korean,Black or African American,Inactive,7,EMR_Cerner
3130,Bobby,Turner,1987-05-11,Male,AB,bobby.turner@email.example.com,(314) 470-1142,Lily Jimenez,(636) 666-1511,"{""line1"": ""7270 Sunset Dr"", ""apt"": """", ""city"": ""Louisville"", ""state"": ""KY"", ""zip"": ""40201"", ""longitude"": -77.1773, ""latitude"": 40.5357, ""county"": ""Sacramento"", ""street_type"": ""St""}",Married,Engineer,Peterson Corp,Centene,POL-597659,GRP-2072,418,2019-08-30,2022-11-17,172,72,24.3,Former Smoker,Moderate,"Sulfa, None, Latex",,"Loratadine, Hydrochlorothiazide, Albuterol",None,None,Spanish,White,Active,22,EMR_Cerner
3132,Katherine,Jenkins,1987-04-24,,A+,katherine.jenkins@email.example.com,(409) 761-1452,Megan Fisher,(984) 415-2877,"{""line1"": ""3492 Main St"", ""apt"": """", ""city"": ""Memphis"", ""state"": ""TN"", ""zip"": ""38101"", ""neighborhood"": ""Suburbs"", ""floor_number"": 26}",Separated,Consultant,,Oscar Health,POL-669469,GRP-9067,379,2024-01-10,2026-08-16,163,53,19.9,Non-Smoker,Sometimes,"Dust, None, Pollen",,None,Total knee replacement,None,Vietnamese,White,Inactive,19,EMR_Cerner
3133,Betty,Brooks,2001-10-20,Female,O+,betty.brooks@email.example.com,(386) 212-3817,Logan Flores,John Smith,"{""line1"": ""8291 Hickory St"", ""apt"": """", ""city"": ""Charlotte"", ""state"": ""NC"", ""zip"": ""28201""}",Separated,Dentist,,Blue Cross Blue Shield,POL-ABC,GRP-8080,125,2025-08-18,2025-08-18,145,87,41.4,Current Smoker,None,"Peanuts, Latex, None","Congestive Heart Failure, COPD","Tramadol, Spironolactone, Insulin glargine, Hydrochlorothiazide",None,"Asthma, Alzheimer's",Spanish,Hispanic or Latino,Active,4,EMR_Cerner
3134,Skylar,Nguyen,2002-04-28,Female,A+,skylar.nguyen@email.example.com,(655) 780-8048,Victoria Howard,(323) 872-5323,"{""line1"": ""6217 Ash Ct"", ""apt"": """", ""city"": ""Louisville"", ""state"": ""KY"", ""zip"": ""40201"", ""timezone"": ""America/Chicago"", ""country"": ""USA"", ""county"": ""Cook"", ""longitude"": -94.7127}",Divorced,UnemPloyed,Tucker Corp,Oscar Health,POL-323327,GRP-3906,416,2024-07-07,2024-10-31,164,94,34.9,Former Smoker,Moderate,"Peanuts, None, Penicillin","Crohn's Disease, Migraine",None,None,"Heart Disease, Asthma, Cancer",English,Asian,Deceased,21,EMR_Cerner
3135,12345,Peterson,1991-05-31,Female,A+,victoria.peterson1@email.example.com,(824) 443-4399,N/A,(729) 909-4057,"{""line1"": ""2271 Broadway"", ""apt"": """", ""city"": ""Sacramento"", ""state"": ""CA"", ""zip"": ""94201"", ""street_type"": ""Ln""}",Married,Sales Representative,Nguyen Corp,Geisinger,POL-646618,GRP-4846,413,2023-01-08,2025-05-23,172,89,30.1,Non-Smoker,Occasional,"Peanuts, Sulfa, None","COPD, Psoriasis, Crohn's Disease, Chronic Fatigue","Gabapentin, Duloxetine, Insulin glargine, Apixaban","Spinal fusion, Carpal tunnel release, Thyroidectomy",,English,White,Active,12,EMR_Cerner
3137,Abigail,Turner,1998-07-30,Female,O+,abigail.turner@email.example.com,(418) 714-2231,Evelyn Powell,(614) 421-9965,"{""line1"": ""7499 Park Blvd"", ""apt"": "", # 2"", ""city"": ""San Diego"", ""state"": ""CA"", ""zip"": ""92101"", ""timezone"": ""America/Los_Angeles"", ""latitude"": 37.0531, ""street_type"": ""Ln"", ""landmark"": ""Behind Metro Station"", ""longitude"": -110.4861}",Single,UnemPloyed,Young Corp,UnitedHealthcare,POL-677153,GRP-9786,273,2018-09-29,2021-05-03,167,54,19.4,Non-Smoker,Heavy,"Latex, Sulfa, Codeine",Migraine,None,None,"Arthritis, Cancer, Heart Disease",Tagalog,Hispanic or Latino,Active,11,EMR_Cerner
3141,Adam,Bryant,1978-09-18,Male,A+,adam.bryant@email.example.com,(921) 804-5654,Camila Woods,(848) 538-9273,"{""line1"": ""4217 Broadway"", ""apt"": """", ""city"": ""Portland"", ""state"": ""OR"", ""zip"": ""97201"", ""longitude"": -80.4946, ""county"": ""Dallas""}",Married,Nurse,Hill Corp,Independence Blue Cross,POL-844505,GRP-4478,233,2024-06-08,2026-07-29,173,87,29.1,Never Assessed,Moderate,Pollen,"Migraine, Ulcerative Colitis, Psoriasis, GERD","Spironolactone, Ozempic, Clopidogrel, Losartan",Spinal fusion,Arthritis,Arabic,Black or African American,Active,20,EMR_Cerner
,Anthony,Collins,1991-08-29,Male,O+,anthony.collins@email.example.com,(813) 631-2643,Carl Collins,(426) 474-7510,"{""line1"": ""9888 Church St"", ""apt"": "", Suite 18"", ""city"": ""Raleigh"", ""state"": ""NC"", ""zip"": ""27601"", ""street_type"": ""Rd"", ""county"": ""Queens"", ""timezone"": ""America/Chicago""}",Married,Architect,,Independence Blue Cross,POL-327555,GRP-7912,183,2018-04-28,,172,55,18.6,Never Assessed,Moderate,"NSAIDs, Shellfish, Latex","Anxiety Disorder, Psoriasis, Ulcerative Colitis","Albuterol, Apixaban",None,Hypertension,Korean,,Active,20,EMR_Cerner
3146,Evelyn,Lewis,1973-12-13,Female,O+,evelyn.lewis@email.example.com,(647) 640-5357,Brian Evans,(951) 542-4495,"{""line1"": ""3094 Washington Ave"", ""apt"": "", Unit 23"", ""city"": ""Sacramento"", ""state"": ""CA"", ""zip"": ""94201"", ""timezone"": ""America/Los_Angeles"", ""country"": ""USA"", ""delivery_notes"": ""Deliver to reception"", ""county"": ""Dallas"", ""street_type"": ""Pl""}",Married,Professor,,Harvard Pilgrim,POL-798917,GRP-2746,279,2021-04-19,2022-02-24,163,54,20.3,Non-Smoker,Occasional,"Pollen, Dust, Latex",Chronic Kidney Disease,"Meloxicam, Insulin glargine","Angioplasty with stent, Meniscectomy",Diabetes,Spanish,White,Active,9,EMR_Cerner
3150,Elizabeth,Hamilton,1999-06-10,Female,A+,elizabeth.hamilton@email.example.com,(623) 965-1748,Olivia Powell,(242) 942-8471,"{""line1"": ""7267 Madison St"", ""apt"": """", ""city"": ""Miami"", ""state"": ""FL"", ""zip"": ""33101""}",Married,Writer,Foster Corp,Aetna,POL-190346,GRP-8609,485,2020-09-29,2022-03-16,158,75,30.0,never assessed,None,"Penicillin, Peanuts, Shellfish",Depression,"Prednisone, Furosemide, Spironolactone, Cetirizine",None,"Stroke, Alzheimer's, Heart Disease",Arabic,Hispanic or Latino,Active,23,EMR_Cerner
3157,Rachel,Lewis,1990-06-02,Female,A+,rachel.lewis@email.example.com,(668) 248-3671,Samantha Robinson,(791) 267-2570,"{""line1"": ""9149 Main St"", ""apt"": """", ""city"": ""San Antonio"", ""state"": ""TX"", ""zip"": ""78201"", ""neighborhood"": ""Midtown"", ""latitude"": 30.2624, ""street_type"": ""Rd""}",Separated,Military,Rogers Corp,Kaiser Permanente,POL-201885,GRP-8786,238,2023-10-11,2024-12-13,152,101,43.7,Non-Smoker,Heavy,NSAIDs,"Eczema, Irritable Bowel Syndrome, Ulcerative Colitis, GERD",None,Colectomy,"Asthma, Stroke, Arthritis",Spanish,Asian,Inactive,15,EMR_Cerner
3164,Douglas,Morales,2002-03-13,Male,A-,douglas.morales@email.example.com,(443) 892-1534,Nicholas Harris,(989) 577-5513,"{""line1"": ""7321 Eighth Ave"", ""apt"": "", Unit 41"", ""city"": ""Tulsa"", ""state"": ""OK"", ""zip"": ""74101"", ""county"": ""San Diego""}",Married,Police Officer,Lee Corp,,POL-383655,GRP-1651,139,2023-03-02,2025-01-26,189,109,30.5,Former Smoker,Occasional,Peanuts,,Losartan,none,Alzheimer's,English,White,Active,13,EMR_Cerner
3166,Patricia,Campbell,1979-01-19,Female,A+,patricia.campbell@email.example.com,(826) 269-5398,Vincent Jenkins,(405) 740-4242,"{""line1"": ""9460 Fourth Ave"", ""apt"": "", Apt 9"", ""city"": ""Nashville"", ""state"": ""TN"", ""zip"": ""37201"", ""longitude"": -105.5749, ""county"": ""Orange""}",Single,Driver,Collins Corp,Humana,POL-124368,GRP-4326,127,2025-05-20,2028-03-29,149,65,29.3,Current Smoker,Occasional,"Peanuts, Dust, Penicillin",,"Meloxicam, Cyclobenzaprine",None,Diabetes,English,Black or African American,Active,24,EMR_Cerner
3168,Jasper,Evans,2000-03-21,Male,A+,jasper.evans@email.example.com,(706) 972-9833,Jeffrey Thompson,(426) 745-9885,"{""line1"": ""8261 Elm St"", ""apt"": """", ""city"": ""New York"", ""state"": ""NY"", ""zip"": ""10001"", ""street_type"": ""Ave"", ""delivery_notes"": ""Ring bell"", ""country"": ""USA"", ""county"": ""Maricopa""}",Married,Chef,Perez Corp,Centene,POL-704549,GRP-1432,360,2025-03-25,2027-08-17,179,99,30.9,Non-Smoker,Moderate,"Shellfish, Peanuts, Penicillin",,"Montelukast, Gabapentin, Bupropion, Cetirizine",Thyroidectomy,Arthritis,English,Asian,Active,10,EMR_Cerner
3169,Sarah,Hunter,1997-09-05,Female,A+,sarah.hunter@email.example.com,(351) 729-3579,N/A,(974) 210-7611,"{""line1"": ""8057 Market St"", ""apt"": "", # 27"", ""city"": ""Oklahoma City"", ""state"": ""OK"", ""zip"": ""73101""}",Single,Teacher,,Oscar Health,POL-228993,GRP-8517,351,2024-05-16,,172,62,21.0,Former Smoker,Moderate,"Codeine, Pollen, Shellfish",Sleep Apnea,"Levothyroxine, Prednisone, Cyclobenzaprine, Fluticasone",None,Alzheimer's,English,White,Active,16,EMR_Cerner
3170,12345,Cox,2005-12-01,Female,B+,rebecca.cox@email.example.com,(540) 759-8805,Ellie Myers,(365) 824-7872,"{""line1"": ""9510 Pine St"", ""apt"": "", # 1"", ""city"": ""New Orleans"", ""state"": ""LA"", ""zip"": ""70112"", ""county"": ""Miami-Dade""}",Married,Retail Associate,,Atena,POL-104062,GRP-7549,370,2020-03-08,2021-01-19,161,74,-5,Current Smoker,Heavy,NSAIDs,,None,"Cholecystectomy, Meniscectomy",None,French,White,Active,18,EMR_Cerner
3173,Edward,Johnson,1998-12-05,Male,A+,edward.johnson@email.example.com,(439) 511-1107,Stella Cruz,(419) 578-3409,"{""line1"": ""9081 Forest Ave"", ""apt"": """", ""city"": ""Chicago"", ""state"": ""IL"", ""zip"": ""60601"", ""neighborhood"": ""Historic District"", ""latitude"": 37.6629, ""street_type"": ""Ct"", ""timezone"": ""America/New_York""}",Single,Dentist,Roberts Corp,Highmark,POL-241096,GRP-7924,391,2022-04-15,2026-02-05,180,72,22.2,Former Smoker,Moderate,"Penicillin, Latex","Asthma, Irritable Bowel Syndrome",None,none,None,English,Black or African American,Active,25,EMR_Cerner
3177,Alexander,Rivera,1964-05-23,Male,A+,alexander.rivera@email.example.com,(890) 807-5387,Lucas Morgan,(319) 939-1381,"{""line1"": ""371 Hickory St"", ""apt"": """", ""city"": ""Phoenix"", ""state"": ""AZ"", ""zip"": ""85001"", ""county"": ""Harris"", ""longitude"": -90.6438, ""country"": ""USA""}",Married,Bank Teller,Wright Corp,Independence Blue Cross,POL-363171,GRP-8760,338,2024-06-17,2026-10-05,180,40,12.3,Former Smoker,Occasional,"PENICILLIN, SULFA",Anemia,Ozempic,None,None,English,caucasian,Active,25,EMR_Cerner
3181,John,Brooks,1985-02-28,Male,A-,user@.com,(777) 224-2337,Bruce Butler,(677) 303-7890,"{""line1"": ""1698 Union Ave"", ""apt"": """", ""city"": ""Omaha"", ""state"": ""NE"", ""zip"": ""68101"", ""street_type"": ""Cir"", ""timezone"": ""America/Denver"", ""county"": ""San Diego"", ""country"": ""USA""}",Married,Mechanic,Roberts Corp,Independence Blue Cross,POL-614399,GRP-4728,186,2020-11-02,2022-11-18,174,101,33.4,Non-Smoker,Moderate,None,"Hyperlipidemia, Chronic Fatigue","Montelukast, Bupropion, Clopidogrel, Amlodipine",None,Hypertension,Spanish,,Active,1,EMR_Cerner
3182,Roger,Owens,2025-01-01,Male,O+,roger.owens@email.example.com,(747) 266-4481,Joyce Wright,(808) 500-3954,"{""line1"": ""138 Lincoln Blvd"", ""apt"": """", ""city"": ""San Francisco"", ""state"": ""CA"", ""zip"": ""94101"", ""timezone"": ""America/Denver"", ""street_type"": ""St"", ""latitude"": 36.8969, ""country"": ""USA""}",Married,Accountant,,Cigna,POL-693321,GRP-4053,296,2020-07-19,2024-02-28,181,88,26.9,Non-Smoker,Occasional,"Latex, Codeine, Pollen","Irritable Bowel Syndrome, Congestive Heart Failure, GERD","Sertraline, Fluticasone, Eliquis, Metoprolol",None,Alzheimer's,English,White,Active,4,EMR_Cerner
3184,Vincent,,1993-11-14,Male,O+,vincent.moore@email.example.com,(879) 894-4854,999-999-9999,(569) 918-2105,"{""line1"": ""3972 Madison St"", ""apt"": "", # 47"", ""city"": ""Phoenix"", ""state"": ""AZ"", ""zip"": ""85001"", ""floor_number"": 39, ""country"": ""USA""}",Married,Firefighter,Jordan Corp,Health Net,POL-699820,GRP-3819,2,2018-09-26,2022-03-27,182,96,29.0,Never Assessed,Moderate,"Pollen, Dust, Peanuts",,"Cyclobenzaprine, Meloxicam",None,"Alzheimer's, Stroke",English,White,Active,17,EMR_Cerner
3185,,Lopez,1993-11-15,Female,O+,katherine.lopez@email.example.com,(851) 213-7496,Jacob Simmons,(393) 917-3676,"{""line1"": ""9234 Sycamore Ave"", ""apt"": "", Unit 41"", ""city"": ""Philadelphia"", ""state"": ""PA"", ""zip"": ""19101"", ""delivery_notes"": ""Call upon arrival"", ""latitude"": 36.1136, ""country"": ""USA"", ""longitude"": -108.7015}",Married,Project Manager,Miller Corp,Tufts Health Plan,POL-737605,G1234,402,2025-10-08,2027-11-02,167,40,14.3,Non-Smoker,None,"Codeine, Latex",,Bupropion,"Hysterectomy, Sleeve gastrectomy, Hernia repair","Arthritis, Diabetes",,White,Active,16,EMR_Cerner
3187,Laura,Collins,2099-06-15,Female,O-,laura.collins@email.example.com,(454) 440-7549,Emma Kim,(338) 813-4813,"{""line1"": ""7494 Hickory St"", ""apt"": "", Suite 26"", ""city"": ""Albuquerque"", ""state"": ""NM"", ""zip"": ""87101"", ""country"": ""USA"", ""timezone"": ""America/Phoenix"", ""latitude"": 35.6477, ""neighborhood"": ""Southside""}",,Driver,Porter Corp,Highmark,POL-343793,GRP-2886,405,2023-12-07,2025-05-28,169,91,31.9,Non-Smoker,Occasional,"Latex, Peanuts, Sulfa","Type 2 Diabetes, COPD",None,None,"Asthma, Arthritis, Diabetes",English,Black or African American,Active,19,EMR_Cerner
3190,Emma,Hall,1950-04-19,Female,A+,emma.hall@email.example.com,(722) 506-5305,Evelyn Hernandez,(890) 626-9895,"{""line1"": ""4386 Washington Ave"", ""apt"": """", ""city"": ""Seattle"", ""state"": ""WA"", ""zip"": ""98101"", ""landmark"": ""Adjacent to Library""}",Single,Scientist,Alvarez Corp,Oscar Health,POL-901028,GRP-9147,77,2021-12-22,2022-07-18,163,88,33.1,Former Smoker,None,"Peanuts, Penicillin, None","Hypertension, GERD","Cetirizine, Eliquis",None,"Heart Disease, Diabetes, Heart Disease",Arabic,White,Active,21,EMR_Cerner
3192,Christopher,Cruz,1999-08-14,Male,A+,christopher.cruz@email.example.com,(638) 916-6664,Logan Ruiz,(205) 586-9703,"{""line1"": ""8383 Washington Ave"", ""apt"": "", Suite 29"", ""city"": ""Minneapolis"", ""state"": ""MN"", ""zip"": ""55401"", ""latitude"": 36.2455}",Single,Police Officer,Gonzalez Corp,Blue Cross Blue Shield,POL-787131,GRP-8633,90,2023-11-07,2024-04-08,tall,97,33.6,Never Assessed,Moderate,Peanuts,"Migraine, Rheumatoid Arthritis, Hypertension, Crohn's Disease",Eliquis,Cholecystectomy,"Heart Disease, Diabetes, Heart Disease",English,White,Active,1,EMR_Cerner
3206,Helen,Butler,1994-05-09,Female,A+,helen.butler@email.example.com,(427) 240-9033,Jessica Walker,(320) 808-1181,"{""line1"": ""7056 Maple Dr"", ""apt"": """", ""city"": ""Mesa"", ""state"": ""AZ"", ""zip"": ""85201"", ""longitude"": -102.7138}",Married,Driver,,Humana,POL-966723,GRP-8557,154,2023-06-08,2023-07-01,165,92,33.8,Never Assessed,Occasional,"None, Sulfa, Penicillin",,"Cyclobenzaprine, Sertraline, Amlodipine, Clopidogrel",,"Diabetes, Asthma",English,Asian,Active,17,EMR_Cerner
3217,Janet,Bailey,2025-06-15,Female,O+,janet.bailey@email.example.com,(242) 278-3739,Gary Harrison,(242) 872-3081,"{""line1"": ""7042 Beechwood Ave"", ""apt"": "", Unit 21"", ""city"": ""Sacramento"", ""state"": ""CA"", ""zip"": ""94201"", ""street_type"": ""Dr"", ""timezone"": ""America/Denver"", ""county"": ""King""}",Married,Professor,,Molina Healthcare,POL-908253,GRP-8577,421,2021-08-27,2025-02-25,162,46,17.5,Smoker,Moderate,None,,"Acetaminophen, Bupropion, Duloxetine",Hernia repair,None,Spanish,Hispanic or Latino,Active,4,EMR_Cerner
3218,Abigail,Nguyen,2001-02-03,Female,AB,abigail.nguyen@email.example.com,(988) 343-5562,Steven Robinson,(406) 671-6249,"{""line1"": ""123 Main St"", ""county"": ""Miami-Dade"", ""street_type"": ""Rd"", ""neighborhood"": ""West Side""}",Married,---,Wallace Corp,Humana,POL-737369,GRP-6784,70,2024-06-04,2026-03-09,172,66,,Non-Smoker,None,Codeine,"Chronic Kidney Disease, Fibromyalgia, Hypertension",Eliquis,None,Cancer,English,Asian,active,5,EMR_Cerner
3221,Alexander,###,not available,Male,A+,alexander.jackson@email.example.com,(750) 644-5674,Steven Evans,(905) 229-2400,"{""line1"": ""627 Sycamore Ave"", ""apt"": "", # 26"", ""city"": ""San Diego"", ""state"": ""CA"", ""zip"": ""92101"", ""county"": ""Cook"", ""timezone"": ""America/Los_Angeles"", ""neighborhood"": ""Downtown""}",Single,Engineer,Ross Corp,Blue Cross Blue Shield,POL-875481,GRP-5574,267,2023-06-06,2025-05-18,180,89,27.5,Former Smoker,Moderate,None,,"Pantoprazole, Albuterol, Spironolactone, Montelukast","Rotator cuff repair, Total hip replacement, Carpal tunnel release",None,English,Asian,Active,10,EMR_Cerner
3223,Carl,Ramos,1973-03-30,Male,A+,carl.ramos@email.example.com,(425) 705-2367,Gabriel Mendoza,(703) 833-2839,"{""line1"": ""6791 Sixth Ave"", ""apt"": """", ""city"": ""Milwaukee"", ""state"": ""WI"", ""zip"": ""53201""}",Married,Retired,Phillips Corp,Aetna,POL-917032,GRP-5298,44,2018-12-06,2020-01-26,176,94,30.3,Former Smoker,Heavy,"Shellfish, Latex, Dust",Ulcerative Colitis,"Celecoxib, Pantoprazole, Sertraline, Apixaban",None,"Stroke, Alzheimer's",English,Black or African American,Inactive,1,EMR_Cerner
3225,Edward,Long,not available,Male,O+,edward.long@email.example.com,(261) 549-6189,Megan Baker,(261) 938-4473,"{""line1"": ""708 Eighth Ave"", ""apt"": """", ""city"": ""Sacramento"", ""state"": ""CA"", ""zip"": ""94201""}",Widowed,Doctor,,Tufts Health Plan,POL-157855,GRP-9613,125,2022-10-23,2025-10-19,186,109,31.5,Non-Smoker,Occasional,Codeine,Eczema,None,"Angioplasty with stent, Rotator cuff repair","Diabetes, Alzheimer's, Hypertension",English,White,Active,4,EMR_Cerner
3231,Silas,Cooper,2000-09-30,Male,O+,silas.cooper@email.example.com,(562) 870-1119,Mateo Bailey,(584) 975-6318,"{""line1"": ""3804 Sixth Ave"", ""apt"": """", ""city"": ""Dallas"", ""state"": ""TX"", ""zip"": ""75201"", ""delivery_notes"": ""Deliver to reception""}",Divorced,Chef,Jordan Corp,UnitedHealthcare,POL-744825,GRP-2045,269,2020-07-08,2021-06-01,184,82,24.2,never assessed,Occasional,Null,"Eczema, Atrial Fibrillation, Migraine",Prednisone,"C-section, ACL reconstruction","DM, HTN, CAD",English,Black or African American,Active,8,EMR_Cerner
3232,Albert,Rivera,1957-08-21,Male,O+,albert.rivera@email.example.com,(893) 706-5418,Katherine Freeman,(993) 978-1994,"{""line1"": ""4404 Fifth St"", ""apt"": """", ""city"": ""Jacksonville"", ""state"": ""FL"", ""zip"": ""32201"", ""street_type"": ""Blvd"", ""timezone"": ""America/New_York"", ""longitude"": -73.5163}",Single,Engineer,,Tufts Health Plan,POL-461977,GRP-7507,131,2020-11-22,2022-03-16,167,40,14.3,Former Smoker,None,"None, Sulfa, Peanuts","Chronic Fatigue, Rheumatoid Arthritis","Amlodipine, Gabapentin, Eliquis, Montelukast",Rotator cuff repair,"Diabetes, Heart Disease",Spanglish,Asian,Inactive,2,EMR_Cerner
3234,Scott,Cole,2001-07-26,Male,B+,scott.cole@email.example.com,(784) 625-5201,Gregory Hughes,(250) 225-1318,"{""line1"": ""1130 Broadway"", ""apt"": "", # 19"", ""city"": ""Minneapolis"", ""state"": ""MN"", ""zip"": ""55401"", ""latitude"": 31.7232, ""neighborhood"": ""East Side"", ""delivery_notes"": ""Deliver to reception""}",Divorced,Retired,Morgan Corp,Centene,POL-756746,GRP-8969,369,2018-02-04,2021-05-27,180,106,32.7,Non-Smoker,Occasional,"None, NSAIDs, Pollen","Asthma, Type 2 Diabetes",None,None,"Asthma, Alzheimer's",Spanish,White,Active,19,EMR_Cerner
3238,Victoria,Simpson,2003-12-08,Female,A+,victoria.simpson@email.example.com,(778) 422-2413,Rebecca Thompson,(871) 889-2561,"{""line1"": ""1556 Union Ave"", ""apt"": """", ""city"": ""San Jose"", ""state"": ""CA"", ""zip"": ""95101"", ""delivery_notes"": ""Leave at door"", ""country"": ""USA""}",Separated,Mechanic,Ford Corp,Harvard Pilgrim,POL-151157,GRP-5522,398,2024-05-11,2026-03-05,169,,37.5,Never Assessed,Moderate,"Penicillin, NSAIDs, Codeine",Asthma,Lisinopril,Rotator cuff repair,"Alzheimer's, Asthma",English,Hispanic or Latino,Active,23,EMR_Cerner
3243,Victoria,Crawford,1964-04-05,Female,B+,victoria.crawford@email.example.com,(490) 700-9057,999-999-9999,(551) 382-5169,"{""line1"": ""6947 Union Ave"", ""apt"": """", ""city"": ""Memphis"", ""state"": ""TN"", ""zip"": ""38101"", ""county"": ""Queens"", ""latitude"": 44.2487}",Separated,Unemployed,Bryant Corp,Kaiser Permanente,POL-363314,GRP-9294,357,2025-10-25,2028-08-17,167,74,150,Former Smoker,Occasional,"Sulfa, Penicillin, Codeine",Congestive Heart Failure,"Fluticasone, Cyclobenzaprine",Total hip replacement,"Heart Disease, Stroke, Diabetes",English,Black or African American,Active,2,EMR_Cerner
3245,Layla,Phillips,1989-12-23,Female,O-,layla.phillips@email.example.com,(884) 891-6929,Helen Foster,(804) 675-9764,"{""line1"": ""2767 Lincoln Blvd"", ""apt"": "", # 33"", ""city"": ""Nashville"", ""state"": ""TN"", ""zip"": ""37201"", ""timezone"": ""America/New_York""}",Widowed,Plumber,Fisher Corp,Blue Cross Blue Shield,POL-970177,GRP-4258,219,2024-10-25,2026-09-30,180,54,16.7,Never Assessed,None,"Codeine, Peanuts, Dust",Depression,None,None,"Alzheimer's, Cancer, Stroke",English,White,Active,22,EMR_Cerner
3251,Abigail,Parker,01/15/1987,Female,A-,abigail.parker@email.example.com,2125550199,Victor Martin,(840) 581-7059,"{""line1"": ""8171 Market St"", ""apt"": """", ""city"": ""Minneapolis"", ""state"": ""MN"", ""zip"": ""55401""}",Single,Pharmacist,,,,,390,2018-10-07,2020-03-20,170,70,24.2,Former Smoker,None,"Penicillin, Dust, Latex",,Sertraline,Hysterectomy,"Diabetes, Cancer",Arabic,White,Active,8,EMR_Cerner
3253,Victor,Brown,2003-07-16,Male,O-,victor.brown@email.example.com,2125550199,Diane Simpson,(744) 834-5523,"{""line1"": ""1350 Sunset Dr"", ""apt"": """", ""city"": ""Austin"", ""state"": ""TX"", ""zip"": ""73301"", ""country"": ""USA"", ""street_type"": ""Cir"", ""county"": ""Orange"", ""floor_number"": 24, ""longitude"": -98.9164}",Single,Graphic Designer,Foster Corp,Aetna,POL-554802,GRP-7868,159,2022-09-23,,164,70,26.0,Non-Smoker,None,"None, Penicillin, Dust","Hypertension, Asthma","Insulin glargine, Bupropion, Lisinopril, Fluticasone",None,"Arthritis, Alzheimer's, Cancer",Spanish,White,Active,15,EMR_Cerner
3254,Willie,Hunter,1995-02-13,Male,A+,willie.hunter@email.example.com,(950) 989-6337,John Robinson,(289) 763-7855,"{""line1"": ""3742 Cedar Ln"", ""apt"": """", ""city"": ""Milwaukee"", ""state"": ""WI"", ""zip"": ""53201"", ""landmark"": ""Near Hospital""}",Married,Project Manager,,Humana,POL-810681,GRP-8002,249,2023-07-03,2024-10-13,166,heavy,27.6,Non-Smoker,Occasional,Pollen,"Chronic Fatigue, Atrial Fibrillation","Eliquis, Atorvastatin, Lisinopril, Fluticasone",None,"Arthritis, Diabetes",Tagalog,White,Active,12,EMR_Cerner
3264,Daniel,Flores,1994-09-12,Male,O+,daniel.flores@email.example.com,(969) 230-8660,Samuel Marshall,(324) 891-1462,"{""line1"": ""1202 Monroe Dr"", ""apt"": "", Apt 37"", ""city"": ""Baltimore"", ""state"": ""MD"", ""zip"": ""21201"", ""county"": ""Sacramento"", ""timezone"": ""America/Chicago"", ""neighborhood"": ""Uptown"", ""latitude"": 32.4738}",Single,Chef,James Corp,MetLife,POL-248373,G1234,293,2024-08-20,2025-01-20,170,63,21.8,Current Smoker,Occasional,"Sulfa, None, Pollen",,"Cyclobenzaprine, Hydrochlorothiazide",None,"Arthritis, Asthma, Hypertension",English,White,Active,8,EMR_Cerner
3265,Larry,Moore,1984-08-13,Male,O-,,(972) 962-5653,Ellie James,(233) 942-1009,"{""line1"": ""1923 Hamilton Ct"", ""apt"": """", ""city"": ""Fresno"", ""state"": ""CA"", ""zip"": ""93701"", ""county"": ""Harris""}",Single,Data Analyst,Mitchell Corp,Geisinger,POL-490945,GRP-5240,261,2025-12-24,2027-01-31,173,61,20.4,Former Smoker,Occasional,None,Hypothyroidism,Prednisone,None,Stroke,English,White,Active,20,EMR_Cerner
3271,Camila,Hamilton,2003-02-17,Female,AB,camila.hamilton@email.example.com,(941) 347-3052,John Martinez,(821) 701-2759,"{""line1"": ""3377 Sunset Dr"", ""apt"": """", ""city"": ""Boston"", ""state"": ""MA"", ""zip"": ""02101"", ""county"": ""Cook"", ""country"": ""USA""}",Married,Accountant,Price Corp,Blue Cross,POL-320489,GRP-6419,252,2018-01-13,2020-02-19,159,83,32.8,Former Smoker,Occasional,Codeine,Sleep Apnea,Warfarin,"Angioplasty with stent, Meniscectomy, Laminectomy",None,English,Asian,Active,4,EMR_Cerner
3272,Walter,Powell,1994-10-13,Male,O+,walter.powell@email.example.com,(395) 891-2842,Zachary Fisher,(295) 726-4889,"{""line1"": ""6250 Third St"", ""apt"": """", ""city"": ""Raleigh"", ""state"": ""NC"", ""zip"": ""27601""}",Separated,Logistics Coordinator,Mendoza Corp,Anthem,POL-993500,GRP-1415,272,2018-02-10,,180,100,30.9,Non-Smoker,Heavy,"Penicillin, Peanuts, NSAIDs","Crohn's Disease, Migraine",Omeprazole,"Coronary artery bypass grafting, Appendectomy","Asthma, Stroke, Cancer",English,White,Active,18,EMR_Cerner
3273,Heather,Ruiz,2003-03-16,Female,o+,heather.ruiz1@email.example.com,(887) 237-6470,Karen Robinson,(434) 375-2067,"{""line1"": ""6543 Pleasant St"", ""apt"": """", ""city"": ""Kansas City"", ""state"": ""MO"", ""zip"": ""64101"", ""neighborhood"": ""Uptown"", ""country"": ""USA"", ""timezone"": ""America/New_York"", ""street_type"": ""Ave""}",Single,Graphic Designer,,MetLife,POL-683827,GRP-4448,273,2019-06-08,2022-04-29,161,89,34.3,Current Smoker,None,Null,"GERD, Asthma, Rheumatoid Arthritis, Hyperlipidemia","Prednisone, Metformin",none,"Alzheimer's, Diabetes",Russian,White,Inactive,11,EMR_Cerner
3276,Peter,King,1991-02-13,Male,A+,peter.king@email.example.com,(521) 307-1654,Stephen Edwards,(979) 776-3306,"{""line1"": ""8444 Aspen Ct"", ""apt"": """", ""city"": ""Jacksonville"", ""state"": ""FL"", ""zip"": ""32201"", ""neighborhood"": ""Waterfront"", ""latitude"": 33.5947, ""timezone"": ""America/New_York"", ""delivery_notes"": ""Leave at door""}",Married,Engineer,Peterson Corp,Geisinger,POL-438107,GRP-3843,72,2024-11-05,2027-07-17,174,75,24.8,Non-Smoker,Former,"Latex, Penicillin, Shellfish",,"Eliquis, Insulin glargine",None,None,English,Hispanic or Latino,Active,15,EMR_Cerner
3283,Jack,Garcia,1957-03-17,Male,B+,jack.garcia@email.example.com,(344) 214-2954,Deborah Moore,(623) 554-5249,"{""line1"": ""5946 Highland Ave"", ""apt"": "", # 27"", ""city"": ""Fort Worth"", ""state"": ""TX"", ""zip"": ""76101"", ""neighborhood"": ""Northside"", ""floor_number"": 9, ""country"": ""USA"", ""street_type"": ""Rd""}",Married,Real Estate Agent,Graham Corp,Oscar Health,POL-314603,GRP-5985,260,2021-07-14,2022-11-16,171,80,27.4,Non-Smoker,None,"None, NSAIDs, Penicillin","COPD, Irritable Bowel Syndrome",!@#$%^&*(),None,"Diabetes, Asthma, Arthritis",Spanish,White,Active,8,EMR_Cerner
3285,Ellie,Mendoza,1992-05-14,Female,A-,ellie.mendoza@email.example.com,(575) 206-1893,Bruce Wilson,(448) 683-9071,"{""line1"": ""8952 Poplar St"", ""apt"": """", ""city"": ""Miami"", ""state"": ""FL"", ""zip"": ""33101"", ""latitude"": 47.8509, ""neighborhood"": ""Suburbs""}",Married,Physical Therapist,Gonzales Corp,Health Net,POL-409696,GRP-3499,294,2024-05-22,2028-05-25,169,67,23.5,Current Smoker,Moderate,"NSAIDs, Shellfish, None",Asthma,"Ozempic, Tramadol, Levothyroxine, Clopidogrel",None,"Arthritis, Stroke, Cancer",Spanish,Black or African American,Active,13,EMR_Cerner
3287,Michelle,Gutierrez,1971-12-12,Female,,michelle.gutierrez@email.example.com,(967) 395-7033,Logan Mitchell,(441) 415-9237,"{""line1"": ""4698 Forest Ave"", ""apt"": "", Suite 9"", ""city"": ""Kansas City"", ""state"": ""MO"", ""zip"": ""64101"", ""timezone"": ""America/Chicago"", ""street_type"": ""Pl"", ""county"": ""San Diego""}",Single,Software Developer,,Highmark,POL-610410,GRP-8756,451,2022-05-12,2024-01-24,164,40,14.9,Non-Smoker,Occasional,None,"Psoriasis, COPD",!@#$%^&*(),None,None,English,Hispanic or Latino,Active,25,EMR_Cerner
3288,Daniel,Sullivan,2005-05-14,Male,O+,daniel.sullivan@email.example.com,,Stephen Cook,(565) 291-3073,"{""line1"": ""6815 Park Blvd"", ""apt"": """", ""city"": ""Tampa"", ""state"": ""FL"", ""zip"": ""33601""}",Single,Military,Washington Corp,Centene,POL-517002,GRP-5301,115,2021-04-18,2024-03-30,171,115,39.3,Non-Smoker,Occasional,Shellfish,,None,Thyroidectomy,Alzheimer's,English,Asian,Active,23,EMR_Cerner
3290,Debra,Owens,2003-05-25,Female,O+,debra.owens@email.example.com,(340) 712-1530,Adam Ramirez,(746) 717-3528,"{""line1"": ""722 Hickory St"", ""apt"": "", Suite 7"", ""city"": ""New Orleans"", ""state"": ""LA"", ""zip"": ""70112"", ""county"": ""Cook"", ""country"": ""USA""}",Married,Accountant,Price Corp,Aetna,POL-870562,GRP-3497,420,2022-01-11,2024-02-10,152,64,27.7,Former Smoker,None,"None, Pollen, Sulfa","Irritable Bowel Syndrome, GERD, Hypothyroidism","Celecoxib, Cyclobenzaprine",Total knee replacement,Diabetes,English,Other,Active,11,EMR_Cerner
3291,Ethan,Young,1982-04-28,Male,A+,ethan.young@email.example.com,(866) 219-1569,Sandra Stevens,(364) 708-9063,"{""line1"": ""7073 River Rd"", ""apt"": "", Unit 28"", ""city"": ""Baltimore"", ""state"": ""MD"", ""zip"": ""21201"", ""country"": ""USA"", ""longitude"": -90.9361}",Married,Unemployed,Nguyen Corp,Molina Healthcare,POL-313613,GRP-7488,262,2025-04-22,,164,53,19.7,Current Smoker,Occasional,"NSAIDs, None, Shellfish",,"Warfarin, Fluticasone, Losartan",none,"Diabetes, Cancer, Asthma",English,White,Active,25,EMR_Cerner
3295,Julie,Ross,2000-02-11,Female,O-,julie.ross@email.example.com,(626) 790-3213,Bruce Murray,(960) 634-7819,"{""line1"": ""302 Tenth Ave"", ""apt"": """", ""city"": ""Long Beach"", ""state"": ""CA"", ""zip"": ""90801"", ""neighborhood"": ""Southside""}",Single,Physical Therapist,Sanders Corp,Independence Blue Cross,POL-112998,GRP-9738,196,2019-08-06,2021-05-13,154,89,37.5,Former Smoker,None,Sulfa,Anemia,"Clopidogrel, Sertraline, Warfarin",None,"Stroke, Hypertension",English,White,Deceased,10,EMR_Cerner
3297,Savannah,Turner,2004-11-15,Female,O+,savannah.turner@email.example.com,(931) 232-7543,Victoria Hunter,(551) 211-4631,"{""line1"": ""5744 Jefferson Ave"", ""apt"": """", ""city"": ""Cleveland"", ""state"": ""OH"", ""zip"": ""44101"", ""floor_number"": 14}",Single,Retired,Reed Corp,Anthem,POL-823923,GRP-8166,339,2020-05-08,2023-05-16,156,94,38.6,Smoker,Occasional,None,Sleep Apnea,None,Sleeve gastrectomy,"Heart Disease, Alzheimer's, Diabetes",English,Black or African American,Active,9,EMR_Cerner
3300,Victoria,Wright,1997-06-27,Female,B+,victoria.wright@email.example.com,,Emma Rodriguez,(790) 919-3861,"{""line1"": ""6205 Pleasant St"", ""apt"": "", Unit 4"", ""city"": ""New York"", ""state"": ""NY"", ""zip"": ""10001""}",Married,Pharmacist,Flores Corp,Blue Cross Blue Shield,POL-353336,GRP-1154,232,2024-05-20,2027-09-01,-10,110,45.2,Current Smoker,Moderate,"NSAIDs, Dust, Codeine","Atrial Fibrillation, Anemia, Migraine","Metformin, Clopidogrel",None,Alzheimer's,English,Black or African American,Active,18,EMR_Cerner
3304,Elijah,Clark,1982-07-28,Male,B+,,(231) 657-9030,Camila Rodriguez,(339) 283-7743,"{""line1"": ""8526 Third St"", ""apt"": "", # 9"", ""city"": ""El Paso"", ""state"": ""TX"", ""zip"": ""79901"", ""latitude"": 44.6315, ""country"": ""USA"", ""longitude"": -76.3044}",Single,Insurance Agent,Evans Corp,MetLife,POL-835018,GRP-2050,24,2021-12-15,,183,92,27.5,Non-Smoker,Occasional,None,Irritable Bowel Syndrome,None,None,Heart Disease,Spanish,White,Active,13,EMR_Cerner
3309,Layla,Peterson,2005-05-07,Female,O+,layla.peterson@email.example.com,(654) 699-3231,Aiden Mitchell,(853) 608-5167,"{""line1"": ""7756 Spring St"", ""apt"": """", ""city"": ""Cleveland"", ""state"": ""OH"", ""zip"": ""44101"", ""delivery_notes"": ""Deliver to reception""}",,Architect,Peterson Corp,Atena,POL-261970,GRP-5788,251,2021-06-12,2021-10-11,149,102,45.9,Current Smoker,None,"Latex, None, NSAIDs",,!@#$%^&*(),Spinal fusion,None,English,White,Inactive,19,EMR_Cerner
3314,Pamela,Lewis,1961-11-06,Female,A+,pamela.lewis@email.example.com,(273) 344-5098,Joe Martinez,(527) 496-7939,"{""line1"": ""7508 Spring St"", ""apt"": "", Suite 18"", ""city"": ""Tampa"", ""state"": ""FL"", ""zip"": ""33601"", ""timezone"": ""America/Chicago"", ""neighborhood"": ""Midtown"", ""county"": ""Sacramento"", ""country"": ""USA""}",Separated,Chef,,Oscar Health,POL-600464,GRP-5809,182,2023-09-04,,156,88,36.2,Former Smoker,None,"Shellfish, Codeine, Pollen","Depression, Atrial Fibrillation, Sleep Apnea",None,"Spinal fusion, Tonsillectomy",None,English,White,Active,7,EMR_Cerner
3326,Cynthia,Scott,1986-12-29,Female,A+,cynthia.scott@email.example.com,(597) 554-2622,Pamela Harrison,(722) 757-1033,"{""line1"": ""3269 Hill St"", ""apt"": """", ""city"": ""Houston"", ""state"": ""TX"", ""zip"": ""77001"", ""timezone"": ""America/Chicago"", ""neighborhood"": ""Southside""}",Married,Business Owner,,Cigna HealthCare,POL-993147,GRP-3857,362,2022-08-20,2023-12-19,155,81,33.7,Non-Smoker,None,None,,None,None,Cancer,Russian,White,Inactive,16,EMR_Cerner
3333,Victoria,Evans,2004-12-18,Female,A+,victoria.evans@email.example.com,(300) 671-4767,Megan Gutierrez,(544) 544-3971,"{""line1"": ""1843 Lincoln Blvd"", ""apt"": """", ""city"": ""San Jose"", ""state"": ""CA"", ""zip"": ""95101"", ""longitude"": -104.4058}",Single,Nurse,Jimenez Corp,Humana,POL-272652,GRP-5457,454,2020-06-03,,157,78,31.6,never assessed,Moderate,None,", ","Omeprazole, Amlodipine, Meloxicam",None,"Heart Disease, Diabetes, Heart Disease",English,White,Inactive,22,EMR_Cerner
3351,Karen,Lewis,1991-06-05,Female,o+,karen.lewis@email.example.com,(887) 798-4917,Mary Bailey,(749) 259-8347,"{""line1"": ""4824 Second Ave"", ""apt"": """", ""city"": ""Albuquerque"", ""state"": ""NM"", ""zip"": ""87101""}",Single,Firefighter,Patterson Corp,Centene,POL-162233,GRP-3515,175,2022-07-17,,146,103,48.3,Non-Smoker,Moderate,"NSAIDs, None, Peanuts",,Meloxicam,None,Arthritis,English,Asian,Active,21,EMR_Cerner
3354,Christina,Garcia,1991-06-19,Female,A-,christina.garcia@email.example.com,(433) 362-8911,Maxwell Scott,(760) 416-9253,"{""line1"": ""6223 Cherry Ln"", ""apt"": """", ""city"": ""Raleigh"", ""state"": ""NC"", ""zip"": ""27601""}",Divorced,Chef,,Kaiser Permanente,POL-927932,GRP-9502,37,2020-08-17,2022-07-25,158,75,30.0,Never Assessed,None,"Codeine, NSAIDs, None",,"Celecoxib, Acetaminophen",None,"Cancer, Alzheimer's",English,Hispanic or Latino,,2,EMR_Cerner
3359,Stephanie,Sullivan,,Female,O+,stephanie.sullivan@email.example.com,(560) 327-8685,Wesley Ward,(892) 313-3685,"{""line1"": ""8143 Union Ave"", ""apt"": """", ""city"": ""San Diego"", ""state"": ""CA"", ""zip"": ""92101""}",Married,Logistics Coordinator,Harrison Corp,Atena,POL-947126,GRP-2385,67,2025-04-02,2026-10-31,159,82,32.4,Current Smoker,None,Dust,"Coronary Artery Disease, Atrial Fibrillation","Losartan, Amlodipine, Lisinopril, Cetirizine",Cholecystectomy,"Asthma, Hypertension, Heart Disease",English,Hispanic or Latino,Inactive,12,EMR_Cerner
3371,Heather,Peterson,1976-07-20,Female,A-,heather.peterson@email.example.com,(564) 823-4420,Kevin Griffin,(506) 274-1289,"{""line1"": ""2520 Maple Dr"", ""apt"": """", ""city"": ""Tucson"", ""state"": ""AZ"", ""zip"": ""85701"", ""latitude"": 46.102, ""neighborhood"": ""West Side""}",Single,Musician,King Corp,Kaiser Permanente,POL-878565,GRP-8916,408,2025-08-17,2026-08-05,172,88,29.7,Former Smoker,Occasional,"Dust, None, NSAIDs","Irritable Bowel Syndrome, Anxiety Disorder, Hyperlipidemia","Ozempic, Losartan",None,"Diabetes, None, Alzheimer's",English,White,Active,2,EMR_Cerner
3376,Justin,Ramos,2005-09-19,Male,A+,justin.ramos@email.example.com,(321) 723-1813,Isaac Patterson,,"{""line1"": ""1760 Monroe Dr"", ""apt"": """", ""city"": ""Indianapolis"", ""state"": ""IN"", ""zip"": ""46201"", ""timezone"": ""America/Los_Angeles"", ""county"": ""Cook"", ""neighborhood"": ""Waterfront""}",Married,UnemPloyed,Young Corp,Aetna,POL-150553,GRP-9295,32,2024-11-08,2026-02-24,165,81,29.8,Non-Smoker,Moderate,"NSAIDs, Penicillin, Shellfish",Atrial Fibrillation,"Insulin glargine, Cetirizine, Sertraline, Levothyroxine","Spinal fusion, C-section, Cataract surgery","Stroke, Alzheimer's, Hypertension",English,Asian,Inactive,22,EMR_Cerner
3380,Vincent,Woods,1975-08-28,Male,O-,vincent.woods@email.example.com,(983) 889-8504,Diane Anderson,(831) 299-5345,"{""line1"": ""1236 View Blvd"", ""apt"": "", Suite 45"", ""city"": ""Fort Worth"", ""state"": ""TX"", ""zip"": ""76101"", ""neighborhood"": ""Southside"", ""longitude"": -100.7838, ""street_type"": ""Cir""}",Divorced,Flight Attendant,AAAAAAAAAAAAAAAAAAAAAAAAAAAAAAAAAAAAAAAAAAAAAAAAAAAAAAAAAAAAAAAAAAAAAAAAAAAAAAAAAAAAAAAAAAAAAAAAAAAAAAAAAAAAAAAAAAAAAAAAAAAAAAAAAAAAAAAAAAAAAAAAAAAAAAAAAAAAAAAAAAAAAAAAAAAAAAAAAAAAAAAAAAAAAAAAAAAAAAAA,Cigna HealthCare,POL-194263,GRP-3036,288,2021-01-05,2023-12-15,167,83,29.8,Non-Smoker,Occasional,"Sulfa, Latex","Anxiety Disorder, Osteoarthritis","Lisinopril, Bupropion, Furosemide, Aspirin",None,"Cancer, None, Diabetes",Spanish,White,Inactive,15,EMR_Cerner
3393,Alexander,Ross,1978-06-15,Male,O+,alexander.ross@email.example.com,(396) 506-2279,Anthony Nguyen,(555) 703-6273,"{""line1"": ""6953 Broadway"", ""apt"": "", Apt 31"", ""city"": ""Memphis"", ""state"": ""TN"", ""zip"": ""38101"", ""timezone"": ""America/Phoenix"", ""delivery_notes"": ""Ring bell"", ""country"": ""USA"", ""latitude"": 30.562, ""longitude"": -74.112}",Divorced,HR Specialist,Hayes Corp,Geisinger,POL-922351,GRP-3246,126,2021-05-06,2022-02-13,181,80,24.4,Former Smoker,None,"NSAIDs, Dust, Sulfa","Chronic Kidney Disease, Migraine","Losartan, Jardiance","Thyroidectomy, Hemorrhoidectomy",Cancer,Spanglish,Black or African American,Active,13,EMR_Cerner
3395,Patrick,Long,1800-01-01,Male,O+,patrick.long@email.example.com,(243) 291-5352,Julian Howard,(436) 611-3122,"{""line1"": ""5619 Oak Ave"", ""apt"": """", ""city"": ""Tulsa"", ""state"": ""OK"", ""zip"": ""74101"", ""latitude"": 30.0987, ""country"": ""USA"", ""landmark"": ""Opposite Central Park""}",Married,Plumber,Mitchell Corp,Blue Cross,POL-123242,GRP-8220,349,,,170,81,28.0,Non-Smoker,Heavy,None,Anxiety Disorder,None,Vasectomy,None,English,White,Active,20,EMR_Cerner
3398,Jonathan,Gonzales,1995-12-14,Male,A-,jonathan.gonzales@email.example.com,(742) 377-8878,Deborah Cruz,(690) 378-1805,"{""line1"": ""4688 Forest Ave"", ""apt"": "", Apt 27"", ""city"": ""Cleveland"", ""state"": ""OH"", ""zip"": ""44101"", ""landmark"": ""Behind Metro Station"", ""timezone"": ""America/Phoenix""}",Separated,,N/A,Oscar Health,POL-272777,GRP-7884,357,2019-05-30,2022-08-21,163,68,25.6,Current Smoker,None,"Pollen, Penicillin, Codeine",Chronic Fatigue,"Levothyroxine, Eliquis, Duloxetine",None,None,English,Hispanic or Latino,Active,2,EMR_Cerner
3401,Jerry,Rodriguez,1998-09-05,Male,O+,jerry.rodriguez@email.example.com,(820) 921-1301,Eric Wright,(278) 451-1572,"{""line1"": ""9913 Third St"", ""apt"": "", # 2"", ""city"": ""Atlanta"", ""state"": ""GA"", ""zip"": ""30301""}",Married,Pharmacist,,Health Net,POL-461714,GRP-2853,100,2018-11-02,2020-08-28,185,67,19.6,Non-Smoker,Occasional,"Dust, Latex, Pollen","Asthma, GERD","Bupropion, Clopidogrel, Montelukast",None,"DM, HTN, CAD",Arabic,White,Active,5,EMR_Cerner
3402,Lauren,Butler,1987-10-06,Female,O+,lauren.butler@email.example.com,(536) 433-7066,Debra Hall,(839) 934-9307,"{""line1"": ""9044 Highland Ave"", ""apt"": """", ""city"": ""Las Vegas"", ""state"": ""NV"", ""zip"": ""89101"", ""neighborhood"": ""Historic District"", ""longitude"": -90.9732, ""country"": ""USA"", ""county"": ""Sacramento"", ""timezone"": ""America/New_York""}",Married,Chef,Hernandez Corp,,POL-370805,GRP-2551,310,2020-11-08,2021-04-24,163,89,33.5,Non-Smoker,Occasional,None,,Lisinopril,None,"Cancer, Asthma",Spanish,White,Active,15,EMR_Cerner
3405,Kyle,Thompson,2001-01-27,Male,O+,kyle.thompson@email.example.com,(460) 646-3941,Avery Crawford,(464) 352-9371,"{""line1"": ""5870 Sunset Dr"", ""apt"": """", ""city"": ""Mesa"", ""state"": ""AZ"", ""zip"": ""85201"", ""latitude"": 45.6009, ""street_type"": ""Cir"", ""county"": ""Cook"", ""neighborhood"": ""Downtown""}",Married,Doctor,,UnitedHealthcare,POL-382671,GRP-3856,257,2018-05-03,2018-11-16,164,74,27.5,Non-Smoker,Moderate,"NSAIDs, Peanuts, Penicillin","Crohn's Disease, Eczema, Anemia, Ulcerative Colitis","Levothyroxine, Warfarin",None,"Arthritis, Stroke",Cantonese,Asian,Deceased,12,EMR_Cerner
3417,Donald,Sullivan,1963-06-02,Male,AB,donald.sullivan@email.example.com,(707) 518-8270,Aria Allen,(577) 736-4476,"{""line1"": ""4984 Monroe Dr"", ""apt"": """", ""city"": ""San Antonio"", ""state"": ""TX"", ""zip"": ""78201""}",Married,Student,Patel Corp,Kaiser Permanente,POL-541566,GRP-8349,438,2019-05-30,2021-07-28,185,55,16.1,Non-Smoker,None,None,"Osteoporosis, Congestive Heart Failure, Anxiety Disorder",Amlodipine,None,"Diabetes, None",Spanish,White,Active,9,EMR_Cerner
3420,Ryan,Hall,1999-05-18,Male,O-,ryan.hall@email.example.com,(543) 343-9460,Genesis Ramos,(937) 413-3478,"{""line1"": ""3411 View Blvd"", ""apt"": """", ""city"": ""Long Beach"", ""state"": ""CA"", ""zip"": ""90801""}",Divorced,Architect,AAAAAAAAAAAAAAAAAAAAAAAAAAAAAAAAAAAAAAAAAAAAAAAAAAAAAAAAAAAAAAAAAAAAAAAAAAAAAAAAAAAAAAAAAAAAAAAAAAAAAAAAAAAAAAAAAAAAAAAAAAAAAAAAAAAAAAAAAAAAAAAAAAAAAAAAAAAAAAAAAAAAAAAAAAAAAAAAAAAAAAAAAAAAAAAAAAAAAAAA,,,,394,2023-07-06,2026-12-19,170,58,20.1,never assessed,None,"None, Latex",Coronary Artery Disease,"Amlodipine, Meloxicam",Carpal tunnel release,None,English,Hispanic or Latino,Active,5,EMR_Cerner
3421,Angela,Kelly,1983-12-04,Female,AB+,angela.kelly@email.example.com,(298) 322-1447,Daniel Webb,John Smith,"{""line1"": ""2482 Walnut Ave"", ""apt"": "", # 17"", ""city"": ""Fresno"", ""state"": ""CA"", ""zip"": ""93701"", ""timezone"": ""America/Chicago"", ""latitude"": 31.1832}",Single,Chef,Sullivan Corp,Independence Blue Cross,POL-560094,GRP-9078,402,2022-11-28,2022-11-29,163,57,21.5,Non-Smoker,Sometimes,"Codeine, Latex, Pollen","Depression, Coronary Artery Disease",None,Meniscectomy,None,English,Hispanic or Latino,Active,16,EMR_Cerner
3431,Benjamin,Sullivan,1995-10-28,Male,O+,benjamin.sullivan1@email.example.com,(835) 636-2580,Camila West,(947) 636-2429,"{""line1"": ""5147 Elm St"", ""apt"": """", ""city"": ""Portland"", ""state"": ""OR"", ""zip"": ""97201"", ""county"": ""Sacramento"", ""landmark"": ""Close to University"", ""longitude"": -90.9377, ""timezone"": ""America/Los_Angeles""}",Married,Unemployed,Cooper Corp,Bright Health,POL-259560,GRP-1700,487,2019-11-25,2020-12-18,171,104,35.6,Current Smoker,Moderate,"NSAIDs, Shellfish","Anemia, Psoriasis, Atrial Fibrillation, Anemia, Psoriasis, Atrial Fibrillation","Furosemide, Pantoprazole",None,Diabetes,Spanish,Hispanic or Latino,Deceased ,14,EMR_Cerner
3432,elijah,Sanders,1976-01-19,Male,O-,elijah.sanders@email.example.com,(307) 438-3721,Elizabeth Cole,(423) 426-7025,"{""line1"": ""5419 Elm St"", ""apt"": """", ""city"": ""Indianapolis"", ""state"": ""IN"", ""zip"": ""46201""}",Married,Bank Teller,Hall Corp,,,,289,2020-05-03,,183,92,27.5,Non-Smoker,Occasional,None,"Eczema, Migraine, Anxiety Disorder","Sertraline, Metformin",None,"Stroke, Arthritis, Diabetes",English,White,Active,11,EMR_Cerner
3433,Aaron,Gonzales,1969-08-12,Male,O-,aaron.gonzales@email.example.com,(263) 689-3070,Ryan Ramos,(699) 911-8310,"{""line1"": ""2699 Third St"", ""apt"": """", ""city"": ""Fresno"", ""state"": ""CA"", ""zip"": ""93701""}",Separated,Teacher,Robinson Corp,Geisinger,POL-147293,GRP-8117,90,2020-10-01,2022-11-18,175,54,17.6,Never Assessed,None,"Latex, Shellfish, NSAIDs","Fibromyalgia, Anxiety Disorder, Chronic Kidney Disease, Osteoporosis",None,"Angioplasty with stent, Tonsillectomy",None,French,Two or More Races,Active,1,EMR_Cerner
3435,Scott,Anderson,1981-09-03,Male,A+,scott.anderson@email.example.com,(936) 532-8207,Zoey Wilson,(271) 532-9133,"{""line1"": ""2260 Third St"", ""apt"": """", ""city"": ""Colorado Springs"", ""state"": ""CO"", ""zip"": ""80901"", ""street_type"": ""Ave"", ""delivery_notes"": ""Gate code: #1234"", ""longitude"": -78.1469, ""latitude"": 31.1735}",Divorced,Police Officer,,Molina Healthcare,POL-734464,GRP-4090,220,2024-05-17,2026-11-08,172,76,25.7,Non-Smoker,Occasional,"Sulfa, None, Shellfish",,"Losartan, Tramadol, Cyclobenzaprine",None,None,English,,Active,16,EMR_Cerner
3456,,Miller,1999-05-06,Non-Binary,AB-,skylar.miller@email.example.com,(944) 492-6664,Grace Johnson,(844) 520-4523,"{""line1"": ""8255 Walnut Ave"", ""apt"": """", ""city"": ""Minneapolis"", ""state"": ""MN"", ""zip"": ""55401"", ""longitude"": -87.5619, ""country"": ""USA"", ""latitude"": 29.4613, ""neighborhood"": ""East Side""}",Single,Data Analyst,,Tufts Health Plan,POL-282430,GRP-2008,362,2019-03-11,2021-02-19,163,83,31.2,Non-Smoker,None,"Pollen, None",,"Fluticasone, Montelukast, Aspirin, Metformin",None,"DM, HTN, CAD",English,White,Active,16,EMR_Cerner
3458,Riley,Wallace,1999-06-29,Female,B+,riley.wallace@email.example.com,,Brian Ross,(461) 539-6101,"{""line1"": ""1573 Center St"", ""apt"": "", Suite 25"", ""city"": ""Oakland"", ""state"": ""CA"", ""zip"": ""94601"", ""county"": ""Queens"", ""neighborhood"": ""Waterfront""}",Married,Chef,Foster Corp,CareFirst,POL-958821,GRP-1574,255,2023-03-16,2025-10-27,,87,27.2,Former Smoker,Occasional,"Pollen, Shellfish, NSAIDs",,"Celecoxib, Amlodipine",None,Hypertension,English,White,Active,5,EMR_Cerner
3459,,Torres,1959-03-06,Non-Binary,B-,emma.torres1@email.example.com,(399) 572-4299,Susan Cox,(457) 338-2583,"{""line1"": ""4626 Ash Ct"", ""apt"": "", # 1"", ""city"": ""Fresno"", ""state"": ""CA"", ""zip"": ""93701"", ""street_type"": ""St""}",Single,Dentist,Ramirez Corp,Aetna,POL-488791,GRP-9464,,2024-09-09,2028-04-15,156,89,36.6,,Occasional,"Dust, None, NSAIDs","Psoriasis, Sleep Apnea",Pantoprazole,Vasectomy,"None, Arthritis, Cancer",Mandarin,White,Active,,EMR_Cerner
3462,Henry,Watson,1988-11-02,Male,A+,henry.watson@email.example.com,(805) 537-8186,Nora Patterson,(213) 931-2936,"{""line1"": ""8255 Jefferson Ave"", ""apt"": "", Suite 37"", ""city"": ""Washington"", ""state"": ""DC"", ""zip"": ""20001"", ""longitude"": -109.2207, ""delivery_notes"": ""Deliver to reception"", ""street_type"": ""Pl"", ""neighborhood"": ""Downtown""}",Divorced,Dental Hygienist,Young Corp,Molina Healthcare,POL-961907,GRP-5080,45,2020-07-09,2022-12-10,166,83,150,Former Smoker,None,"None, Latex",,None,None,"Diabetes, Asthma",Cantonese,Hispanic or Latino,Active,10,EMR_Cerner
3463,Nathan,Jordan,1990-04-03,Male,O+,nathan.jordan@email.example.com,(825) 937-7949,Carolyn Gonzalez,(305) 456-9053,"{""line1"": ""8142 Highland Ave"", ""apt"": """", ""city"": ""Memphis"", ""state"": ""TN"", ""zip"": ""38101"", ""neighborhood"": ""Northside"", ""county"": ""San Diego"", ""street_type"": ""Way""}",Married,Chef,Powell Corp,Blue Cross Blue Shield,POL-679310,GRP-4832,130,2023-05-29,2026-02-25,178,61,19.3,Former Smoker,Moderate,,,None,"Hernia repair, Total knee replacement","Arthritis, Hypertension, Diabetes",Tagalog,White,Active,18,EMR_Cerner
3464,Benjamin,Kim,2002-12-10,Male,O+,benjamin.kim@email.example.com,(799) 892-9853,Savannah Phillips,(741) 988-2980,"{""line1"": ""2474 Pleasant St"", ""apt"": """", ""city"": ""Indianapolis"", ""state"": ""IN"", ""zip"": ""46201"", ""country"": ""USA""}",Single,Teacher,N/A,Cigna,POL-162129,GRP-8470,476,2022-09-07,2024-02-25,166,80,29.0,Non-Smoker,None,None,,Gabapentin,None,Heart Disease,Spanglish,White,Active,19,EMR_Cerner
3473,Jerry,Powell,2004-08-12,Male,A+,jerry.powell@email.example.com,(563) 689-3506,Jerry Cooper,(855) 942-2629,"{""line1"": ""4153 Lincoln Blvd"", ""apt"": """", ""city"": ""Las Vegas"", ""state"": ""NV"", ""zip"": ""89101"", ""floor_number"": 44, ""neighborhood"": ""East Side"", ""latitude"": 37.4756, ""street_type"": ""Way""}",,Teacher,Gutierrez Corp,Independence Blue Cross,POL-874430,GRP-3620,94,2023-02-27,2025-01-08,180,40,12.3,Non-Smoker,Heavy,"None, Dust, Peanuts",,Montelukast,None,"Diabetes, Arthritis",,caucasian,Active,8,EMR_Cerner
3474,,Morales,1987-07-13,Female,O-,angela.morales@email.example.com,(564) 987-2184,,(740) 279-6847,"{""line1"": ""8363 Main St"", ""apt"": "", Unit 12"", ""city"": ""Fresno"", ""state"": ""CA"", ""zip"": ""93701"", ""country"": ""USA"", ""street_type"": ""Blvd""}",Married,Nurse,Hernandez Corp,Cigna HealthCare,POL-398015,GRP-5138,74,2023-04-21,2025-03-23,160,65,25.4,Never Assessed,Occasional,"Peanuts, Sulfa, NSAIDs","GERD, Anemia","Furosemide, Fluticasone, Levothyroxine, Tramadol",None,"Heart Disease, Hypertension, Alzheimer's",Spanish,White,active,24,EMR_Cerner
3475,Lucas,Green,1956-05-01,Male,AB,lucas.green@email.example.com,(592) 562-8984,Angela Gonzalez,(319) 390-3184,"{""line1"": ""996 Washington Ave"", ""apt"": """", ""city"": ""Sacramento"", ""state"": ""CA"", ""zip"": ""94201"", ""timezone"": ""America/Denver"", ""longitude"": -78.511, ""latitude"": 33.2354, ""delivery_notes"": ""Gate code: #1234""}",Married ,Sales Representative,Simmons Corp,Harvard Pilgrim,POL-268858,GRP-7402,57,2025-09-18,2026-11-13,198,77,19.6,Non-Smoker,Occasional,"NSAIDs, None, Latex",,"Metoprolol, Acetaminophen, Apixaban",None,"Arthritis, Heart Disease",English,White,Active,18,EMR_Cerner
3476,Evelyn,Baker,1992-01-24,Female,A-,evelyn.baker@email.example.com,(665) 362-8627,Edward Gray,(617) 968-2238,"{""line1"": ""2018 Seventh St"", ""apt"": "", Suite 40"", ""city"": ""Tucson"", ""state"": ""AZ"", ""zip"": ""85701"", ""timezone"": ""America/Phoenix"", ""neighborhood"": ""West Side"", ""latitude"": 46.8251, ""county"": ""Dallas""}",Married,Police Officer,Rodriguez Corp,Centene,POL-216349,GRP-2581,299,2021-10-25,2022-05-01,160,,-5,,Heavy,None,Ulcerative Colitis,"Losartan, Eliquis, Meloxicam, Jardiance","Mastectomy, Hysterectomy","Cancer, Heart Disease, Alzheimer's",English,Hispanic or Latino,Active,1,EMR_Cerner
3478,Ruth,Nguyen,2002-03-06,Female,O+,ruth.nguyen@email.example.com,(266) 243-3742,Anna Powell,000-000-0000,"{""line1"": ""6173 Pleasant St"", ""apt"": """", ""city"": ""Milwaukee"", ""state"": ""WI"", ""zip"": ""53201"", ""neighborhood"": ""Uptown"", ""county"": ""Queens""}",Divorced,Mechanic,,Blue Cross,POL-572213,GRP-6647,,2018-10-03,,9999,56,23.9,Non-Smoker,Moderate,"NSAIDs, Penicillin","Fibromyalgia, Irritable Bowel Syndrome","Spironolactone, Atorvastatin",Gastric bypass,"Heart Disease, Diabetes, Heart Disease",Spanish,White,Active,,EMR_Cerner
3482,Skylar,###,1977-09-10,Female,O+,skylar.simpson@email.example.com,(347) 313-8153,Carolyn Rivera,(649) 333-2866,"{""line1"": ""3796 Seventh St"", ""apt"": "", Suite 30"", ""city"": ""Columbus"", ""state"": ""OH"", ""zip"": ""43201"", ""longitude"": -115.1764, ""neighborhood"": ""East Side""}",Separated,Librarian,Mendoza Corp,Harvard Pilgrim,POL-492140,GRP-7599,95,2024-12-13,2027-06-27,184,80,23.6,Current Smoker,Moderate,"Sulfa, Shellfish, Peanuts",Atrial Fibrillation,None,None,"Hypertension, Diabetes, None",English,White,Active,14,EMR_Cerner
3486,Samantha,Tucker,1989-04-27,Female,A+,samantha.tucker@email.example.com,(906) 966-2505,Scarlett Marshall,(735) 211-3954,"{""line1"": ""1169 Ninth St"", ""apt"": """", ""city"": ""Seattle"", ""state"": ""WA"", ""zip"": ""98101"", ""timezone"": ""America/Chicago"", ""neighborhood"": ""Southside""}",Married,Veterinarian,,Harvard Pilgrim,POL-166307,GRP-9921,462,2021-09-07,2025-10-07,160,650,25,Non-Smoker,Occasional,Penicillin,N/A,"Ozempic, Warfarin, Bupropion, Gabapentin",None,Arthritis,English,Black or African American,Active,20,EMR_Cerner
3487,Helen,Turner,1988-03-16,,O+,helen.turner@email.example.com,(416) 749-4731,Justin Phillips,(789) 457-8388,"{""line1"": ""2398 Ash Ct"", ""apt"": "", Unit 27"", ""city"": ""Atlanta"", ""state"": ""GA"", ""zip"": ""30301"", ""county"": ""King"", ""longitude"": -98.7085, ""street_type"": ""Ct"", ""latitude"": 47.9313}",Single,Plumber,Hernandez Corp,Health Net,POL-817893,GRP-1628,363,2023-08-24,,166,46,16.7,Non-Smoker,Occasional,Penicillin,,Duloxetine,None,"Heart Disease, Diabetes, Heart Disease",English,Hispanic or Latino,,27,EMR_Cerner
3490,Pamela,Walker,1964-11-22,Female,A+,pamela.walker@email.example.com,(768) 917-4730,Nora Fisher,(890) 595-8638,"{""line1"": ""653 Church St"", ""apt"": """", ""city"": ""Long Beach"", ""state"": ""CA"", ""zip"": ""90801"", ""neighborhood"": ""Southside"", ""landmark"": ""Opposite Central Park"", ""country"": ""USA"", ""delivery_notes"": ""Gate code: #1234"", ""longitude"": -82.9352}",Single,Firefighter,Brooks Corp,MetLife,,GRP-6837,250,2019-11-25,2021-09-15,165,116,42.6,Current Smoker,None,"None, Latex, Codeine",Hypertension,"Cetirizine, Bupropion",Rotator cuff repair,Hypertension,Mandarin,White,Active,25,EMR_Cerner
3493,Paisley,Rogers,1980-10-20,Female,O+,paisley.rogers@email.example.com,(601) 750-8933,Peter Collins,(282) 345-2774,"{""line1"": ""8330 Sycamore Ave"", ""apt"": """", ""city"": ""Columbus"", ""state"": ""OH"", ""zip"": ""43201"", ""country"": ""USA"", ""delivery_notes"": ""Ring bell"", ""street_type"": ""Ct"", ""latitude"": 43.2564}",Divorced,Psychologist,Webb Corp,Bright Health,POL-433346,GRP-2603,495,2022-04-17,2025-10-16,158,74,29.6,Never Assessed,Occasional,"Shellfish, Dust, Sulfa","Eczema, Anemia",Insulin glargine,None,"Heart Disease, Diabetes",Mandarin,Hispanic or Latino,,21,EMR_Cerner
3498,Linda,Reed,1997-08-08,Female,O+,linda.reed@email.example.com,(595) 701-1592,Frank Thomas,000-000-0000,"{""line1"": ""6752 Madison St"", ""apt"": """", ""city"": ""Raleigh"", ""state"": ""NC"", ""zip"": ""27601"", ""street_type"": ""Ln"", ""delivery_notes"": ""Deliver to reception"", ""county"": ""Orange"", ""landmark"": ""Behind Metro Station"", ""floor_number"": 33}",Single,Student,Turner Corp,Health Net,POL-238027,GRP-8950,221,2021-04-25,2021-12-13,164,83,30.9,Non-Smoker,Former,"Codeine, Shellfish, Latex",,"Spironolactone, Insulin glargine",None,"DM, HTN, CAD",English,Hispanic or Latino,Inactive,8,EMR_Cerner
3501,Harrison,Alexander,,Male,A-,harrison.alexander@email.example.com,(968) 584-1895,Lawrence Lopez,(948) 789-8132,"{""line1"": ""5837 Park Blvd"", ""apt"": "", Suite 44"", ""city"": ""Baltimore"", ""state"": ""MD"", ""zip"": ""21201""}",Married,Police Officer,,Centene,POL-579837,GRP-2167,465,2018-08-20,,175,54,17.6,Current Smoker,None,"NSAIDs, Sulfa, Codeine","Sleep Apnea, Irritable Bowel Syndrome","Losartan, Meloxicam",None,None,Arabic,Hispanic or Latino,Active,13,EMR_Cerner
3511,Emma,Wood,1963-04-15,F,A+,emma.wood@email.example.com,(274) 542-1535,Emily Webb,(361) 325-3012,"{""line1"": ""6251 Birch St"", ""apt"": "", Unit 12"", ""city"": ""Boston"", ""state"": ""MA"", ""zip"": ""02101"", ""neighborhood"": ""Suburbs""}",Single,Lawyer,Lewis Corp,,POL-270414,GRP-1071,499,2025-09-18,2028-11-25,-10,85,31.2,Non-Smoker,Moderate,"Latex, NSAIDs, Shellfish","Eczema, Asthma, Atrial Fibrillation",None,None,Cancer,English,White,Active,15,EMR_Cerner
3512,Lucas,Rogers,1987-08-01,Male,B+,lucas.rogers@email.example.com,(646) 715-5740,Jackson Alexander,(547) 603-7363,"{""line1"": ""245 Elm St"", ""apt"": "", Suite 22"", ""city"": ""Portland"", ""state"": ""OR"", ""zip"": ""97201"", ""neighborhood"": ""Historic District"", ""delivery_notes"": ""Gate code: #1234"", ""country"": ""USA"", ""street_type"": ""Blvd""}",Single,UnemPloyed,King Corp,Kaiser Permanente,POL-583426,GRP-5040,410,2022-02-20,2025-01-09,187,60,17.2,Non-Smoker,None,Shellfish,,"Furosemide, Albuterol",Tonsillectomy,"Cancer, Hypertension",English,White,,5,EMR_Cerner
3513,Douglas,James,1991-10-12,Male,B-,douglas.james@email.example.com,(682) 795-6798,Bruce Murphy,(323) 236-5768,"{""line1"": ""6553 Cypress Dr"", ""apt"": """", ""city"": ""Tucson"", ""state"": ""AZ"", ""zip"": ""85701"", ""country"": ""USA"", ""street_type"": ""Rd"", ""longitude"": -107.1784}",Married,Dental Hygienist,,CareFirst,POL-347465,GRP-9261,349,2023-08-22,2025-12-01,164,83,30.9,Non-Smoker,Moderate,"None, Latex, Dust",Depression,"Ozempic, Amlodipine",Hernia repair,None,English,Black or African American,Active,20,EMR_Cerner
3518,Skylar,Hill,1990-04-18,Female,B+,skylar.hill@email.example.com,(435) 450-8333,Nancy Webb,(603) 465-4409,"{""line1"": ""6330 Main St"", ""apt"": "", # 1"", ""city"": ""Jacksonville"", ""state"": ""FL"", ""zip"": ""32201"", ""street_type"": ""Dr"", ""latitude"": 45.7579}",Married,Student,Gonzalez Corp,Molina Healthcare,POL-863221,GRP-6775,98,2020-01-12,2020-12-02,156,58,23.8,Non-Smoker,None,"Shellfish, NSAIDs, Peanuts","Hypertension, Asthma, Osteoarthritis, Congestive Heart Failure",Ozempic,None,None,English,Hispanic or Latino,Active,19,EMR_Cerner
3524,Avery,Jordan,1997-01-30,Female,A-,avery.jordan@email.example.com,(878) 575-7911,Emily Turner,(910) 516-2180,"{""line1"": ""4921 Pine St"", ""apt"": """", ""city"": ""Kansas City"", ""state"": ""MO"", ""zip"": ""64101""}",,Engineer,James Corp,Molina Healthcare,POL-634793,GRP-6674,187,2023-05-20,,155,73,30.4,never assessed,Heavy,"Pollen, Peanuts, Dust","Irritable Bowel Syndrome, Anemia, Asthma","Pantoprazole, Omeprazole, Ozempic",None,Hypertension,English,Two or More Races,Active,16,EMR_Cerner
3525,Christopher,Green,1990-04-07,Male,O+,christopher.green@email.example.com,(521) 584-4213,Luna Hill,(595) 966-9055,"{""line1"": ""8847 Seventh St"", ""apt"": "", Apt 31"", ""city"": ""Seattle"", ""state"": ""WA"", ""zip"": ""98101""}",Married,---,,Molina Healthcare,POL-574381,GRP-6736,454,2018-02-05,2021-11-01,183,96,28.7,Non-Smoker,None,"Latex, NSAIDs, Sulfa","Anxiety Disorder, Ulcerative Colitis",None,"Cataract surgery, Angioplasty with stent",None,Spanish,Hispanic or Latino,Active,22,EMR_Cerner
3531,Mark,Harrison,1976-07-15,Male,A+,mark.harrison@email.example.com,(492) 948-9882,Emily Hughes,(354) 770-2113,"{""line1"": ""2489 Third St"", ""apt"": """", ""city"": ""Milwaukee"", ""state"": ""WI"", ""zip"": ""53201"", ""timezone"": ""America/New_York"", ""street_type"": ""Pl"", ""country"": ""USA"", ""county"": ""San Diego"", ""longitude"": -90.1259}",Married,Administrative Assistant,Kelly Corp,Independence Blue Cross,POL-583430,GRP-3028,458,01-01-2020,2019-09-07,175,43,14.0,Non-Smoker,,"NSAIDs, Latex, Pollen",Osteoporosis,"Warfarin, Albuterol",None,Stroke,Cantonese,Hispanic or Latino,Inactive,25,EMR_Cerner
3532,Lincoln,Taylor,2099-06-15,Male,A+,lincoln.taylor@email.example.com,(708) 410-6465,Laura Crawford,(677) 961-3235,"{""line1"": ""6425 Tenth Ave"", ""apt"": """", ""city"": ""Virginia Beach"", ""state"": ""VA"", ""zip"": ""23450"", ""street_type"": ""St""}",Divorced,Unemployed,,Cigna,POL-659955,GRP-3514,475,2020-10-29,2024-02-04,171,95,32.5,Never Assessed,Occasional,"Sulfa, Codeine, Penicillin",COPD,"Pantoprazole, Duloxetine, Apixaban","Tonsillectomy, Appendectomy, Laminectomy","Diabetes, Arthritis, None",French,Hispanic or Latino,Active,18,EMR_Cerner
3533,Chloe,Gomez,1966-06-25,Female,AB+,chloe.gomez@email.example.com,(508) 919-1616,Deborah Nelson,(475) 619-3088,"{""line1"": ""9875 Union Ave"", ""apt"": """", ""city"": ""Cleveland"", ""state"": ""OH"", ""zip"": ""44101"", ""neighborhood"": ""Southside"", ""street_type"": ""Rd"", ""county"": ""Harris""}",Married,Scientist,,Highmark,POL-ABC,GRP-4346,482,2025-11-09,2028-06-02,152,76,32.9,Non-Smoker,Occasional,Codeine,N/A,"Fluticasone, Prednisone, Meloxicam, Insulin glargine",Cataract surgery,"Heart Disease, Diabetes, Heart Disease",English,Asian,Active,19,EMR_Cerner
3536,Daniel,Jimenez,1985-02-16,Male,B+,daniel.jimenez@email.example.com,(940) 822-1658,William Baker,(612) 833-2725,"{""line1"": ""1362 Forest Ave"", ""apt"": "", Unit 18"", ""city"": ""Charlotte"", ""state"": ""NC"", ""zip"": ""28201"", ""timezone"": ""America/Chicago"", ""county"": ""Sacramento"", ""latitude"": 38.3585, ""floor_number"": 42, ""country"": ""USA""}",Single,Social Worker,Mendoza Corp,,,,,2023-12-23,1900-01-01,172,64,21.6,Non-Smoker,Moderate,NSAIDs,"GERD, Hypothyroidism","Hydrochlorothiazide, Omeprazole, Apixaban","Rotator cuff repair, Sleeve gastrectomy, C-section","Diabetes, Arthritis",English,Hispanic or Latino,Active,,EMR_Cerner
3540,debra,Cole,2001-02-15,Female,O+,debra.cole1@email.example.com,(254) 583-5473,Kelly Rodriguez,(291) 718-6020,"{""line1"": ""6201 Spring St"", ""apt"": "", # 34"", ""city"": ""Milwaukee"", ""state"": ""WI"", ""zip"": ""53201"", ""neighborhood"": ""Historic District"", ""latitude"": 46.8262}",Married,Chef,Alexander Corp,Blue Cross,POL-620167,GRP-9916,309,2025-12-18,2028-08-15,147,53,24.5,Non-Smoker,Occasional,"Codeine, Sulfa",Chronic Kidney Disease,"Loratadine, Jardiance",Total hip replacement,Hypertension,French,White,Active,17,EMR_Cerner
3543,Lincoln,Bryant,1954-09-02,Male,O+,lincoln.bryant@email.example.com,(898) 385-1629,Logan Cruz,(862) 312-1638,"{""line1"": ""5411 Highland Ave"", ""apt"": """", ""city"": ""Omaha"", ""state"": ""NE"", ""zip"": ""68101"", ""neighborhood"": ""Northside""}",Single,Real Estate Agent,,Geisinger,POL-869781,GRP-7244,33,2021-10-07,2022-03-01,179,78,24.3,Non-Smoker,Occasional,"NSAIDs, Dust, Penicillin","Fibromyalgia, GERD","Cyclobenzaprine, Furosemide, Clopidogrel",Coronary artery bypass grafting,None,Tagalog,White,Active,1,EMR_Cerner
3544,Linda,Simpson,2001-05-03,Female,A+,linda.simpson@email.example.com,(240) 462-4011,Mateo Thomas,(575) 441-6387,"{""line1"": ""8731 Seventh St"", ""apt"": "", Apt 8"", ""city"": ""Fort Worth"", ""state"": ""TX"", ""zip"": ""76101"", ""landmark"": ""Opposite Central Park"", ""county"": ""Queens""}",Divorced,Administrative Assistant,Ellis Corp,Cigna HealthCare,POL-325735,GRP-4076,10,2024-12-29,2025-02-24,171,106,36.3,Former Smoker,None,Peanuts,GERD,"Duloxetine, Levothyroxine",None,Stroke,English,White,Active,15,EMR_Cerner
3553,Mary,Jenkins,1963-01-10,Female,A+,mary.jenkins@email.example.com,(353) 341-3772,Steven Diaz,(349) 230-7110,"{""line1"": ""4221 Highland Ave"", ""apt"": """", ""city"": ""San Jose"", ""state"": ""CA"", ""zip"": ""95101"", ""longitude"": -91.7815, ""timezone"": ""America/Chicago""}",Divorced,UnemPloyed,Reed Corp,Independence Blue Cross,POL-947971,GRP-6471,78,2022-09-04,2024-10-03,173,81,27.1,Non-Smoker,Occasional,Null,,Pantoprazole,None,Cancer,Spanish,White,Inactive,19,EMR_Cerner
3555,Aaron,Cook,1998-10-19,Male,O+,aaron.cook@email.example.com,(449) 907-7434,Joyce Morgan,(653) 510-7690,"{""line1"": ""1206 Lake Dr"", ""apt"": "", Suite 23"", ""city"": ""Washington"", ""state"": ""DC"", ""zip"": ""20001""}",Single,Dental Hygienist,AAAAAAAAAAAAAAAAAAAAAAAAAAAAAAAAAAAAAAAAAAAAAAAAAAAAAAAAAAAAAAAAAAAAAAAAAAAAAAAAAAAAAAAAAAAAAAAAAAAAAAAAAAAAAAAAAAAAAAAAAAAAAAAAAAAAAAAAAAAAAAAAAAAAAAAAAAAAAAAAAAAAAAAAAAAAAAAAAAAAAAAAAAAAAAAAAAAAAAAA,Molina Healthcare,POL-198451,GRP-2142,367,2021-03-24,2021-11-05,180,86,26.5,,Occasional,"Shellfish, Latex, Sulfa","Sleep Apnea, Chronic Fatigue, Coronary Artery Disease, Atrial Fibrillation","Fluticasone, Acetaminophen",Cataract surgery,None,Spanish,caucasian,Inactive,23,EMR_Cerner
3560,Lisa,Parker,not available,Female,A+,lisa.parker@email.example.com,(292) 864-1294,Ronald Jenkins,(234) 378-7416,"{""line1"": ""6756 Union Ave"", ""apt"": """", ""city"": ""Oakland"", ""state"": ""CA"", ""zip"": ""94601""}",Single,Social Worker,Nelson Corp,Oscar Health,POL-492067,GRP-9006,258,2019-02-04,2019-12-28,164,79,,Current Smoker,Occasional,None,,Jardiance,"Vasectomy, Appendectomy, Hysterectomy","Stroke, Diabetes",English,caucasian,Active,24,EMR_Cerner
3561,Diane,Patel,1998-10-06,Female,A+,diane.patel1@email.example.com,(228) 392-2293,Paisley Myers,(725) 316-1148,"{""line1"": ""5016 Pleasant St"", ""apt"": "", Apt 14"", ""city"": ""Charlotte"", ""state"": ""NC"", ""zip"": ""28201""}",Married,Project Manager,West Corp,Bright Health,POL-864358,GRP-2480,349,2022-06-13,2025-04-14,167,78,28.0,Former Smoker,2 beers/week,None,Coronary Artery Disease,Tramadol,None,Cancer,English,Hispanic or Latino,Inactive,20,EMR_Cerner
3567,Emily,Perez,1975-11-21,F,O+,emily.perez@email.example.com,(534) 358-8086,Nora Torres,(883) 350-6516,"{""line1"": ""3991 Sunset Dr"", ""apt"": """", ""city"": ""San Jose"", ""state"": ""CA"", ""zip"": ""95101"", ""longitude"": -109.8775, ""timezone"": ""America/Phoenix""}",Married,Project Manager,Reyes Corp,Health Net,POL-127238,GRP-8608,236,2021-04-30,2024-01-10,166,80,normal,Current Smoker,Occasional,"Codeine, None, Dust","Chronic Fatigue, Chronic Kidney Disease, Eczema",Eliquis,None,None,English,Hispanic or Latino,Active,23,EMR_Cerner
3572,William,Wilson,1998-10-28,Male,A+,william.wilson@email.example.com,(850) 405-5059,Lily Stevens,(370) 731-6717,"{""line1"": ""2621 Monroe Dr"", ""apt"": "", Suite 21"", ""city"": ""Boston"", ""state"": ""MA"", ""zip"": ""02101""}",Single,Graphic Designer,,Oscar Health,POL-938454,GRP-9301,268,2018-06-16,2021-04-03,193,84,22.6,Smoker,None,Null,,,C-section,"Alzheimer's, Asthma",English,Hispanic or Latino,Active,14,EMR_Cerner
3574,Maria,Jordan,2003-09-02,Female,A+,maria.jordan@email.example.com,(650) 733-4687,Ezra Ford,(352) 596-7624,"{""line1"": ""1662 Park Blvd"", ""apt"": """", ""city"": ""Washington"", ""state"": ""DC"", ""zip"": ""20001"", ""timezone"": ""America/Phoenix"", ""longitude"": -113.4328}",Married,Manager,Harrison Corp,Independence Blue Cross,POL-817692,GRP-7116,330,2022-03-06,,165,60,22.0,Non-Smoker,Occasional,"Pollen, Penicillin, None",Crohn's Disease,"Ibuprofen, Atorvastatin, Prednisone, Spironolactone",Spinal fusion,,English,White,Deceased,18,EMR_Cerner
3577,Shirley,Williams,2025-06-15,F,A+,shirley.williams@email.example.com,(876) 298-1017,Jackson Thomas,(203) 475-9298,"{""line1"": ""1685 Washington Ave"", ""apt"": "", # 37"", ""city"": ""Mesa"", ""state"": ""AZ"", ""zip"": ""85201""}",Single,,,Highmark,POL-173738,GRP-9630,165,2025-13-01,2026-03-14,167,65,23.3,Current Smoker,Occasional,"Latex, Codeine, Penicillin","Hypothyroidism, Congestive Heart Failure","Duloxetine, Losartan",Tonsillectomy,"Diabetes, Heart Disease, Stroke",Spanish,White,Active,18,EMR_Cerner
3579,Mary,Ruiz,1990-02-14,Female,O-,not-an-email,(318) 609-1345,Benjamin Sanders,(836) 834-1071,"{""line1"": ""712 Main St"", ""apt"": """", ""city"": ""Dallas"", ""state"": ""TX"", ""zip"": ""75201"", ""street_type"": ""Ct"", ""timezone"": ""America/Los_Angeles"", ""floor_number"": 15}",Married,Retired,Griffin Corp,Oscar Health,POL-632650,GRP-2029,42,2019-05-14,2021-02-09,179,107,33.4,Former Smoker,None,None,"Ulcerative Colitis, Anemia, Type 2 Diabetes",None,None,"Cancer, Alzheimer's",Spanish,White,active,12,EMR_Cerner
3587,Rebecca,Martinez,01/15/1987,Female,A+,rebecca.martinez@email.example.com,(960) 692-3940,Lincoln Ramirez,(726) 948-3125,"{""line1"": ""6798 College Ave"", ""apt"": """", ""city"": ""San Jose"", ""state"": ""CA"", ""zip"": ""95101"", ""longitude"": -93.7415}",Single,Driver,Howard Corp,Blue Cross Blue Shield,POL-415867,GRP-8026,27,2019-02-14,2019-06-02,162,64,24.4,Never Assessed,2 beers/week,"Sulfa, NSAIDs","Osteoporosis, Chronic Fatigue, Hypothyroidism, Crohn's Disease",Insulin glargine,"Thyroidectomy, Sleeve gastrectomy",Cancer,Tagalog,White,Active,23,EMR_Cerner
3590,Amy,Gomez,1982-01-23,Female,A+,amy.gomez@email.example.com,(606) 318-2570,Linda Cruz,(297) 659-7150,"{""line1"": ""5794 Lincoln Blvd"", ""apt"": """", ""city"": ""Atlanta"", ""state"": ""GA"", ""zip"": ""30301""}",Separated,Data Analyst,Fisher Corp,Independence Blue Cross,POL-219154,GRP-7858,123,2018-03-22,2019-06-08,158,60,24.0,Never Assessed,,"NSAIDs, Peanuts, Penicillin",,Levothyroxine,None,Heart Disease,English,White,Active,9,EMR_Cerner
3591,Mateo,Johnson,1976-01-24,Male,O+,mateo.johnson@email.example.com,(936) 384-6831,Susan Crawford,(518) 855-2900,"{""line1"": ""740 Jefferson Ave"", ""apt"": """", ""city"": ""Long Beach"", ""state"": ""CA"", ""zip"": ""90801"", ""country"": ""USA"", ""street_type"": ""St"", ""county"": ""Dallas""}",Married,Flight Attendant,,Aetna,POL-205084,GRP-9988,107,01-01-2020,,192,61,16.5,Non-Smoker,Moderate,None,,"Fluticasone, Apixaban",None,None,English,White,Active,20,EMR_Cerner
3597,Deborah,Cole,2004-04-12,Female,O+,deborah.cole1@email.example.com,(552) 204-4013,Jackson Moore,(296) 704-7593,"{""line1"": ""2209 Main St"", ""apt"": """", ""city"": ""Tulsa"", ""state"": ""OK"", ""zip"": ""74101"", ""latitude"": 40.5105, ""country"": ""USA""}",Single,Chef,Rogers Corp,Kaiser Permanente,POL-714553,GRP-2533,128,2024-07-13,2026-08-24,162,44,16.8,Non-Smoker,Moderate,"NSAIDs, Codeine",Osteoporosis,None,Meniscectomy,None,English,White,Inactive,5,EMR_Cerner
3604,Albert,Harrison,1997-10-21,Male,O+,albert.harrison@email.example.com,(985) 659-3413,Silas Price,(487) 832-7883,"{""line1"": ""Unknown"", ""city"": ""Unknown"", ""state"": ""NA"", ""zip"": ""00000"", ""timezone"": ""America/Chicago"", ""country"": ""USA"", ""county"": ""Cook"", ""street_type"": ""Ct""}",Married,Artist,Ellis Corp,Oscar Health,POL-378743,GRP-2273,28,2024-11-29,2025-10-25,165,0,18.7,Non-Smoker,Heavy,None,Osteoarthritis,"Levothyroxine, Ibuprofen",None,"Diabetes, Cancer, None",Spanish,White,Active,5,EMR_Cerner
3608,Ashley,Ramirez,1997-12-06,Female,O+,ashley.ramirez@email.example.com,(851) 990-5758,Harrison Crawford,(646) 654-7062,"{""line1"": ""8110 Seventh St"", ""apt"": "", Suite 3"", ""city"": ""Austin"", ""state"": ""TX"", ""zip"": ""73301"", ""timezone"": ""America/Chicago"", ""latitude"": 40.1101, ""street_type"": ""Ave"", ""neighborhood"": ""Downtown""}",Married,Lawyer,Alexander Corp,Cigna,POL-368078,GRP-7487,311,2020-08-03,2022-01-29,174,88,29.1,Current Smoker,Occasional,"Peanuts, Penicillin, Pollen",Migraine,Apixaban,None,Cancer,Cantonese,Asian,Active,20,EMR_Cerner
3609,Amanda,Howard,2004-07-17,Female,A+,amanda.howard@email.example.com,(804) 218-5899,Lily Kelly,(590) 875-3035,"{""line1"": ""8369 Third St"", ""apt"": """", ""city"": ""Memphis"", ""state"": ""TN"", ""zip"": ""38101"", ""county"": ""Sacramento"", ""neighborhood"": ""East Side"", ""longitude"": -115.4959}",Married,Accountant,Wallace Corp,Blue Cross Blue Shield,POL-696219,GRP-6043,256,2025-10-11,2026-12-18,155,73,-5,Non-Smoker,None,None,,"Albuterol, Apixaban, Spironolactone, Metoprolol",Hysterectomy,"Hypertension, Cancer, Arthritis",Vietnamese,Hispanic or Latino,Active,9,EMR_Cerner
3623,Nicholas,Fisher,1967-08-09,Male,A+,nicholas.fisher@email.example.com,(308) 320-7704,Ronald Myers,(513) 265-1146,"{""line1"": ""9963 Church St"", ""apt"": """", ""city"": ""Raleigh"", ""state"": ""NC"", ""zip"": ""27601"", ""neighborhood"": ""Downtown""}",Married,Dentist,Perez Corp,Anthem,POL-578272,GRP-5328,377,2021-03-26,2024-11-15,187,63,18.0,Former Smoker,Occasional,NSAIDs,Hypothyroidism,Apixaban,None,"Cancer, Hypertension, Heart Disease",Cantonese,Asian,Active,15,EMR_Cerner
3627,Janet,Robinson,1985-04-04,Female,B+,janet.robinson@email.example.com,(939) 749-8329,Layla Anderson,(592) 585-7140,"{""line1"": ""9554 Church St"", ""apt"": """", ""city"": ""Chicago"", ""state"": ""IL"", ""zip"": ""60601"", ""neighborhood"": ""Midtown""}",Married,Driver,Crawford Corp,Cigna HealthCare,POL-428255,GRP-1961,338,2021-12-25,,160,74,28.9,Never Assessed,None,"Codeine, Dust, Peanuts","Coronary Artery Disease, Chronic Kidney Disease","Cetirizine, Prednisone","C-section, Rotator cuff repair",Diabetes,English,White,Active,25,EMR_Cerner
3631,Benjamin,###,2002-12-03,Male,A-,benjamin.diaz1@email.example.com,(845) 939-7909,Nora Hayes,(955) 970-1193,"{""line1"": ""7177 Market St"", ""apt"": """", ""city"": ""Boston"", ""state"": ""MA"", ""zip"": ""02101"", ""longitude"": -90.8654}",Married,Firefighter,Powell Corp,Blue Cross Blue Shield,POL-392308,GRP-6047,60,2025-01-28,2028-06-26,176,79,25.5,Never Assessed,Former,"Pollen, Latex, Shellfish",Migraine,"Furosemide, Celecoxib","Hysterectomy, Thyroidectomy",None,ENGLISH,White,Active,22,EMR_Cerner
3640,Kelly,Perez,1800-01-01,Female,A+,kelly.perez@email.example.com,(791) 915-4855,Janet Allen,(894) 926-3086,"{""line1"": ""4665 Sycamore Ave"", ""apt"": """", ""city"": ""Tulsa"", ""state"": ""OK"", ""zip"": ""74101"", ""country"": ""USA"", ""neighborhood"": ""Historic District""}",Single,Business Owner,Ortiz Corp,Harvard Pilgrim,POL-574993,GRP-4878,336,2018-03-22,2018-09-30,9999,68,26.2,Former Smoker,Occasional,Codeine,Hypothyroidism,"Warfarin, Fluticasone, Losartan, Metoprolol",None,Alzheimer's,English,White,Active,6,EMR_Cerner
3643,Carl,West,2003-02-05,Male,AB,carl.west@email.example.com,(544) 224-3525,Joseph Ramos,(309) 557-6316,"{""line1"": ""6483 Church St"", ""apt"": "", Apt 46"", ""city"": ""Portland"", ""state"": ""OR"", ""zip"": ""97201"", ""county"": ""Orange"", ""neighborhood"": ""Waterfront"", ""longitude"": -115.281}",Single,Chef,Lee Corp,Independence Blue Cross,POL-955961,GRP-8623,131,2019-10-16,2023-09-12,165,59,21.7,Former Smoker,Occasional,"NSAIDs, None, Pollen","Congestive Heart Failure, Fibromyalgia",Celecoxib,None,"Arthritis, Hypertension",English,Hispanic or Latino,Active,2,EMR_Cerner
,Donald,Young,1987-07-10,Male,AB+,donald.young@email.example.com,(525) 511-1146,Jennifer Collins,(731) 349-3233,"{""line1"": ""455 Aspen Ct"", ""apt"": """", ""city"": ""Minneapolis"", ""state"": ""MN"", ""zip"": ""55401"", ""country"": ""USA""}",Single,Pharmacist,Cole Corp,Oscar Health,POL-138330,GRP-7749,121,2020-07-18,2020-10-16,184,90,26.6,Non-Smoker,None,"Penicillin, Sulfa",Hypothyroidism,Tramadol,Tonsillectomy,None,Spanglish,White,Active,25,EMR_Cerner
3648,Aria,Rogers,1958-01-29,Female,A+,aria.rogers@email.example.com,(362) 945-3950,Roman Sanchez,(917) 453-5532,"{""line1"": ""8921 Fifth St"", ""apt"": """", ""city"": ""Tulsa"", ""state"": ""OK"", ""zip"": ""74101"", ""landmark"": ""Near City Hall"", ""longitude"": -101.1394, ""street_type"": ""Cir""}",Separated,Veterinarian,Webb Corp,Blue Cross,POL-152490,GRP-1232,416,2023-12-09,2024-11-14,168,73,25.9,Current Smoker,None,"None, Codeine, Shellfish","Sleep Apnea, Chronic Fatigue",None,None,"None, Asthma",English,Black or African American,Inactive,21,EMR_Cerner
,Gary,Murphy,1970-03-22,Male,A-,gary.murphy@email.example.com,(973) 626-4753,Cynthia Gomez,(898) 801-6332,"{""line1"": ""5368 Adams Way"", ""apt"": """", ""city"": ""Dallas"", ""state"": ""TX"", ""zip"": ""75201"", ""county"": ""Sacramento""}",Single,Real Estate Agent,Powell Corp,Blue Cross Blue Shield,POL-774227,GRP-5066,415,2024-06-22,2027-05-05,171,46,15.7,Never Assessed,Heavy,Peanuts,"Coronary Artery Disease, Crohn's Disease","Warfarin, Apixaban, Omeprazole, Metformin",None,Cancer,Spanish,Asian,Active,9,EMR_Cerner
3654,Camila,Anderson,1988-12-15,Female,O+,camila.anderson@email.example.com,(577) 296-4134,Aurora Wright,(313) 568-7067,"{""line1"": ""1632 Main St"", ""apt"": "", Unit 41"", ""city"": ""Chicago"", ""state"": ""IL"", ""zip"": ""60601""}",Married,Mechanic,Smith Corp,Oscar Health,POL-807390,GRP-4608,292,2023-11-18,,159,74,29.3,Non-Smoker,None,"Shellfish, Penicillin","Anxiety Disorder, Depression, COPD","Apixaban, Meloxicam, Furosemide, Eliquis",None,Cancer,Spanish,Hispanic or Latino,Deceased,14,EMR_Cerner
3662,12345,Collins,1975-07-11,Female,O+,carol.collins1@email.example.com,(228) 775-9181,Dorothy Hamilton,,"{""line1"": ""3276 Magnolia Way"", ""apt"": "", Unit 40"", ""city"": ""Austin"", ""state"": ""TX"", ""zip"": ""73301"", ""street_type"": ""Way"", ""county"": ""Sacramento""}",Single,Accountant,Morales Corp,,,,293,2022-11-21,,163,64,24.1,Current Smoker,None,Shellfish,", ","Clopidogrel, Metformin",None,None,Korean,Two or More Races,Active,8,EMR_Cerner
3673,Adam,Hicks,1951-03-05,Male,O+,adam.hicks@email.example.com,(628) 861-4950,Harrison Collins,(400) 269-5087,"{""line1"": ""669 Cedar Ln"", ""apt"": """", ""city"": ""Boston"", ""state"": ""MA"", ""zip"": ""02101"", ""timezone"": ""America/Phoenix""}",Widowed,Police Officer,Smith Corp,Health Net,POL-982661,GRP-9016,100,2020-12-24,2023-06-06,163,59,22.2,Never Assessed,Moderate,"Dust, Penicillin, Codeine",Irritable Bowel Syndrome,Prednisone,None,None,French,Human,Active,5,EMR_Cerner
3674,Jacqueline,Wright,1961-11-22,Mle,A+,jacqueline.wright@email.example.com,(723) 735-2981,Michael Anderson,(272) 596-1132,"{""line1"": ""877 Sixth Ave"", ""apt"": "", Apt 16"", ""city"": ""New York"", ""state"": ""NY"", ""zip"": ""10001""}",Single,Mechanic,Watson Corp,Anthem,POL-754296,GRP-6994,351,2025-06-27,2027-01-31,150,88,39.1,Former Smoker,Occasional,Peanuts,"Sleep Apnea, COPD","Apixaban, Loratadine, Prednisone, Albuterol",None,"Heart Disease, Diabetes, Heart Disease",English,White,Inactive,16,EMR_Cerner
3676,Samantha,Gonzales,1991-03-18,Female,A+,samantha.gonzales@email.example.com,(841) 813-7482,Jessica Nguyen,(261) 283-1326,"{""line1"": ""123 Main St"", ""latitude"": 30.6593, ""street_type"": ""Ln"", ""country"": ""USA""}",Single,---,,,,,130,2022-09-13,2025-05-11,156,99,40.7,,Occasional,Codeine,"Depression, Eczema, Irritable Bowel Syndrome","Montelukast, Spironolactone",ACL reconstruction,"Alzheimer's, Diabetes",English,White,Inactive,18,EMR_Cerner
3682,Russell,Brooks,1995-09-17,Male,O+,russell.brooks@email.example.com,(491) 270-3864,Angela Jimenez,(479) 371-8097,"{""line1"": ""5502 Tenth Ave"", ""apt"": """", ""city"": ""Tulsa"", ""state"": ""OK"", ""zip"": ""74101""}",Single,Military,Baker Corp,Oscar Health,POL-354134,GRP-8222,94,2019-09-18,2023-08-14,179,86,26.8,Non-Smoker,Occasional,"Latex, Dust, Shellfish","Hypothyroidism, Migraine, GERD, Anxiety Disorder","Warfarin, Ibuprofen, Levothyroxine",None,None,Korean,Black or African American,Active,8,EMR_Cerner
3684,Aiden,Reynolds,1997-11-09,Male,O+,aiden.reynolds@email.example.com,(403) 402-1094,Olivia McDonald,(358) 880-6302,"{""line1"": ""3882 Cherry Ln"", ""apt"": "", Apt 14"", ""city"": ""Tampa"", ""state"": ""FL"", ""zip"": ""33601""}",Married,Doctor,Reynolds Corp,Cigna HealthCare,POL-930116,GRP-1495,106,2022-04-17,2024-02-04,9999,82,27.1,Current Smoker,None,"Pollen, Codeine, Dust","Depression, Ulcerative Colitis, Eczema","Montelukast, Gabapentin, Spironolactone, Pantoprazole",None,"None, Cancer",English,White,Inactive,12,EMR_Cerner
3693,Silas,Sanders,1952-01-25,Male,O-,silas.sanders@email.example.com,,Caleb Cox,(872) 650-6873,"{""line1"": ""5197 Pine St"", ""apt"": """", ""city"": ""Charlotte"", ""state"": ""NC"", ""zip"": ""28201""}",Married,Dental Hygienist,Garcia Corp,Anthem,POL-221947,GRP-7456,242,2019-09-17,2022-02-23,181,81,24.7,Smoker,None,"Sulfa, Dust, Peanuts",Migraine,"Insulin glargine, Celecoxib, Furosemide",None,"Asthma, Cancer, Stroke",English,White,Active,19,EMR_Cerner
3696,Camila,Marshall,1952-09-29,Female,O+,camila.marshall@email.example.com,(235) 608-7165,Andrea Carter,(251) 907-9653,"{""line1"": ""684 Tenth Ave"", ""apt"": "", # 26"", ""city"": ""Kansas City"", ""state"": ""MO"", ""zip"": ""64101"", ""latitude"": 43.9998}",,Scientist,Patterson Corp,Kaiser Permanente,POL-331033,GRP-7354,214,,2023-04-30,,63,,Smoker,Occasional,"Shellfish, None, Latex","Anxiety Disorder, Chronic Kidney Disease",Hydrochlorothiazide,None,"Asthma, Arthritis",English,White,Active,19,EMR_Cerner
3700,Abigail,Martin,1983-02-21,Female,O-,abigail.martin1@email.example.com,(375) 644-7243,Jacqueline Gutierrez,(878) 852-6854,"{""line1"": ""7144 Second Ave"", ""apt"": """", ""city"": ""El Paso"", ""state"": ""TX"", ""zip"": ""79901"", ""latitude"": 34.0751, ""neighborhood"": ""West Side""}",Divorced,Plumber,AAAAAAAAAAAAAAAAAAAAAAAAAAAAAAAAAAAAAAAAAAAAAAAAAAAAAAAAAAAAAAAAAAAAAAAAAAAAAAAAAAAAAAAAAAAAAAAAAAAAAAAAAAAAAAAAAAAAAAAAAAAAAAAAAAAAAAAAAAAAAAAAAAAAAAAAAAAAAAAAAAAAAAAAAAAAAAAAAAAAAAAAAAAAAAAAAAAAAAAA,Anthem,POL-483523,GRP-9993,441,2024-02-08,2027-05-12,170,105,36.3,Non-Smoker,Heavy,"Peanuts, Latex, Penicillin","Anemia, Asthma, Depression, GERD",Aspirin,Sleeve gastrectomy,None,Spanish,Black or African American,Inactive,2,EMR_Cerner
3706,Zoey,Stewart,1958-07-11,Female,B-,zoey.stewart@email.example.com,(536) 648-2549,Linda Wallace,(535) 841-4206,"{""line1"": ""9130 Sunset Dr"", ""apt"": """", ""city"": ""Fort Worth"", ""state"": ""TX"", ""zip"": ""76101"", ""floor_number"": 15}",Single,Pharmacist,Evans Corp,MetLife,POL-776603,GRP-4105,13,2021-09-11,2023-01-16,166,79,28.7,Current Smoker,Occasional,"Codeine, None, Dust",N/A,"Albuterol, Aspirin",Tonsillectomy,"Heart Disease, Asthma",Spanish,Human,Active,13,EMR_Cerner
3707,Luke,Kim,2004-08-01,Male,O+,luke.kim@email.example.com,(420) 391-8949,Stephen Ruiz,(613) 424-7103,"{""line1"": ""8933 First St"", ""apt"": """", ""city"": ""Cleveland"", ""state"": ""OH"", ""zip"": ""44101"", ""neighborhood"": ""Waterfront""}",Single,Student,Tucker Corp,Independence Blue Cross,POL-349499,GRP-9649,139,2019-04-01,2023-02-18,178,87,27.5,Never Assessed,None,"Codeine, Peanuts, None",,"Levothyroxine, Metoprolol",C-section,Diabetes,Mandarin,White,Active,13,EMR_Cerner
3708,Harold,Gray,1968-10-26,Male,A+,harold.gray@email.example.com,(383) 231-8327,Maria Mitchell,(631) 888-7731,"{""line1"": ""4001 Maple Dr"", ""apt"": """", ""city"": ""Omaha"", ""state"": ""NE"", ""zip"": ""68101"", ""country"": ""USA"", ""latitude"": 38.3824, ""timezone"": ""America/Chicago""}",Married,Sales Representative,Baker Corp,Humana,POL-973671,GRP-9025,70,2025-01-29,2027-09-11,182,81,24.5,Former Smoker,Heavy,"Penicillin, None",,Ozempic,None,"Stroke, Cancer, Heart Disease",English,Black or African American,Active,5,EMR_Cerner
3711,James,Simmons,1953-08-03,Male,A+,,(746) 750-3674,Abigail Mitchell,(272) 241-5475,"{""line1"": ""2394 Sycamore Ave"", ""apt"": "", Apt 10"", ""city"": ""Mesa"", ""state"": ""AZ"", ""zip"": ""85201"", ""country"": ""USA"", ""street_type"": ""Dr"", ""neighborhood"": ""Northside"", ""latitude"": 28.1404}",Separated,Dentist,,Cigna,POL-862566,GRP-8539,412,2022-12-26,,181,86,26.3,Non-Smoker,Heavy,"None, Sulfa, Latex",,Duloxetine,Hernia repair,"Stroke, Alzheimer's",Spanish,White,Active,2,EMR_Cerner
3733,Naomi,Stewart,1987-04-20,Female,O+,naomi.stewart1@email.example.com,(666) 483-5248,Kenneth Reynolds,(667) 714-6816,"{""line1"": ""6583 Oak Ave"", ""apt"": """", ""city"": ""Louisville"", ""state"": ""KY"", ""zip"": ""40201"", ""neighborhood"": ""Southside"", ""latitude"": 34.2604}",Single,Chef,Wilson Corp,CareFirst,POL-911139,GRP-5681,286,2020-07-10,,158,107,normal,Former Smoker,,"NSAIDs, Shellfish, None",Chronic Fatigue,,None,"Arthritis, Hypertension",Korean,White,Active,22,EMR_Cerner
3734,Silas,Reed,1800-01-01,Male,O+,silas.reed@email.example.com,(526) 253-6627,Pamela Hicks,(684) 503-6472,"{""line1"": ""4210 Forest Ave"", ""apt"": "", Unit 20"", ""city"": ""Charlotte"", ""state"": ""NC"", ""zip"": ""28201""}",Single,Military,,Blue Cross Blue Shield,POL-945071,GRP-9321,467,01-01-2020,2022-04-19,185,86,25.1,Current Smoker,Occasional,"Penicillin, Codeine, NSAIDs",Irritable Bowel Syndrome,"Jardiance, Furosemide",None,"Diabetes, Stroke",English,White,Active,11,EMR_Cerner
3735,Roger,Gomez,1953-01-27,Male,O-,roger.gomez@email.example.com,12345,N/A,(809) 964-2089,"{""line1"": ""8391 Fourth Ave"", ""apt"": """", ""city"": ""Indianapolis"", ""state"": ""IN"", ""zip"": ""46201"", ""street_type"": ""St"", ""timezone"": ""America/Phoenix"", ""delivery_notes"": ""Leave at door"", ""country"": ""USA"", ""landmark"": ""Adjacent to Library""}",Married,Lawyer,,UnitedHealthcare,POL-407615,GRP-1687,445,2024-08-13,2027-12-11,180,650,21.9,Non-Smoker,Heavy,"None, NSAIDs, Shellfish","Chronic Kidney Disease, Ulcerative Colitis",None,None,None,English,White,Active,16,EMR_Cerner
3736,Frank,Foster,1998-04-13,Male,A+,frank.foster@email.example.com,(517) 626-1200,Lucas Hall,(866) 821-1677,"{""line1"": ""5834 Willow Dr"", ""apt"": """", ""city"": ""Sacramento"", ""state"": ""CA"", ""zip"": ""94201"", ""floor_number"": 40, ""timezone"": ""America/Denver""}",Married,Writer,Bryant Corp,Highmark,POL-177724,GRP-3145,82,2021-05-27,2023-10-08,173,40,13.4,Former Smoker,Occasional,"Dust, Pollen, Latex",Coronary Artery Disease,None,None,"Diabetes, Cancer",French,White,Active,19,EMR_Cerner
3741,Ella,Cole,1990-04-20,Female,A+,ella.cole@email.example.com,(795) 961-8680,Ryan Gray,(826) 948-8650,"{""line1"": ""8809 Poplar St"", ""apt"": """", ""city"": ""Memphis"", ""state"": ""TN"", ""zip"": ""38101"", ""timezone"": ""America/Los_Angeles"", ""street_type"": ""Cir""}",Widowed,Bank Teller,Johnson Corp,Humana,POL-981164,GRP-2065,438,2018-10-15,2019-10-03,154,76,32.0,Non-Smoker,None,"Pollen, Penicillin, Dust",,"Hydrochlorothiazide, Duloxetine",None,"Arthritis, Cancer",English,Hispanic or Latino,Active,9,EMR_Cerner
3745,Lincoln,Stevens,1991-12-08,Male,A+,lincoln.stevens@email.example.com,(492) 416-4545,Layla Brown,(451) 587-3596,"{""line1"": ""3550 Ash Ct"", ""apt"": """", ""city"": ""Jacksonville"", ""state"": ""FL"", ""zip"": ""32201""}",Separated,Unemployed,Thomas Corp,Aetna,POL-882262,GRP-6365,122,2022-07-27,2026-04-06,9999,92,29.7,Current Smoker,Occasional,"Shellfish, Latex, Dust",Depression,Aspirin,"Appendectomy 2018, Cholecystectomy 2020","DM, HTN, CAD",Spanish,White,Active,6,EMR_Cerner
3748,Nathan,Russell,1998-08-05,Male,O+,nathan.russell@email.example.com,(851) 683-7817,Angela Wood,(518) 707-2231,"{""line1"": ""118 Willow Dr"", ""apt"": """", ""city"": ""Seattle"", ""state"": ""WA"", ""zip"": ""98101""}",Married,Social Worker,Crawford Corp,Tufts Health Plan,POL-601274,,155,2024-02-29,2026-03-28,171,71,24.3,Current Smoker,Moderate,None,"Fibromyalgia, Chronic Fatigue, Crohn's Disease, Chronic Kidney Disease","Pantoprazole, Clopidogrel",None,"None, Hypertension, Cancer",Spanish,Black or African American,Active,12,EMR_Cerner
3751,Sandra,Martin,1988-12-29,Female,O+,user@.com,(930) 315-1170,Brenda Jordan,(762) 486-7464,"{""line1"": ""3752 Ash Ct"", ""apt"": "", Unit 19"", ""city"": ""Omaha"", ""state"": ""NE"", ""zip"": ""68101"", ""street_type"": ""Way"", ""neighborhood"": ""West Side""}",Married,Dental Hygienist,Watson Corp,Harvard Pilgrim,POL-773878,GRP-5613,192,2023-09-01,2025-06-19,158,68,27.2,Non-Smoker,Heavy,"Pollen, Shellfish, Penicillin",Asthma,"Prednisone, Losartan, Insulin glargine, Albuterol","Hernia repair, Total hip replacement",None,Spanish,Two or More Races,Inactive,22,EMR_Cerner
3753,Emma,Perry,2004-07-12,Female,AB-,emma.perry1@email.example.com,(610) 512-6124,Lauren Castillo,(505) 518-7880,"{""line1"": ""5606 Jefferson Ave"", ""apt"": """", ""city"": ""Charlotte"", ""state"": ""NC"", ""zip"": ""28201""}",Married,Software Developer,Gray Corp,Geisinger,POL-384833,GRP-8053,322,2021-07-28,2021-09-18,164,115,42.8,Non-Smoker,,"Penicillin, Pollen, Sulfa",Osteoarthritis,None,None,"Stroke, Diabetes, Hypertension",Tagalog,White,Active,10,EMR_Cerner
3757,Gregory,UNKNOWN,1951-07-10,Male,A+,gregory.turner1@email.example.com,(642) 774-3464,Andrea Miller,(902) 762-9921,"{""line1"": ""5513 Spring St"", ""apt"": "", # 9"", ""city"": ""Long Beach"", ""state"": ""CA"", ""zip"": ""90801"", ""floor_number"": 11, ""street_type"": ""Ln""}",Married,Real Estate Agent,Flores Corp,Kaiser Permanente,POL-956951,GRP-9089,353,2019-11-28,2021-01-04,177,80,25.5,Former Smoker,None,None,Anemia,None,"Spinal fusion, Cholecystectomy",None,Arabic,Human,Active,4,EMR_Cerner
3759,Nicole,Bryant,1977-08-22,Female,O+,nicole.bryant@email.example.com,(711) 269-6314,Camila Johnson,(325) 323-8315,"{""line1"": ""1319 Seventh St"", ""apt"": "", Apt 49"", ""city"": ""Virginia Beach"", ""state"": ""VA"", ""zip"": ""23450"", ""timezone"": ""America/Denver"", ""country"": ""USA"", ""street_type"": ""Ln""}",Divorced,Logistics Coordinator,,Tufts Health Plan,POL-517325,GRP-4485,312,2020-10-09,2022-04-21,163,62,23.3,Former Smoker,None,Shellfish,,"Cyclobenzaprine, Metformin, Losartan, Clopidogrel",None,None,Vietnamese,White,Active,22,EMR_Cerner
3760,Samuel,West,1994-10-07,Male,A+,samuel.west@email.example.com,(295) 481-1017,N/A,(229) 962-7313,"{""line1"": ""7904 Hill St"", ""apt"": """", ""city"": ""Nashville"", ""state"": ""TN"", ""zip"": ""37201"", ""landmark"": ""Near City Hall"", ""timezone"": ""America/Phoenix"", ""longitude"": -90.8648, ""county"": ""Maricopa""}",Single,Construction Worker,Flores Corp,Kaiser Permanente,POL-538834,G1234,290,tomorrow,,186,104,30.1,Non-Smoker,Heavy,"Sulfa, Dust, Penicillin",,None,none,None,English,White,Active,2,EMR_Cerner
3763,Helen,Nelson,01/15/1987,Female,O+,helen.nelson1@email.example.com,(292) 741-3712,Aria McDonald,(792) 773-5110,"{""line1"": ""3339 Birch St"", ""apt"": """", ""city"": ""San Jose"", ""state"": ""CA"", ""zip"": ""95101""}",Single,Student,,UnitedHealthcare,POL-114762,GRP-8709,270,2025-03-26,2028-01-31,167,73,26.2,Never Assessed,Occasional,None,"Migraine, Depression, Chronic Kidney Disease","Fluticasone, Hydrochlorothiazide, Amlodipine",None,"Arthritis, None, Diabetes",Spanish,White,Active,20,EMR_Cerner
3766,Oliver,Cox,1997-01-08,Male,O-,,(291) 661-4910,Eric White,(541) 263-5806,"{""line1"": ""3875 Park Blvd"", ""apt"": """", ""city"": ""Indianapolis"", ""state"": ""IN"", ""zip"": ""46201"", ""timezone"": ""America/Los_Angeles"", ""county"": ""Cook"", ""street_type"": ""Rd""}",Married,---,Gomez Corp,Tufts Health Plan,POL-687102,GRP-2549,249,2024-01-10,2026-11-13,184,82,24.2,Non-Smoker,Sometimes,Codeine,,unknown,"Total knee replacement, Carpal tunnel release, Angioplasty with stent","Asthma, Hypertension, Stroke",English,Asian,Active,12,EMR_Cerner
3767,Skylar,Reed,1964-11-26,Female,O+,skylar.reed1@email.example.com,(586) 540-1235,David Gomez,(435) 349-6954,"{""line1"": ""3194 Highland Ave"", ""apt"": "", Apt 9"", ""city"": ""Nashville"", ""state"": ""TN"", ""zip"": ""37201"", ""country"": ""USA"", ""longitude"": -102.7642, ""timezone"": ""America/Phoenix""}",Married,Retired,Hamilton Corp,Aetna,POL-853742,GRP-7354,325,2020-08-21,2021-04-12,160,60,23.4,Former Smoker,Occasional,Shellfish,Anemia,"Cetirizine, Spironolactone",None,Asthma,Vietnamese,White,Inactive,12,EMR_Cerner
3769,Robert,Wells,1988-07-21,F,O+,,12345,Micah Freeman,(697) 721-9150,"{""line1"": ""5331 Highland Ave"", ""apt"": "", Unit 34"", ""city"": ""Las Vegas"", ""state"": ""NV"", ""zip"": ""89101""}",Divorced,Retired,Jones Corp,Independence Blue Cross,POL-832034,GRP-4184,313,2018-08-12,,171,93,31.8,Never Assessed,Occasional,"Latex, NSAIDs",,None,None,Cancer,English,White,Active,6,EMR_Cerner
3772,Sandra,Long,1975-09-27,Female,O+,sandra.long@email.example.com,(553) 559-1635,Donna Peterson,(673) 389-8881,"{""line1"": ""4557 Beechwood Ave"", ""apt"": """", ""city"": ""Sacramento"", ""state"": ""CA"", ""zip"": ""94201"", ""country"": ""USA"", ""street_type"": ""Dr"", ""longitude"": -89.5181}",Separated,Driver,Rogers Corp,Cigna,POL-561256,GRP-1134,31,2025-07-23,2025-10-01,166,66,24.0,Never Assessed,None,"Shellfish, Codeine, Dust",,None,"C-section, Laminectomy",None,Spanish,Hispanic or Latino,Active,8,EMR_Cerner
3775,Bruce,Tucker,1978-09-24,Male,O-,bruce.tucker@email.example.com,(682) 650-2393,Kyle Gomez,(548) 250-1708,"{""line1"": ""5254 Monroe Dr"", ""apt"": "", Suite 38"", ""city"": ""Omaha"", ""state"": ""NE"", ""zip"": ""68101"", ""latitude"": 29.0223, ""street_type"": ""Pl"", ""country"": ""USA""}",Divorced,Insurance Agent,Ruiz Corp,Cigna HealthCare,POL-289423,GRP-2797,210,2025-05-10,2027-01-07,174,83,27.4,Non-Smoker,None,"Codeine, Shellfish, Dust","Hypothyroidism, Ulcerative Colitis",None,Meniscectomy,None,Arabic,Hispanic or Latino,Inactive,2,EMR_Cerner
3792,Brian,James,1975-12-17,Male,O+,brian.james@email.example.com,(447) 927-2961,Chloe Murray,(464) 970-2344,"{""line1"": ""2241 Third St"", ""apt"": """", ""city"": ""Oklahoma City"", ""state"": ""OK"", ""zip"": ""73101"", ""neighborhood"": ""Northside""}",Married,Flight Attendant,,,POL-122522,GRP-9783,23,2023-02-21,2023-09-03,,82,23.2,Non-Smoker,Occasional,"None, Codeine, Shellfish",,"Ibuprofen, Fluticasone",Spinal fusion,"Hypertension, Stroke",Arabic,White,Active,14,EMR_Cerner
3794,Hannah,Rodriguez,1969-06-18,Female,A+,hannah.rodriguez@email.example.com,(336) 675-9137,Jack Owens,(284) 562-8476,"{""line1"": ""8018 Monroe Dr"", ""apt"": """", ""city"": ""Jacksonville"", ""state"": ""FL"", ""zip"": ""32201"", ""country"": ""USA"", ""timezone"": ""America/Phoenix"", ""neighborhood"": ""Historic District"", ""county"": ""Miami-Dade"", ""street_type"": ""Cir""}",Married,Project Manager,Alexander Corp,Independence Blue Cross,POL-992385,GRP-3633,414,2018-06-22,,158,106,42.5,Current Smoker,Occasional,"Peanuts, Penicillin, Shellfish",,"Hydrochlorothiazide, Losartan",ACL reconstruction,,Korean,White,Active,8,EMR_Cerner
3795,Alexander,Diaz,1959-08-31,Male,O+,alexander.diaz1@email.example.com,(949) 289-1899,Michael James,(217) 605-6636,"{""line1"": ""3702 Cedar Ln"", ""apt"": """", ""city"": ""Washington"", ""state"": ""DC"", ""zip"": ""20001"", ""latitude"": 31.994, ""county"": ""Maricopa""}",Married,Electrician,Cox Corp,Oscar Health,POL-428668,GRP-8273,271,tomorrow,2019-04-23,-10,94,30.3,Never Assessed,Occasional,"Penicillin, Latex, Sulfa","Asthma, Ulcerative Colitis","Losartan, Duloxetine",None,Arthritis,Spanish,White,Active,18,EMR_Cerner
3798,Jackson,Cook,2003-12-22,Male,A-,user@.com,(283) 558-7157,Alexander Gomez,(663) 367-9262,"{""line1"": ""Unknown"", ""city"": ""Unknown"", ""state"": ""NA"", ""zip"": ""00000"", ""latitude"": 45.1246}",Single,UnemPloyed,Wilson Corp,Aetna,POL-181537,GRP-5611,336,2018-08-24,2021-12-27,181,78,23.8,Non-Smoker,Occasional,None,"Osteoporosis, Migraine",unknown,None,"Stroke, Diabetes, Heart Disease",English,Other,Active,6,EMR_Cerner
3804,Carl,Baker,2025-01-01,Male,o+,carl.baker@email.example.com,(470) 664-9417,Jonathan Diaz,(970) 209-6480,,Widowed,Sales Representative,Gibson Corp,Humana,POL-508184,GRP-1899,347,2020-03-05,,177,83,26.5,Non-Smoker,Moderate,"None, Dust, Penicillin",Irritable Bowel Syndrome,"Omeprazole, Fluticasone",None,"Asthma, Arthritis",Spanish,White,Active,8,EMR_Cerner
3807,Carol,Ramos,2005-01-11,Female,O-,carol.ramos@email.example.com,(742) 505-4443,Aaron Price,(526) 633-9558,"{""line1"": ""7522 Union Ave"", ""apt"": "", # 47"", ""city"": ""Albuquerque"", ""state"": ""NM"", ""zip"": ""87101"", ""landmark"": ""Close to University"", ""latitude"": 41.1928}",Married,Unemployed,,CareFirst,POL-429898,GRP-6235,350,2018-10-17,2022-03-08,151,0,34.2,Never Assessed,Former,Null,Migraine,"Ibuprofen, Apixaban",None,"Hypertension, Alzheimer's",Mandarin,Black or African American,Active,2,EMR_Cerner
3822,Linda,Ellis,1990-05-27,Female,O+,linda.ellis@email.example.com,(225) 520-8261,Christina Parker,(825) 841-9914,"{""line1"": ""6774 Oak Ave"", ""apt"": """", ""city"": ""San Francisco"", ""state"": ""CA"", ""zip"": ""94101""}",Single,Professor,Hunter Corp,Atena,POL-775288,GRP-7820,447,2020-09-23,2022-10-19,173,82,27.4,Non-Smoker,None,"Peanuts, Sulfa, Codeine",,Loratadine,None,Arthritis,English,White,Active,1,EMR_Cerner
3827,Cynthia,Castillo,1963-11-18,Female,A+,cynthia.castillo@email.example.com,2125550199,Savannah Campbell,(332) 344-4932,"{""line1"": ""1712 Pleasant St"", ""apt"": """", ""city"": ""Charlotte"", ""state"": ""NC"", ""zip"": ""28201""}",Divorced,Insurance Agent,Green Corp,Atena,POL-908161,GRP-3102,118,2020-10-15,2022-12-01,170,76,26.3,Never Assessed,None,Penicillin,"Fibromyalgia, Atrial Fibrillation","Levothyroxine, Clopidogrel, Aspirin, Amlodipine",None,"Heart Disease, Arthritis",Spanish,Hispanic or Latino,Active,20,EMR_Cerner
3829,Walter,Diaz,1991-03-21,Male,O+,walter.diaz2@email.example.com,(781) 590-8622,Karen Ward,(452) 476-5477,"{""line1"": ""5148 Forest Ave"", ""apt"": """", ""city"": ""Portland"", ""state"": ""OR"", ""zip"": ""97201"", ""timezone"": ""America/Los_Angeles"", ""longitude"": -109.1321}",Married,Artist,Gomez Corp,,,,59,2023-05-31,,164,58,21.6,Non-Smoker,Heavy,"None, Dust, NSAIDs","Type 2 Diabetes, Osteoarthritis, Chronic Fatigue, GERD","Aspirin, Ozempic, Montelukast",None,"Asthma, None, Alzheimer's",English,Hispanic or Latino,Active,8,EMR_Cerner
3830,Lisa,UNKNOWN,1990-08-08,Female,A+,lisa.sullivan@email.example.com,(702) 209-1256,Roger Powell,(423) 888-5272,"{""line1"": ""7247 Jefferson Ave"", ""apt"": """", ""city"": ""Tulsa"", ""state"": ""OK"", ""zip"": ""74101"", ""country"": ""USA""}",Single,Musician,,Independence Blue Cross,POL-433857,GRP-3138,18,2021-09-02,2022-03-06,153,63,26.9,Never Assessed,None,Latex,,"Loratadine, Gabapentin",None,"Diabetes, None, Asthma",English,Asian,Active,24,EMR_Cerner
3838,Oliver,Bailey,2005-08-07,Male,A+,oliver.bailey@email.example.com,(324) 224-2591,Kevin Flores,(458) 451-4202,"{""line1"": ""6440 Hamilton Ct"", ""apt"": """", ""city"": ""Long Beach"", ""state"": ""CA"", ""zip"": ""90801"", ""street_type"": ""Ave"", ""neighborhood"": ""Southside""}",Married,UnemPloyed,Mendoza Corp,Kaiser Permanente,POL-161094,GRP-9883,175,2018-03-20,2022-04-08,182,94,28.4,Never Assessed,Occasional,"None, Shellfish, NSAIDs",,None,None,"Asthma, Cancer, Alzheimer's",English,Black or African American,Active,21,EMR_Cerner
3839,Pamela,Harris,1987-11-24,Female,O+,pamela.harris@email.example.com,2125550199,Christina Flores,(385) 391-5319,"{""line1"": ""2335 Pine St"", ""apt"": """", ""city"": ""Phoenix"", ""state"": ""AZ"", ""zip"": ""85001"", ""latitude"": 30.772, ""landmark"": ""Close to University"", ""country"": ""USA"", ""delivery_notes"": ""Deliver to reception""}",Separated,Writer,,Oscar Health,POL-368688,G1234,266,2020-01-27,2022-05-04,161,76,29.3,Current Smoker,Moderate,"Dust, Shellfish","Sleep Apnea, Chronic Fatigue, Anemia",Warfarin,None,None,French,Black or African American,Active,2,EMR_Cerner
3842,Albert,Wood,1992-05-28,Male,A+,albert.wood@email.example.com,(382) 628-1192,Frank Ward,(630) 627-7485,"{""line1"": ""9603 Magnolia Way"", ""apt"": "", # 31"", ""city"": ""San Antonio"", ""state"": ""TX"", ""zip"": ""78201"", ""country"": ""USA""}",Single,,,Tufts Health Plan,POL-968715,GRP-3506,325,2025-03-12,2026-02-08,183,101,30.2,Former Smoker,Moderate,"Codeine, Pollen, Sulfa","Sleep Apnea, Hyperlipidemia","Hydrochlorothiazide, Bupropion, Meloxicam, Apixaban",None,"None, Cancer, Heart Disease",English,White,Active,12,EMR_Cerner
3844,Angela,Reynolds,1985-12-08,Female,B-,angela.reynolds@email.example.com,(722) 509-3704,Paisley Green,(609) 450-5224,"{""line1"": ""5691 Pine St"", ""apt"": """", ""city"": ""New Orleans"", ""state"": ""LA"", ""zip"": ""70112"", ""county"": ""Maricopa"", ""street_type"": ""Blvd"", ""timezone"": ""America/Phoenix""}",Married,Construction Worker,King Corp,Highmark,POL-482888,GRP-1184,338,2022-11-12,2026-11-22,158,77,30.8,Former Smoker,None,None,Chronic Kidney Disease,None,None,None,English,White,Active,25,EMR_Cerner
3847,Naomi,Flores,1997-09-29,Non-Binary,O-,naomi.flores@email.example.com,(835) 732-7197,Jackson Garcia,(254) 949-7948,"{""line1"": ""1300 Fourth Ave"", ""apt"": "", Apt 11"", ""city"": ""Tulsa"", ""state"": ""OK"", ""zip"": ""74101""}",Single,Unemployed,Powell Corp,Aetna,POL-360634,G1234,321,2018-01-04,2021-11-18,163,67,25.2,Former Smoker,Occasional,None,,Eliquis,None,Stroke,English,Hispanic or Latino,Active,8,EMR_Cerner
3850,Stephanie,West,2002-11-22,Female,A+,stephanie.west@email.example.com,(917) 359-4376,Caleb Wilson,(909) 636-3064,"{""line1"": ""6738 Maple Dr"", ""apt"": """", ""city"": ""San Francisco"", ""state"": ""CA"", ""zip"": ""94101"", ""county"": ""King"", ""delivery_notes"": ""Leave at door""}",Divorced,Writer,Gibson Corp,Cigna HealthCare,POL-867285,GRP-4321,96,2019-03-21,2022-03-17,164,104,38.7,Non-Smoker,Occasional,None,"Osteoarthritis, GERD",Acetaminophen,None,"Stroke, Cancer, Asthma",Korean,White,Active,22,EMR_Cerner
3857,Jose,Gonzales,1991-09-07,Male,A+,jose.gonzales@email.example.com,(626) 352-9012,Ryan Crawford,(297) 235-1431,"{""line1"": ""5341 River Rd"", ""apt"": "", Unit 32"", ""city"": ""Indianapolis"", ""state"": ""IN"", ""zip"": ""46201"", ""street_type"": ""Dr"", ""longitude"": -77.2002, ""timezone"": ""America/New_York""}",Single,Consultant,,Harvard Pilgrim,POL-140513,GRP-1484,168,2019-02-20,,170,60,20.8,Never Assessed,Occasional,"Codeine, None, Latex","Eczema, Chronic Fatigue","Metformin, Warfarin, Tramadol",None,"Arthritis, Cancer",English,White,Inactive,21,EMR_Cerner
3861,Patricia,Hernandez,1974-03-10,Female,O-,patricia.hernandez@email.example.com,(353) 669-9932,Ashley Gibson,(432) 953-6765,"{""line1"": ""6281 View Blvd"", ""apt"": """", ""city"": ""Portland"", ""state"": ""OR"", ""zip"": ""97201"", ""longitude"": -78.3115, ""timezone"": ""America/Chicago""}",Single,Logistics Coordinator,Ruiz Corp,MetLife,POL-862864,GRP-9109,127,2024-01-28,2024-05-22,162,68,25.9,Non-Smoker,Moderate,"Shellfish, Latex, NSAIDs",,Ibuprofen,"Hysterectomy, Carpal tunnel release","Heart Disease, Diabetes, None",English,Hispanic or Latino,Active,24,EMR_Cerner
3866,Aaron,Thompson,2005-03-06,Male,A+,aaron.thompson@email.example.com,abc-def-ghij,Joyce Hughes,(853) 468-6395,"{""line1"": ""5496 Birch St"", ""apt"": "", Unit 19"", ""city"": ""Virginia Beach"", ""state"": ""VA"", ""zip"": ""23450"", ""neighborhood"": ""Northside"", ""county"": ""King"", ""timezone"": ""America/Chicago""}",Widowed,Psychologist,Gray Corp,,,,268,2025-09-03,2026-09-24,176,58,18.7,Non-Smoker,Occasional,"Shellfish, Penicillin, Codeine",Sleep Apnea,"Insulin glargine, Prednisone, Jardiance, Bupropion",None,None,French,Hispanic or Latino,Inactive,14,EMR_Cerner
3869,Brandon,Gonzales,1982-11-16,Male,o+,,(996) 750-1618,Thomas Howard,(496) 266-6979,"{""line1"": ""1167 Tenth Ave"", ""apt"": "", Apt 20"", ""city"": ""Kansas City"", ""state"": ""MO"", ""zip"": ""64101"", ""county"": ""Harris"", ""neighborhood"": ""Downtown"", ""timezone"": ""America/Phoenix"", ""longitude"": -84.7484}",Married,Flight Attendant,Powell Corp,Cigna HealthCare,POL-405669,GRP-5128,436,2019-08-11,2022-03-28,161,76,29.3,Non-Smoker,Sometimes,None,,"Tramadol, Gabapentin, Levothyroxine, Metoprolol",None,,English,White,Deceased ,24,EMR_Cerner
3874,Lawrence,Morgan,2005-10-28,Male,O+,lawrence.morgan@email.example.com,(426) 997-8665,Adam Harris,(344) 821-7490,"{""line1"": ""2539 Cherry Ln"", ""apt"": """", ""city"": ""New York"", ""state"": ""NY"", ""zip"": ""10001"", ""county"": ""Sacramento""}",Married,Plumber,Morales Corp,Atena,POL-386744,GRP-9698,9,2024-06-16,2028-02-10,163,53,19.9,Non-Smoker,None,None,,unknown,"Hernia repair, C-section","Diabetes, Asthma, None",Mandarin,White,Active,10,EMR_Cerner
,Virginia,Simpson,1986-10-08,Female,B+,virginia.simpson@email.example.com,(848) 543-3579,Sarah Morgan,(608) 763-7278,"{""line1"": ""9453 Sunset Dr"", ""apt"": """", ""city"": ""Oakland"", ""state"": ""CA"", ""zip"": ""94601"", ""longitude"": -100.2525, ""timezone"": ""America/Denver"", ""delivery_notes"": ""Deliver to reception"", ""floor_number"": 5}",Single,Mechanic,,Tufts Health Plan,POL-893825,GRP-3830,190,2020-12-26,2024-01-13,158,57,22.8,Former Smoker,None,None,"Anemia, Eczema, Depression",None,None,"None, Hypertension",English,White,Active,9,EMR_Cerner
3893,Roger,Tucker,2005-04-21,Male,A+,roger.tucker@email.example.com,(514) 732-6323,Victoria King,(363) 849-2972,"{""line1"": ""7152 Sunset Dr"", ""apt"": """", ""city"": ""El Paso"", ""state"": ""TX"", ""zip"": ""79901"", ""country"": ""USA""}",Married,Logistics Coordinator,,,POL-260446,GRP-2146,131,2023-10-14,2027-09-27,177,95,30.3,Non-Smoker,Former,"None, Dust",Coronary Artery Disease,Duloxetine,Cataract surgery,Hypertension,English,White,Inactive,2,EMR_Cerner
3898,Helen,Crawford,2002-07-27,Non-Binary,O+,helen.crawford@email.example.com,(473) 695-4424,Lily Mitchell,(870) 871-9236,"{""line1"": ""7033 Monroe Dr"", ""apt"": """", ""city"": ""Boston"", ""state"": ""MA"", ""zip"": ""02101"", ""country"": ""USA"", ""county"": ""Harris""}",Separated,Professor,,Bright Health,POL-649310,GRP-5170,355,2022-09-12,,165,96,35.3,Never Assessed,Occasional,"Shellfish, Dust",Fibromyalgia,Atorvastatin,None,Diabetes,English,Other,Inactive,10,EMR_Cerner
3899,Luna,Stewart,1955-10-12,Female,A-,luna.stewart@email.example.com,(203) 601-7659,Randy Howard,(944) 200-9941,"{""line1"": ""1982 Birch St"", ""apt"": "", Unit 13"", ""city"": ""Milwaukee"", ""state"": ""WI"", ""zip"": ""53201""}",Separated,Project Manager,Webb Corp,Health Net,POL-614615,GRP-1601,371,2020-05-15,2024-05-09,174,87,28.7,Never Assessed,Moderate,"None, Sulfa","Sleep Apnea, Rheumatoid Arthritis, Hypothyroidism, Anxiety Disorder",None,None,Arthritis,Mandarin,Human,Active,7,EMR_Cerner
3901,Eric,Evans,2002-11-03,Male,O+,eric.evans@email.example.com,(515) 785-9519,Bruce Martinez,(625) 786-4757,"{""line1"": ""693 Fourth Ave"", ""apt"": "", Apt 45"", ""city"": ""Fort Worth"", ""state"": ""TX"", ""zip"": ""76101""}",Married,Driver,Hughes Corp,Kaiser Permanente,POL-203251,GRP-2763,197,2019-10-14,,165,82,30.1,Non-Smoker,None,Shellfish,GERD,None,None,Cancer,Cantonese,Black or African American,Inactive,22,EMR_Cerner
3906,Robert,Lewis,1998-12-04,Male,O-,robert.lewis@email.example.com,(596) 778-2074,Jackson Alexander,(539) 653-9292,"{""line1"": ""2352 Cedar Ln"", ""apt"": "", Unit 9"", ""city"": ""Seattle"", ""state"": ""WA"", ""zip"": ""98101"", ""timezone"": ""America/New_York"", ""country"": ""USA""}",Married,Mechanic,Hughes Corp,UnitedHealthcare,POL-511700,G1234,362,2022-04-17,2023-10-26,190,65,18.0,Former Smoker,Occasional,"NSAIDs, Dust, Peanuts",Chronic Fatigue,"Lisinopril, Atorvastatin",None,None,English,White,Active,16,EMR_Cerner
3907,Donna,Ford,1988-02-13,Female,O+,donna.ford@email.example.com,(812) 387-1600,Sharon Harrison,(501) 726-9150,"{""line1"": ""2902 Madison St"", ""apt"": "", Apt 38"", ""city"": ""Atlanta"", ""state"": ""GA"", ""zip"": ""30301"", ""street_type"": ""Ave"", ""timezone"": ""America/Denver"", ""floor_number"": 30}",Married,Nurse,Lopez Corp,Blue Cross Blue Shield,POL-391311,GRP-1046,247,2022-12-28,2023-10-24,162,70,26.7,Non-Smoker,Occasional,Null,COPD,None,Cataract surgery,"None, Cancer",French,White,Inactive,21,EMR_Cerner
3908,Walter,Smith,1998-07-28,Male,A+,walter.smith@email.example.com,(697) 912-2614,Maria Edwards,(834) 233-9217,"{""line1"": ""8208 Seventh St"", ""apt"": """", ""city"": ""Jacksonville"", ""state"": ""FL"", ""zip"": ""32201"", ""street_type"": ""Blvd""}",Single,Police Officer,Washington Corp,Anthem,POL-200176,,492,2023-04-22,2026-09-05,186,70,20.2,Former Smoker,None,"Sulfa, Penicillin, Codeine",,Ibuprofen,None,None,English,White,Inactive,8,EMR_Cerner
3910,Dylan,Sullivan,1979-08-11,Male,B+,dylan.sullivan@email.example.com,(309) 648-2557,Aaron Phillips,(513) 464-6819,"{""line1"": ""2157 Lincoln Blvd"", ""apt"": "", # 5"", ""city"": ""San Diego"", ""state"": ""CA"", ""zip"": ""92101"", ""longitude"": -109.5359, ""timezone"": ""America/New_York"", ""neighborhood"": ""Historic District"", ""latitude"": 30.2859}",Married,Electrician,Alvarez Corp,Molina Healthcare,POL-511288,GRP-3287,418,2021-03-31,2022-11-19,181,85,25.9,Current Smoker,None,"Latex, Peanuts, Penicillin",,"Tramadol, Prednisone, Ozempic",Colectomy,None,Spanish,White,Active,22,EMR_Cerner
3912,Gabriel,Morris,1984-04-08,Male,O+,gabriel.morris@email.example.com,(938) 647-1912,Evelyn Long,(990) 288-3261,"{""line1"": ""7627 Broadway"", ""apt"": """", ""city"": ""Seattle"", ""state"": ""WA"", ""zip"": ""98101""}",Divorced,Dentist,Simpson Corp,Humana,POL-740729,GRP-4528,480,2023-06-17,2024-11-05,181,99,30.2,Current Smoker,None,"None, Shellfish, Latex",Coronary Artery Disease,Insulin glargine,none,None,English,White,Active,19,EMR_Cerner
3913,Kelly,Gutierrez,1971-05-12,Female,B-,kelly.gutierrez@email.example.com,(967) 670-4964,Kimberly Watson,(317) 976-6167,"{""line1"": ""5664 Hickory St"", ""apt"": """", ""city"": ""Mesa"", ""state"": ""AZ"", ""zip"": ""85201""}",Single,Unemployed,Adams Corp,Harvard Pilgrim,POL-341425,GRP-8851,284,2019-12-23,1900-01-01,154,52,21.9,Former Smoker,Moderate,"Pollen, NSAIDs, None",,None,None,None,English,White,Active,23,EMR_Cerner
3921,George,Hill,1982-04-14,Male,O+,george.hill@email.example.com,(649) 575-6592,Anthony Stewart,(936) 916-9458,"{""line1"": ""602 Main St"", ""apt"": "", Unit 25"", ""city"": ""Los Angeles"", ""state"": ""CA"", ""zip"": ""90001"", ""longitude"": -98.3082, ""timezone"": ""America/Los_Angeles"", ""neighborhood"": ""Historic District"", ""county"": ""Orange"", ""latitude"": 37.8358}",married,Lawyer,Ford Corp,Oscar Health,POL-524512,GRP-3482,342,2018-03-27,2020-03-18,163,74,27.9,Non-Smoker,Occasional,"None, Dust, Pollen",,None,None,"None, Heart Disease",Spanish,Two or More Races,Active,4,EMR_Cerner
3924,Jeremy,Lee,2001-07-29,Male,O-,jeremy.lee@email.example.com,12345,Ronald Gutierrez,(868) 416-3287,"{""line1"": ""3897 Second Ave"", ""apt"": """", ""city"": ""Los Angeles"", ""state"": ""CA"", ""zip"": ""90001""}",Married,Doctor,Ortiz Corp,Geisinger,POL-229895,GRP-9930,377,2019-04-22,2021-02-10,185,93,27.2,Current Smoker,Heavy,None,"Osteoarthritis, Migraine, Sleep Apnea","Atorvastatin, Clopidogrel, Prednisone",Meniscectomy,Alzheimer's,French,White,Active,15,EMR_Cerner
3927,Diane,Foster,1997-11-22,Female,A+,diane.foster@email.example.com,(600) 492-7214,Ruth Murphy,(872) 659-9150,"{""line1"": ""9607 Madison St"", ""apt"": """", ""city"": ""San Jose"", ""state"": ""CA"", ""zip"": ""95101"", ""longitude"": -74.1901, ""timezone"": ""America/Los_Angeles"", ""neighborhood"": ""West Side""}",Single,Physical Therapist,West Corp,Highmark,POL-535754,GRP-8646,144,2024-08-24,2026-06-07,148,40,18.3,Never Assessed,None,"Codeine, None, Penicillin","Migraine, Chronic Kidney Disease, Ulcerative Colitis, Anemia","Atorvastatin, Ozempic, Meloxicam, Duloxetine",ACL reconstruction,None,Spanish,Black or African American,Deceased,14,EMR_Cerner
3935,Miles,Fisher,1995-07-02,Male,A-,miles.fisher1@email.example.com,(364) 650-2376,Megan Hughes,(628) 568-2486,"{""line1"": ""6371 Hill St"", ""apt"": """", ""city"": ""Los Angeles"", ""state"": ""CA"", ""zip"": ""90001"", ""floor_number"": 1, ""neighborhood"": ""Southside"", ""latitude"": 39.1923, ""country"": ""USA""}",Single,Military,,Bright Health,POL-447238,GRP-1334,327,tomorrow,2028-04-04,186,77,22.3,Former Smoker,Occasional,"Pollen, Codeine, Shellfish","Anemia, Hypertension, Irritable Bowel Syndrome, Atrial Fibrillation","Eliquis, Metoprolol, Levothyroxine, Amlodipine",None,"None, Hypertension",Tagalog,Asian,Active,9,EMR_Cerner
3940,Elizabeth,Russell,1800-01-01,Female,O+,elizabeth.russell@email.example.com,(444) 480-3726,Carolyn Jenkins,(350) 803-9852,"{""line1"": ""1439 Aspen Ct"", ""apt"": """", ""city"": ""Albuquerque"", ""state"": ""NM"", ""zip"": ""87101""}",Married,Real Estate Agent,Clark Corp,Molina Healthcare,POL-649104,GRP-4196,408,2020-01-14,2020-01-14,161,91,35.1,Current Smoker,None,"NSAIDs, Pollen, Peanuts",,"Acetaminophen, Fluticasone",None,"None, Hypertension, Stroke",English,White,Inactive,2,EMR_Cerner
3943,James,Adams,not available,F,O-,james.adams@email.example.com,(514) 818-6322,Barbara Morris,(732) 798-3261,"{""line1"": ""753 Hamilton Ct"", ""apt"": """", ""city"": ""Oakland"", ""state"": ""CA"", ""zip"": ""94601"", ""longitude"": -110.5678, ""county"": ""Dallas""}",Single,Writer,,Kaiser Permanente,POL-485857,GRP-5276,182,2025-07-23,2025-07-23,185,45,13.1,Former Smoker,None,"Dust, Codeine, Shellfish","Hypertension, Atrial Fibrillation, Migraine, Eczema",None,"C-section, Mastectomy, Colectomy","Heart Disease, Diabetes, Asthma",English,White,Active,7,EMR_Cerner
3949,,Wallace,1992-12-17,Male,O+,aiden.wallace@email.example.com,(902) 788-8011,Lawrence Washington,(295) 297-8974,"{""line1"": ""2612 Broadway"", ""apt"": """", ""city"": ""New Orleans"", ""state"": ""LA"", ""zip"": ""70112"", ""landmark"": ""Next to Mall"", ""street_type"": ""Dr"", ""neighborhood"": ""Downtown"", ""latitude"": 39.8442}",Divorced,HR Specialist,Woods Corp,Molina Healthcare,POL-382958,GRP-6694,309,2021-06-02,2023-08-26,173,70,23.4,Former Smoker,None,"Peanuts, Sulfa",,Metoprolol,None,"Heart Disease, Hypertension",Korean,Asian,Active,17,EMR_Cerner
3951,Aiden,Lopez,1991-05-23,Male,O+,aiden.lopez@email.example.com,(294) 222-8164,Miles Washington,(414) 580-7417,"{""line1"": ""6984 View Blvd"", ""apt"": """", ""city"": ""Dallas"", ""state"": ""TX"", ""zip"": ""75201""}",Married,Manager,,Centene,POL-144363,GRP-4756,394,2024-06-08,2027-03-09,-10,78,26.4,,None,"Sulfa, Pollen, Peanuts",,None,None,None,Spanish,Black or African American,Active,5,EMR_Cerner
3953,Aiden,Young,1987-01-01,Male,A+,aiden.young@email.example.com,(609) 395-2145,Paisley Rogers,(708) 366-1661,"{""line1"": ""7780 Tenth Ave"", ""apt"": """", ""city"": ""Tucson"", ""state"": ""AZ"", ""zip"": ""85701"", ""latitude"": 43.5688}",Married,Logistics Coordinator,,Independence Blue Cross,POL-307214,GRP-7898,230,2024-06-25,2027-03-26,191,82,22.5,Current Smoker,Occasional,"Peanuts, Shellfish, Sulfa",,"Amlodipine, Furosemide","Angioplasty with stent, Total hip replacement","None, Arthritis, Hypertension",Russian,White,Active,8,EMR_Cerner
3955,Mark,Jenkins,1982-09-21,Mle,B+,mark.jenkins@email.example.com,(568) 211-4746,Ronald Owens,(858) 732-9208,"{""line1"": ""Unknown"", ""city"": ""Unknown"", ""state"": ""NA"", ""zip"": ""00000""}",Married,Flight Attendant,,Aetna,POL-381639,GRP-2315,1,2025-08-24,2029-05-07,160,100,39.1,,Occasional,"Penicillin, Latex, NSAIDs",Osteoarthritis,"Albuterol, Acetaminophen",None,"Diabetes, Cancer",Tagalog,Black or African American,Active,7,EMR_Cerner
3956,Lincoln,Reed,2000-09-02,Male,O+,lincoln.reed1@email.example.com,(562) 461-6677,Nathan Lee,(478) 950-4840,,Separated,HR Specialist,,UnitedHealthcare,POL-336253,GRP-6960,495,2025-01-31,2027-12-07,164,150,55,Non-Smoker,Moderate,"Shellfish, Penicillin, Dust",,Albuterol,Total hip replacement,"None, Heart Disease, Hypertension",English,White,Active,21,EMR_Cerner
3959,Peter,Roberts,1995-08-16,Male,AB+,peter.roberts@email.example.com,(393) 834-6223,Roger Alvarez,(402) 638-4266,"{""line1"": ""9162 Sunset Dr"", ""apt"": "", Unit 21"", ""city"": ""Raleigh"", ""state"": ""NC"", ""zip"": ""27601"", ""longitude"": -98.4804}",Divorced,Veterinarian,,Centene,POL-892578,GRP-8453,29,2025-03-21,2026-09-25,175,108,35.3,Non-Smoker,None,None,Sleep Apnea,None,None,"Cancer, Hypertension, None",English,White,Active,6,EMR_Cerner
3968,Chloe,Butler,1990-04-09,Female,A+,chloe.butler@email.example.com,(664) 373-3085,Skylar Hernandez,(278) 831-7028,"{""line1"": ""6703 Third St"", ""apt"": "", # 26"", ""city"": ""Memphis"", ""state"": ""TN"", ""zip"": ""38101""}",Married,Police Officer,Hamilton Corp,Atena,POL-926033,GRP-1055,380,2018-10-24,2020-02-11,173,53,17.7,Non-Smoker,None,Codeine,,"Metformin, Clopidogrel, Eliquis, Atorvastatin",None,None,Cantonese,Asian,Active,4,EMR_Cerner
3970,Dorothy,Howard,1981-09-06,Non-Binary,A-,dorothy.howard@email.example.com,2125550199,Micah Woods,(826) 962-5430,"{""line1"": ""5266 Center St"", ""apt"": "", # 41"", ""city"": ""Charlotte"", ""state"": ""NC"", ""zip"": ""28201"", ""street_type"": ""Dr""}",Married,Nurse,Cruz Corp,UnitedHealthcare,POL-335258,GRP-8555,237,2021-01-15,2022-10-21,169,0,35.0,Never Assessed,Heavy,"Dust, Penicillin",Congestive Heart Failure,"Clopidogrel, Metoprolol, Furosemide, Cyclobenzaprine",Laminectomy,None,Korean,Hispanic or Latino,Active,13,EMR_Cerner
3971,Joyce,Cooper,1995-12-21,Female,O+,joyce.cooper@email.example.com,(333) 655-9643,Linda Jones,(632) 821-5165,"{""line1"": ""9812 Madison St"", ""apt"": "", Unit 39"", ""city"": ""Las Vegas"", ""state"": ""NV"", ""zip"": ""89101"", ""timezone"": ""America/Denver"", ""street_type"": ""St""}",Married,Retail Associate,,CareFirst,POL-372256,GRP-6731,149,2019-09-15,2019-11-02,170,86,29.8,Non-Smoker,Former,"None, Peanuts, Codeine",Psoriasis,Eliquis,None,"Asthma, Cancer",Korean,White,Active,1,EMR_Cerner
3973,Heather,Wright,1990-09-02,Female,,heather.wright@email.example.com,(226) 403-3140,Russell Rodriguez,(218) 223-8499,"{""line1"": ""4098 Franklin Blvd"", ""apt"": """", ""city"": ""Portland"", ""state"": ""OR"", ""zip"": ""97201"", ""county"": ""Harris"", ""landmark"": ""Adjacent to Library""}",Widowed,Construction Worker,,Geisinger,POL-879054,GRP-1276,358,2022-10-16,2025-11-06,167,53,19.0,Non-Smoker,None,"Dust, Shellfish, Penicillin",,Gabapentin,Hysterectomy,"Heart Disease, Asthma",Vietnamese,Two or More Races,Active,1,EMR_Cerner
3975,Ashley,Kelly,1983-01-13,Female,B+,ashley.kelly@email.example.com,(573) 419-3992,Aiden Hernandez,(797) 389-5926,"{""line1"": ""2472 Oak Ave"", ""apt"": """", ""city"": ""Denver"", ""state"": ""CO"", ""zip"": ""80201"", ""longitude"": -117.604, ""latitude"": 38.0412, ""street_type"": ""Ave""}",Married,Firefighter,,Independence Blue Cross,POL-456767,GRP-4549,419,2018-01-07,2021-05-17,156,77,31.6,Former Smoker,None,"None, Pollen, Penicillin",,None,Cataract surgery,Hypertension,Spanish,White,Active,7,EMR_Cerner
3980,Jennifer,Reynolds,1984-06-23,Non-Binary,O+,jennifer.reynolds@email.example.com,(290) 522-1727,Stephen Green,(613) 348-9306,"{""line1"": ""9897 Pleasant St"", ""apt"": """", ""city"": ""Louisville"", ""state"": ""KY"", ""zip"": ""40201"", ""neighborhood"": ""Uptown"", ""latitude"": 32.8871}",Married,Police Officer,,Tufts Health Plan,POL-989000,GRP-5110,476,2018-10-23,2020-10-28,179,48,15.0,Non-Smoker,Former,Sulfa,"Hypertension, Coronary Artery Disease",None,None,"Cancer, Hypertension, None",French,White,Active,19,EMR_Cerner
3983,Bruce,Myers,2002-06-27,Male,A+,bruce.myers1@email.example.com,(871) 994-6038,Chloe Stevens,(306) 858-5493,"{""line1"": ""3955 Eighth Ave"", ""apt"": """", ""city"": ""Dallas"", ""state"": ""TX"", ""zip"": ""75201"", ""floor_number"": 44}",Married,Project Manager,Wilson Corp,Tufts Health Plan,POL-556213,GRP-6207,375,tomorrow,2025-10-30,178,79,24.9,Non-Smoker,None,"Pollen, Shellfish, Dust","Rheumatoid Arthritis, Eczema, Chronic Kidney Disease",Gabapentin,None,None,French,Asian,,1,EMR_Cerner
4009,Sharon,Ortiz,1995-09-29,Female,A+,sharon.ortiz@email.example.com,(955) 770-4854,Nicholas Myers,(396) 547-3891,"{""line1"": ""7920 Sunset Dr"", ""apt"": "", Apt 28"", ""city"": ""Denver"", ""state"": ""CO"", ""zip"": ""80201"", ""longitude"": -98.8791, ""street_type"": ""Cir"", ""latitude"": 39.7075, ""county"": ""Queens""}",Single,HR Specialist,,Molina Healthcare,POL-613615,GRP-6155,486,2024-02-03,2025-04-17,tall,60,25.3,Non-Smoker,Moderate,"None, Codeine","Chronic Kidney Disease, Chronic Fatigue, Osteoporosis",None,Laminectomy,"None, Arthritis",English,Hispanic or Latino,Inactive,13,EMR_Cerner
4018,Gabriel,Hayes,1981-08-28,Male,B+,gabriel.hayes@email.example.com,(808) 333-7002,Dennis Crawford,000-000-0000,"{""line1"": ""6795 Pine St"", ""apt"": "", Apt 13"", ""city"": ""Houston"", ""state"": ""TX"", ""zip"": ""77001"", ""country"": ""USA"", ""street_type"": ""Ct"", ""timezone"": ""America/New_York""}",Married,Police Officer,,MetLife,POL-486005,GRP-4860,386,2019-03-22,2020-01-12,188,,29.4,Former Smoker,Occasional,"Codeine, Latex","Congestive Heart Failure, Hypertension, Anxiety Disorder","Meloxicam, Sertraline",Angioplasty with stent,Arthritis,English,White,Active,23,EMR_Cerner
4023,Jeremy,Fisher,1980-09-09,Male,A+,jeremy.fisher@email.example.com,(503) 359-5178,Luke Murray,(521) 822-2041,"{""line1"": ""759 Second Ave"", ""apt"": "", # 4"", ""city"": ""New York"", ""state"": ""NY"", ""zip"": ""10001"", ""street_type"": ""Way"", ""country"": ""USA"", ""latitude"": 43.9132}",Single,Doctor,Bailey Corp,UnitedHealthcare,POL-515012,GRP-9654,474,2021-12-21,,173,61,20.4,Former Smoker,None,"Shellfish, Codeine, Sulfa","COPD, Irritable Bowel Syndrome, Anemia",Levothyroxine,Meniscectomy,"DM, HTN, CAD",English,Two or More Races,Inactive,7,EMR_Cerner
4025,,Long,1991-11-18,Male,O+,jeffrey.long@email.example.com,(914) 310-6796,Olivia Ross,(248) 888-9395,"{""line1"": ""8621 Main St"", ""apt"": "", Suite 20"", ""city"": ""Tulsa"", ""state"": ""OK"", ""zip"": ""74101"", ""timezone"": ""America/Denver"", ""street_type"": ""Cir"", ""longitude"": -85.9172, ""neighborhood"": ""Midtown""}",Single,Dentist,,Harvard Pilgrim,POL-485354,GRP-1458,442,2019-10-19,2019-12-11,179,90,28.1,Non-Smoker,Occasional,"None, Codeine, Pollen","Osteoporosis, Hypertension, Hypothyroidism","Cetirizine, Ozempic",,"Arthritis, Heart Disease, Alzheimer's",Spanish,White,Active,13,EMR_Cerner
4030,Shirley,Marshall,1998-09-17,Female,O+,shirley.marshall@email.example.com,(404) 556-9113,Richard Murphy,(731) 739-1974,"{""line1"": ""3131 Monroe Dr"", ""apt"": """", ""city"": ""Tampa"", ""state"": ""FL"", ""zip"": ""33601"", ""landmark"": ""Next to Mall""}",Single,Teacher,Bennett Corp,Cigna,POL-217831,GRP-7651,57,01-01-2020,2024-06-12,160,84,32.8,Current Smoker,Occasional,None,N/A,Ibuprofen,None,"Hypertension, Asthma",Cantonese,Hispanic or Latino,Active,18,EMR_Cerner
4036,Sandra,Gray,01/15/1987,Female,O+,sandra.gray@email.example.com,(450) 888-1512,Kevin Perez,(742) 406-6710,"{""line1"": ""8475 Lake Dr"", ""apt"": """", ""city"": ""Charlotte"", ""state"": ""NC"", ""zip"": ""28201"", ""timezone"": ""America/New_York""}",Married,Chef,,Health Net,POL-817848,GRP-1525,53,2023-03-25,2027-03-19,165,81,29.8,Non-Smoker,Occasional,None,Sleep Apnea,"Eliquis, Clopidogrel, Gabapentin, Tramadol",None,"Diabetes, Heart Disease",Spanish,White,Inactive,10,EMR_Cerner
4039,Michelle,Smith,1991-05-26,Female,O+,michelle.smith@email.example.com,(321) 352-2931,Isaac Moore,(673) 650-1413,"{""line1"": ""3500 Oak Ave"", ""apt"": """", ""city"": ""Austin"", ""state"": ""TX"", ""zip"": ""73301"", ""neighborhood"": ""Southside""}",Married,HR Specialist,Taylor Corp,,,,336,2022-10-09,2023-04-26,156,112,46.0,Non-Smoker,None,"Sulfa, None, Latex","Sleep Apnea, Congestive Heart Failure",Clopidogrel,None,None,Arabic,Asian,Inactive,6,EMR_Cerner
,Ronald,Sullivan,1800-01-01,Male,A-,ronald.sullivan@email.example.com,(291) 700-9502,Kenneth Allen,(323) 507-1605,"{""line1"": ""5637 Center St"", ""apt"": """", ""city"": ""San Jose"", ""state"": ""CA"", ""zip"": ""95101""}",Single,Chef,Edwards Corp,Cigna,POL-124472,GRP-9071,351,2022-03-29,2022-04-21,178,77,24.3,Never Assessed,None,"Dust, Pollen, Penicillin","Type 2 Diabetes, Anxiety Disorder","Cetirizine, Prednisone, Amlodipine, Bupropion",None,"Cancer, Asthma",English,White,Inactive,16,EMR_Cerner
4048,,Adams,1998-10-03,Male,A-,,(933) 739-8567,Deborah Garcia,(661) 601-6853,"{""line1"": ""7578 Hill St"", ""apt"": "", Apt 38"", ""city"": ""Long Beach"", ""state"": ""CA"", ""zip"": ""90801""}",Single,Graphic Designer,Campbell Corp,Atena,POL-449280,GRP-1027,469,01-01-2020,2025-06-28,173,65,-5,Current Smoker,None,None,"Hyperlipidemia, COPD, Atrial Fibrillation, Depression",Jardiance,None,Alzheimer's,English,Two or More Races,Inactive,2,EMR_Cerner
4054,Jose,###,2005-01-12,Male,A+,jose.patterson@email.example.com,(784) 352-2228,Olivia Bennett,(472) 962-1025,"{""line1"": ""528 Sixth Ave"", ""apt"": """", ""city"": ""Nashville"", ""state"": ""TN"", ""zip"": ""37201""}",Married,Veterinarian,Hall Corp,Geisinger,POL-581803,GRP-6468,115,2025-05-07,2029-04-18,172,82,27.7,Current Smoker,Moderate,"PENICILLIN, SULFA",,"Duloxetine, Metoprolol",None,"Cancer, Stroke",English,Black or African American,Active,23,EMR_Cerner
4056,Kathleen,Rodriguez,1988-04-26,Female,B+,kathleen.rodriguez@email.example.com,,Christopher Wright,(908) 530-8560,"{""line1"": ""1802 Beechwood Ave"", ""apt"": """", ""city"": ""Virginia Beach"", ""state"": ""VA"", ""zip"": ""23450""}",Married,Manager,,Harvard Pilgrim,POL-706055,GRP-3748,280,2024-07-01,2024-07-01,163,54,20.3,Non-Smoker,Occasional,"Sulfa, Latex, Pollen","Eczema, Osteoporosis, Migraine, Type 2 Diabetes",None,Angioplasty with stent,Asthma,Russian,Hispanic or Latino,Active,23,EMR_Cerner
4063,Ezra,Alvarez,1997-09-07,Male,A+,not-an-email,(958) 430-2012,Stephanie Torres,(825) 765-6108,"{""line1"": ""7566 Hamilton Ct"", ""apt"": """", ""city"": ""Philadelphia"", ""state"": ""PA"", ""zip"": ""19101"", ""neighborhood"": ""Downtown"", ""timezone"": ""America/Chicago""}",Divorced,UnemPloyed,Smith Corp,Aetna,POL-558525,GRP-1140,389,2023-10-29,2025-04-15,166,72,26.1,never assessed,Moderate,"Pollen, Peanuts, Sulfa","Rheumatoid Arthritis, Irritable Bowel Syndrome",Atorvastatin,None,"Diabetes, Alzheimer's, Stroke",Mandarin,Black or African American,Active,12,EMR_Cerner
4065,Emma,Murphy,1959-10-04,Female,O+,not-an-email,(639) 314-4654,Pamela Scott,(294) 235-1808,"{""line1"": ""1076 Lincoln Blvd"", ""apt"": """", ""city"": ""Tampa"", ""state"": ""FL"", ""zip"": ""33601"", ""street_type"": ""Ln""}",Married,Software Developer,,Independence Blue Cross,POL-897514,GRP-9948,456,2024-10-14,2028-01-10,155,99,41.2,Current Smoker,Moderate,"Latex, Shellfish, NSAIDs","Osteoporosis, Fibromyalgia",Tramadol,None,"Diabetes, Heart Disease",Russian,Hispanic or Latino,Active,12,EMR_Cerner
4066,Zachary,Jordan,1981-03-22,Male,O+,zachary.jordan@email.example.com,(775) 352-4721,Jose Davis,(602) 231-9830,"{""line1"": ""5031 Spring St"", ""apt"": """", ""city"": ""Phoenix"", ""state"": ""AZ"", ""zip"": ""85001"", ""timezone"": ""America/Chicago"", ""country"": ""USA""}",Single,Architect,,Independence Blue Cross,POL-514620,GRP-3837,295,2019-01-15,2021-05-28,165,74,27.2,Non-Smoker,Occasional,"Sulfa, NSAIDs, Shellfish",Anemia,None,None,"None, Hypertension, Cancer",English,Black or African American,Deceased,2,EMR_Cerner
4072,Nicholas,Williams,1992-07-23,Male,O+,nicholas.williams@email.example.com,(276) 653-1515,Harrison Diaz,(944) 896-1637,"{""line1"": ""5225 Walnut Ave"", ""apt"": """", ""city"": ""Colorado Springs"", ""state"": ""CO"", ""zip"": ""80901"", ""delivery_notes"": ""Call upon arrival"", ""neighborhood"": ""Southside""}",Divorced,Construction Worker,McDonald Corp,Cigna,POL-506696,GRP-8600,40,2024-03-05,2026-01-09,172,96,32.4,Former Smoker,None,"Sulfa, NSAIDs, Peanuts",Rheumatoid Arthritis,"Apixaban, Sertraline, Eliquis, Duloxetine","C-section, Hemorrhoidectomy",None,Spanish,White,Active,9,EMR_Cerner
4074,Adam,Thompson,1982-05-25,Male,AB-,adam.thompson@email.example.com,(555) 396-6361,William Washington,(936) 457-7035,"{""line1"": ""8703 Magnolia Way"", ""apt"": """", ""city"": ""Charlotte"", ""state"": ""NC"", ""zip"": ""28201""}",Divorced,Insurance Agent,Evans Corp,Centene,POL-938524,G1234,362,2021-09-17,,178,74,23.4,Never Assessed,None,"NSAIDs, Latex",,"Cyclobenzaprine, Meloxicam",none,"Asthma, Cancer",English,White,Active,16,EMR_Cerner
,Jonathan,Ruiz,1979-11-18,Male,O+,jonathan.ruiz@email.example.com,(280) 983-6117,Christina Ross,(777) 561-7622,"{""line1"": ""3655 River Rd"", ""apt"": """", ""city"": ""Louisville"", ""state"": ""KY"", ""zip"": ""40201"", ""neighborhood"": ""East Side"", ""longitude"": -86.5457, ""county"": ""Orange""}",Married,Electrician,Perez Corp,Highmark,POL-269002,GRP-5099,456,2018-08-04,2021-03-13,177,108,34.5,Current Smoker,Occasional,"Dust, Pollen, Penicillin",,"Hydrochlorothiazide, Clopidogrel, Fluticasone, Amlodipine",None,None,English,White,Deceased,12,EMR_Cerner
4085,Dorothy,Lee,2002-08-09,Female,A+,dorothy.lee@email.example.com,(982) 821-3212,Pamela Lee,(344) 299-9967,"{""line1"": ""3168 Market St"", ""apt"": """", ""city"": ""Indianapolis"", ""state"": ""IN"", ""zip"": ""46201"", ""street_type"": ""Ln""}",Married,Project Manager,Collins Corp,Aetna,POL-241399,GRP-2104,422,2022-10-12,2026-03-29,159,85,33.6,Current Smoker,Occasional,Latex,"Eczema, Sleep Apnea, COPD","Ibuprofen, Levothyroxine",None,None,Spanish,White,Active,23,EMR_Cerner
4090,Roger,Howard,1975-02-04,Male,A+,roger.howard@email.example.com,(439) 667-5292,,,"{""line1"": ""7196 Ninth St"", ""apt"": "", # 29"", ""city"": ""New York"", ""state"": ""NY"", ""zip"": ""10001"", ""street_type"": ""Way"", ""neighborhood"": ""Downtown""}",Separated,Student,,UnitedHealthcare,POL-209126,GRP-8507,434,2022-06-23,2025-10-01,168,60,21.3,Current Smoker,Moderate,"Codeine, Sulfa","Depression, Sleep Apnea","Celecoxib, Montelukast, Jardiance, Prednisone",,None,Mandarin,White,active,1,EMR_Cerner
4093,Lucas,Ruiz,2001-07-01,Non-Binary,O+,lucas.ruiz1@email.example.com,,Rebecca Owens,(761) 834-6984,"{""line1"": ""2476 Market St"", ""apt"": """", ""city"": ""Denver"", ""state"": ""CO"", ""zip"": ""80201"", ""landmark"": ""Near City Hall"", ""neighborhood"": ""Suburbs"", ""latitude"": 29.457, ""delivery_notes"": ""Deliver to reception"", ""street_type"": ""Cir""}",Married,Writer,AAAAAAAAAAAAAAAAAAAAAAAAAAAAAAAAAAAAAAAAAAAAAAAAAAAAAAAAAAAAAAAAAAAAAAAAAAAAAAAAAAAAAAAAAAAAAAAAAAAAAAAAAAAAAAAAAAAAAAAAAAAAAAAAAAAAAAAAAAAAAAAAAAAAAAAAAAAAAAAAAAAAAAAAAAAAAAAAAAAAAAAAAAAAAAAAAAAAAAAA,Kaiser Permanente,POL-200221,GRP-9900,68,2023-07-06,,164,81,30.1,Current Smoker,None,None,"Rheumatoid Arthritis, Asthma, Migraine, COPD",None,None,Stroke,Tagalog,Two or More Races,Active,28,EMR_Cerner
4098,Dorothy,Gomez,1976-06-25,Female,B+,dorothy.gomez@email.example.com,(512) 670-9349,Walter Ortiz,(779) 440-1055,"{""line1"": ""1247 Park Blvd"", ""apt"": """", ""city"": ""Tucson"", ""state"": ""AZ"", ""zip"": ""85701"", ""timezone"": ""America/Chicago"", ""street_type"": ""Ave""}",Divorced,Lawyer,,CareFirst,POL-845232,,139,2019-02-08,,166,86,31.2,Former Smoker,None,"Sulfa, Codeine, Shellfish","COPD, GERD","Metformin, Sertraline, Ozempic, Warfarin",None,"None, Asthma",English,Hispanic or Latino,Active,13,EMR_Cerner
4100,Paul,UNKNOWN,1989-01-11,Male,A-,paul.adams@email.example.com,(454) 795-9971,Elizabeth Jones,(473) 806-1579,"{""line1"": ""6480 Magnolia Way"", ""apt"": """", ""city"": ""New York"", ""state"": ""NY"", ""zip"": ""10001""}",Separated,Unemployed,Alexander Corp,Kaiser Permanente,POL-258711,GRP-7813,166,2025-05-03,2027-01-11,tall,98,32.7,Current Smoker,Occasional,"Pollen, Codeine, Latex","Rheumatoid Arthritis, GERD, Type 2 Diabetes","Albuterol, Lisinopril, Atorvastatin","Sleeve gastrectomy, Rotator cuff repair","None, Arthritis, Alzheimer's",English,White,Active,18,EMR_Cerner
4102,Deborah,Gonzales,1991-02-01,Female,A-,deborah.gonzales@email.example.com,(561) 829-3692,Karen Gomez,(483) 203-7287,"{""line1"": ""7557 College Ave"", ""apt"": "", # 24"", ""city"": ""Raleigh"", ""state"": ""NC"", ""zip"": ""27601"", ""street_type"": ""Ave"", ""neighborhood"": ""East Side""}",Divorced,Retired,Marshall Corp,Blue Cross Blue Shield,POL-308591,GRP-1748,342,tomorrow,2025-10-11,161,85,32.8,Never Assessed,None,"Shellfish, Latex",,Acetaminophen,None,Heart Disease,Spanish,Hispanic or Latino,Active,4,EMR_Cerner
4105,Joseph,Collins,1960-01-29,Male,A+,joseph.collins@email.example.com,12345,Nancy Owens,(986) 888-1406,"{""line1"": ""3721 Sycamore Ave"", ""apt"": """", ""city"": ""Atlanta"", ""state"": ""GA"", ""zip"": ""30301"", ""timezone"": ""America/Chicago"", ""longitude"": -73.3629}",Married,Teacher,Long Corp,Highmark,POL-374172,GRP-6970,73,2024-07-06,2026-03-28,182,96,29.0,Non-Smoker,Moderate,Codeine,"Irritable Bowel Syndrome, Fibromyalgia, Anxiety Disorder",Insulin glargine,None,None,English,Hispanic or Latino,Active,14,EMR_Cerner
4106,Deborah,Parker,2002-04-05,Female,O+,deborah.parker@email.example.com,(437) 501-1340,Margaret Ward,(579) 212-3297,"{""line1"": ""Unknown"", ""city"": ""Unknown"", ""state"": ""NA"", ""zip"": ""00000"", ""latitude"": 25.0416, ""neighborhood"": ""Historic District""}",Married,Administrative Assistant,Mendoza Corp,Cigna,POL-195363,GRP-8588,322,2018-05-15,2020-12-10,162,85,32.4,Never Assessed,Occasional,None,"Coronary Artery Disease, Chronic Kidney Disease, Fibromyalgia, GERD","Apixaban, Ibuprofen, Warfarin, Gabapentin",Cataract surgery,Diabetes,Spanish,White,Active,10,EMR_Cerner
4107,Justin,Reyes,1976-03-23,Male,A+,justin.reyes@email.example.com,(946) 971-8329,Jessica Morris,(552) 861-3503,"{""line1"": ""7340 Elm St"", ""apt"": """", ""city"": ""Indianapolis"", ""state"": ""IN"", ""zip"": ""46201"", ""longitude"": -93.7114}",Married,Professor,Smith Corp,Harvard Pilgrim,POL-688224,GRP-4882,12,2018-01-28,2019-04-25,158,76,30.4,Non-Smoker,Occasional,"Pollen, Penicillin","Fibromyalgia, Fibromyalgia","Aspirin, Ibuprofen, Omeprazole, Fluticasone",None,None,,Hispanic or Latino,Active,12,EMR_Cerner
4108,Steven,Walker,1971-07-27,Male,A+,steven.walker@email.example.com,(862) 842-7751,Lincoln Long,(575) 711-3246,"{""line1"": ""4488 Walnut Ave"", ""apt"": """", ""city"": ""Philadelphia"", ""state"": ""PA"", ""zip"": ""19101"", ""neighborhood"": ""Southside"", ""timezone"": ""America/Chicago""}",Married,Musician,Reed Corp,Geisinger,POL-627164,GRP-1401,480,2023-07-30,1900-01-01,167,75,26.9,Current Smoker,Moderate,None,,Ibuprofen,None,"None, Heart Disease, Alzheimer's",English,White,Active,19,EMR_Cerner
4116,Evelyn,Morales,1989-04-29,Female,A+,evelyn.morales@email.example.com,(447) 692-8366,Linda Gomez,John Smith,"{""line1"": ""4524 Park Blvd"", ""apt"": """", ""city"": ""Chicago"", ""state"": ""IL"", ""zip"": ""60601""}",Single,Bank Teller,Woods Corp,CareFirst,POL-495652,GRP-8562,449,2024-09-20,2025-12-26,9999,76,26.9,Never Assessed,None,"Shellfish, Sulfa, Dust",,"Lisinopril, Acetaminophen, Ozempic","Cataract surgery, Angioplasty with stent",Hypertension,Korean,White,Deceased,25,EMR_Cerner
4118,Amy,Baker,1967-11-12,Female,AB,amy.baker@email.example.com,(534) 267-5188,Walter Howard,(632) 350-1709,"{""line1"": ""Unknown"", ""city"": ""Unknown"", ""state"": ""NA"", ""zip"": ""00000"", ""neighborhood"": ""Southside"", ""county"": ""San Diego"", ""latitude"": 46.6359}",Married,Professor,Robinson Corp,Centene,POL-601292,GRP-2728,336,2024-07-08,2025-10-27,163,52,19.6,Non-Smoker,Heavy,"Shellfish, None, Pollen",,"Losartan, Tramadol",Total hip replacement,None,Mandarin,Hispanic or Latino,Inactive,6,EMR_Cerner
4125,Genesis,Washington,1957-12-27,Female,A+,genesis.washington@email.example.com,(815) 634-8745,Donna Stewart,(564) 493-4122,"{""line1"": ""9741 Lincoln Blvd"", ""apt"": """", ""city"": ""San Francisco"", ""state"": ""CA"", ""zip"": ""94101"", ""neighborhood"": ""West Side""}",Married,Student,,Anthem,POL-ABC,GRP-3744,488,2023-03-02,2024-12-08,159,80,31.6,Current Smoker,Occasional,"PENICILLIN, SULFA",,None,None,None,Spanish,White,Active,11,EMR_Cerner
4127,,Phillips,2025-06-15,Male,O+,jasper.phillips@email.example.com,(714) 831-1991,Paul Gonzales,(605) 314-5050,"{""line1"": ""8026 Poplar St"", ""apt"": """", ""city"": ""Seattle"", ""state"": ""WA"", ""zip"": ""98101""}",Single,Chef,Patterson Corp,Cigna HealthCare,POL-889412,GRP-5503,232,2023-09-19,2026-02-26,181,92,28.1,Never Assessed,Occasional,Peanuts,,"Celecoxib, Lisinopril, Spironolactone, Cetirizine",None,"Hypertension, Cancer",Tagalog,White,Active,18,EMR_Cerner
4130,Julie,Fisher,1979-09-04,Female,A+,julie.fisher@email.example.com,(958) 254-9527,Grace Murphy,(292) 794-5840,"{""line1"": ""800 Oak Ave"", ""apt"": """", ""city"": ""Chicago"", ""state"": ""IL"", ""zip"": ""60601"", ""timezone"": ""America/Phoenix"", ""longitude"": -96.616, ""latitude"": 41.1116, ""country"": ""USA""}",Married,Project Manager,Butler Corp,Tufts Health Plan,POL-192973,GRP-6729,255,01-01-2020,2025-04-04,155,77,32.0,Current Smoker,Heavy,Penicillin,,"Eliquis, Cyclobenzaprine, Meloxicam",None,None,Cantonese,Asian,Active,5,EMR_Cerner
4136,Mark,Wood,1997-07-05,Male,B+,mark.wood@email.example.com,(468) 917-7017,Dennis Peterson,(513) 823-4180,"{""line1"": ""6011 Madison St"", ""apt"": """", ""city"": ""Tampa"", ""state"": ""FL"", ""zip"": ""33601"", ""latitude"": 35.5267, ""longitude"": -107.4115, ""floor_number"": 21, ""neighborhood"": ""Waterfront""}",Single,Firefighter,Kim Corp,Health Net,POL-311187,GRP-1534,163,2018-03-02,2019-11-14,187,55,15.7,Current Smoker,None,None,Psoriasis,None,None,"Stroke, Heart Disease",English,,Active,7,EMR_Cerner
4159,Robert,Parker,1980-05-21,Male,A+,user@.com,(929) 442-4239,Bruce Sanchez,000-000-0000,"{""line1"": ""5922 Park Blvd"", ""apt"": """", ""city"": ""Miami"", ""state"": ""FL"", ""zip"": ""33101"", ""delivery_notes"": ""Call upon arrival"", ""street_type"": ""Dr""}",Divorced,Scientist,Reed Corp,Bright Health,POL-185874,GRP-8029,51,tomorrow,2023-12-04,,69,21.3,Current Smoker,Heavy,None,,None,None,"None, Diabetes, Stroke",Mandarin,Hispanic or Latino,Active,8,EMR_Cerner
4161,Ellie,Webb,1982-11-07,Female,O+,ellie.webb1@email.example.com,,999-999-9999,(501) 358-7760,"{""line1"": ""3829 Cedar Ln"", ""apt"": "", Unit 8"", ""city"": ""Fort Worth"", ""state"": ""TX"", ""zip"": ""76101"", ""landmark"": ""Close to University"", ""timezone"": ""America/Chicago"", ""latitude"": 36.1725}",Divorced,Mechanic,Bennett Corp,Humana,POL-746249,GRP-3414,209,2019-09-08,2023-01-28,166,65,23.6,Non-Smoker,Heavy,"Dust, Codeine, NSAIDs",,"Gabapentin, Sertraline, Ozempic",None,"Asthma, Heart Disease",English,White,Active,22,EMR_Cerner
4162,Jack,Turner,1969-06-22,Male,O+,,(590) 832-1011,Christine Hayes,(539) 625-6561,"{""line1"": ""1190 Sixth Ave"", ""apt"": """", ""city"": ""Denver"", ""state"": ""CO"", ""zip"": ""80201"", ""timezone"": ""America/Denver"", ""county"": ""Queens""}",Single,Scientist,Murphy Corp,Health Net,POL-242276,GRP-2889,442,2024-10-04,2024-12-20,198,89,22.7,Non-Smoker,,"Sulfa, Latex, Pollen","Type 2 Diabetes, Crohn's Disease, Depression",!@#$%^&*(),None,None,English,Black or African American,Active,13,EMR_Cerner
4164,Lauren,Anderson,1970-03-21,Female,O+,lauren.anderson1@email.example.com,(639) 683-5492,Vincent Gray,(966) 833-4876,"{""line1"": ""5966 Maple Dr"", ""apt"": """", ""city"": ""Kansas City"", ""state"": ""MO"", ""zip"": ""64101""}",Married,Writer,West Corp,Molina Healthcare,POL-534774,,383,2024-04-11,2026-09-20,167,0,25.5,Never Assessed,None,Codeine,,"Celecoxib, Amlodipine, Eliquis, Aspirin","C-section, Tonsillectomy","Alzheimer's, Hypertension, Diabetes",English,Hispanic or Latino,Active,2,EMR_Cerner
4166,Zachary,Hughes,1958-06-07,Male,A+,zachary.hughes@email.example.com,(933) 282-2142,Amanda Kelly,(364) 560-5094,"{""line1"": ""8886 Center St"", ""apt"": "", Suite 10"", ""city"": ""Omaha"", ""state"": ""NE"", ""zip"": ""68101"", ""street_type"": ""Ln"", ""country"": ""USA"", ""neighborhood"": ""Southside""}",Separated,Police Officer,Hall Corp,Humana,POL-395725,GRP-1450,39,2024-12-02,2026-01-26,180,81,25,Non-Smoker,None,"Peanuts, Pollen, Sulfa",,None,,None,Russian,Other,Active,17,EMR_Cerner
4174,Grace,Miller,1978-02-17,Female,A+,grace.miller@email.example.com,(276) 262-5680,N/A,(604) 473-8137,"{""line1"": ""5132 Park Blvd"", ""apt"": """", ""city"": ""Minneapolis"", ""state"": ""MN"", ""zip"": ""55401"", ""neighborhood"": ""Historic District"", ""county"": ""Harris"", ""latitude"": 31.7652}",Separated,Manager,,Humana,POL-908651,GRP-6333,160,2021-02-02,2024-02-05,162,69,26.3,Current Smoker,Moderate,"Dust, Pollen, Latex",Congestive Heart Failure,,Total hip replacement,Hypertension,Vietnamese,Other,Active,11,EMR_Cerner
4178,Aria,Baker,1951-06-29,Female,O+,aria.baker1@email.example.com,(526) 671-7039,Mason Edwards,(888) 425-5458,"{""line1"": ""6296 Lake Dr"", ""apt"": """", ""city"": ""Columbus"", ""state"": ""OH"", ""zip"": ""43201""}",Single,Veterinarian,,Cigna,POL-797373,GRP-2613,150,2018-03-05,2021-09-07,163,91,34.3,Current Smoker,Occasional,"NSAIDs, Shellfish, Sulfa","Hypothyroidism, Sleep Apnea",None,None,None,Spanish,Human,Active,5,EMR_Cerner
4179,Evelyn,Sanchez,1982-09-14,Female,O+,evelyn.sanchez1@email.example.com,(642) 306-6385,Randy Sullivan,(648) 296-1205,"{""line1"": ""8722 Jefferson Ave"", ""apt"": "", Apt 19"", ""city"": ""Oklahoma City"", ""state"": ""OK"", ""zip"": ""73101"", ""timezone"": ""America/Chicago"", ""street_type"": ""Rd"", ""longitude"": -89.7212, ""county"": ""Maricopa""}",Divorced,Lawyer,Sanchez Corp,Cigna,POL-759687,GRP-1944,115,tomorrow,2022-08-05,156,72,29.6,Current Smoker,Occasional,"Penicillin, None, Latex",Sleep Apnea,None,None,None,Mandarin,Other,Active,23,EMR_Cerner
4182,Stella,Lopez,1982-09-25,Female,O+,stella.lopez@email.example.com,(556) 964-2122,Jessica Hughes,(749) 604-6583,"{""line1"": ""6537 Sixth Ave"", ""apt"": """", ""city"": ""Boston"", ""state"": ""MA"", ""zip"": ""02101"", ""neighborhood"": ""Southside""}",Single,Chef,Crawford Corp,Tufts Health Plan,POL-939343,GRP-4792,155,2024-04-07,2028-04-14,163,83,31.2,Former Smoker,Moderate,"Dust, Shellfish, Latex",,"Albuterol, Insulin glargine, Warfarin, Spironolactone",Cataract surgery,Cancer,English,White,Active,12,EMR_Cerner
4191,Raymond,Stewart,1963-04-10,Male,B+,raymond.stewart@email.example.com,(838) 631-7965,Dorothy Kim,(345) 803-2830,"{""line1"": ""339 Tenth Ave"", ""apt"": "", # 30"", ""city"": ""Louisville"", ""state"": ""KY"", ""zip"": ""40201"", ""county"": ""Harris"", ""neighborhood"": ""East Side"", ""timezone"": ""America/Denver""}",Single,Pilot,Stewart Corp,Centene,POL-994909,GRP-5149,495,2021-11-17,2022-01-26,169,96,33.6,Never Assessed,Heavy,None,,"Atorvastatin, Fluticasone, Jardiance",None,"Stroke, None",English,White,Active,21,EMR_Cerner
4201,Jeremy,Richardson,2004-07-17,Male,O+,jeremy.richardson@email.example.com,(970) 336-8036,Randy Simmons,(431) 267-9603,"{""line1"": ""9262 Willow Dr"", ""apt"": "", # 39"", ""city"": ""Raleigh"", ""state"": ""NC"", ""zip"": ""27601"", ""landmark"": ""Near Hospital"", ""neighborhood"": ""West Side"", ""longitude"": -107.9648}",Married,Real Estate Agent,,CareFirst,POL-935875,GRP-8907,285,2025-01-10,2025-12-20,177,96,30.6,Former Smoker,Moderate,"Pollen, Codeine, NSAIDs",,None,"C-section, Coronary artery bypass grafting","Alzheimer's, Diabetes, Asthma",English,White,Active,17,EMR_Cerner
4206,James,Hayes,1972-07-01,Male,A+,james.hayes@email.example.com,(413) 608-7579,Ellie Cook,(672) 380-2048,"{""line1"": ""4186 First St"", ""apt"": "", Suite 6"", ""city"": ""Tucson"", ""state"": ""AZ"", ""zip"": ""85701"", ""street_type"": ""Ave""}",Married,Teacher,,Tufts Health Plan,POL-999060,GRP-8887,324,2019-04-30,,175,650,28.1,Non-Smoker,Occasional,None,"Sleep Apnea, Osteoporosis, Migraine, Asthma",unknown,"Thyroidectomy, Meniscectomy, Cataract surgery",None,English,Other,Active,24,EMR_Cerner
4210,Paisley,Wood,1985-06-09,Female,A+,paisley.wood1@email.example.com,(524) 732-3113,Isaac Walker,(867) 344-8609,"{""line1"": ""6986 Sixth Ave"", ""apt"": """", ""city"": ""Virginia Beach"", ""state"": ""VA"", ""zip"": ""23450"", ""neighborhood"": ""Southside"", ""street_type"": ""Ct""}",Divorced,Retail Associate,,Harvard Pilgrim,POL-117580,GRP-3357,132,2022-08-10,2024-03-05,tall,82,31.6,Non-Smoker,None,None,Migraine,None,Meniscectomy,"Stroke, Arthritis, Asthma",English,Hispanic or Latino,Active,10,EMR_Cerner
4212,Donna,Flores,1962-09-27,Female,A+,donna.flores@email.example.com,(329) 296-7869,Willie Mendoza,(474) 493-7350,"{""line1"": ""2551 Sycamore Ave"", ""apt"": """", ""city"": ""Indianapolis"", ""state"": ""IN"", ""zip"": ""46201"", ""timezone"": ""America/Denver"", ""delivery_notes"": ""Gate code: #1234"", ""landmark"": ""Near Hospital"", ""longitude"": -76.974}",Married,Physical Therapist,,Blue Cross Blue Shield,POL-134741,GRP-9162,250,2024-05-04,2026-08-04,161,60,23.1,Non-Smoker,Occasional,"Codeine, Peanuts, NSAIDs","Sleep Apnea, Asthma, Hypertension",None,"C-section, Sleeve gastrectomy, Thyroidectomy","Heart Disease, Diabetes, Heart Disease",English,White,Active,25,EMR_Cerner
4213,Anna,Torres,1965-10-03,Female,A-,anna.torres1@email.example.com,(757) 440-7841,Julie Smith,(541) 939-5102,"{""line1"": ""5466 Walnut Ave"", ""apt"": "", Suite 33"", ""city"": ""Tampa"", ""state"": ""FL"", ""zip"": ""33601"", ""latitude"": 34.3704, ""street_type"": ""Ct""}",Married,Business Owner,,Oscar Health,POL-100116,GRP-7369,58,2023-08-07,2027-01-16,152,69,29.9,Non-Smoker,Occasional,"Penicillin, None",,None,Rotator cuff repair,"Cancer, Hypertension",Korean,Hispanic or Latino,Active,2,EMR_Cerner
4216,Pamela,Diaz,2005-03-23,Female,O+,pamela.diaz@email.example.com,(825) 754-6898,Pamela Thompson,(536) 488-7898,"{""line1"": ""9557 View Blvd"", ""apt"": """", ""city"": ""Nashville"", ""state"": ""TN"", ""zip"": ""37201"", ""county"": ""Cook"", ""timezone"": ""America/Chicago"", ""latitude"": 47.9322}",Married,Psychologist,Garcia Corp,Anthem,POL-437784,GRP-5532,113,2022-06-07,2023-07-20,,81,29.4,Non-Smoker,Occasional,"NSAIDs, Sulfa, Dust",,"Albuterol, Amlodipine, Prednisone",Laminectomy,"Diabetes, Asthma, Heart Disease",Tagalog,White,Inactive,13,EMR_Cerner
4218,Aria,Myers,not available,Female,B+,aria.myers@email.example.com,(630) 533-7388,Carol Wright,(284) 427-8135,"{""line1"": ""9709 Willow Dr"", ""apt"": """", ""city"": ""Fort Worth"", ""state"": ""TX"", ""zip"": ""76101"", ""street_type"": ""Ln""}",Married,Chef,Robinson Corp,Anthem,POL-162082,GRP-3069,104,2019-11-02,,167,75,26.9,Non-Smoker,None,"Pollen, Penicillin, NSAIDs",,"Warfarin, Omeprazole, Gabapentin",Hysterectomy,"Alzheimer's, Stroke, Arthritis",ENGLISH,White,Active,20,EMR_Cerner
4219,Rebecca,Gutierrez,1996-04-05,Female,O+,rebecca.gutierrez@email.example.com,(531) 476-3430,Melissa Gomez,(398) 549-9416,"{""line1"": ""7011 Pleasant St"", ""apt"": "", Apt 6"", ""city"": ""Virginia Beach"", ""state"": ""VA"", ""zip"": ""23450"", ""country"": ""USA"", ""longitude"": -107.7689, ""timezone"": ""America/New_York""}",Divorced,Firefighter,Woods Corp,Harvard Pilgrim,POL-538835,GRP-3675,376,2024-05-08,2026-06-09,166,80,29.0,Non-Smoker,None,None,"Atrial Fibrillation, Osteoarthritis","Metoprolol, Loratadine, Montelukast",None,Heart Disease,Spanish,White,Active,18,EMR_Cerner
4220,Kenneth,Powell,1953-02-28,Male,B-,kenneth.powell@email.example.com,(236) 757-4036,999-999-9999,(879) 855-2180,"{""line1"": ""6708 Birch St"", ""apt"": "", Unit 27"", ""city"": ""Baltimore"", ""state"": ""MD"", ""zip"": ""21201"", ""longitude"": -98.9881, ""neighborhood"": ""Suburbs""}",Married,Electrician,,,,,199,2018-04-29,2019-11-13,178,64,20.2,Former Smoker,None,Pollen,,None,Vasectomy,Stroke,English,White,Inactive,12,EMR_Cerner
4239,Harrison,Garcia,1982-11-09,Male,B-,harrison.garcia@email.example.com,(465) 875-5217,Timothy Ortiz,(505) 210-2129,"{""line1"": ""6802 Oak Ave"", ""apt"": "", Unit 46"", ""city"": ""Phoenix"", ""state"": ""AZ"", ""zip"": ""85001"", ""country"": ""USA"", ""longitude"": -107.5311}",Married,Unemployed,,UnitedHealthcare,POL-734306,GRP-2564,423,2025-05-22,2028-11-08,182,66,19.9,Non-Smoker,Occasional,Dust,,"Metformin, Apixaban, Bupropion",Total knee replacement,Heart Disease,English,White,Active,13,EMR_Cerner
4253,Olivia,Miller,1981-02-12,Female,A+,olivia.miller@email.example.com,(279) 629-9141,,(623) 807-3908,"{""line1"": ""5969 Birch St"", ""apt"": """", ""city"": ""Seattle"", ""state"": ""WA"", ""zip"": ""98101"", ""county"": ""Orange""}",Married,Pilot,Nelson Corp,Health Net,POL-889392,GRP-4518,493,2019-04-04,2021-03-04,174,84,27.7,Non-Smoker,Moderate,"Sulfa, None, Penicillin",Depression,Aspirin,None,None,English,Hispanic or Latino,Active,3,EMR_Cerner
4254,Mateo,Reynolds,1973-03-17,Mle,O-,mateo.reynolds@email.example.com,(545) 519-2538,Lawrence King,(665) 739-5332,"{""line1"": ""3636 Spring St"", ""apt"": """", ""city"": ""Omaha"", ""state"": ""NE"", ""zip"": ""68101""}",Separated,Graphic Designer,Wilson Corp,Blue Cross Blue Shield,POL-148393,GRP-9202,199,2018-04-03,2022-01-05,182,51,15.4,Current Smoker,Moderate,"Codeine, Shellfish, NSAIDs",Chronic Fatigue,"Bupropion, Meloxicam, Atorvastatin, Furosemide",None,Hypertension,Korean,Hispanic or Latino,Active,12,EMR_Cerner
4259,Harold,Torres,,Male,O+,harold.torres@email.example.com,(426) 907-6757,Ryan Flores,,"{""line1"": ""5980 Hickory St"", ""apt"": """", ""city"": ""Phoenix"", ""state"": ""AZ"", ""zip"": ""85001""}",Single,Software Developer,Ortiz Corp,Blue Cross Blue Shield,POL-642988,GRP-9583,270,2020-05-20,2021-11-24,170,80,27.7,Former Smoker,Occasional,"Sulfa, None",,"Loratadine, Albuterol, Ibuprofen",None,"Asthma, Hypertension",English,White,Active,20,EMR_Cerner
4263,Katherine,Evans,1998-07-29,Female,A+,katherine.evans@email.example.com,(640) 404-1320,Adam Kelly,(472) 817-7269,"{""line1"": ""6335 Spring St"", ""apt"": "", # 23"", ""city"": ""New Orleans"", ""state"": ""LA"", ""zip"": ""70112"", ""timezone"": ""America/Phoenix"", ""landmark"": ""Next to Mall""}",Married ,Unemployed,Owens Corp,CareFirst,POL-148946,GRP-2342,303,2019-11-30,2020-12-18,150,71,31.6,Non-Smoker,Occasional,"Latex, Peanuts",,Jardiance,Coronary artery bypass grafting,Cancer,English,White,Active,20,EMR_Cerner
4267,Alexander,Rogers,1994-01-16,Male,O+,alexander.rogers@email.example.com,2125550199,Jerry Hill,(656) 677-5762,"{""line1"": ""5254 Maple Dr"", ""apt"": """", ""city"": ""San Diego"", ""state"": ""CA"", ""zip"": ""92101"", ""county"": ""Dallas"", ""neighborhood"": ""Northside"", ""timezone"": ""America/Los_Angeles"", ""longitude"": -94.713}",Separated,Architect,,Kaiser Permanente,POL-921480,GRP-5511,455,2020-11-11,,175,69,22.5,Non-Smoker,Heavy,Dust,Coronary Artery Disease,"Spironolactone, Metformin, Hydrochlorothiazide",None,"Cancer, Asthma, Alzheimer's",English,White,Inactive,12,EMR_Cerner
4273,Joseph,Washington,1969-01-14,Male,O+,joseph.washington@email.example.com,(460) 703-1331,Brenda Hamilton,(512) 700-7150,"{""line1"": ""2558 Fifth St"", ""apt"": """", ""city"": ""Mesa"", ""state"": ""AZ"", ""zip"": ""85201"", ""county"": ""Queens"", ""longitude"": -84.9401, ""country"": ""USA""}",,Logistics Coordinator,Kelly Corp,Molina Healthcare,POL-848744,GRP-2554,387,2021-05-11,2024-09-27,162,112,42.7,Non-Smoker,Moderate,,Anxiety Disorder,Lisinopril,"Hysterectomy, C-section, Hemorrhoidectomy","Diabetes, Arthritis, Cancer",Mandarin,Hispanic or Latino,Active,17,EMR_Cerner
4275,Paul,Harris,1983-09-18,Male,A-,paul.harris@email.example.com,(946) 332-8536,Frank Lewis,(265) 711-2101,"{""line1"": ""3830 Madison St"", ""apt"": "", Unit 12"", ""city"": ""Charlotte"", ""state"": ""NC"", ""zip"": ""28201"", ""county"": ""Orange"", ""latitude"": 26.5803, ""longitude"": -81.1303}",Separated,Architect,,Aetna,POL-355860,GRP-7925,384,2020-12-28,2021-07-04,194,55,14.6,Non-Smoker,Occasional,None,"COPD, Osteoarthritis",Atorvastatin,None,Diabetes,English,White,Inactive,13,EMR_Cerner
4280,Tyler,Sanchez,1987-03-23,Male,O-,tyler.sanchez@email.example.com,(450) 746-2539,Madelyn Ruiz,(925) 843-2354,"{""line1"": ""8699 Oak Ave"", ""apt"": """", ""city"": ""Seattle"", ""state"": ""WA"", ""zip"": ""98101"", ""latitude"": 25.2607, ""street_type"": ""St"", ""country"": ""USA"", ""county"": ""Sacramento""}",Divorced,Student,Lewis Corp,Blue Cross Blue Shield,POL-429604,GRP-5379,328,2019-06-02,2021-12-10,186,71,,Never Assessed,None,"Shellfish, Pollen, None",Type 2 Diabetes,"Amlodipine, Gabapentin",None,Heart Disease,English,Black or African American,Active,24,EMR_Cerner
4288,Riley,Edwards,1961-11-12,Female,O+,riley.edwards@email.example.com,(356) 925-9344,Zoey Garcia,(640) 380-3867,"{""line1"": ""6706 View Blvd"", ""apt"": "", Suite 2"", ""city"": ""Fresno"", ""state"": ""CA"", ""zip"": ""93701"", ""neighborhood"": ""Northside""}",Single,Flight Attendant,Green Corp,Centene,POL-179798,GRP-7335,406,2025-03-17,2026-12-18,164,88,32.7,Non-Smoker,None,None,"Hyperlipidemia, Osteoarthritis","Hydrochlorothiazide, Cyclobenzaprine",Hernia repair,None,Spanish,White,Active,4,EMR_Cerner
4290,Skylar,,1952-03-07,Female,AB+,skylar.allen1@email.example.com,(732) 781-3576,Hannah Gibson,(548) 834-9654,"{""line1"": ""6567 Maple Dr"", ""apt"": "", Unit 26"", ""city"": ""Washington"", ""state"": ""DC"", ""zip"": ""20001"", ""timezone"": ""America/Los_Angeles"", ""country"": ""USA"", ""county"": ""Harris""}",Separated,Pilot,Morales Corp,Tufts Health Plan,POL-603657,GRP-7954,428,2025-07-05,2029-06-23,160,77,30.1,Non-Smoker,Heavy,"Pollen, Shellfish",N/A,"Cetirizine, Warfarin, Jardiance",None,None,English,White,Active,23,EMR_Cerner
4291,Carl,Morgan,1992-02-28,Male,A+,carl.morgan@email.example.com,(855) 962-1147,Sarah Parker,(935) 708-8494,"{""line1"": ""8037 River Rd"", ""apt"": """", ""city"": ""Oakland"", ""state"": ""CA"", ""zip"": ""94601"", ""neighborhood"": ""Southside""}",Married,Pharmacist,Myers Corp,Cigna HealthCare,POL-ABC,GRP-8684,81,2022-04-04,2022-10-06,183,60,17.9,never assessed,Occasional,"Shellfish, Sulfa",,"Aspirin, Cyclobenzaprine","Rotator cuff repair, Hemorrhoidectomy",None,English,Black or African American,Inactive,23,EMR_Cerner
4296,Paul,Harrison,1993-03-14,Male,A+,paul.harrison@email.example.com,(955) 814-7636,Theodore Hughes,(727) 391-7983,"{""line1"": ""1027 Tenth Ave"", ""apt"": """", ""city"": ""Atlanta"", ""state"": ""GA"", ""zip"": ""30301"", ""latitude"": 35.5139, ""country"": ""USA"", ""street_type"": ""Ct""}",Married,Business Owner,,Molina Healthcare,POL-748251,GRP-1885,434,2022-04-23,2024-03-25,174,67,22.1,Non-Smoker,None,"Pollen, Penicillin, Shellfish",,None,"Total knee replacement, Spinal fusion",Heart Disease,English,White,Active,1,EMR_Cerner
4297,Jerry,Patel,1994-12-23,Male,O+,jerry.patel@email.example.com,(970) 893-4561,Daniel Thomas,(706) 604-9024,"{""line1"": ""1354 Cherry Ln"", ""apt"": """", ""city"": ""Mesa"", ""state"": ""AZ"", ""zip"": ""85201"", ""county"": ""Orange"", ""timezone"": ""America/New_York"", ""country"": ""USA""}",Single,Dental Hygienist,,Health Net,POL-634117,GRP-6958,366,2020-05-24,2020-09-18,179,86,26.8,Non-Smoker,Moderate,"Peanuts, Sulfa, Penicillin",,Metformin,"Tonsillectomy, Mastectomy",Diabetes,English,White,Active,11,EMR_Cerner
4298,Jennifer,Diaz,1973-07-05,Female,O+,jennifer.diaz@email.example.com,(773) 405-7609,Carl Scott,(554) 386-7859,,Married,Data Analyst,Myers Corp,,POL-472374,GRP-4423,462,2023-05-24,2026-06-24,164,64,23.8,Non-Smoker,Occasional,"NSAIDs, Latex, Dust",,"Omeprazole, Prednisone","Angioplasty with stent, Rotator cuff repair, ACL reconstruction","Diabetes, Hypertension",English,White,Deceased ,20,EMR_Cerner
4311,Susan,Murray,1953-12-01,Female,O+,susan.murray@email.example.com,(920) 913-1626,Savannah Powell,(384) 998-8788,"{""line1"": ""5997 Church St"", ""apt"": "", Unit 32"", ""city"": ""Seattle"", ""state"": ""WA"", ""zip"": ""98101"", ""delivery_notes"": ""Ring bell"", ""timezone"": ""America/Denver"", ""street_type"": ""Ct"", ""longitude"": -102.6168, ""latitude"": 28.2442}",Married,Dentist,Russell Corp,Cigna HealthCare,POL-488298,GRP-5095,343,2023-02-06,2025-08-28,171,106,36.3,Former Smoker,Heavy,"Sulfa, Codeine, Shellfish",Depression,"Meloxicam, Cetirizine",Appendectomy,Arthritis,English,White,Active,5,EMR_Cerner
4312,Lily,Nguyen,1979-06-17,Female,O+,lily.nguyen@email.example.com,(508) 640-8681,Bobby Campbell,(828) 703-8883,"{""line1"": ""2368 Union Ave"", ""apt"": """", ""city"": ""San Diego"", ""state"": ""CA"", ""zip"": ""92101"", ""country"": ""USA"", ""latitude"": 37.2762, ""longitude"": -103.7174, ""county"": ""Maricopa""}",Married,Dentist,,MetLife,POL-125707,GRP-4829,269,2023-09-09,,170,75,26.0,Former Smoker,Occasional,None,"Migraine, Coronary Artery Disease, Atrial Fibrillation, GERD",Losartan,"Coronary artery bypass grafting, Angioplasty with stent",Alzheimer's,French,White,Inactive,8,EMR_Cerner
4321,Theodore,Hamilton,1986-05-31,Male,B+,theodore.hamilton1@email.example.com,(540) 879-5864,Luna Baker,(812) 355-3638,"{""line1"": ""537 Birch St"", ""apt"": "", Apt 18"", ""city"": ""Nashville"", ""state"": ""TN"", ""zip"": ""37201"", ""street_type"": ""Dr"", ""landmark"": ""Behind Metro Station""}",Married,Graphic Designer,Jordan Corp,Oscar Health,POL-909364,GRP-3756,495,2021-07-14,2022-06-10,185,79,23.1,Non-Smoker,Occasional,"Dust, Sulfa, None","Depression, Irritable Bowel Syndrome, Chronic Kidney Disease","Clopidogrel, Eliquis, Amlodipine, Bupropion",None,None,English,Hispanic or Latino,Active,21,EMR_Cerner
4332,,Clark,1999-12-17,Female,AB+,stella.clark@email.example.com,(374) 598-8030,Alexander Walker,(788) 706-6755,"{""line1"": ""754 Ash Ct"", ""apt"": """", ""city"": ""Oakland"", ""state"": ""CA"", ""zip"": ""94601"", ""timezone"": ""America/Phoenix"", ""street_type"": ""Pl"", ""county"": ""Maricopa""}",Divorced,Librarian,Hunter Corp,,,,230,2020-11-24,2021-09-24,169,59,20.7,Current Smoker,Moderate,None,,"Omeprazole, Hydrochlorothiazide, Tramadol, Pantoprazole",None,None,English,White,Active,8,EMR_Cerner
4333,Barbara,Campbell,1967-10-03,Female,A+,barbara.campbell@email.example.com,(759) 348-1428,Oliver Diaz,(382) 309-9322,"{""line1"": ""4691 Willow Dr"", ""apt"": """", ""city"": ""Las Vegas"", ""state"": ""NV"", ""zip"": ""89101"", ""latitude"": 29.5889, ""longitude"": -92.3743}",Separated,Graphic Designer,N/A,CareFirst,POL-481986,GRP-8013,151,2023-12-01,,,66,24.5,Non-Smoker,Moderate,"Peanuts, Sulfa, None",Ulcerative Colitis,"Spironolactone, Gabapentin, Cetirizine",None,"Asthma, Cancer",English,Black or African American,Active,16,EMR_Cerner
4336,Avery,Harrison,1960-07-04,Female,A+,avery.harrison@email.example.com,(771) 780-9634,Logan Edwards,(445) 467-9213,"{""line1"": ""1203 Washington Ave"", ""apt"": "", Apt 9"", ""city"": ""Boston"", ""state"": ""MA"", ""zip"": ""02101"", ""longitude"": -98.3677, ""neighborhood"": ""West Side"", ""timezone"": ""America/Denver""}",Divorced,Accountant,Martin Corp,Harvard Pilgrim,POL-578535,GRP-6253,120,2021-03-05,,161,67,25.8,Non-Smoker,Occasional,None,"Chronic Kidney Disease, Migraine, Sleep Apnea",None,None,None,English,White,Active,2,EMR_Cerner
4342,Katherine,Foster,1953-01-03,Female,O+,katherine.foster@email.example.com,(891) 944-7453,Scarlett Butler,(563) 836-5356,"{""line1"": ""4844 Church St"", ""apt"": "", Unit 46"", ""city"": ""Long Beach"", ""state"": ""CA"", ""zip"": ""90801"", ""county"": ""Harris"", ""latitude"": 31.2765}",Separated,HR Specialist,Diaz Corp,UnitedHealthcare,POL-148991,GRP-8901,372,2023-12-21,2024-04-02,158,83,33.2,Current Smoker,Occasional,"NSAIDs, Latex",,"Spironolactone, Fluticasone, Metoprolol, Prednisone",None,Alzheimer's,Spanish,White,Active,13,EMR_Cerner
4344,Andrea,Long,1994-05-14,Female,B+,andrea.long@email.example.com,abc-def-ghij,Victoria Howard,(203) 437-9126,,Married,Consultant,Garcia Corp,Kaiser Permanente,POL-841705,GRP-5750,231,2020-03-29,2022-08-17,165,80,29.4,Former Smoker,Former,"Dust, NSAIDs, Pollen",,None,None,"Cancer, Arthritis",Mandarin,White,Active,3,EMR_Cerner
4350,Andrea,Ruiz,1998-06-18,Female,B+,andrea.ruiz@email.example.com,(680) 605-1751,Levi Morales,(456) 800-5024,"{""line1"": ""9057 Cherry Ln"", ""apt"": """", ""city"": ""San Francisco"", ""state"": ""CA"", ""zip"": ""94101""}",Divorced,Data Analyst,Sanders Corp,Cigna,POL-722379,GRP-2900,186,2023-05-12,2026-05-10,167,104,37.3,Never Assessed,2 beers/week,"Dust, Latex, Codeine","Psoriasis, Type 2 Diabetes",None,Vasectomy,Cancer,Arabic,White,Deceased,1,EMR_Cerner
4355,,###,01/15/1987,Non-Binary,A+,helen.west@email.example.com,(255) 281-4838,Laura Myers,(771) 711-1663,"{""line1"": ""8688 Broadway"", ""apt"": """", ""city"": ""Fresno"", ""state"": ""CA"", ""zip"": ""93701"", ""timezone"": ""America/Phoenix"", ""street_type"": ""Pl""}",Single,Construction Worker,Howard Corp,Independence Blue Cross,POL-287955,GRP-3001,155,2022-06-04,2022-06-04,170,86,29.8,Never Assessed,Former,"None, Latex, Dust",,"Pantoprazole, Insulin glargine, Loratadine",none,None,ENGLISH,Hispanic or Latino,Active,12,EMR_Cerner
4358,Sandra,Crawford,1968-09-16,Female,O-,sandra.crawford1@email.example.com,(924) 423-7645,Victoria Long,(435) 726-5061,"{""line1"": ""9057 Broadway"", ""apt"": """", ""city"": ""Phoenix"", ""state"": ""AZ"", ""zip"": ""85001"", ""longitude"": -86.3688, ""country"": ""USA""}",Single,Insurance Agent,Bennett Corp,Humana,POL-448022,GRP-9418,148,2022-03-27,2026-03-22,167,79,28.3,Non-Smoker,Sometimes,None,"Asthma, Sleep Apnea",None,"C-section, Laminectomy",Hypertension,English,Asian,Active,15,EMR_Cerner
4361,Ruth,Sullivan,1985-05-21,Female,A+,ruth.sullivan@email.example.com,(439) 907-6059,Willie Hughes,(681) 803-8754,"{""line1"": ""8384 Beechwood Ave"", ""apt"": "", Suite 1"", ""city"": ""San Jose"", ""state"": ""CA"", ""zip"": ""95101"", ""timezone"": ""America/New_York"", ""neighborhood"": ""East Side""}",Widowed,Artist,Hughes Corp,Blue Cross,POL-457597,GRP-6978,196,2024-02-17,2024-11-08,162,79,30.1,Non-Smoker,None,"Codeine, NSAIDs","COPD, Congestive Heart Failure, Atrial Fibrillation, Hypothyroidism","Metoprolol, Eliquis, Bupropion","Thyroidectomy, Colectomy",None,French,Black or African American,active,10,EMR_Cerner
4362,Lisa,Martin,2002-08-07,Female,A+,lisa.martin@email.example.com,(931) 844-5338,Debra Alexander,(666) 467-7732,"{""line1"": ""4122 Pine St"", ""apt"": """", ""city"": ""Tulsa"", ""state"": ""OK"", ""zip"": ""74101"", ""landmark"": ""Behind Metro Station"", ""neighborhood"": ""Southside"", ""country"": ""USA"", ""longitude"": -111.2788}",Divorced,Logistics Coordinator,Long Corp,Health Net,POL-826528,GRP-5443,13,,2023-07-11,169,112,39.2,Non-Smoker,None,"Peanuts, Codeine, Sulfa",Eczema,None,None,None,Spanish,White,Active,13,EMR_Cerner
4365,Douglas,Russell,1957-12-19,Male,O+,douglas.russell@email.example.com,(341) 645-4123,Kelly Kim,(632) 943-3071,"{""line1"": ""7174 View Blvd"", ""apt"": """", ""city"": ""El Paso"", ""state"": ""TX"", ""zip"": ""79901"", ""latitude"": 32.8807}",Single,Unemployed,Bailey Corp,Cigna HealthCare,POL-681273,GRP-9221,82,2025-07-25,2026-11-25,167,90,normal,Former Smoker,Occasional,None,,"Amlodipine, Meloxicam, Prednisone",Coronary artery bypass grafting,"Alzheimer's, Asthma, Arthritis",Mandarin,White,Active,19,EMR_Cerner
4368,Jeremy,Scott,1983-05-17,Male,O+,jeremy.scott1@email.example.com,(715) 275-6826,N/A,(425) 284-2997,"{""line1"": ""848 Hickory St"", ""apt"": """", ""city"": ""Nashville"", ""state"": ""TN"", ""zip"": ""37201"", ""street_type"": ""Ave""}",Married,Mechanic,,Health Net,POL-921606,GRP-8549,183,2024-01-12,2026-11-07,184,62,18.3,Former Smoker,Moderate,Shellfish,"Osteoporosis, Psoriasis, COPD, Chronic Fatigue","Hydrochlorothiazide, Jardiance",None,None,ENGLISH,Black or African American,Active,20,EMR_Cerner
4378,Abigail,Wells,1991-10-16,Female,B+,abigail.wells@email.example.com,(488) 690-3247,Donald Bailey,(576) 312-2615,"{""line1"": ""2291 Maple Dr"", ""apt"": """", ""city"": ""Baltimore"", ""state"": ""MD"", ""zip"": ""21201"", ""neighborhood"": ""Uptown"", ""street_type"": ""Way"", ""county"": ""Dallas""}",Married,Retail Associate,Marshall Corp,Tufts Health Plan,POL-920368,GRP-9519,266,2019-03-26,2020-05-20,164,85,31.6,Never Assessed,Occasional,"Shellfish, Latex","Migraine, Atrial Fibrillation","Cetirizine, Fluticasone, Celecoxib",None,"Diabetes, Alzheimer's",English,Black or African American,Deceased,2,EMR_Cerner
4379,Amy,Sanchez,2001-12-31,Female,O-,amy.sanchez1@email.example.com,(214) 786-4344,Richard Simmons,(870) 773-7281,"{""line1"": ""7960 Pine St"", ""apt"": """", ""city"": ""Dallas"", ""state"": ""TX"", ""zip"": ""75201"", ""floor_number"": 29, ""street_type"": ""Blvd"", ""longitude"": -74.1775, ""landmark"": ""Near City Hall""}",Single,Plumber,Morales Corp,Blue Cross Blue Shield,POL-694304,,21,2024-10-07,2025-01-18,160,63,24.6,Non-Smoker,Occasional,"None, Dust, Peanuts","Osteoporosis, Type 2 Diabetes, GERD, Hypothyroidism",Celecoxib,None,"Heart Disease, Alzheimer's",English,Two or More Races,Active,12,EMR_Cerner
4386,Jeffrey,Jordan,1987-06-07,Male,O-,jeffrey.jordan@email.example.com,(542) 745-7539,Samuel Ross,(899) 216-1255,"{""line1"": ""246 Hill St"", ""apt"": """", ""city"": ""Miami"", ""state"": ""FL"", ""zip"": ""33101""}",Married ,Chef,Ramirez Corp,Cigna HealthCare,POL-151746,GRP-6509,334,2020-08-15,,179,73,22.8,,Moderate,None,"Depression, Psoriasis","Albuterol, Cyclobenzaprine",None,Heart Disease,English,White,Active,7,EMR_Cerner
4388,Mary,Sullivan,2002-11-18,Female,A+,mary.sullivan@email.example.com,(441) 565-2552,Emma Long,(471) 448-3233,"{""line1"": ""1268 Jefferson Ave"", ""apt"": """", ""city"": ""Albuquerque"", ""state"": ""NM"", ""zip"": ""87101"", ""longitude"": -91.9786, ""latitude"": 31.617}",Married,Veterinarian,Miller Corp,Molina Healthcare,POL-671673,GRP-5578,293,2020-11-22,2022-07-18,164,64,23.8,never assessed,None,None,"Sleep Apnea, COPD, Congestive Heart Failure","Ozempic, Spironolactone, Montelukast","Total knee replacement, Vasectomy","Heart Disease, Cancer, Stroke",English,Black or African American,Inactive,8,EMR_Cerner
4390,12345,Ortiz,1982-02-08,Female,O+,victoria.ortiz@email.example.com,(483) 291-8053,Emma Adams,(510) 546-1778,"{""line1"": ""2794 Broadway"", ""apt"": """", ""city"": ""Colorado Springs"", ""state"": ""CO"", ""zip"": ""80901"", ""timezone"": ""America/Chicago"", ""landmark"": ""Adjacent to Library"", ""delivery_notes"": ""Gate code: #1234""}",Single,Architect,,Bright Health,POL-872771,GRP-8917,487,2018-07-13,2022-02-08,168,75,26.6,Current Smoker,Former,Latex,"Hypertension, Osteoarthritis, Anxiety Disorder, COPD","Spironolactone, Tramadol, Pantoprazole",None,None,English,White,Active,14,EMR_Cerner
4391,Patrick,Torres,1995-11-11,Male,A+,patrick.torres@email.example.com,(280) 941-4199,Steven Jackson,(811) 536-1175,"{""line1"": ""4282 Lincoln Blvd"", ""apt"": """", ""city"": ""Atlanta"", ""state"": ""GA"", ""zip"": ""30301"", ""county"": ""King""}",Single,Military,Powell Corp,Harvard Pilgrim,POL-666859,GRP-2124,227,2020-01-22,2021-05-30,166,100,36.3,Current Smoker,Occasional,"Codeine, Pollen, Peanuts","Anemia, Chronic Kidney Disease",None,None,None,Spanish,Black or African American,Active,20,EMR_Cerner
4395,Ronald,Diaz,2003-08-19,Male,A+,ronald.diaz1@email.example.com,(696) 566-2007,Alexander Hamilton,(743) 842-1656,"{""line1"": ""6131 Beechwood Ave"", ""apt"": """", ""city"": ""Washington"", ""state"": ""DC"", ""zip"": ""20001"", ""timezone"": ""America/New_York"", ""county"": ""King""}",Married,Dental Hygienist,Hayes Corp,Highmark,POL-722523,GRP-4375,30,2022-07-31,2026-04-29,171,0,24.6,Non-Smoker,Occasional,"Dust, Sulfa","Type 2 Diabetes, Asthma",None,None,"Alzheimer's, Heart Disease, None",English,White,Active,17,EMR_Cerner
4401,Lincoln,Gutierrez,1991-06-07,Male,B+,lincoln.gutierrez@email.example.com,(824) 808-5258,Bobby Brown,(394) 694-8849,"{""line1"": ""190 Second Ave"", ""apt"": "", # 19"", ""city"": ""Kansas City"", ""state"": ""MO"", ""zip"": ""64101""}",Married,Police Officer,Myers Corp,Oscar Health,POL-747733,GRP-6186,352,2021-02-01,,168,84,29.8,Non-Smoker,Moderate,"Latex, Sulfa, Peanuts",,None,"Carpal tunnel release, Laminectomy, Hysterectomy","DM, HTN, CAD",English,White,Active,24,EMR_Cerner
4411,,Fisher,1997-09-16,Female,O+,emma.fisher@email.example.com,(206) 722-4229,Douglas Reed,(929) 513-4568,"{""line1"": ""7415 Franklin Blvd"", ""apt"": """", ""city"": ""Fresno"", ""state"": ""CA"", ""zip"": ""93701"", ""longitude"": -82.1735}",Widowed,Nurse,AAAAAAAAAAAAAAAAAAAAAAAAAAAAAAAAAAAAAAAAAAAAAAAAAAAAAAAAAAAAAAAAAAAAAAAAAAAAAAAAAAAAAAAAAAAAAAAAAAAAAAAAAAAAAAAAAAAAAAAAAAAAAAAAAAAAAAAAAAAAAAAAAAAAAAAAAAAAAAAAAAAAAAAAAAAAAAAAAAAAAAAAAAAAAAAAAAAAAAAA,Anthem,POL-492591,GRP-8669,375,2019-07-30,2020-12-08,164,64,23.8,Never Assessed,None,"Codeine, Sulfa, Peanuts",,"Furosemide, Losartan, Loratadine",None,"DM, HTN, CAD",Tagalog,Human,Active,1,EMR_Cerner
4414,Russell,Simpson,1973-04-12,Male,A+,russell.simpson@email.example.com,(521) 354-4431,Megan Smith,(684) 837-7552,"{""line1"": ""9816 Cypress Dr"", ""apt"": "", # 3"", ""city"": ""Los Angeles"", ""state"": ""CA"", ""zip"": ""90001"", ""longitude"": -110.2798, ""neighborhood"": ""Suburbs"", ""floor_number"": 24, ""timezone"": ""America/Los_Angeles""}",Divorced,Dentist,Phillips Corp,Tufts Health Plan,POL-360328,GRP-1718,229,2023-02-02,,185,59,17.2,Non-Smoker,2 beers/week,"None, Codeine, Dust","Psoriasis, Hypothyroidism, Coronary Artery Disease, Eczema",None,Cataract surgery,Cancer,English,White,Active,7,EMR_Cerner
4417,Cynthia,Perry,2000-06-29,Female,,cynthia.perry@email.example.com,(898) 948-2225,Tyler Mendoza,000-000-0000,"{""line1"": ""1531 Second Ave"", ""apt"": """", ""city"": ""Virginia Beach"", ""state"": ""VA"", ""zip"": ""23450""}",Married,Accountant,Hamilton Corp,Highmark,POL-458650,GRP-1052,494,2025-07-27,2029-08-24,163,67,25.2,Current Smoker,None,"NSAIDs, Shellfish, Peanuts",Fibromyalgia,unknown,None,"DM, HTN, CAD",English,White,Active,18,EMR_Cerner
4419,Betty,Hayes,2002-08-05,Female,O+,betty.hayes@email.example.com,(473) 486-2146,Sandra Hamilton,(374) 642-4450,"{""line1"": ""1086 Market St"", ""apt"": """", ""city"": ""Charlotte"", ""state"": ""NC"", ""zip"": ""28201"", ""street_type"": ""Blvd"", ""latitude"": 26.9827, ""landmark"": ""Near City Hall""}",Divorced,Plumber,Lopez Corp,Kaiser Permanente,POL-735630,GRP-6046,26,2018-08-30,2022-01-06,160,68,26.6,Former Smoker,Sometimes,"Codeine, Shellfish","Ulcerative Colitis, Osteoporosis, Irritable Bowel Syndrome","Levothyroxine, Celecoxib, Metformin","Tonsillectomy, Mastectomy, Thyroidectomy",None,English,Hispanic or Latino,Active,4,EMR_Cerner
4420,Aiden,Cruz,1961-07-01,Male,O-,not-an-email,(531) 556-8742,John Thomas,(381) 801-3328,"{""line1"": ""4015 Park Blvd"", ""apt"": "", # 26"", ""city"": ""Chicago"", ""state"": ""IL"", ""zip"": ""60601"", ""country"": ""USA"", ""latitude"": 35.3534, ""longitude"": -106.4638}",Married ,Pilot,West Corp,Oscar Health,POL-519115,GRP-6259,265,2018-03-14,2018-06-18,169,0,35.7,Non-Smoker,None,None,Eczema,"Eliquis, Albuterol",Vasectomy,"Heart Disease, Cancer, Asthma",Spanish,Black or African American,Active,21,EMR_Cerner
4430,Christopher,Scott,2005-04-11,Male,A-,christopher.scott@email.example.com,(721) 462-2008,Jeremy Morris,(654) 269-4096,"{""line1"": ""2154 Seventh St"", ""apt"": """", ""city"": ""Omaha"", ""state"": ""NE"", ""zip"": ""68101"", ""street_type"": ""Way"", ""county"": ""King"", ""floor_number"": 40}",Married,Professor,Wells Corp,Aetna,POL-437883,GRP-1701,61,2021-11-01,,173,87,29.1,Non-Smoker,Occasional,"Shellfish, Peanuts",,None,"Laminectomy, Rotator cuff repair","Asthma, Diabetes",English,Human,Active,9,EMR_Cerner
4432,Benjamin,MORALES,1960-09-09,Male,A+,benjamin.morales@email.example.com,(892) 944-5536,Theodore Reed,(587) 880-5425,"{""line1"": ""2727 Ninth St"", ""apt"": """", ""city"": ""Seattle"", ""state"": ""WA"", ""zip"": ""98101"", ""neighborhood"": ""Historic District""}",Married,Real Estate Agent,,Humana,POL-705327,GRP-6215,460,2022-12-12,2026-06-30,178,88,27.8,Non-Smoker,Occasional,Null,Eczema,"Tramadol, Cyclobenzaprine",None,"Cancer, Stroke",Cantonese,White,Active,15,EMR_Cerner
4433,Carolyn,Gutierrez,1979-10-05,Female,O+,carolyn.gutierrez@email.example.com,(217) 811-2895,Lauren Lopez,(759) 900-2792,"{""line1"": ""6046 Cypress Dr"", ""apt"": """", ""city"": ""Virginia Beach"", ""state"": ""VA"", ""zip"": ""23450"", ""street_type"": ""Way"", ""landmark"": ""Adjacent to Library"", ""floor_number"": 26, ""latitude"": 28.1019, ""timezone"": ""America/New_York""}",Married,Consultant,Kelly Corp,Cigna,POL-978338,GRP-3460,168,2020-01-18,2021-06-03,165,75,27.5,Former Smoker,None,"Dust, Shellfish, None","Fibromyalgia, Chronic Kidney Disease",Pantoprazole,None,"Diabetes, Heart Disease, Stroke",Mandarin,Asian,Active,21,EMR_Cerner
4442,Jerry,McDonald,1992-11-12,Male,B+,jerry.mcdonald1@email.example.com,(252) 447-7452,Patrick Crawford,(361) 566-1131,"{""line1"": ""5261 Magnolia Way"", ""apt"": """", ""city"": ""Cleveland"", ""state"": ""OH"", ""zip"": ""44101"", ""country"": ""USA""}",Divorced,Retail Associate,Harrison Corp,Independence Blue Cross,POL-587552,GRP-5377,213,2018-05-13,2020-02-28,174,99,32.7,Non-Smoker,None,"Sulfa, Codeine, Shellfish","GERD, Hyperlipidemia, Atrial Fibrillation, Chronic Kidney Disease",None,ACL reconstruction,"Diabetes, None",English,Black or African American,Active,15,EMR_Cerner
4444,Evelyn,Foster,2002-10-01,Female,O+,not-an-email,(219) 732-7850,Nicholas Lewis,(649) 549-1444,"{""line1"": ""9949 River Rd"", ""apt"": """", ""city"": ""El Paso"", ""state"": ""TX"", ""zip"": ""79901"", ""latitude"": 31.1458}",Single,Plumber,Patterson Corp,Humana,POL-249166,GRP-4368,202,2018-02-14,2021-09-21,159,75,29.7,never assessed,None,None,Ulcerative Colitis,"Warfarin, Metoprolol",None,None,Mandarin,White,Active,8,EMR_Cerner
4453,Kelly,Morales,2001-09-13,Female,A+,kelly.morales@email.example.com,(689) 601-5569,Joe Davis,(841) 667-6524,"{""line1"": ""5350 Cherry Ln"", ""apt"": "", Apt 20"", ""city"": ""Sacramento"", ""state"": ""CA"", ""zip"": ""94201"", ""country"": ""USA"", ""latitude"": 41.2763}",Divorced,Physical Therapist,Simpson Corp,Tufts Health Plan,POL-952281,GRP-2727,226,2020-08-20,2021-07-21,154,68,28.7,Former Smoker,Occasional,Shellfish,,"Aspirin, Levothyroxine",ACL reconstruction,Arthritis,English,Asian,Active,1,EMR_Cerner
4461,Nicholas,Collins,1993-09-16,Male,AB-,nicholas.collins@email.example.com,(920) 481-4877,Christina Sullivan,(502) 782-9861,"{""line1"": ""5147 Eighth Ave"", ""apt"": """", ""city"": ""Chicago"", ""state"": ""IL"", ""zip"": ""60601"", ""longitude"": -103.6318, ""neighborhood"": ""Northside""}",married,Unemployed,Garcia Corp,,,,298,2019-08-30,2023-04-30,175,85,27.8,Non-Smoker,Occasional,"Sulfa, Codeine, Dust",,"Metoprolol, Albuterol, Warfarin, Insulin glargine",None,None,English,White,Inactive,25,EMR_Cerner
4462,Nicholas,Ellis,1973-08-30,Male,A-,nicholas.ellis@email.example.com,(353) 802-8901,999-999-9999,(680) 666-7913,"{""line1"": ""3818 Pleasant St"", ""apt"": """", ""city"": ""Albuquerque"", ""state"": ""NM"", ""zip"": ""87101"", ""longitude"": -76.1896}",Single,Social Worker,AAAAAAAAAAAAAAAAAAAAAAAAAAAAAAAAAAAAAAAAAAAAAAAAAAAAAAAAAAAAAAAAAAAAAAAAAAAAAAAAAAAAAAAAAAAAAAAAAAAAAAAAAAAAAAAAAAAAAAAAAAAAAAAAAAAAAAAAAAAAAAAAAAAAAAAAAAAAAAAAAAAAAAAAAAAAAAAAAAAAAAAAAAAAAAAAAAAAAAAA,Highmark,POL-783608,GRP-3551,448,2019-08-11,2019-08-31,176,92,29.7,Non-Smoker,Occasional,None,,None,"Total knee replacement, Gastric bypass, Sleeve gastrectomy","Cancer, Diabetes, Heart Disease",French,White,Active,6,EMR_Cerner
4464,Julian,Washington,1974-02-04,Male,O+,,(355) 614-8248,Avery Freeman,(446) 869-9933,"{""line1"": ""3436 Sunset Dr"", ""apt"": """", ""city"": ""Charlotte"", ""state"": ""NC"", ""zip"": ""28201""}",Single,Unemployed,Evans Corp,Molina Healthcare,POL-680386,GRP-9578,228,2018-09-24,2019-01-26,169,63,22.1,Non-Smoker,None,None,Sleep Apnea,Spironolactone,"Appendectomy 2018, Cholecystectomy 2020","None, Asthma",Spanish,White,Active,2,EMR_Cerner
4468,Bruce,Baker,1960-10-06,Male,B+,bruce.baker1@email.example.com,,Gabriel Taylor,(355) 816-1230,"{""line1"": ""7112 Hamilton Ct"", ""apt"": """", ""city"": ""Austin"", ""state"": ""TX"", ""zip"": ""73301"", ""street_type"": ""Way"", ""longitude"": -98.0803}",Widowed,UnemPloyed,,UnitedHealthcare,POL-711375,GRP-1178,460,2019-06-26,2020-06-18,175,79,25.8,Former Smoker,Moderate,"Penicillin, NSAIDs, Shellfish","Anemia, Congestive Heart Failure",None,"Total knee replacement, Tonsillectomy","Arthritis, Alzheimer's, None",English,White,Active,15,EMR_Cerner
4469,Raymond,Rivera,1983-08-07,Male,A+,raymond.rivera1@email.example.com,(785) 481-5783,Laura Baker,(821) 734-5174,"{""line1"": ""3000 Eighth Ave"", ""apt"": "", Apt 4"", ""city"": ""Washington"", ""state"": ""DC"", ""zip"": ""20001"", ""street_type"": ""Pl"", ""county"": ""Cook""}",Married,Real Estate Agent,Roberts Corp,Independence Blue Cross,POL-327414,GRP-7473,58,2024-09-16,2025-01-12,164,68,25.3,Never Assessed,Occasional,"Dust, NSAIDs",N/A,"Montelukast, Gabapentin, Albuterol",None,"Heart Disease, Asthma",Spanish,Human,Active,2,EMR_Cerner
4471,Christine,Evans,1993-02-20,Female,O-,christine.evans@email.example.com,(805) 311-4120,Katherine Diaz,(973) 639-1487,"{""line1"": ""6580 Union Ave"", ""apt"": "", Apt 40"", ""city"": ""Chicago"", ""state"": ""IL"", ""zip"": ""60601""}",Married,Software Developer,Russell Corp,Anthem,POL-238063,GRP-8037,471,2025-01-30,2025-07-29,157,71,28.8,Non-Smoker,Moderate,"NSAIDs, Shellfish, Sulfa",Depression,"Amlodipine, Losartan, Lisinopril",None,"Alzheimer's, Heart Disease, Arthritis",English,Black or African American,Active,7,EMR_Cerner
4472,Adam,UNKNOWN,1980-01-05,Male,A+,adam.washington@email.example.com,(845) 918-8541,Paisley Walker,(290) 678-5267,"{""line1"": ""1968 Washington Ave"", ""apt"": """", ""city"": ""Oakland"", ""state"": ""CA"", ""zip"": ""94601"", ""neighborhood"": ""Southside""}",Single,Dentist,Reynolds Corp,Molina Healthcare,POL-340093,GRP-4181,281,2018-09-16,2021-04-02,183,49,14.6,never assessed,Moderate,None,,"Cyclobenzaprine, Bupropion, Hydrochlorothiazide",None,"Diabetes, None, Hypertension",English,White,Active,12,EMR_Cerner
,Nancy,Wood,2002-10-14,Female,O+,nancy.wood1@email.example.com,(679) 488-4896,Jeffrey Gomez,,"{""line1"": ""9731 Jefferson Ave"", ""apt"": """", ""city"": ""Houston"", ""state"": ""TX"", ""zip"": ""77001"", ""neighborhood"": ""Suburbs"", ""county"": ""King"", ""longitude"": -121.1762, ""timezone"": ""America/New_York""}",Divorced,Electrician,Thompson Corp,Kaiser Permanente,POL-357414,GRP-2706,54,2020-01-20,2021-10-18,168,79,28.0,Non-Smoker,Occasional,"Latex, Codeine",Anxiety Disorder,"Hydrochlorothiazide, Losartan, Levothyroxine",None,Stroke,English,Hispanic or Latino,Inactive,23,EMR_Cerner
4484,Skylar,Ross,1961-03-26,Female,O+,skylar.ross@email.example.com,(423) 634-4915,Michael Baker,(252) 477-7248,"{""line1"": ""123 Main St"", ""street_type"": ""Ave"", ""longitude"": -110.272, ""floor_number"": 21}",Married,Pilot,Patterson Corp,Oscar Health,POL-578837,GRP-5620,62,2025-03-30,,156,68,27.9,Former Smoker,None,"Penicillin, Codeine, Dust",,"Cyclobenzaprine, Fluticasone, Amlodipine",None,"Cancer, Stroke",Spanish,Two or More Races,Inactive,8,EMR_Cerner
,Mateo,Ortiz,1995-01-12,Non-Binary,A+,mateo.ortiz@email.example.com,(560) 361-1198,Levi Kelly,(912) 318-1869,"{""line1"": ""8371 Park Blvd"", ""apt"": """", ""city"": ""Minneapolis"", ""state"": ""MN"", ""zip"": ""55401"", ""longitude"": -117.4762, ""country"": ""USA"", ""latitude"": 33.4557, ""street_type"": ""Cir""}",Married,Firefighter,Sanchez Corp,Tufts Health Plan,POL-786057,GRP-3401,382,2020-10-01,2022-03-04,145,57,27.1,Current Smoker,Moderate,"Dust, Penicillin, NSAIDs","Fibromyalgia, GERD, Osteoarthritis, Osteoporosis","Acetaminophen, Warfarin, Clopidogrel",None,Stroke,English,Hispanic or Latino,Active,12,EMR_Cerner
4487,Silas,Robinson,1951-02-20,Male,O+,,(688) 782-5269,Randy Long,(902) 848-3569,"{""line1"": ""2765 Magnolia Way"", ""apt"": """", ""city"": ""Virginia Beach"", ""state"": ""VA"", ""zip"": ""23450"", ""neighborhood"": ""Waterfront""}",Widowed,Pharmacist,,Harvard Pilgrim,POL-570566,G1234,35,2021-12-10,2023-08-09,,88,28.4,Non-Smoker,,Shellfish,,Tramadol,None,"Arthritis, Hypertension, Cancer",Russian,White,Inactive,10,EMR_Cerner
4490,Carolyn,Castillo,1997-07-09,Female,A+,carolyn.castillo@email.example.com,(555) 476-4435,Jessica Rogers,(626) 539-3780,"{""line1"": ""4695 Highland Ave"", ""apt"": """", ""city"": ""Indianapolis"", ""state"": ""IN"", ""zip"": ""46201"", ""country"": ""USA""}",Married,Writer,,Humana,POL-568133,GRP-3340,233,2020-05-12,2021-05-19,159,72,28.5,Non-Smoker,None,"Peanuts, Codeine",,Spironolactone,None,Heart Disease,English,Asian,Active,20,EMR_Cerner
4495,Jack,Kelly,2003-06-01,Male,A+,jack.kelly@email.example.com,(943) 942-8536,Skylar Moore,(451) 945-8035,"{""line1"": ""1354 Ash Ct"", ""apt"": """", ""city"": ""New Orleans"", ""state"": ""LA"", ""zip"": ""70112"", ""country"": ""USA""}",Separated,Police Officer,Martin Corp,Blue Cross Blue Shield,POL-975480,GRP-2010,495,2022-10-12,2024-10-30,164,63,23.4,Current Smoker,Moderate,"None, Shellfish, Dust",Irritable Bowel Syndrome,"Celecoxib, Cyclobenzaprine",None,"None, Asthma",English,White,Active,21,EMR_Cerner
4497,Genesis,Fisher,1975-05-29,Female,A-,,(565) 772-4008,Nicholas Young,(434) 242-6732,"{""line1"": ""3461 Oak Ave"", ""apt"": """", ""city"": ""Denver"", ""state"": ""CO"", ""zip"": ""80201"", ""longitude"": -100.2526, ""delivery_notes"": ""Deliver to reception""}",Divorced,Firefighter,Clark Corp,Independence Blue Cross,POL-412697,GRP-8283,60,2018-08-07,2021-06-26,163,97,36.5,Non-Smoker,None,"Latex, Pollen, Peanuts",Migraine,"Insulin glargine, Meloxicam, Metoprolol, Duloxetine",None,"Heart Disease, Arthritis",Spanish,White,Active,22,EMR_Cerner
4501,George,Lewis,1998-01-03,Male,O+,george.lewis@email.example.com,(895) 608-9161,Mary Chavez,(797) 786-2808,"{""line1"": ""2621 Forest Ave"", ""apt"": """", ""city"": ""Dallas"", ""state"": ""TX"", ""zip"": ""75201""}",Single,Retail Associate,Richardson Corp,Harvard Pilgrim,POL-637438,GRP-6716,20,2022-09-08,2024-02-17,178,68,21.5,Non-Smoker,Occasional,Codeine,Anemia,"Bupropion, Atorvastatin",None,"None, Cancer, Diabetes",Spanish,White,Active,23,EMR_Cerner
,Ronald,Cole,1986-09-05,Male,A+,ronald.cole@email.example.com,(266) 243-3742,Virginia Howard,(568) 637-9875,"{""line1"": ""Unknown"", ""city"": ""Unknown"", ""state"": ""NA"", ""zip"": ""00000"", ""neighborhood"": ""Uptown"", ""county"": ""Orange""}",Married,Pilot,Morgan Corp,CareFirst,POL-171509,GRP-5758,183,2018-08-13,2021-05-31,177,104,33.2,Current Smoker,None,Shellfish,"Congestive Heart Failure, COPD, Fibromyalgia","Bupropion, Celecoxib, Tramadol, Duloxetine",None,None,English,Human,Inactive,20,EMR_Cerner
4511,Patrick,Webb,1961-06-05,Male,O+,patrick.webb@email.example.com,(827) 420-2393,Anthony Peterson,(799) 649-3304,"{""line1"": ""5392 Pine St"", ""apt"": "", # 47"", ""city"": ""Albuquerque"", ""state"": ""NM"", ""zip"": ""87101"", ""latitude"": 28.153, ""street_type"": ""Way"", ""neighborhood"": ""Uptown"", ""delivery_notes"": ""Ring bell""}",Married,Firefighter,Reynolds Corp,Anthem,POL-400968,GRP-4602,390,2025-12-15,2027-07-18,179,50,15.6,Former Smoker,Moderate,"Penicillin, Shellfish",COPD,unknown,Angioplasty with stent,Cancer,English,White,Active,8,EMR_Cerner
4519,Raymond,Stewart,1980-01-06,Mle,O+,raymond.stewart1@email.example.com,(284) 891-4164,Helen Simpson,(824) 254-8546,"{""line1"": ""6743 Forest Ave"", ""apt"": "", Suite 4"", ""city"": ""Oklahoma City"", ""state"": ""OK"", ""zip"": ""73101"", ""country"": ""USA""}",Separated,Student,Gonzales Corp,Geisinger,POL-177515,GRP-2831,63,2019-11-09,,184,85,25.1,Current Smoker,None,"NSAIDs, None, Codeine","Coronary Artery Disease, Sleep Apnea",Eliquis,Total hip replacement,"Asthma, Hypertension, Heart Disease",Cantonese,White,Active,8,EMR_Cerner
4520,Bruce,Bennett,1995-08-22,Male,A+,bruce.bennett@email.example.com,(433) 201-9152,Pamela Martin,(266) 796-5025,"{""line1"": ""8015 Union Ave"", ""apt"": """", ""city"": ""Atlanta"", ""state"": ""GA"", ""zip"": ""30301"", ""county"": ""Orange"", ""neighborhood"": ""Historic District"", ""street_type"": ""Pl""}",Married,Veterinarian,Long Corp,Kaiser Permanente,POL-242434,GRP-7201,279,2020-05-30,2020-07-19,180,91,28.1,Non-Smoker,Moderate,"Latex, Codeine, NSAIDs",Chronic Fatigue,Cyclobenzaprine,"Hemorrhoidectomy, Spinal fusion","Asthma, Diabetes",English,White,Active,9,EMR_Cerner
4537,Maxwell,Griffin,1991-01-17,Male,O+,maxwell.griffin@email.example.com,(890) 550-6278,Jacqueline Murray,(562) 760-3810,"{""line1"": ""2960 Cypress Dr"", ""apt"": "", Apt 26"", ""city"": ""Miami"", ""state"": ""FL"", ""zip"": ""33101"", ""street_type"": ""Cir"", ""latitude"": 42.5036}",Single,Accountant,Gray Corp,Cigna HealthCare,POL-339481,GRP-2106,335,2021-10-06,2023-10-27,185,60,17.5,Non-Smoker,Occasional,None,"Atrial Fibrillation, Hypothyroidism, Crohn's Disease","Prednisone, Loratadine, Acetaminophen, Cetirizine",Laminectomy,None,English,White,Active,10,EMR_Cerner
4538,Wesley,Gomez,1987-01-31,Male,O+,wesley.gomez@email.example.com,(741) 932-4197,Penelope Wells,(551) 609-1355,"{""line1"": ""1841 Sycamore Ave"", ""apt"": """", ""city"": ""Virginia Beach"", ""state"": ""VA"", ""zip"": ""23450"", ""neighborhood"": ""Waterfront"", ""county"": ""Cook""}",Married,Sales Representative,Lopez Corp,Molina Healthcare,,GRP-5638,328,2019-12-12,2023-05-20,190,76,21.1,Former Smoker,Occasional,"Penicillin, Shellfish",Atrial Fibrillation,Prednisone,None,None,Spanish,Hispanic or Latino,Active,24,EMR_Cerner
4543,Paisley,Baker,1996-09-10,Female,O+,paisley.baker@email.example.com,(360) 446-9639,Timothy Wells,(460) 707-6565,"{""line1"": ""3684 Pleasant St"", ""apt"": "", # 20"", ""city"": ""Fresno"", ""state"": ""CA"", ""zip"": ""93701"", ""longitude"": -77.4745, ""latitude"": 33.771, ""county"": ""Miami-Dade""}",Married,Scientist,Allen Corp,Humana,POL-487346,GRP-6231,378,2024-09-06,2028-08-03,163,83,31.2,Non-Smoker,None,"Sulfa, Penicillin, Latex",,None,Cholecystectomy,None,English,White,Active,8,EMR_Cerner
4549,Christina,Lee,1989-11-01,Female,A+,christina.lee@email.example.com,(838) 436-9812,Nancy Crawford,(789) 973-5563,"{""line1"": ""917 Union Ave"", ""apt"": """", ""city"": ""Raleigh"", ""state"": ""NC"", ""zip"": ""27601"", ""country"": ""USA""}",Divorced,Construction Worker,,Tufts Health Plan,POL-806639,GRP-8028,496,2018-03-07,2020-06-11,169,89,31.2,Current Smoker,None,None,Osteoarthritis,"Cyclobenzaprine, Loratadine",ACL reconstruction,"Heart Disease, Diabetes, None",Spanish,White,Inactive,23,EMR_Cerner
4558,Alexander,Thomas,2005-01-08,Male,O+,alexander.thomas@email.example.com,(639) 685-9481,Paul Hayes,(604) 998-7115,"{""line1"": ""607 Maple Dr"", ""apt"": "", Apt 29"", ""city"": ""Washington"", ""state"": ""DC"", ""zip"": ""20001"", ""delivery_notes"": ""Ring bell"", ""neighborhood"": ""Southside"", ""longitude"": -104.9804, ""floor_number"": 38, ""latitude"": 29.5675}",Married,Unemployed,Diaz Corp,Cigna HealthCare,POL-905703,GRP-2465,422,2025-02-07,,158,111,44.5,Former Smoker,Heavy,Dust,"Rheumatoid Arthritis, Atrial Fibrillation",Cetirizine,ACL reconstruction,None,English,White,Active,23,EMR_Cerner
4559,Elizabeth,Edwards,1957-06-18,Female,A-,elizabeth.edwards@email.example.com,(589) 258-2240,Zachary Wilson,(509) 401-8540,"{""line1"": ""3536 Birch St"", ""apt"": """", ""city"": ""Philadelphia"", ""state"": ""PA"", ""zip"": ""19101"", ""street_type"": ""Pl"", ""latitude"": 29.7855}",Widowed,Teacher,Morales Corp,Blue Cross Blue Shield,POL-328948,GRP-9912,72,tomorrow,2023-05-06,165,97,35.6,Current Smoker,None,None,,"Metformin, Lisinopril, Insulin glargine","C-section, Spinal fusion, Hernia repair",None,English,White,Active,15,EMR_Cerner
4560,Victoria,Flores,1996-07-27,Female,A+,victoria.flores@email.example.com,(325) 566-1607,Jacqueline Nelson,(824) 571-8147,"{""line1"": ""7917 Broadway"", ""apt"": """", ""city"": ""Dallas"", ""state"": ""TX"", ""zip"": ""75201"", ""latitude"": 30.4514, ""country"": ""USA"", ""street_type"": ""Blvd""}",Married,Veterinarian,Long Corp,Highmark,POL-975522,GRP-4129,316,2022-01-15,,165,92,33.8,Non-Smoker,Occasional,"Sulfa, Peanuts, Pollen","Hyperlipidemia, Atrial Fibrillation",None,Gastric bypass,Hypertension,Arabic,White,Active,18,EMR_Cerner
4562,Lisa,Lee,1993-08-28,Female,O+,lisa.lee@email.example.com,(889) 939-4445,Christina Cole,(817) 305-5416,"{""line1"": ""403 Adams Way"", ""apt"": """", ""city"": ""Las Vegas"", ""state"": ""NV"", ""zip"": ""89101"", ""neighborhood"": ""Historic District"", ""country"": ""USA"", ""county"": ""King""}",Single,Driver,Cook Corp,Independence Blue Cross,POL-412057,GRP-6104,136,2024-07-23,2027-07-29,158,66,26.4,Non-Smoker,Occasional,"Penicillin, Pollen, Peanuts",Hypertension,"Jardiance, Insulin glargine",Cholecystectomy,None,Mandarin,White,Active,6,EMR_Cerner
4566,Aurora,Alexander,1954-12-08,Female,O-,,(332) 736-1892,Samuel Russell,(750) 207-5124,"{""line1"": ""6466 Forest Ave"", ""apt"": "", # 49"", ""city"": ""Long Beach"", ""state"": ""CA"", ""zip"": ""90801"", ""longitude"": -90.2435}",Separated,Physical Therapist,,Blue Cross Blue Shield,POL-101878,GRP-8078,,2025-07-02,1900-01-01,171,72,24.6,Current Smoker,None,"Dust, Sulfa",,None,None,None,Mandarin,Black or African American,Inactive,,EMR_Cerner
4573,Larry,Foster,1985-10-07,Male,A+,larry.foster@email.example.com,(204) 409-3838,Penelope Watson,(411) 470-8390,"{""line1"": ""5571 Main St"", ""apt"": """", ""city"": ""Philadelphia"", ""state"": ""PA"", ""zip"": ""19101"", ""landmark"": ""Opposite Central Park"", ""neighborhood"": ""Downtown""}",Married,Consultant,,Geisinger,POL-191557,GRP-1437,168,2021-01-22,2025-02-23,181,73,22.3,Non-Smoker,None,"Sulfa, Latex, Dust","Chronic Fatigue, Fibromyalgia",None,None,"Heart Disease, Alzheimer's",English,Asian,Active,21,EMR_Cerner
4577,Harold,Scott,1978-07-01,Male,AB,harold.scott@email.example.com,(617) 879-6663,N/A,(604) 872-5818,"{""line1"": ""2994 Monroe Dr"", ""apt"": """", ""city"": ""Las Vegas"", ""state"": ""NV"", ""zip"": ""89101"", ""country"": ""USA"", ""latitude"": 39.2052, ""street_type"": ""Way"", ""timezone"": ""America/Denver""}",Widowed,Chef,Graham Corp,Health Net,POL-ABC,GRP-3443,416,2025-08-12,,170,93,32.2,Former Smoker,Occasional,None,"Eczema, Osteoarthritis, Psoriasis","Omeprazole, Jardiance",Angioplasty with stent,"Diabetes, None, Stroke",Tagalog,Asian,Active,21,EMR_Cerner
4578,Tyler,Edwards,1954-03-09,Male,A+,tyler.edwards1@email.example.com,(312) 989-5838,Donna Foster,(829) 471-2064,"{""line1"": ""8607 Pine St"", ""apt"": "", Apt 43"", ""city"": ""Virginia Beach"", ""state"": ""VA"", ""zip"": ""23450""}",,Dental Hygienist,Cook Corp,Bright Health,POL-465519,GRP-6116,70,2022-05-15,2024-03-20,190,46,12.7,Former Smoker,Heavy,"Pollen, Latex, Shellfish",Osteoporosis,None,"Carpal tunnel release, Tonsillectomy","Diabetes, Alzheimer's",English,Hispanic or Latino,active,5,EMR_Cerner
4582,Mason,Rivera,1951-11-22,Non-Binary,,mason.rivera@email.example.com,,Mary Brooks,(615) 647-1120,"{""line1"": ""5638 Pleasant St"", ""apt"": "", Unit 28"", ""city"": ""Phoenix"", ""state"": ""AZ"", ""zip"": ""85001"", ""neighborhood"": ""Suburbs""}",Single,Flight Attendant,Thomas Corp,,,,186,2020-02-26,2022-12-20,157,58,23.5,Non-Smoker,Occasional,"Pollen, Peanuts",,Ibuprofen,ACL reconstruction,None,Korean,White,Active,1,EMR_Cerner
4594,Nicole,Rivera,1994-12-05,Female,B+,nicole.rivera@email.example.com,(291) 268-6916,Zoey Peterson,(700) 799-4721,"{""line1"": ""5284 Beechwood Ave"", ""apt"": """", ""city"": ""Columbus"", ""state"": ""OH"", ""zip"": ""43201"", ""county"": ""Miami-Dade"", ""timezone"": ""America/New_York"", ""latitude"": 27.5012}",Married,Accountant,Crawford Corp,Anthem,POL-943168,GRP-1232,470,2024-06-24,2025-08-07,165,86,31.6,Non-Smoker,Moderate,"Codeine, Peanuts",,"Fluticasone, Tramadol, Losartan",None,"Cancer, Hypertension, Stroke",English,Asian,Active,9,EMR_Cerner
4599,Benjamin,Ramirez,1972-06-09,Male,O+,benjamin.ramirez2@email.example.com,(506) 779-7515,Evelyn Walker,(665) 565-1477,"{""line1"": ""3510 Cypress Dr"", ""apt"": "", # 5"", ""city"": ""San Antonio"", ""state"": ""TX"", ""zip"": ""78201"", ""longitude"": -73.7766, ""timezone"": ""America/Phoenix"", ""country"": ""USA"", ""neighborhood"": ""East Side"", ""landmark"": ""Opposite Central Park""}",Separated,Business Owner,Ross Corp,MetLife,POL-949502,GRP-9857,260,2023-10-16,2026-07-07,173,48,16.0,Former Smoker,Moderate,Codeine,,None,None,None,Mandarin,White,Active,8,EMR_Cerner
4601,Levi,Russell,1989-01-18,Male,A-,levi.russell@email.example.com,12345,Nora Torres,(272) 628-6120,"{""line1"": ""8387 Monroe Dr"", ""apt"": """", ""city"": ""New York"", ""state"": ""NY"", ""zip"": ""10001"", ""timezone"": ""America/Phoenix"", ""longitude"": -88.2391, ""latitude"": 33.7799}",Divorced,Engineer,Alexander Corp,CareFirst,POL-303155,GRP-3582,463,2025-06-07,2028-07-17,163,81,30.5,Non-Smoker,Former,"Latex, Dust, None","COPD, Asthma, Chronic Fatigue","Ibuprofen, Acetaminophen, Apixaban, Clopidogrel",Hernia repair,"Diabetes, Hypertension, Alzheimer's",English,White,Inactive,12,EMR_Cerner
4615,Scarlett,Diaz,1989-12-07,Female,O+,scarlett.diaz1@email.example.com,abc-def-ghij,Samuel Hernandez,(608) 633-4770,"{""line1"": ""Unknown"", ""city"": ""Unknown"", ""state"": ""NA"", ""zip"": ""00000"", ""landmark"": ""Behind Metro Station""}",Married,Doctor,Anderson Corp,CareFirst,POL-531793,GRP-4073,250,2018-10-20,2022-04-24,155,84,35.0,Former Smoker,Moderate,"None, Peanuts, Pollen",,Ozempic,Hysterectomy,"Heart Disease, Stroke",English,White,Active,25,EMR_Cerner
4621,John,Ross,1989-10-22,Male,O+,john.ross1@email.example.com,(872) 971-3851,Richard Ruiz,(273) 552-6822,"{""line1"": ""7635 Highland Ave"", ""apt"": """", ""city"": ""Charlotte"", ""state"": ""NC"", ""zip"": ""28201""}",Married,Nurse,Kelly Corp,Blue Cross Blue Shield,POL-327036,GRP-7132,322,2024-05-13,2026-04-10,168,100,35.4,Former Smoker,Occasional,"NSAIDs, Codeine",,"Furosemide, Lisinopril",None,"None, Heart Disease",English,White,Active,10,EMR_Cerner
4622,Skylar,Foster,2004-07-08,Female,A+,skylar.foster@email.example.com,(689) 945-3200,Elijah Parker,(241) 274-5795,"{""line1"": ""7314 Adams Way"", ""apt"": "", Unit 9"", ""city"": ""Fort Worth"", ""state"": ""TX"", ""zip"": ""76101""}",Married,Construction Worker,N/A,Harvard Pilgrim,POL-929090,GRP-9481,116,2021-11-08,2024-01-16,161,76,29.3,Non-Smoker,Occasional,Shellfish,"Migraine, Anxiety Disorder",None,None,"Heart Disease, Arthritis, Stroke",Vietnamese,White,Active,20,EMR_Cerner
4630,Peter,Simpson,1984-06-28,Male,A+,peter.simpson@email.example.com,(911) 643-2799,Janet Marshall,(304) 404-7459,"{""line1"": ""7548 Main St"", ""apt"": """", ""city"": ""Nashville"", ""state"": ""TN"", ""zip"": ""37201"", ""county"": ""Maricopa"", ""neighborhood"": ""Southside""}",Divorced,Dentist,Wallace Corp,Independence Blue Cross,POL-846337,,183,2022-01-01,2023-12-26,174,97,32.0,Non-Smoker,None,"Peanuts, Codeine, Latex",,"Acetaminophen, Cyclobenzaprine",None,None,English,White,Active,20,EMR_Cerner
4636,,Murphy,1990-04-04,Male,A-,isaac.murphy@email.example.com,(734) 489-2722,Aiden Jordan,(864) 329-3275,"{""line1"": ""7854 Spring St"", ""apt"": "", Unit 25"", ""city"": ""Indianapolis"", ""state"": ""IN"", ""zip"": ""46201"", ""timezone"": ""America/New_York""}",Divorced,Teacher,Marshall Corp,,POL-846272,GRP-2560,42,2018-12-31,2019-05-09,189,64,17.9,Current Smoker,Heavy,"Peanuts, Shellfish, Sulfa",Fibromyalgia,Jardiance,"C-section, Hemorrhoidectomy",None,English,Two or More Races,Active,12,EMR_Cerner
4640,Miles,Brown,1991-03-04,Male,A+,miles.brown@email.example.com,(390) 919-8347,Madelyn Gibson,(797) 238-8522,"{""line1"": ""6904 Oak Ave"", ""apt"": """", ""city"": ""Tucson"", ""state"": ""AZ"", ""zip"": ""85701""}",Married,Accountant,,Centene,POL-121408,GRP-4314,362,01-01-2020,2026-01-08,168,123,43.6,Former Smoker,2 beers/week,"Peanuts, Latex, NSAIDs",,None,None,"Asthma, Alzheimer's, Heart Disease",Mandarin,Hispanic or Latino,Inactive,16,EMR_Cerner
4642,David,Ortiz,1979-11-16,Male,O-,david.ortiz@email.example.com,(776) 869-8874,Jacob Russell,(697) 659-9111,"{""line1"": ""5859 Church St"", ""apt"": """", ""city"": ""Houston"", ""state"": ""TX"", ""zip"": ""77001"", ""longitude"": -94.9248, ""country"": ""USA"", ""timezone"": ""America/New_York""}",Married,Police Officer,Lewis Corp,MetLife,POL-498816,GRP-5186,378,2024-12-18,2028-07-19,180,73,22.5,Non-Smoker,None,"Codeine, None, Latex",,"Amlodipine, Ibuprofen, Sertraline",None,None,English,White,Inactive,8,EMR_Cerner
4649,Logan,Brown,1974-08-08,Male,A-,logan.brown@email.example.com,(559) 315-6807,Jonathan Porter,(808) 572-3963,"{""line1"": ""8022 Lake Dr"", ""apt"": "", Apt 27"", ""city"": ""Columbus"", ""state"": ""OH"", ""zip"": ""43201"", ""street_type"": ""Ave"", ""country"": ""USA"", ""landmark"": ""Opposite Central Park"", ""timezone"": ""America/Denver""}",Divorced,Data Analyst,Green Corp,Oscar Health,POL-448940,GRP-5130,32,2019-03-20,2022-03-18,169,76,26.6,Non-Smoker,Heavy,None,,"Atorvastatin, Amlodipine, Levothyroxine",None,"Alzheimer's, Heart Disease",Cantonese,Hispanic or Latino,Active,22,EMR_Cerner
4650,Michael,Gomez,1986-08-25,Male,O+,michael.gomez@email.example.com,(377) 674-9124,Carolyn Bryant,(465) 437-6403,"{""line1"": ""2479 Fourth Ave"", ""apt"": """", ""city"": ""New Orleans"", ""state"": ""LA"", ""zip"": ""70112""}",Married,Retired,Miller Corp,Bright Health,POL-387279,GRP-3857,,2019-10-08,2022-07-07,179,64,20.0,Current Smoker,None,Penicillin,"Eczema, Atrial Fibrillation",Hydrochlorothiazide,Mastectomy,Arthritis,Tagalog,White,Active,,EMR_Cerner
4651,Justin,Hicks,1964-12-22,Male,O-,justin.hicks1@email.example.com,(249) 361-2463,Jack Wells,(861) 942-7129,"{""line1"": ""8509 Hickory St"", ""apt"": """", ""city"": ""New York"", ""state"": ""NY"", ""zip"": ""10001"", ""street_type"": ""Rd"", ""county"": ""Cook"", ""neighborhood"": ""Historic District"", ""country"": ""USA""}",Married,Dentist,,Bright Health,POL-424196,GRP-9058,6,2021-04-15,2024-10-17,175,57,18.6,Former Smoker,Former,Shellfish,,None,Rotator cuff repair,None,English,White,Inactive,20,EMR_Cerner
4667,Luke,Allen,2002-01-02,F,A+,luke.allen@email.example.com,(447) 893-8133,Bobby Ortiz,(819) 361-9921,"{""line1"": ""4268 Hamilton Ct"", ""apt"": """", ""city"": ""Raleigh"", ""state"": ""NC"", ""zip"": ""27601"", ""county"": ""Sacramento"", ""country"": ""USA"", ""street_type"": ""St""}",,Professor,Wilson Corp,,,,403,2021-05-03,,182,79,23.8,Current Smoker,Occasional,NSAIDs,,Pantoprazole,None,None,English,White,Active,12,EMR_Cerner
4675,William,Stewart,1991-01-07,Male,O+,william.stewart@email.example.com,(511) 953-6218,Daniel Ramirez,(316) 395-6295,"{""line1"": ""Unknown"", ""city"": ""Unknown"", ""state"": ""NA"", ""zip"": ""00000"", ""county"": ""King"", ""country"": ""USA""}",Divorced,Writer,Hamilton Corp,Bright Health,POL-562073,GRP-6970,358,2018-09-04,2018-10-20,171,76,26.0,Former Smoker,Occasional,"PENICILLIN, SULFA","Chronic Kidney Disease, Chronic Kidney Disease","Cyclobenzaprine, Aspirin",None,"Stroke, Diabetes",French,White,Active,1,EMR_Cerner
4685,Grace,Baker,1974-06-05,Female,A-,grace.baker1@email.example.com,,Bruce Wallace,(794) 303-1662,"{""line1"": ""7526 Seventh St"", ""apt"": "", # 24"", ""city"": ""Minneapolis"", ""state"": ""MN"", ""zip"": ""55401"", ""timezone"": ""America/New_York""}",Widowed,Data Analyst,Bailey Corp,Highmark,POL-551539,GRP-8040,172,2024-02-28,2027-11-12,160,96,37.5,Former Smoker,Occasional,NSAIDs,"Depression, Fibromyalgia, Hypertension, Ulcerative Colitis","Ozempic, Spironolactone, Celecoxib, Loratadine",None,None,English,Hispanic or Latino,Inactive,25,EMR_Cerner
4690,Nancy,King,1991-04-24,Female,A+,nancy.king@email.example.com,(531) 612-2472,Ashley Powell,,"{""line1"": ""2572 Elm St"", ""apt"": """", ""city"": ""Portland"", ""state"": ""OR"", ""zip"": ""97201"", ""country"": ""USA"", ""longitude"": -87.0223, ""neighborhood"": ""Northside"", ""latitude"": 29.6972}",Married,Electrician,Peterson Corp,Bright Health,POL-477852,GRP-5778,66,2023-06-28,2023-06-28,168,89,31.5,Non-Smoker,Former,"NSAIDs, Pollen",,None,None,"Cancer, Stroke",English,White,Active,15,EMR_Cerner
4692,Kyle,Gonzales,1988-04-25,Male,O+,kyle.gonzales@email.example.com,(961) 572-5276,Jennifer Ruiz,(234) 412-8935,"{""line1"": ""5368 Union Ave"", ""apt"": """", ""city"": ""Denver"", ""state"": ""CO"", ""zip"": ""80201"", ""latitude"": 42.1554, ""county"": ""Cook""}",Divorced,Retired,Gomez Corp,UnitedHealthcare,POL-579637,,357,2019-02-22,2023-02-28,159,67,26.5,Non-Smoker,None,None,,"Fluticasone, Losartan, Cetirizine","Cataract surgery, Angioplasty with stent",None,ENGLISH,Hispanic or Latino,Active,2,EMR_Cerner
4698,Julie,Diaz,1994-12-05,Female,A+,not-an-email,(876) 880-4866,Aria Jordan,(261) 872-9486,"{""line1"": ""Unknown"", ""city"": ""Unknown"", ""state"": ""NA"", ""zip"": ""00000"", ""county"": ""Cook"", ""latitude"": 43.7661, ""timezone"": ""America/Chicago""}",Married,Driver,,Health Net,POL-287118,GRP-5698,62,2023-07-15,2024-02-02,159,79,31.2,Non-Smoker,Occasional,"Codeine, Shellfish, Pollen",Hypertension,"Furosemide, Fluticasone","Thyroidectomy, Rotator cuff repair, Mastectomy","Asthma, Heart Disease, Arthritis",Spanish,White,Deceased ,8,EMR_Cerner
4701,Laura,Ramos,1993-09-27,Female,AB-,laura.ramos@email.example.com,(555) 701-7859,Aaron Baker,(513) 902-3594,"{""line1"": ""7240 Beechwood Ave"", ""apt"": """", ""city"": ""Los Angeles"", ""state"": ""CA"", ""zip"": ""90001"", ""country"": ""USA""}",Single,Writer,,Geisinger,POL-369801,GRP-8450,85,2024-09-07,2026-07-08,171,86,29.4,Non-Smoker,Occasional,"Latex, Dust, Penicillin","Sleep Apnea, Migraine",None,None,None,Cantonese,Hispanic or Latino,Inactive,10,EMR_Cerner
4704,jonathan,Carter,1954-05-04,Male,B-,jonathan.carter1@email.example.com,(521) 331-7554,Roman Kelly,000-000-0000,"{""line1"": ""3303 Union Ave"", ""apt"": """", ""city"": ""Minneapolis"", ""state"": ""MN"", ""zip"": ""55401""}",Single,Physical Therapist,Clark Corp,Anthem,POL-257880,GRP-3100,37,2025-10-21,2027-08-11,160,59,23.0,Non-Smoker,None,"Shellfish, Peanuts, Penicillin",Irritable Bowel Syndrome,Fluticasone,None,None,French,Black or African American,Active,2,EMR_Cerner
4709,Jack,Reynolds,1985-07-30,Male,O+,jack.reynolds@email.example.com,(468) 389-7887,Kimberly Anderson,(713) 401-3959,"{""line1"": ""370 First St"", ""apt"": "", Apt 20"", ""city"": ""Columbus"", ""state"": ""OH"", ""zip"": ""43201"", ""latitude"": 38.4868}",Married,Retired,Price Corp,,,,331,2018-08-21,2020-01-06,176,83,26.8,Non-Smoker,Moderate,"Latex, Dust, Shellfish","Atrial Fibrillation, Chronic Fatigue","Gabapentin, Insulin glargine",Mastectomy,"Alzheimer's, Asthma",Spanish,White,Active,13,EMR_Cerner
4715,Patrick,Myers,1961-04-06,Male,B+,patrick.myers@email.example.com,(784) 368-3149,Richard Webb,(493) 825-1169,"{""line1"": ""Unknown"", ""city"": ""Unknown"", ""state"": ""NA"", ""zip"": ""00000"", ""county"": ""Sacramento"", ""street_type"": ""Cir"", ""timezone"": ""America/New_York""}",Single,Librarian,Wells Corp,Tufts Health Plan,POL-481045,GRP-8777,491,2021-01-03,2021-08-09,175,75,24.5,Non-Smoker,None,"Peanuts, Pollen, Shellfish","Congestive Heart Failure, Hypertension",Cyclobenzaprine,Rotator cuff repair,"Diabetes, Asthma, Hypertension",Korean,Hispanic or Latino,Inactive,13,EMR_Cerner
4716,Patricia,WILLIAMS,1969-09-02,Female,O+,patricia.williams1@email.example.com,(621) 998-5420,,(303) 216-6046,"{""line1"": ""753 Ash Ct"", ""apt"": """", ""city"": ""Phoenix"", ""state"": ""AZ"", ""zip"": ""85001"", ""country"": ""USA""}",Married,Musician,Long Corp,Humana,POL-282149,GRP-1082,396,2019-08-04,2019-12-03,161,77,29.7,Non-Smoker,Former,None,Hyperlipidemia,"Montelukast, Aspirin, Hydrochlorothiazide",None,"Diabetes, None",English,White,Deceased ,1,EMR_Cerner
4721,Joseph,Butler,1961-09-17,Non-Binary,AB,joseph.butler@email.example.com,(716) 892-8243,Maxwell Cox,(990) 700-4928,"{""line1"": ""7944 Cherry Ln"", ""apt"": """", ""city"": ""Washington"", ""state"": ""DC"", ""zip"": ""20001"", ""longitude"": -106.1504, ""latitude"": 29.5121, ""landmark"": ""Behind Metro Station"", ""street_type"": ""St"", ""floor_number"": 10}",Single,Writer,Myers Corp,Kaiser Permanente,POL-490185,GRP-7495,147,,2021-08-10,175,115,37.6,Current Smoker,Moderate,None,"Coronary Artery Disease, Hypothyroidism, Osteoporosis","Ozempic, Apixaban, Metformin, Furosemide",None,None,Spanish,White,Active,19,EMR_Cerner
4732,Naomi,Freeman,1986-01-05,Female,A+,naomi.freeman@email.example.com,(599) 943-4243,Caleb Gonzales,(928) 893-1886,"{""line1"": ""1313 Forest Ave"", ""apt"": "", Suite 4"", ""city"": ""Seattle"", ""state"": ""WA"", ""zip"": ""98101""}",Widowed,Veterinarian,Kim Corp,Harvard Pilgrim,POL-737885,GRP-4185,347,2022-10-31,2024-07-08,166,86,31.2,Former Smoker,None,"Latex, NSAIDs, None","Congestive Heart Failure, Hypertension, Hypothyroidism, Eczema",Apixaban,"Sleeve gastrectomy, Laminectomy","Cancer, Diabetes",Spanish,,Inactive,8,EMR_Cerner
4738,Victoria,Garcia,1996-04-18,Female,O-,victoria.garcia1@email.example.com,(935) 948-8939,Roman White,(800) 582-1522,"{""line1"": ""9564 Fifth St"", ""apt"": """", ""city"": ""Houston"", ""state"": ""TX"", ""zip"": ""77001""}",Separated,Mechanic,Foster Corp,Harvard Pilgrim,POL-656447,GRP-3423,415,2025-05-15,2025-05-22,161,81,31.2,Former Smoker,Moderate,"NSAIDs, Codeine, Shellfish","Irritable Bowel Syndrome, COPD, Chronic Fatigue, Rheumatoid Arthritis","Sertraline, Cyclobenzaprine",None,"Heart Disease, Cancer, Arthritis",English,Hispanic or Latino,Active,9,EMR_Cerner
4739,Caleb,Washington,1971-12-25,Male,AB+,caleb.washington@email.example.com,(753) 981-1110,Aaron Campbell,(285) 340-6316,"{""line1"": ""595 Oak Ave"", ""apt"": """", ""city"": ""Atlanta"", ""state"": ""GA"", ""zip"": ""30301"", ""longitude"": -108.8963, ""latitude"": 34.286, ""timezone"": ""America/Denver"", ""floor_number"": 27, ""country"": ""USA""}",Married,Firefighter,Campbell Corp,Cigna,POL-290500,GRP-8388,460,2024-09-18,2026-10-30,177,57,18.2,Non-Smoker,Moderate,"Penicillin, None",,"Apixaban, Ozempic, Pantoprazole, Hydrochlorothiazide",Hysterectomy,,Spanish,,Active,15,EMR_Cerner
4744,Carol,Alexander,1991-04-07,Female,B+,carol.alexander@email.example.com,(310) 963-5910,Jack Tucker,(833) 332-4485,"{""line1"": ""8148 Third St"", ""apt"": """", ""city"": ""Oakland"", ""state"": ""CA"", ""zip"": ""94601"", ""street_type"": ""Ct"", ""latitude"": 44.6779, ""longitude"": -84.1197}",Divorced,---,,CareFirst,POL-206241,GRP-4940,24,2021-05-24,,156,86,35.3,Current Smoker,Moderate,None,"Irritable Bowel Syndrome, Irritable Bowel Syndrome","Losartan, Hydrochlorothiazide","Mastectomy, Carpal tunnel release, Angioplasty with stent","Asthma, Stroke",Spanish,White,Active,13,EMR_Cerner
4745,Bruce,Davis,1986-05-26,Male,B-,bruce.davis@email.example.com,(367) 500-6773,Levi Miller,(938) 454-2878,"{""line1"": ""425 Fourth Ave"", ""apt"": "", Unit 26"", ""city"": ""Milwaukee"", ""state"": ""WI"", ""zip"": ""53201"", ""latitude"": 30.3599, ""country"": ""USA""}",Single,Software Developer,,Geisinger,POL-644628,GRP-7695,202,2021-08-02,,179,,22.8,Non-Smoker,Moderate,Codeine,,None,None,"Cancer, Hypertension, Heart Disease",Tagalog,Hispanic or Latino,Inactive,8,EMR_Cerner
4754,Ashley,Hunter,1981-11-18,Female,O+,ashley.hunter1@email.example.com,(909) 833-6959,Aria Morgan,(852) 478-6802,"{""line1"": ""2418 Washington Ave"", ""apt"": "", Unit 21"", ""city"": ""Colorado Springs"", ""state"": ""CO"", ""zip"": ""80901""}",Single,Graphic Designer,Reyes Corp,Harvard Pilgrim,POL-828611,GRP-9905,188,2020-06-13,,162,96,36.6,Never Assessed,Moderate,"Latex, Codeine, Peanuts","Hypothyroidism, Ulcerative Colitis, Hypothyroidism, Ulcerative Colitis",Tramadol,None,Alzheimer's,English,caucasian,Active,17,EMR_Cerner
4756,Joe,Simpson,1991-03-04,Male,O+,joe.simpson@email.example.com,(775) 399-7760,Donald West,John Smith,"{""line1"": ""1445 Jefferson Ave"", ""apt"": "", Unit 33"", ""city"": ""Baltimore"", ""state"": ""MD"", ""zip"": ""21201"", ""timezone"": ""America/Chicago"", ""country"": ""USA"", ""county"": ""King""}",Divorced,Student,Ross Corp,Blue Cross Blue Shield,POL-143111,GRP-6978,17,2023-11-01,1900-01-01,178,100,31.6,Former Smoker,Moderate,"NSAIDs, Shellfish, Penicillin",COPD,"Hydrochlorothiazide, Lisinopril, Acetaminophen","Carpal tunnel release, Total knee replacement, Vasectomy","Stroke, Hypertension",Arabic,Human,Active,25,EMR_Cerner
4760,Shirley,Carter,2004-04-16,Female,O+,shirley.carter1@email.example.com,(241) 366-2516,Ashley Harris,(838) 312-4278,"{""line1"": ""3449 River Rd"", ""apt"": "", Unit 8"", ""city"": ""Sacramento"", ""state"": ""CA"", ""zip"": ""94201""}",Divorced,Social Worker,Freeman Corp,Bright Health,POL-285253,GRP-7977,417,2021-02-08,2023-05-03,171,89,30.4,Former Smoker,Former,"Latex, Pollen, Peanuts",,None,None,"Asthma, Heart Disease, Cancer",Cantonese,Two or More Races,Active,14,EMR_Cerner
4762,Paisley,Myers,2004-05-26,F,O+,paisley.myers@email.example.com,(803) 535-4568,Richard Hill,(786) 431-1018,"{""line1"": ""311 Lake Dr"", ""apt"": "", # 36"", ""city"": ""Jacksonville"", ""state"": ""FL"", ""zip"": ""32201"", ""timezone"": ""America/Phoenix"", ""county"": ""Cook""}",Married,Business Owner,Powell Corp,Aetna,POL-668267,GRP-6245,113,2025-13-01,2022-09-28,164,,20.8,Former Smoker,Moderate,NSAIDs,,None,Colectomy,"Hypertension, Alzheimer's, Asthma",Spanish,White,Active,13,EMR_Cerner
4764,Susan,Collins,1979-06-15,Female,O+,susan.collins@email.example.com,(672) 508-4485,Adam Brooks,(801) 591-2201,"{""line1"": ""864 Ninth St"", ""apt"": """", ""city"": ""Washington"", ""state"": ""DC"", ""zip"": ""20001""}",Single,Writer,Flores Corp,Centene,POL-103384,GRP-2874,150,2020-04-12,2023-10-06,167,63,22.6,Non-Smoker,Moderate,"Peanuts, Shellfish, Dust",Hyperlipidemia,"Apixaban, Atorvastatin","Sleeve gastrectomy, Rotator cuff repair","Cancer, Heart Disease, Diabetes",Spanish,Hispanic or Latino,Active,5,EMR_Cerner
4769,Julian,Campbell,1979-02-04,Male,O+,julian.campbell1@email.example.com,(406) 251-3044,Michael Hill,John Smith,"{""line1"": ""1984 Church St"", ""apt"": """", ""city"": ""Denver"", ""state"": ""CO"", ""zip"": ""80201"", ""neighborhood"": ""Midtown"", ""timezone"": ""America/New_York"", ""latitude"": 36.9953, ""landmark"": ""Adjacent to Library""}",Married,Graphic Designer,Stewart Corp,Health Net,POL-273076,GRP-7066,198,2022-01-21,2022-10-13,180,70,21.6,Former Smoker,Moderate,Shellfish,"Osteoporosis, Ulcerative Colitis, Depression","Gabapentin, Atorvastatin, Pantoprazole",None,"Hypertension, Cancer, None",English,Black or African American,Active,9,EMR_Cerner
4771,12345,Cox,2001-04-01,Male,A+,roman.cox@email.example.com,(300) 539-4029,Carolyn Hicks,(294) 637-2913,"{""line1"": ""8824 Poplar St"", ""apt"": """", ""city"": ""Long Beach"", ""state"": ""CA"", ""zip"": ""90801""}",Widowed,Driver,,,POL-963906,GRP-9051,31,2018-04-03,2020-05-05,167,69,24.7,Non-Smoker,Moderate,"Shellfish, Dust, NSAIDs",,None,C-section,Hypertension,Arabic,Hispanic or Latino,Active,8,EMR_Cerner
4773,Nathan,Stewart,1982-06-03,Male,O+,,,Grace Gutierrez,(436) 866-7846,"{""line1"": ""4216 Hamilton Ct"", ""apt"": "", Unit 30"", ""city"": ""Boston"", ""state"": ""MA"", ""zip"": ""02101""}",Single,Writer,Richardson Corp,Centene,POL-581404,GRP-5881,155,2021-01-06,2021-10-13,171,68,23.3,Never Assessed,None,"Dust, Pollen, Codeine",Atrial Fibrillation,"Clopidogrel, Tramadol, Amlodipine, Ibuprofen",None,Arthritis,English,White,Active,12,EMR_Cerner
4774,Raymond,Richardson,1980-04-11,Male,O+,raymond.richardson@email.example.com,(587) 381-7348,Vincent Turner,(557) 208-9846,"{""line1"": ""5402 Willow Dr"", ""apt"": """", ""city"": ""Los Angeles"", ""state"": ""CA"", ""zip"": ""90001"", ""neighborhood"": ""Waterfront"", ""longitude"": -101.6033, ""county"": ""Queens""}",Separated,Architect,Martinez Corp,Anthem,POL-216832,GRP-3639,310,2019-08-22,2022-10-03,172,94,31.8,Non-Smoker,None,"Sulfa, Shellfish, Penicillin",,None,None,"DM, HTN, CAD",Spanish,Hispanic or Latino,Active,15,EMR_Cerner
4780,Lucas,Myers,1958-04-02,Male,B+,lucas.myers@email.example.com,(646) 278-3909,Lisa Myers,(342) 288-7900,"{""line1"": ""2589 Walnut Ave"", ""apt"": "", Unit 13"", ""city"": ""Chicago"", ""state"": ""IL"", ""zip"": ""60601""}",Married,Data Analyst,Scott Corp,Humana,POL-523895,GRP-4794,344,2021-03-29,2021-08-29,177,58,150,Former Smoker,Moderate,None,"COPD, Irritable Bowel Syndrome","Insulin glargine, Ibuprofen",Spinal fusion,"Heart Disease, Diabetes, Heart Disease",Mandarin,White,Active,24,EMR_Cerner
4783,Scarlett,Flores,2000-09-07,Female,O-,scarlett.flores@email.example.com,(766) 398-1313,Miles Edwards,(571) 928-5912,"{""line1"": ""247 Sunset Dr"", ""apt"": "", # 37"", ""city"": ""Tucson"", ""state"": ""AZ"", ""zip"": ""85701"", ""country"": ""USA"", ""delivery_notes"": ""Deliver to reception""}",Single,Professor,Gutierrez Corp,,POL-248780,GRP-5651,11,2023-04-11,2026-01-04,161,51,19.7,never assessed,Occasional,None,,Bupropion,Cataract surgery,"None, Heart Disease, Cancer",Spanish,White,Active,2,EMR_Cerner
4785,Katherine,Porter,1995-05-28,Female,O+,katherine.porter@email.example.com,(997) 882-4547,Naomi Carter,(602) 229-9632,"{""line1"": ""6951 Sycamore Ave"", ""apt"": """", ""city"": ""Virginia Beach"", ""state"": ""VA"", ""zip"": ""23450"", ""neighborhood"": ""Uptown"", ""delivery_notes"": ""Deliver to reception"", ""country"": ""USA""}",Married,Project Manager,Hughes Corp,MetLife,POL-882903,GRP-2723,46,2019-10-14,2019-12-02,157,75,30.4,Non-Smoker,None,None,,"Hydrochlorothiazide, Omeprazole","Meniscectomy, Sleeve gastrectomy",None,Mandarin,White,Active,20,EMR_Cerner
4793,Cynthia,Gutierrez,1975-03-07,Female,A+,cynthia.gutierrez@email.example.com,(204) 439-7302,Susan Flores,(420) 775-9863,"{""line1"": ""6609 Second Ave"", ""apt"": """", ""city"": ""Minneapolis"", ""state"": ""MN"", ""zip"": ""55401"", ""neighborhood"": ""Waterfront"", ""street_type"": ""St""}",Single,Real Estate Agent,AAAAAAAAAAAAAAAAAAAAAAAAAAAAAAAAAAAAAAAAAAAAAAAAAAAAAAAAAAAAAAAAAAAAAAAAAAAAAAAAAAAAAAAAAAAAAAAAAAAAAAAAAAAAAAAAAAAAAAAAAAAAAAAAAAAAAAAAAAAAAAAAAAAAAAAAAAAAAAAAAAAAAAAAAAAAAAAAAAAAAAAAAAAAAAAAAAAAAAAA,Health Net,POL-323048,GRP-8522,266,2025-01-19,2026-07-24,162,60,22.9,Non-Smoker,Occasional,None,Sleep Apnea,"Spironolactone, Ozempic, Warfarin, Hydrochlorothiazide",None,"Heart Disease, Diabetes, Heart Disease",English,Black or African American,Active,2,EMR_Cerner
4798,Levi,UNKNOWN,1952-01-11,Male,O-,levi.taylor@email.example.com,(695) 992-8957,Larry Anderson,(409) 419-5820,"{""line1"": ""2115 Walnut Ave"", ""apt"": """", ""city"": ""San Francisco"", ""state"": ""CA"", ""zip"": ""94101"", ""country"": ""USA"", ""floor_number"": 13, ""timezone"": ""America/Chicago"", ""county"": ""San Diego""}",Married,Project Manager,Moore Corp,Cigna HealthCare,POL-409709,GRP-3288,313,2022-09-24,2022-12-23,178,50,15.8,Never Assessed,Moderate,"PENICILLIN, SULFA","Hyperlipidemia, Asthma",Cetirizine,Gastric bypass,Stroke,English,Black or African American,Active,6,EMR_Cerner
4801,Albert,Ortiz,1998-07-18,Male,O+,albert.ortiz1@email.example.com,(912) 756-3854,Silas Robinson,(893) 423-2626,"{""line1"": ""9651 Hamilton Ct"", ""apt"": """", ""city"": ""Fort Worth"", ""state"": ""TX"", ""zip"": ""76101""}",Single,Doctor,,Centene,POL-914175,GRP-6155,466,2022-03-17,2024-11-18,191,90,24.7,Non-Smoker,None,"NSAIDs, Shellfish, Dust",Irritable Bowel Syndrome,Eliquis,Rotator cuff repair,"None, Asthma, Arthritis",Spanish,Hispanic or Latino,Active,3,EMR_Cerner
4808,Victoria,Mendoza,1978-11-26,F,O+,user@.com,(333) 524-3105,Megan Gibson,(592) 256-2003,"{""line1"": ""2101 Ash Ct"", ""apt"": """", ""city"": ""Oklahoma City"", ""state"": ""OK"", ""zip"": ""73101"", ""timezone"": ""America/Chicago""}",Separated,Physical Therapist,,Centene,POL-347953,GRP-5340,16,2018-05-07,2019-06-17,177,62,19.8,Former Smoker,None,"Latex, NSAIDs",,"Prednisone, Lisinopril, Eliquis, Amlodipine",None,None,English,Black or African American,Active,19,EMR_Cerner
4811,,Ortiz,not available,,A+,sarah.ortiz@email.example.com,(218) 470-7946,Gabriel Ward,(856) 783-7739,"{""line1"": ""7344 Fifth St"", ""apt"": """", ""city"": ""Washington"", ""state"": ""DC"", ""zip"": ""20001"", ""longitude"": -115.0862, ""delivery_notes"": ""Leave at door""}",Married,Pilot,,Harvard Pilgrim,POL-256028,GRP-7773,422,2022-05-06,2026-04-19,170,57,19.7,Former Smoker,Occasional,"Sulfa, Peanuts, Pollen",Ulcerative Colitis,None,None,None,English,Black or African American,Active,23,EMR_Cerner
4813,Kyle,Powell,1950-12-23,Male,AB,kyle.powell@email.example.com,(339) 856-7505,Tyler Campbell,(867) 395-1344,,Single,Dental Hygienist,Evans Corp,Centene,POL-489737,GRP-2841,81,2024-08-23,,186,101,29.2,Never Assessed,Moderate,"Dust, Pollen, NSAIDs","Hyperlipidemia, Fibromyalgia","Jardiance, Metoprolol",Tonsillectomy,"Hypertension, Arthritis",Cantonese,Black or African American,Active,23,EMR_Cerner
4814,Jessica,Johnson,1951-11-17,Female,A+,jessica.johnson@email.example.com,(600) 220-5415,Susan Crawford,(449) 909-6377,"{""line1"": ""2122 Tenth Ave"", ""apt"": """", ""city"": ""Jacksonville"", ""state"": ""FL"", ""zip"": ""32201"", ""floor_number"": 27, ""county"": ""Dallas"", ""country"": ""USA""}",Single,Accountant,Foster Corp,Blue Cross Blue Shield,POL-182518,GRP-5764,239,2023-11-30,2027-01-17,174,72,23.8,Former Smoker,None,Shellfish,,"Bupropion, Eliquis, Fluticasone, Tramadol",None,"Cancer, Alzheimer's",English,White,Active,12,EMR_Cerner
4820,Oliver,Flores,1985-05-04,Male,O-,oliver.flores1@email.example.com,(892) 296-8795,Nicholas Hayes,(819) 507-2763,"{""line1"": ""1803 Elm St"", ""apt"": """", ""city"": ""Memphis"", ""state"": ""TN"", ""zip"": ""38101""}",,Administrative Assistant,Morgan Corp,Highmark,POL-838578,G1234,432,2022-04-26,2022-08-01,170,89,30.8,Former Smoker,Occasional,"None, Latex","Type 2 Diabetes, Fibromyalgia, Chronic Kidney Disease, Hypertension","Tramadol, Eliquis",None,Alzheimer's,Mandarin,Black or African American,Active,28,EMR_Cerner
4823,Henry,###,1988-04-30,Male,B+,henry.foster1@email.example.com,(879) 558-1095,Virginia Jordan,(622) 239-7305,"{""line1"": ""9993 Aspen Ct"", ""apt"": "", # 41"", ""city"": ""Mesa"", ""state"": ""AZ"", ""zip"": ""85201""}",Married,Flight Attendant,,,POL-518511,GRP-6122,306,2023-06-30,2023-08-10,178,87,27.5,Non-Smoker,Moderate,"NSAIDs, Peanuts, Pollen","Eczema, Coronary Artery Disease",None,"Rotator cuff repair, Laminectomy","Asthma, None",Spanish,White,Active,25,EMR_Cerner
4828,Roger,Sullivan,1973-01-19,Male,A+,roger.sullivan@email.example.com,(660) 857-1471,Levi Price,(604) 511-2903,"{""line1"": ""1435 Eighth Ave"", ""apt"": """", ""city"": ""Albuquerque"", ""state"": ""NM"", ""zip"": ""87101"", ""latitude"": 38.3518}",Married,Driver,N/A,Highmark,POL-880438,GRP-6321,470,2020-03-02,2022-09-11,180,82,25.3,Non-Smoker,None,"Sulfa, Latex, Peanuts","Hypothyroidism, Eczema, Anemia, Sleep Apnea",None,None,"Alzheimer's, Heart Disease, Stroke",Spanish,White,Active,9,EMR_Cerner
4829,Timothy,Campbell,2000-03-27,Male,A+,timothy.campbell@email.example.com,(522) 715-4179,Genesis Russell,(720) 552-9106,"{""line1"": ""5794 Seventh St"", ""apt"": """", ""city"": ""Tampa"", ""state"": ""FL"", ""zip"": ""33601"", ""longitude"": -80.2885}",Married,Consultant,Ramirez Corp,Anthem,POL-194689,GRP-7434,22,2019-01-11,,170,68,23.5,Non-Smoker,None,None,"Irritable Bowel Syndrome, Fibromyalgia, Ulcerative Colitis",Atorvastatin,"Meniscectomy, Thyroidectomy, Spinal fusion","Arthritis, Diabetes",English,Black or African American,Active,17,EMR_Cerner
4830,Henry,McDonald,1974-11-05,Male,O-,henry.mcdonald@email.example.com,(395) 623-2534,Carl Hicks,(812) 786-3097,"{""line1"": ""4128 Pleasant St"", ""apt"": "", Suite 13"", ""city"": ""Washington"", ""state"": ""DC"", ""zip"": ""20001"", ""longitude"": -110.8805, ""timezone"": ""America/Chicago"", ""latitude"": 32.8033, ""country"": ""USA""}",Divorced,Electrician,,Humana,POL-588568,GRP-3891,377,2025-07-10,2026-11-21,170,77,26.6,Non-Smoker,Occasional,"Penicillin, Latex",,None,None,Cancer,Cantonese,White,Active,15,EMR_Cerner
4835,Harold,Moore,1962-01-24,Male,A+,harold.moore@email.example.com,(555) 441-4299,Layla Sullivan,(426) 761-3853,"{""line1"": ""3907 Monroe Dr"", ""apt"": """", ""city"": ""Houston"", ""state"": ""TX"", ""zip"": ""77001""}",Separated,Police Officer,Porter Corp,Independence Blue Cross,POL-505551,GRP-9931,454,2019-12-09,2020-01-30,167,55,19.7,Current Smoker,Heavy,"Pollen, None","Asthma, Psoriasis","Loratadine, Apixaban, Albuterol, Acetaminophen",None,Asthma,Arabic,Hispanic or Latino,Active,22,EMR_Cerner
4847,Luna,Reynolds,1985-11-12,Female,B+,luna.reynolds@email.example.com,(676) 695-9118,Lucas Cox,(704) 817-7002,"{""line1"": ""7982 Cypress Dr"", ""apt"": """", ""city"": ""Cleveland"", ""state"": ""OH"", ""zip"": ""44101""}",Married,Business Owner,Miller Corp,Kaiser Permanente,POL-694839,GRP-5309,285,2022-03-01,2022-11-26,165,88,32.3,Former Smoker,Occasional,"None, Latex, Codeine",Rheumatoid Arthritis,"Celecoxib, Lisinopril, Ibuprofen, Levothyroxine",None,"None, Cancer, Alzheimer's",English,White,Active,17,EMR_Cerner
4850,Jeremy,Chavez,1969-12-05,Male,O+,jeremy.chavez@email.example.com,(459) 626-4848,Stephanie Hall,(372) 218-8858,"{""line1"": ""5104 Center St"", ""apt"": "", Suite 28"", ""city"": ""San Jose"", ""state"": ""CA"", ""zip"": ""95101"", ""latitude"": 44.4723, ""neighborhood"": ""Northside"", ""street_type"": ""Blvd""}",Married,Writer,Rivera Corp,Independence Blue Cross,POL-580388,GRP-9553,314,2024-03-17,2025-07-17,169,62,21.7,Current Smoker,Occasional,"Peanuts, Penicillin, Shellfish",Rheumatoid Arthritis,Aspirin,"Appendectomy 2018, Cholecystectomy 2020",Stroke,Spanish,Black or African American,Active,1,EMR_Cerner
4851,Paisley,Moore,1967-05-02,Female,AB+,paisley.moore@email.example.com,(350) 636-3971,Ellie Powell,(853) 691-4403,"{""line1"": ""442 Washington Ave"", ""apt"": """", ""city"": ""Colorado Springs"", ""state"": ""CO"", ""zip"": ""80901""}",Single,Manager,Mitchell Corp,Bright Health,POL-268576,GRP-6355,137,2018-09-04,2019-05-16,168,62,22.0,Non-Smoker,Occasional,"Shellfish, Latex, Codeine",,"Ozempic, Prednisone","Sleeve gastrectomy, Total knee replacement",None,French,Hispanic or Latino,Active,24,EMR_Cerner
4853,Bobby,Jackson,1972-04-12,Male,AB,bobby.jackson@email.example.com,(697) 912-2614,Brenda Allen,(691) 289-6599,"{""line1"": ""6834 Elm St"", ""apt"": "", Apt 47"", ""city"": ""New York"", ""state"": ""NY"", ""zip"": ""10001"", ""county"": ""Cook"", ""street_type"": ""Blvd"", ""longitude"": -109.0464}",Single,Flight Attendant,,Centene,POL-134042,GRP-5067,136,2023-05-18,2023-11-25,163,96,36.1,Non-Smoker,None,"Shellfish, Codeine",Anemia,None,None,None,English,White,Active,6,EMR_Cerner
,Lisa,Baker,1975-06-21,Female,O+,lisa.baker@email.example.com,(691) 253-4721,Penelope Bailey,(663) 517-3302,"{""line1"": ""3427 Madison St"", ""apt"": "", Apt 10"", ""city"": ""Las Vegas"", ""state"": ""NV"", ""zip"": ""89101"", ""country"": ""USA""}",Married,Plumber,Wilson Corp,MetLife,POL-271567,GRP-6702,13,2025-09-22,2028-04-02,171,87,29.8,Former Smoker,None,"Sulfa, Codeine, Dust",Type 2 Diabetes,None,Coronary artery bypass grafting,"Alzheimer's, Diabetes, Heart Disease",English,Hispanic or Latino,Active,13,EMR_Cerner
4857,Kevin,Foster,1989-04-20,Male,A+,kevin.foster@email.example.com,(426) 765-8733,John Turner,(932) 799-2100,"{""line1"": ""3941 Eighth Ave"", ""apt"": """", ""city"": ""Dallas"", ""state"": ""TX"", ""zip"": ""75201""}",Married,Logistics Coordinator,,Bright Health,POL-223645,,483,2020-08-10,2020-08-29,187,87,24.9,Current Smoker,None,"Pollen, Latex","Migraine, Osteoporosis",!@#$%^&*(),None,"Hypertension, None",Cantonese,Black or African American,Inactive,12,EMR_Cerner
4864,Aiden,Harris,1988-10-23,Male,O-,aiden.harris1@email.example.com,(447) 792-8177,Nora Taylor,(680) 380-7441,"{""line1"": ""7763 Broadway"", ""apt"": """", ""city"": ""Baltimore"", ""state"": ""MD"", ""zip"": ""21201"", ""neighborhood"": ""Uptown""}",Single,Insurance Agent,Jackson Corp,Cigna,POL-136232,GRP-7542,219,2018-06-27,2019-08-29,171,116,39.7,Non-Smoker,Former,None,Hypertension,"Ibuprofen, Omeprazole, Spironolactone",None,Hypertension,English,Asian,Active,22,EMR_Cerner
4868,Carolyn,James,1965-07-16,Female,B+,carolyn.james1@email.example.com,(301) 427-8660,Walter Patel,John Smith,"{""line1"": ""4884 Seventh St"", ""apt"": "", Suite 31"", ""city"": ""Virginia Beach"", ""state"": ""VA"", ""zip"": ""23450"", ""latitude"": 28.2369, ""street_type"": ""Blvd"", ""longitude"": -120.4037}",Married,Mechanic,Porter Corp,Geisinger,POL-157566,GRP-5412,59,2019-12-03,2021-06-09,162,92,35.1,Former Smoker,None,Penicillin,,"Sertraline, Spironolactone, Albuterol",Laminectomy,"Arthritis, Alzheimer's",English,Other,Active,8,EMR_Cerner
4871,Albert,Alvarez,1956-07-08,Male,O+,albert.alvarez@email.example.com,(603) 609-8966,Aaron Martin,(576) 906-7220,"{""line1"": ""9343 Fifth St"", ""apt"": """", ""city"": ""San Diego"", ""state"": ""CA"", ""zip"": ""92101"", ""county"": ""Dallas"", ""street_type"": ""Pl""}",Married,Social Worker,,Health Net,POL-219317,GRP-9772,40,2020-12-08,2021-08-01,189,90,25.2,Never Assessed,Moderate,Penicillin,"Hyperlipidemia, Migraine, Eczema",Ibuprofen,Tonsillectomy,"None, Alzheimer's, Hypertension",English,Black or African American,Active,9,EMR_Cerner
4874,Scott,Patterson,1991-12-05,Male,A+,scott.patterson@email.example.com,(436) 488-4535,Lincoln Clark,(708) 872-4554,"{""line1"": ""5198 Elm St"", ""apt"": "", # 26"", ""city"": ""San Diego"", ""state"": ""CA"", ""zip"": ""92101"", ""landmark"": ""Behind Metro Station"", ""timezone"": ""America/New_York"", ""longitude"": -81.1849}",Divorced,Unemployed,Castillo Corp,Cigna,POL-792963,GRP-2051,408,2020-07-09,2022-08-07,180,650,27.5,Current Smoker,Occasional,"Penicillin, Dust, Latex","Anxiety Disorder, Fibromyalgia, Crohn's Disease","Apixaban, Ozempic, Prednisone",None,,French,Asian,Active,2,EMR_Cerner
4881,Genesis,Reyes,1989-06-05,Female,O+,genesis.reyes@email.example.com,(518) 977-8353,Mason Long,(390) 627-7278,"{""line1"": ""8204 Madison St"", ""apt"": """", ""city"": ""Fort Worth"", ""state"": ""TX"", ""zip"": ""76101"", ""neighborhood"": ""East Side"", ""latitude"": 46.8986, ""floor_number"": 5, ""country"": ""USA""}",Married,Construction Worker,,Molina Healthcare,POL-581706,GRP-5971,431,2024-09-27,2028-07-22,163,70,26.3,Never Assessed,Moderate,"Latex, Sulfa, Peanuts",,"Pantoprazole, Spironolactone",None,"Arthritis, None",Spanish,Other,Active,1,EMR_Cerner
4882,Megan,Ortiz,2002-10-25,Female,O+,megan.ortiz2@email.example.com,(454) 998-1988,Lisa Jimenez,(469) 969-6123,"{""line1"": ""9996 Ninth St"", ""apt"": """", ""city"": ""Seattle"", ""state"": ""WA"", ""zip"": ""98101"", ""floor_number"": 16}",Single,Dental Hygienist,,Bright Health,POL-586490,GRP-1685,242,2021-08-18,,151,74,32.5,Former Smoker,Former,"Dust, Shellfish, None",,"Pantoprazole, Ibuprofen",None,"Cancer, Stroke, Arthritis",Spanish,White,Active,19,EMR_Cerner
4883,Jonathan,Crawford,1977-10-07,Male,A+,jonathan.crawford@email.example.com,(381) 361-4881,Raymond Walker,(645) 614-6028,"{""line1"": ""7096 Cypress Dr"", ""apt"": """", ""city"": ""Tucson"", ""state"": ""AZ"", ""zip"": ""85701"", ""street_type"": ""Pl""}",Separated,Musician,Baker Corp,Atena,POL-142670,GRP-5537,164,2023-06-02,2024-01-09,175,74,24.2,Non-Smoker,Occasional,"Dust, Latex, Shellfish",COPD,"Ozempic, Jardiance, Gabapentin, Pantoprazole",None,Hypertension,English,White,Active,1,EMR_Cerner
4884,Abigail,Morales,1995-01-02,Female,O+,abigail.morales@email.example.com,(331) 504-6902,Nicholas Myers,(567) 436-6471,"{""line1"": ""117 Beechwood Ave"", ""apt"": "", # 23"", ""city"": ""Seattle"", ""state"": ""WA"", ""zip"": ""98101"", ""longitude"": -98.7585, ""delivery_notes"": ""Ring bell"", ""street_type"": ""Pl"", ""floor_number"": 4, ""neighborhood"": ""Waterfront""}",Married,Electrician,Kelly Corp,Anthem,POL-ABC,GRP-6905,196,2021-10-29,2024-11-19,-10,75,31.2,Never Assessed,Moderate,None,"Osteoarthritis, Migraine, Anemia","Cetirizine, Cyclobenzaprine",None,"Asthma, Hypertension, Alzheimer's",English,White,Active,10,EMR_Cerner
4889,Layla,Freeman,1992-01-12,Female,O+,layla.freeman@email.example.com,(564) 775-5777,Mary Ellis,(826) 232-6834,"{""line1"": ""3037 Willow Dr"", ""apt"": "", Suite 37"", ""city"": ""Raleigh"", ""state"": ""NC"", ""zip"": ""27601""}",Single,Graphic Designer,Ward Corp,Health Net,POL-914344,GRP-8955,307,2024-12-06,,165,68,25.0,Never Assessed,Former,"Penicillin, Peanuts, Codeine",Crohn's Disease,Metformin,None,"Stroke, Arthritis, Diabetes",Mandarin,Hispanic or Latino,Active,23,EMR_Cerner
4893,Roman,UNKNOWN,2003-09-06,Male,O+,roman.ortiz@email.example.com,(800) 527-2129,Stella Campbell,(567) 689-6403,"{""line1"": ""2142 Sunset Dr"", ""apt"": """", ""city"": ""Sacramento"", ""state"": ""CA"", ""zip"": ""94201"", ""county"": ""Harris""}",Widowed,Sales Representative,,Molina Healthcare,POL-460327,GRP-2994,466,2025-07-13,2029-01-01,173,99,33.1,Non-Smoker,Moderate,"None, Penicillin, Shellfish","Anemia, Psoriasis",Hydrochlorothiazide,None,"Asthma, Diabetes, Hypertension",Spanish,Hispanic or Latino,Active,3,EMR_Cerner
4894,Abigail,Harris,1984-01-24,Female,O+,abigail.harris1@email.example.com,(923) 328-5106,N/A,(673) 552-6987,"{""line1"": ""4122 Sixth Ave"", ""apt"": "", Unit 21"", ""city"": ""Cleveland"", ""state"": ""OH"", ""zip"": ""44101"", ""street_type"": ""Ln"", ""latitude"": 40.9976}",Divorced,Business Owner,Powell Corp,,,,251,2021-06-25,2025-05-23,155,97,40.4,Non-Smoker,Occasional,"PENICILLIN, SULFA","Congestive Heart Failure, Hypertension, Psoriasis",None,None,Diabetes,English,White,Active,19,EMR_Cerner
4896,Michelle,Long,1966-01-24,Female,B+,michelle.long@email.example.com,(885) 314-1925,Samuel Simmons,(962) 701-2973,"{""line1"": ""4176 Third St"", ""apt"": "", # 40"", ""city"": ""Indianapolis"", ""state"": ""IN"", ""zip"": ""46201""}",Single,Retired,Wells Corp,Cigna HealthCare,POL-359346,GRP-3921,71,2024-12-04,2027-08-05,156,40,16.4,Current Smoker,Moderate,"Dust, NSAIDs, Pollen",,None,None,"Alzheimer's, Asthma, Cancer",Russian,Asian,Inactive,21,EMR_Cerner
4898,Edward,Harris,1980-12-15,Non-Binary,O-,edward.harris@email.example.com,(448) 642-5529,Amy Foster,(791) 862-2571,"{""line1"": ""4233 Tenth Ave"", ""apt"": "", Apt 48"", ""city"": ""Chicago"", ""state"": ""IL"", ""zip"": ""60601"", ""county"": ""Sacramento"", ""neighborhood"": ""Downtown"", ""latitude"": 26.9736}",Single,Driver,Adams Corp,Aetna,POL-404732,GRP-7826,371,2024-07-13,2025-11-09,164,120,44.6,Former Smoker,Occasional,"NSAIDs, Penicillin, Pollen",,None,None,"Hypertension, Diabetes, Stroke",Cantonese,White,Active,7,EMR_Cerner
4902,Jack,Martin,1992-07-27,Male,A-,jack.martin@email.example.com,(655) 459-4887,Virginia Alexander,(446) 796-9777,"{""line1"": ""Unknown"", ""city"": ""Unknown"", ""state"": ""NA"", ""zip"": ""00000"", ""latitude"": 45.135, ""landmark"": ""Close to University"", ""country"": ""USA"", ""street_type"": ""St""}",Single,Construction Worker,Ramos Corp,Cigna,POL-171051,GRP-2264,483,2020-05-31,2023-03-04,180,90,27.8,Non-Smoker,None,None,,"Acetaminophen, Clopidogrel, Tramadol, Jardiance",None,None,Spanish,Asian,Inactive,12,EMR_Cerner
4904,Kyle,Castillo,1964-04-18,Male,A+,kyle.castillo@email.example.com,(750) 576-8705,Michael Alexander,(702) 267-9115,"{""line1"": ""9231 Hamilton Ct"", ""apt"": """", ""city"": ""Los Angeles"", ""state"": ""CA"", ""zip"": ""90001""}",Divorced,Pilot,Cruz Corp,,POL-586280,GRP-6679,241,2025-12-26,2026-08-18,191,71,19.5,Non-Smoker,Occasional,"Latex, Codeine, Peanuts",Crohn's Disease,Loratadine,None,"Diabetes, Alzheimer's",Cantonese,Black or African American,Active,10,EMR_Cerner
4907,Lisa,Diaz,1951-07-03,Female,A+,lisa.diaz@email.example.com,(730) 989-4908,Jeremy Gutierrez,(278) 976-4567,"{""line1"": ""5160 Park Blvd"", ""apt"": """", ""city"": ""Dallas"", ""state"": ""TX"", ""zip"": ""75201"", ""delivery_notes"": ""Leave at door"", ""timezone"": ""America/New_York"", ""country"": ""USA""}",Single,Musician,,Harvard Pilgrim,POL-806940,GRP-1290,221,2021-10-19,2025-07-24,168,74,26.2,never assessed,None,None,,Prednisone,None,"Stroke, Hypertension",Korean,Hispanic or Latino,Active,8,EMR_Cerner
4908,Joe,Kim,1982-01-05,Male,O-,joe.kim@email.example.com,2125550199,John Gray,(807) 670-8985,"{""line1"": ""7487 River Rd"", ""apt"": "", Apt 29"", ""city"": ""Oklahoma City"", ""state"": ""OK"", ""zip"": ""73101"", ""country"": ""USA"", ""county"": ""San Diego""}",Single,Engineer,Torres Corp,MetLife,POL-475725,GRP-6790,165,2018-10-09,2019-06-19,173,72,24.1,Non-Smoker,None,"Codeine, NSAIDs",,None,None,None,Tagalog,White,Active,18,EMR_Cerner
4910,Vincent,Kelly,2002-01-28,Male,A-,vincent.kelly@email.example.com,(835) 303-1780,Laura Nelson,(751) 604-9380,"{""line1"": ""7590 Monroe Dr"", ""apt"": """", ""city"": ""Tucson"", ""state"": ""AZ"", ""zip"": ""85701"", ""longitude"": -94.8595}",Married,Physical Therapist,Stevens Corp,Molina Healthcare,POL-206588,GRP-4741,22,2023-11-15,2026-10-16,162,40,15.2,Former Smoker,None,"Penicillin, NSAIDs, None",,Losartan,Coronary artery bypass grafting,Stroke,English,White,Active,17,EMR_Cerner
4912,Carol,Turner,1986-07-27,Female,O+,carol.turner@email.example.com,(428) 357-6633,Kenneth Sanders,(377) 838-5006,"{""line1"": ""5296 Second Ave"", ""apt"": """", ""city"": ""Tucson"", ""state"": ""AZ"", ""zip"": ""85701"", ""floor_number"": 5}",,Architect,Hunter Corp,Anthem,POL-689740,GRP-4097,242,2022-10-31,2024-07-22,168,61,21.6,Current Smoker,Moderate,None,COPD,"Clopidogrel, Sertraline",None,None,English,Black or African American,Active,19,EMR_Cerner
4917,Anthony,Owens,1968-03-19,Male,B+,anthony.owens@email.example.com,abc-def-ghij,Layla Lee,(790) 673-5007,"{""line1"": ""1621 Hamilton Ct"", ""apt"": "", # 44"", ""city"": ""Tampa"", ""state"": ""FL"", ""zip"": ""33601""}",Married,Mechanic,Jimenez Corp,Highmark,POL-995561,GRP-2894,26,2020-08-07,2021-01-18,164,63,23.4,Non-Smoker,None,None,Chronic Kidney Disease,None,"Cataract surgery, Vasectomy","Heart Disease, Diabetes, Heart Disease",Cantonese,Black or African American,Active,4,EMR_Cerner
4925,Ruth,Webb,1977-01-28,Female,AB-,ruth.webb@email.example.com,(603) 781-1421,Brian Simmons,(574) 921-5019,"{""line1"": ""9139 First St"", ""apt"": """", ""city"": ""Sacramento"", ""state"": ""CA"", ""zip"": ""94201"", ""delivery_notes"": ""Leave at door""}",Single,Social Worker,Davis Corp,Cigna,POL-561581,GRP-9455,271,2025-05-30,2029-07-04,165,94,34.5,Non-Smoker,Occasional,None,,None,None,None,Tagalog,Hispanic or Latino,Active,18,EMR_Cerner
4937,12345,Howard,1975-03-25,Female,A+,betty.howard@email.example.com,(335) 411-9564,Katherine Torres,(416) 705-4172,"{""line1"": ""8741 Magnolia Way"", ""apt"": """", ""city"": ""Las Vegas"", ""state"": ""NV"", ""zip"": ""89101"", ""timezone"": ""America/Denver"", ""longitude"": -91.905, ""latitude"": 40.4689, ""county"": ""Cook""}",Single,Retail Associate,,MetLife,POL-557956,GRP-6354,323,2018-09-28,2021-03-16,176,104,33.6,Current Smoker,Occasional,None,Crohn's Disease,"Loratadine, Warfarin, Jardiance, Eliquis",None,"Arthritis, Heart Disease",English,Hispanic or Latino,Active,25,EMR_Cerner
4940,Harrison,Cruz,not available,Male,B-,harrison.cruz@email.example.com,(403) 226-1959,Laura Wells,(737) 900-2904,"{""line1"": ""4344 Cherry Ln"", ""apt"": """", ""city"": ""Memphis"", ""state"": ""TN"", ""zip"": ""38101"", ""neighborhood"": ""West Side"", ""timezone"": ""America/Chicago""}",Single,Business Owner,Stevens Corp,Blue Cross Blue Shield,POL-195251,GRP-6450,381,2020-11-01,1900-01-01,181,75,22.9,Non-Smoker,,None,Migraine,"Spironolactone, Celecoxib, Acetaminophen, Warfarin",C-section,Alzheimer's,English,Black or African American,Active,11,EMR_Cerner
4944,Tyler,Wallace,1955-05-20,Male,A+,user@.com,(652) 882-4611,Mateo Simmons,(348) 946-2378,"{""line1"": ""7243 Cedar Ln"", ""apt"": """", ""city"": ""Milwaukee"", ""state"": ""WI"", ""zip"": ""53201""}",Married,Social Worker,Foster Corp,Geisinger,POL-471907,GRP-9941,223,2023-06-25,2025-11-05,180,650,28.1,Current Smoker,Occasional,"Penicillin, Peanuts, Shellfish","Coronary Artery Disease, Asthma, Rheumatoid Arthritis, Eczema","Montelukast, Bupropion, Tramadol, Hydrochlorothiazide","Total knee replacement, Angioplasty with stent","Asthma, Heart Disease",English,White,Active,14,EMR_Cerner
4945,Brian,Green,1992-06-04,Male,O-,brian.green1@email.example.com,(882) 620-7476,Lucas Graham,(218) 401-4847,"{""line1"": ""9244 Market St"", ""apt"": """", ""city"": ""Kansas City"", ""state"": ""MO"", ""zip"": ""64101"", ""neighborhood"": ""Suburbs"", ""longitude"": -118.351, ""latitude"": 25.4694}",Single,Logistics Coordinator,,Atena,POL-477340,GRP-3103,218,2023-08-21,2027-06-03,174,93,30.7,Former Smoker,None,"Latex, Pollen",,Clopidogrel,None,"Arthritis, Stroke, None",Mandarin,Two or More Races,Active,24,EMR_Cerner
4947,Randy,Griffin,1984-08-25,Male,AB+,randy.griffin@email.example.com,(646) 477-2059,Sandra Price,(624) 595-7529,"{""line1"": ""7309 Fifth St"", ""apt"": """", ""city"": ""Dallas"", ""state"": ""TX"", ""zip"": ""75201"", ""longitude"": -74.3111, ""country"": ""USA""}",Single,Student,Edwards Corp,Aetna,POL-317563,GRP-1402,135,01-01-2020,2027-09-24,193,63,16.9,Non-Smoker,Moderate,Codeine,Anemia,"Hydrochlorothiazide, Losartan, Omeprazole",None,None,Spanglish,Hispanic or Latino,Inactive,25,EMR_Cerner
4949,Nora,Hughes,1950-09-03,Female,O+,nora.hughes@email.example.com,(974) 917-5210,Rachel Graham,(309) 545-7145,,Single,UnemPloyed,Cole Corp,Highmark,POL-178032,GRP-6584,78,2020-10-25,2024-02-14,180,44,13.6,Non-Smoker,None,"Pollen, None, Peanuts","Eczema, Migraine",Ozempic,"Hemorrhoidectomy, Total hip replacement",None,Korean,Hispanic or Latino,Active,19,EMR_Cerner
,Sandra,Smith,2001-10-23,Female,O+,sandra.smith@email.example.com,(524) 649-2925,Jose Gutierrez,(668) 629-2326,"{""line1"": ""3558 Lake Dr"", ""apt"": "", Apt 35"", ""city"": ""San Jose"", ""state"": ""CA"", ""zip"": ""95101""}",Single,Artist,Long Corp,Kaiser Permanente,POL-283922,GRP-7577,50,2018-07-14,2019-11-27,159,76,30.1,Former Smoker,None,,,Lisinopril,"C-section, Carpal tunnel release, Rotator cuff repair",None,Tagalog,White,Inactive,21,EMR_Cerner
4956,Ezra,Freeman,1966-08-24,Male,AB+,ezra.freeman@email.example.com,(493) 328-7640,Emily White,(259) 513-6555,"{""line1"": ""5237 Sunset Dr"", ""apt"": """", ""city"": ""Atlanta"", ""state"": ""GA"", ""zip"": ""30301""}",Single,Architect,Parker Corp,UnitedHealthcare,POL-387968,GRP-6095,345,2020-08-28,,175,,29.4,Non-Smoker,None,Dust,"Congestive Heart Failure, Fibromyalgia, Crohn's Disease",Furosemide,none,"Cancer, Asthma",French,White,Active,21,EMR_Cerner
4959,Ronald,Cruz,2005-01-07,Male,O+,ronald.cruz@email.example.com,(397) 293-6517,Samantha West,(938) 469-9537,"{""line1"": ""3093 Hamilton Ct"", ""apt"": "", Suite 18"", ""city"": ""Oklahoma City"", ""state"": ""OK"", ""zip"": ""73101"", ""county"": ""Orange""}",Single,Manager,Bennett Corp,Centene,POL-467771,GRP-6512,211,2018-08-31,2020-09-28,169,60,21.0,Current Smoker,Former,"Pollen, Peanuts, Codeine","Sleep Apnea, Anemia, Hyperlipidemia",None,None,"Cancer, Diabetes, Hypertension",English,White,Active,21,EMR_Cerner
4964,Larry,Ellis,2004-07-28,Male,AB+,larry.ellis@email.example.com,(834) 825-6184,Roger Marshall,(889) 807-7420,"{""line1"": ""239 Walnut Ave"", ""apt"": """", ""city"": ""Boston"", ""state"": ""MA"", ""zip"": ""02101"", ""longitude"": -95.3265, ""street_type"": ""Rd"", ""latitude"": 33.6539, ""floor_number"": 39}",Married,Professor,Reynolds Corp,Independence Blue Cross,POL-573225,GRP-3322,430,2020-12-20,2021-04-01,194,70,18.6,Non-Smoker,None,None,"Asthma, Hypothyroidism","Furosemide, Omeprazole",Meniscectomy,None,Spanish,Black or African American,Active,16,EMR_Cerner
4968,Ellie,Ramirez,1979-10-09,Female,A+,ellie.ramirez@email.example.com,(762) 225-9011,Joe Russell,(926) 544-3733,"{""line1"": ""4007 Main St"", ""apt"": """", ""city"": ""Fort Worth"", ""state"": ""TX"", ""zip"": ""76101"", ""country"": ""USA"", ""county"": ""Sacramento"", ""longitude"": -77.5726}",Married,Police Officer,Roberts Corp,MetLife,POL-998502,GRP-7049,447,2023-09-05,2023-09-05,166,121,43.9,Non-Smoker,Moderate,"Latex, None, Codeine","Irritable Bowel Syndrome, Eczema, Osteoporosis",None,"Hernia repair, ACL reconstruction",None,Spanish,White,active,1,EMR_Cerner
4975,Adam,Mendoza,1991-03-17,Male,O+,adam.mendoza@email.example.com,(320) 283-7239,Pamela Rogers,(951) 615-5021,"{""line1"": ""123 Main St"", ""country"": ""USA""}",Separated,Chef,Edwards Corp,Health Net,POL-475801,GRP-3292,476,2018-06-09,2019-07-13,174,83,150,Non-Smoker,Occasional,"Peanuts, NSAIDs","Osteoporosis, Chronic Kidney Disease, Atrial Fibrillation, Coronary Artery Disease",,"Hernia repair, Vasectomy, C-section","Asthma, None",English,White,Active,19,EMR_Cerner
4981,Lincoln,Powell,1971-12-10,Male,O+,lincoln.powell@email.example.com,(523) 500-1644,Jacqueline Sanchez,John Smith,"{""line1"": ""8253 Hamilton Ct"", ""apt"": """", ""city"": ""Memphis"", ""state"": ""TN"", ""zip"": ""38101"", ""timezone"": ""America/Phoenix"", ""neighborhood"": ""Waterfront"", ""longitude"": -117.5797, ""landmark"": ""Close to University""}",Married,Plumber,Foster Corp,Cigna,POL-469892,G1234,174,2020-05-01,2021-12-07,191,57,15.6,Never Assessed,Heavy,"Sulfa, Dust, Peanuts",,"Tramadol, Lisinopril",None,"Alzheimer's, Stroke, Diabetes",English,White,Active,9,EMR_Cerner
4983,Roman,Phillips,1991-11-06,Male,O+,roman.phillips@email.example.com,(913) 676-2924,Carol Cole,John Smith,"{""line1"": ""7853 Fourth Ave"", ""apt"": """", ""city"": ""Memphis"", ""state"": ""TN"", ""zip"": ""38101""}",Married,Data Analyst,,Anthem,POL-929558,GRP-3563,230,2025-03-25,,166,75,27.2,Current Smoker,Moderate,"Codeine, Penicillin, Pollen",Ulcerative Colitis,None,None,"Arthritis, Asthma, Heart Disease",English,Hispanic or Latino,Active,8,EMR_Cerner
4997,Lawrence,Williams,2003-06-17,Male,O+,lawrence.williams@email.example.com,(898) 949-5788,Christina Sanders,(755) 875-5924,"{""line1"": ""132 Oak Ave"", ""apt"": """", ""city"": ""Portland"", ""state"": ""OR"", ""zip"": ""97201"", ""neighborhood"": ""Southside"", ""timezone"": ""America/Chicago""}",Married,Student,,MetLife,POL-625577,GRP-8888,350,2023-06-22,2027-05-22,172,82,27.7,Non-Smoker,Occasional,"Codeine, Sulfa, NSAIDs","Atrial Fibrillation, Chronic Kidney Disease","Cyclobenzaprine, Spironolactone",None,"Stroke, Diabetes",Arabic,White,Active,2,EMR_Cerner
5006,Auror,Jones,1972-07-31,Female,A+,aurora.hunter@email.example.com,(628) 523-6826,Janet Myers,(505) 886-8462,"{""line1"": ""455 Park Blvd"", ""apt"": """", ""city"": ""Philadelphia"", ""state"": ""PA"", ""zip"": ""19101"", ""floor_number"": 2, ""delivery_notes"": ""Leave at door""}",Single,Veterinarian,Hicks Corp,Molina Healthcare,POL-566510,G1234,114,2024-02-24,2028-02-28,162,0,37.3,Non-Smoker,None,"None, Peanuts, Dust",Osteoarthritis,"Tramadol, Furosemide, Montelukast, Amlodipine",ACL reconstruction,"Arthritis, Hypertension",English,Hispanic or Latino,Active,19,EMR_Cerner
5022,Barbara,Allen,2002-07-16,Female,B+,barbara.allen.new@email.example.com,(893) 237-9597,Grace Myers,(980) 216-3601,"{""line1"": ""3746 Maple Rd"", ""apt"": """", ""city"": ""Reno"", ""state"": ""NV"", ""zip"": ""78601""}",Widowed,Accountant,Self-employed,,,,93,2025-08-14,2028-02-10,185,62,18.1,Non-Smoker,Occasional,Penicillin,,None,Arthritis,"Arthritis, Stroke",English,Black or African American,Active,6,EMR_Cerner
5023,Christinu,Phillips,1976-11-26,Female,O+,christinu.phillips@email.example.com,(849) 446-7218,Savannah Robinson,(467) 435-3976,"{""line1"": ""1551 Main Dr"", ""apt"": """", ""city"": ""Knoxville"", ""state"": ""TN"", ""zip"": ""80110""}",Married,Electrician,Rogers Corp,Health Net,POL-783540,,97,2023-07-29,2025-06-21,154,112,47.2,Non-Smoker,Heavy,Arthritis,"Eczema, Osteoporosis, Psoriasis",Arthritis,Cholecystectomy,None,English,Asian,Deceased,12,EMR_Cerner
5031,Christoistina,Ramirez,1997-10-12,Female,A+,christina.ramirez@email.example.com,(379) 717-8802,Kelly Cole,(263) 601-3209,"{""line1"": ""2376 Oak Dr"", ""apt"": """", ""city"": ""Atlanta"", ""state"": ""GA"", ""zip"": ""74949""}",Widowed,Pilot,,Cigna,POL-838073,GRP-9387,414,2025-04-24,,169,59,20.7,Current Smoker,Occasional,NSAIDs,COPD,"Pantoprazole, Gabapentin",Hypertension,None,Spanish,White,Active,8,EMR_Cerner
5032,Russeli,Wilson,1984-05-30,Male,A+,russell.wilson@email.example.com,(752) 500-1096,Dorothy Jordan,(641) 261-2159,"{""line1"": ""5628 Cedar Blvd"", ""apt"": """", ""city"": ""Rochester"", ""state"": ""NY"", ""zip"": ""22772""}",Married,Lawyer,Self-employed,UnitedHealthcare,,GRP-5137,463,2019-03-25,2020-02-17,182,68,20.5,Never Assessed,Regular,"Pollen, None, Peanuts","Chronic Fatigue, Atrial Fibrillation",None,Heart Disease,"Hypertension, None",English,Black or African American,Inactive,12,EMR_Cerner
5033,Meg,Foster,1968-02-24,Female,O+,meg.foster@email.example.com,(572) 250-6102,Richard Cruz,(670) 971-2283,"{""line1"": ""3669 Oak St"", ""apt"": """", ""city"": ""Boston"", ""state"": ""MA"", ""zip"": ""38440""}",Single,Teacher,Price Corp,Unknown Corp,POL-275333,GRP-4982,147,2025-07-13,2027-01-30,161,95,36.6,Occasional,None,"Sulfa, Peanuts, Shellfish",GERD,"Amlodipine, Atorvastatin, Omeprazole","Rotator cuff repair, Thyroidectomy","Diabetes, Stroke",ENGLISH,White,Active,19,EMR_Cerner
5039,Genesie,Ford,1976-06-16,Female,O+,genesie.ford@email.example.com,(879) 271-1502,Kyle Ortiz,(600) 528-5585,"{""line1"": ""9264 Maple Ave"", ""apt"": """", ""city"": ""Philadelphia"", ""state"": ""PA"", ""zip"": ""65007""}",Divorced,Mechanic,Campbell Corp,Kaiser Permanente,POL-960570,GRP-6346,327,2025-02-24,2029-02-28,157,92,37.3,Current Smoker,Occasional,Hypertension,"Sleep Apnea, Coronary Artery Disease, COPD, Eczema",Celecoxib,Arthritis,"Arthritis, Alzheimer's, None",Mandarin,Asian,Inactive,9,EMR_Cerner
5044,Maru,Chauez,1987-04-17,Male,O+,maru.chauez@email.example.com,(753) 999-5832,Stephanie Gonzalez,(835) 313-1944,"{""line1"": ""2902 Maple St"", ""apt"": """", ""city"": ""Los Angeles"", ""state"": ""CA"", ""zip"": ""31419""}",Married,Doctor,,MetLife,POL-266897,GRP-1949,177,2024-08-26,2028-04-14,180,100,30.9,Non-Smoker,None,Heart Disease,"Chronic Fatigue, GERD","Spironolactone, Warfarin, Sertraline, Hydrochlorothiazide",None,None,English,Hispanic or Latino,Deceased,20,EMR_Cerner
5051,Gregoey,Loni,2000-08-2,Male,O+,gregoey.loni@email.example.com,(657) 257-6746,Scarlett Brooks,(490) 862-6306,"{""line1"": ""2126 Pine Dr"", ""apt"": """", ""city"": ""Boston"", ""state"": ""MA"", ""zip"": ""96681""}",Married ,Graphic Designer,Tech Corp,Cigna,POL-197279,GRP-2736,449,2021-03-17,2023-02-11,179,66,20.6,Non-Smoker,Heavy,Hypertension,COPD,Lisinopril,Hysterectomy,"Diabetes, Hypertension, Cancer",English,White,Active,25,EMR_Cerner
5060,Jun,Hughes,1985-03-31,Male,A+,jason.hughes@email.example.com,(442) 672-6873,Scarlett Tucker,(640) 855-2982,"{""line1"": ""3608 Main Dr"", ""apt"": """", ""city"": ""Springfield"", ""state"": ""IL"", ""zip"": ""72129""}",Married,Software Developer,Flores Corp,Geisinger,POL-282178,GRP-1040,158,2020-03-25,2023-02-08,188,93,26.3,Non-Smoker,None,None,Anxiety Disorder,Cyclobenzaprine,None,"Heart Disease, Cancer, None",English,White,Active,20,EMR_Cerner
5068,David,Campbell,1973-08-07,F,A+,david.campbell.new@email.example.com,(715) 805-2059,James Murray,(351) 798-7892,"{""line1"": ""1813 Oak Rd"", ""apt"": """", ""city"": ""Tucson"", ""state"": ""AZ"", ""zip"": ""78349""}",Married,Software Developer,Clark Corp,Cigna HealthCare,POL-739974,GRP-9535,275,2020-11-13,2021-06-12,172,91,30.8,Non-Smoker,None,"Pollen, Peanuts",Sulfa,Heart Disease,None,Stroke,English,Black or African American,Active,11,EMR_Cerner
5084,Rebbeca,Alvarez,1958-02-25,Female,O+,rebbeca.alvarez@email.example.com,(984) 422-7861,Russell Watson,(800) 430-2999,"{""line1"": ""8262 Elm St"", ""apt"": """", ""city"": ""Seattle"", ""state"": ""WA"", ""zip"": ""94557""}",Married,Unknown,,Aetna,POL-995827,GRP-2680,309,2020-04-08,2025-08-14,153,86,36.7,Former Smoker,Moderate,"PENICILLIN, SULFA","Type 2 Diabetes, Coronary Artery Disease, Hyperlipidemia",None,"Sleeve gastrectomy, Spinal fusion",None,English,Hispanic or Latino,Active,17,EMR_Cerner
5085,Car,Evans,1967-01-02,Male,O+,car.evans@email.example.com,(288) 398-9170,Olivia Howard,(396) 357-7558,"{""line1"": ""5200 Oak Dr"", ""apt"": """", ""city"": ""Fort Wayne"", ""state"": ""IN"", ""zip"": ""38132""}",Divorced,Social Worker,Gutierrez Corp,UnitedHealthcare,POL-723940,GRP-1914,259,2024-08-17,2025-08-04,177,64,20.4,Current Smoker,None,"Codeine, Pollen, NSAIDs",Arthritis,"Levothyroxine, Pantoprazole, Atorvastatin, Insulin glargine",None,"Heart Disease, Alzheimer's, Hypertension",English,White,Inactive,8,EMR_Cerner
100,Jon,Smith,1985-03-15,Male,A+,j.smith@cerner.com,(555) 100-2000,,,"{""line1"": ""6657 Main Dr"", ""apt"": """", ""city"": ""Orlando"", ""state"": ""FL"", ""zip"": ""76211""}",Married,Teacher,,Aetna,POL-492150,GRP-9665,607,2022-06-09,,173,87,23.4,Non-Smoker,Occasional,None,None,None,None,,English,White,Active,1,EMR_Cerner
200,Maria,Garcia,1990-07-22,Female,O+,mgarcia@cerner.com,(555) 400-5000,,,"{""line1"": ""1651 Elm St"", ""apt"": """", ""city"": ""Virginia Beach"", ""state"": ""VA"", ""zip"": ""71204""}",Single,Engineer,,Blue Cross,POL-695586,GRP-7327,144,2022-05-04,,188,94,31.2,Non-Smoker,Occasional,None,None,None,None,,English,Hispanic or Latino,Active,1,EMR_Cerner
